-- phpMyAdmin SQL Dump
-- version 4.8.5
-- https://www.phpmyadmin.net/
--
-- Servidor: 127.0.0.1
-- Tiempo de generación: 06-05-2019 a las 16:44:28
-- Versión del servidor: 10.1.38-MariaDB
-- Versión de PHP: 7.3.2

SET SQL_MODE = "NO_AUTO_VALUE_ON_ZERO";
SET AUTOCOMMIT = 0;
START TRANSACTION;
SET time_zone = "+00:00";


/*!40101 SET @OLD_CHARACTER_SET_CLIENT=@@CHARACTER_SET_CLIENT */;
/*!40101 SET @OLD_CHARACTER_SET_RESULTS=@@CHARACTER_SET_RESULTS */;
/*!40101 SET @OLD_COLLATION_CONNECTION=@@COLLATION_CONNECTION */;
/*!40101 SET NAMES utf8mb4 */;

--
-- Base de datos: `almacen`
--

-- --------------------------------------------------------

--
-- Estructura de tabla para la tabla `actualiza`
--

CREATE TABLE `actualiza` (
  `id_actualiza` int(11) NOT NULL,
  `nombre_archivo` varchar(15) COLLATE utf8_bin NOT NULL,
  `hora` time NOT NULL,
  `fecha` date NOT NULL,
  `peso` float NOT NULL,
  `estado` varchar(15) COLLATE utf8_bin DEFAULT NULL
) ENGINE=InnoDB DEFAULT CHARSET=utf8 COLLATE=utf8_bin;

--
-- Volcado de datos para la tabla `actualiza`
--

INSERT INTO `actualiza` (`id_actualiza`, `nombre_archivo`, `hora`, `fecha`, `peso`, `estado`) VALUES
(9, 'OCOMPRA.CSV', '12:05:55', '2019-04-25', 53604, 'Listo'),
(10, 'OCOMPRA.CSV', '13:13:00', '2019-04-25', 82570, 'Listo'),
(11, 'OCOMPRA.CSV', '13:28:37', '2019-04-25', 53604, 'Listo'),
(13, 'OCOMPRA.CSV', '14:17:12', '2019-04-26', 84400, 'Listo'),
(14, 'OCOMPRA.CSV', '19:30:50', '2019-04-28', 84405, 'Listo'),
(15, 'OCOMPRA.CSV', '02:02:31', '2019-05-01', 84410, 'Listo'),
(16, 'OCOMPRA.CSV', '03:34:52', '2019-05-05', 84886, 'Listo');

-- --------------------------------------------------------

--
-- Estructura de tabla para la tabla `familia`
--

CREATE TABLE `familia` (
  `cod_familia` varchar(20) COLLATE utf8_bin NOT NULL,
  `descripcion` varchar(50) COLLATE utf8_bin NOT NULL,
  `area` varchar(15) COLLATE utf8_bin DEFAULT NULL
) ENGINE=InnoDB DEFAULT CHARSET=utf8 COLLATE=utf8_bin;

--
-- Volcado de datos para la tabla `familia`
--

INSERT INTO `familia` (`cod_familia`, `descripcion`, `area`) VALUES
('ABARR', 'Abarrotes', 'cocina'),
('ANISS', 'Anis', 'barra'),
('BAJAS', 'Bajas Cocina', 'cocina'),
('BAJB', 'Bajas Barra', 'barra'),
('BEBID', 'Bebidas', 'barra'),
('BRAND', 'Brandy', 'barra'),
('CAFEE', 'Cafe/Te', 'cocina'),
('CARNE', 'Carne', 'cocina'),
('CERVE', 'Cervezas', 'barra'),
('CHAMP', 'Champagne', 'barra'),
('CIGAR', 'Cigarros/Tabaco', 'barra'),
('COGNA', 'Cognacs', 'barra'),
('CONGE', 'Congelados', 'cocina'),
('EMBUT', 'Embutidos', 'cocina'),
('ENERG', 'Energeticos', 'cocina'),
('ESPEC', 'Especias', 'cocina'),
('FRUTA', 'Fruta', 'cocina'),
('GINEB', 'Ginebras', 'barra'),
('HIELO', 'Hielo', 'cocina'),
('IMPOR', 'Importados', 'cocina'),
('JEREZ', 'Jerez', 'barra'),
('JUGOS', 'Jugos', 'barra'),
('LACTE', 'Lacteos', 'cocina'),
('LICOR', 'Licores', 'barra'),
('MEZCA', 'Mezcal', 'barra'),
('PANTO', 'Pan y Tortillas', 'cocina'),
('PESCA', 'Pescado/Marisco', 'cocina'),
('PRODU', 'Produccion', 'cocina'),
('REFRE', 'Sodas', 'barra'),
('RONNN', 'Rones', 'barra'),
('TEQUI', 'Tequilas', 'barra'),
('TORTI', 'Tortilleria', 'cocina'),
('VERDU', 'Verdura', 'cocina'),
('VINOS', 'Vinos', 'barra'),
('VODKA', 'Vodkas', 'barra'),
('WHISK', 'Whiskey', 'barra');

-- --------------------------------------------------------

--
-- Estructura de tabla para la tabla `pedidos`
--

CREATE TABLE `pedidos` (
  `id_pedido` int(10) NOT NULL,
  `fecha_pedido` date NOT NULL,
  `fecha_autoriza_cancela` date DEFAULT NULL,
  `hora` time NOT NULL,
  `hora_autoriza_cancela` time DEFAULT NULL,
  `autoriza` varchar(30) COLLATE utf8_bin DEFAULT NULL,
  `solicita` varchar(30) COLLATE utf8_bin NOT NULL,
  `estado` varchar(20) COLLATE utf8_bin NOT NULL,
  `observaciones` varchar(150) COLLATE utf8_bin DEFAULT NULL,
  `unidad_medida` varchar(10) COLLATE utf8_bin NOT NULL,
  `total_prod` float NOT NULL,
  `costo_total` float NOT NULL
) ENGINE=InnoDB DEFAULT CHARSET=utf8 COLLATE=utf8_bin;

--
-- Volcado de datos para la tabla `pedidos`
--

INSERT INTO `pedidos` (`id_pedido`, `fecha_pedido`, `fecha_autoriza_cancela`, `hora`, `hora_autoriza_cancela`, `autoriza`, `solicita`, `estado`, `observaciones`, `unidad_medida`, `total_prod`, `costo_total`) VALUES
(1, '2019-04-15', NULL, '11:43:22', NULL, NULL, 'administrador', 'pedido', NULL, '', 32, 720426),
(2, '2019-04-16', NULL, '10:13:11', NULL, NULL, 'cocina', 'pedido', NULL, '', 89, 18097.3);

-- --------------------------------------------------------

--
-- Estructura de tabla para la tabla `pedido_producto`
--

CREATE TABLE `pedido_producto` (
  `id_pedido` int(10) NOT NULL,
  `codingre` varchar(10) COLLATE utf8_bin NOT NULL,
  `fecha_pedido` date NOT NULL,
  `hora_pedido` time NOT NULL,
  `num_prod` float NOT NULL,
  `estado_prod` varchar(20) COLLATE utf8_bin DEFAULT NULL,
  `observacion` varchar(150) COLLATE utf8_bin DEFAULT NULL
) ENGINE=InnoDB DEFAULT CHARSET=utf8 COLLATE=utf8_bin;

--
-- Volcado de datos para la tabla `pedido_producto`
--

INSERT INTO `pedido_producto` (`id_pedido`, `codingre`, `fecha_pedido`, `hora_pedido`, `num_prod`, `estado_prod`, `observacion`) VALUES
(1, 'CEBA', '2019-04-15', '11:43:22', 0.98, 'pedido', ''),
(1, 'CEBN', '2019-04-15', '11:43:22', 4615, 'pedido', ''),
(1, 'CECR', '2019-04-15', '11:43:22', 240, 'pedido', ''),
(1, 'CECL', '2019-04-15', '11:43:22', 180, 'pedido', ''),
(1, 'CECB', '2019-04-15', '11:43:22', 6, 'pedido', ''),
(1, 'CEGH', '2019-04-15', '11:43:22', 15620, 'pedido', ''),
(1, 'CEGS', '2019-04-15', '11:43:22', 2840, 'pedido', ''),
(1, 'CEHO', '2019-04-15', '11:43:22', 19880, 'pedido', ''),
(1, 'INDI', '2019-04-15', '11:43:22', 10, 'pedido', ''),
(1, 'CELE', '2019-04-15', '11:43:22', 180, 'pedido', ''),
(1, 'CEMS', '2019-04-15', '11:43:22', 300, 'pedido', ''),
(1, 'CENM', '2019-04-15', '11:43:22', 300, 'pedido', ''),
(1, 'CEOL', '2019-04-15', '11:43:22', 36, 'pedido', ''),
(1, 'CEA9', '2019-04-15', '11:43:22', 10, 'pedido', ''),
(1, 'CEOS', '2019-04-15', '11:43:22', 2130, 'pedido', ''),
(1, 'CEPA', '2019-04-15', '11:43:22', 180, 'pedido', ''),
(1, 'CEQU', '2019-04-15', '11:43:22', 710, 'pedido', ''),
(1, 'CESA', '2019-04-15', '11:43:22', 3905, 'pedido', ''),
(1, 'CESE', '2019-04-15', '11:43:22', 65, 'pedido', ''),
(1, 'CEVI', '2019-04-15', '11:43:22', 300, 'pedido', ''),
(2, '0005', '2019-04-16', '10:13:11', 3, 'pedido', ''),
(2, '0011', '2019-04-16', '10:13:11', 4, 'pedido', ''),
(2, '0018', '2019-04-16', '10:13:11', 3, 'pedido', ''),
(2, '0025', '2019-04-16', '10:13:11', 1, 'pedido', ''),
(2, '0007', '2019-04-16', '10:13:11', 1, 'pedido', ''),
(2, '0080', '2019-04-16', '10:13:11', 0.5, 'pedido', ''),
(2, '0082', '2019-04-16', '10:13:11', 4, 'pedido', ''),
(2, '0012', '2019-04-16', '10:13:11', 0.56, 'pedido', ''),
(2, '0026', '2019-04-16', '10:13:11', 15, 'pedido', ''),
(2, '0073', '2019-04-16', '10:13:11', 3, 'pedido', ''),
(2, '0027', '2019-04-16', '10:13:11', 1, 'pedido', ''),
(2, '0028', '2019-04-16', '10:13:11', 15, 'pedido', ''),
(2, '0086', '2019-04-16', '10:13:11', 1, 'pedido', ''),
(2, '0029', '2019-04-16', '10:13:11', 1, 'pedido', ''),
(2, '0016', '2019-04-16', '10:13:11', 1, 'pedido', ''),
(2, '0030', '2019-04-16', '10:13:11', 5, 'pedido', ''),
(2, '0081', '2019-04-16', '10:13:11', 2, 'pedido', ''),
(2, '0031', '2019-04-16', '10:13:11', 0.75, 'pedido', ''),
(2, '0032', '2019-04-16', '10:13:11', 0.2, 'pedido', ''),
(2, '0003', '2019-04-16', '10:13:11', 1, 'pedido', ''),
(2, '0079', '2019-04-16', '10:13:11', 3, 'pedido', ''),
(2, '0033', '2019-04-16', '10:13:11', 1, 'pedido', ''),
(2, '0036', '2019-04-16', '10:13:11', 10, 'pedido', ''),
(2, '0037', '2019-04-16', '10:13:11', 1, 'pedido', ''),
(2, '0077', '2019-04-16', '10:13:11', 1, 'pedido', ''),
(2, '0038', '2019-04-16', '10:13:11', 4, 'pedido', ''),
(2, '0039', '2019-04-16', '10:13:11', 5, 'pedido', ''),
(2, '0009', '2019-04-16', '10:13:11', 1, 'pedido', ''),
(2, '0083', '2019-04-16', '10:13:11', 1, 'pedido', ''),
(2, '0076', '2019-04-16', '10:13:11', 4, 'pedido', ''),
(2, '0040', '2019-04-16', '10:13:11', 1, 'pedido', ''),
(2, '0074', '2019-04-16', '10:13:11', 15, 'pedido', ''),
(2, '0041', '2019-04-16', '10:13:11', 15, 'pedido', ''),
(2, '0042', '2019-04-16', '10:13:11', 1, 'pedido', ''),
(2, '0078', '2019-04-16', '10:13:11', 1, 'pedido', ''),
(2, '0065', '2019-04-16', '10:13:11', 8, 'pedido', ''),
(2, '0043', '2019-04-16', '10:13:11', 2, 'pedido', ''),
(2, '0044', '2019-04-16', '10:13:11', 1, 'pedido', ''),
(2, '0045', '2019-04-16', '10:13:11', 1, 'pedido', ''),
(2, '0046', '2019-04-16', '10:13:11', 6, 'pedido', ''),
(2, '0067', '2019-04-16', '10:13:11', 10, 'pedido', ''),
(2, '0010', '2019-04-16', '10:13:11', 1, 'pedido', ''),
(2, '0047', '2019-04-16', '10:13:11', 1, 'pedido', ''),
(2, '0004', '2019-04-16', '10:13:11', 2, 'pedido', ''),
(2, '0017', '2019-04-16', '10:13:11', 1, 'pedido', ''),
(2, '0049', '2019-04-16', '10:13:11', 4, 'pedido', ''),
(2, '0075', '2019-04-16', '10:13:11', 8, 'pedido', ''),
(2, '0072', '2019-04-16', '10:13:11', 8, 'pedido', ''),
(2, '0021', '2019-04-16', '10:13:11', 3, 'pedido', ''),
(2, '0050', '2019-04-16', '10:13:11', 1, 'pedido', ''),
(2, '0051', '2019-04-16', '10:13:11', 3, 'pedido', ''),
(2, '0052', '2019-04-16', '10:13:11', 1, 'pedido', ''),
(2, '0013', '2019-04-16', '10:13:11', 3, 'pedido', ''),
(2, '0053', '2019-04-16', '10:13:11', 2, 'pedido', ''),
(2, '0002', '2019-04-16', '10:13:11', 2, 'pedido', ''),
(2, '0054', '2019-04-16', '10:13:11', 3, 'pedido', ''),
(2, '0055', '2019-04-16', '10:13:11', 1, 'pedido', ''),
(2, '0056', '2019-04-16', '10:13:11', 1, 'pedido', ''),
(2, '0057', '2019-04-16', '10:13:11', 1, 'pedido', ''),
(2, '0058', '2019-04-16', '10:13:11', 2, 'pedido', ''),
(2, '0084', '2019-04-16', '10:13:11', 2, 'pedido', ''),
(2, '0087', '2019-04-16', '10:13:11', 3, 'pedido', ''),
(2, '0059', '2019-04-16', '10:13:11', 6, 'pedido', ''),
(2, '0019', '2019-04-16', '10:13:11', 10, 'pedido', ''),
(2, '0088', '2019-04-16', '10:13:11', 1, 'pedido', ''),
(2, '0068', '2019-04-16', '10:13:11', 6, 'pedido', ''),
(2, '0022', '2019-04-16', '10:13:11', 5, 'pedido', ''),
(2, '0014', '2019-04-16', '10:13:11', 2, 'pedido', ''),
(2, '0006', '2019-04-16', '10:13:11', 2, 'pedido', ''),
(2, '0015', '2019-04-16', '10:13:11', 2, 'pedido', ''),
(2, '0061', '2019-04-16', '10:13:11', 1, 'pedido', ''),
(2, '0085', '2019-04-16', '10:13:11', 14.6, 'pedido', ''),
(2, '0243', '2019-04-16', '10:13:11', 15, 'pedido', ''),
(2, '0020', '2019-04-16', '10:13:11', 15, 'pedido', ''),
(2, '0062', '2019-04-16', '10:13:11', 1, 'pedido', ''),
(2, '0023', '2019-04-16', '10:13:11', 2, 'pedido', ''),
(2, '0063', '2019-04-16', '10:13:11', 2, 'pedido', ''),
(2, '0008', '2019-04-16', '10:13:11', 1, 'pedido', ''),
(2, '0064', '2019-04-16', '10:13:11', 1, 'pedido', '');

-- --------------------------------------------------------

--
-- Estructura de tabla para la tabla `productos`
--

CREATE TABLE `productos` (
  `codingre` char(20) COLLATE utf8_bin NOT NULL,
  `descrip` varchar(35) COLLATE utf8_bin NOT NULL,
  `familia` varchar(10) COLLATE utf8_bin NOT NULL,
  `unidad` varchar(10) COLLATE utf8_bin DEFAULT NULL,
  `empaque` varchar(15) COLLATE utf8_bin DEFAULT NULL,
  `equivale` decimal(10,2) NOT NULL,
  `inventa1` decimal(10,2) NOT NULL,
  `stockmax` decimal(10,2) NOT NULL,
  `stockmin` decimal(10,2) NOT NULL,
  `ultcosto` decimal(10,2) NOT NULL,
  `costoprome` decimal(10,2) NOT NULL,
  `impuesto` decimal(10,2) NOT NULL,
  `pedido` decimal(10,2) NOT NULL,
  `status` varchar(20) COLLATE utf8_bin DEFAULT NULL,
  `redondeo` int(11) DEFAULT NULL,
  `inventaFisico` decimal(10,2) DEFAULT NULL,
  `diferencia` decimal(10,2) DEFAULT NULL
) ENGINE=InnoDB DEFAULT CHARSET=utf8 COLLATE=utf8_bin;

--
-- Volcado de datos para la tabla `productos`
--

INSERT INTO `productos` (`codingre`, `descrip`, `familia`, `unidad`, `empaque`, `equivale`, `inventa1`, `stockmax`, `stockmin`, `ultcosto`, `costoprome`, `impuesto`, `pedido`, `status`, `redondeo`, `inventaFisico`, `diferencia`) VALUES
('0002', 'PAPRIKA', 'ABARR', 'GR', '', '510.00', '-0.14', '2.00', '0.00', '409.14', '409.14', '0.00', '0.00', '', 1, '800.00', '-798.00'),
('0003', 'CHILE JALAPE¤O LATA', 'ABARR', 'GG', '', '1000.00', '0.85', '1.00', '0.00', '46.03', '46.03', '0.00', '0.00', '', 1, '3000.00', '-2999.00'),
('0004', 'JUGO MAGGI', 'ABARR', 'GR', '', '800.00', '1.00', '2.00', '0.00', '133.00', '133.00', '0.00', '0.00', '', 1, '600.00', '-598.00'),
('0005', 'ACEITE DE AJONJOLI', 'ABARR', 'GR', '', '250.00', '-0.18', '3.00', '0.00', '307.79', '307.79', '0.00', '0.00', '', 1, '250.00', '-247.00'),
('0006', 'SALSA INGLESA', 'ABARR', 'GR', '', '980.00', '1.00', '2.00', '0.00', '100.00', '100.00', '0.00', '0.00', '', 1, '1100.00', '-1098.00'),
('0007', 'ALMENDRA ENTERA', 'VERDU', 'GR', '', '1000.00', '0.00', '1.00', '0.00', '241.80', '241.80', '0.00', '0.00', '', 1, '0.00', '1.00'),
('0008', 'VINO ROSADO COCINA', 'BAJAS', 'GR', '', '1000.00', '0.00', '1.00', '0.00', '132.18', '132.18', '0.00', '0.00', '', 1, NULL, NULL),
('0009', 'CROUTONES', 'ABARR', 'GR', '', '907.00', '-0.14', '1.00', '0.00', '157.00', '157.00', '0.00', '0.00', '', 1, '400.00', '-399.00'),
('0010', 'JARABE GRANADINA COCINA', 'ABARR', 'GR', '', '1000.00', '0.00', '1.00', '0.00', '50.92', '50.92', '0.00', '0.00', '', 1, '200.00', '-199.00'),
('0011', 'ACEITE DE OLIVA', 'ABARR', 'GR', '', '5000.00', '-0.03', '4.00', '0.00', '117.50', '117.50', '0.00', '0.00', '', 1, '750.00', '-746.00'),
('0012', 'ARANDANO DESHIDRATADO', 'VERDU', 'GR', '', '1000.00', '1.34', '1.00', '0.00', '130.00', '130.00', '0.00', '0.00', '', 1, '180.00', '-179.00'),
('0013', 'MOSTAZA DIJON', 'ABARR', 'GR', '', '865.00', '0.00', '3.00', '0.00', '203.69', '203.69', '0.00', '0.00', '', 1, '0.00', '3.00'),
('0014', 'SALSA DE SOYA', 'ABARR', 'GG', '', '1890.00', '1.00', '2.00', '0.00', '205.96', '205.96', '0.00', '0.00', '', 1, '400.00', '-398.00'),
('0015', 'SALSA TERIYAKI', 'ABARR', 'GR', '', '1890.00', '-0.44', '2.00', '0.00', '44.45', '44.45', '0.00', '0.00', '', 1, '450.00', '-448.00'),
('0016', 'CAJETA', 'ABARR', 'GR', '', '1200.00', '0.00', '1.00', '0.00', '78.50', '78.50', '0.00', '0.00', '', 1, '400.00', '-399.00'),
('0017', 'LECHE EVAPORADA', 'ABARR', 'GR', '', '1000.00', '12.00', '1.00', '0.00', '29.90', '29.90', '0.00', '0.00', '', 1, '0.00', '1.00'),
('0018', 'ACEITE VEGETAL', 'ABARR', 'GR', '', '20000.00', '0.91', '3.00', '0.00', '430.00', '430.00', '0.00', '0.00', '', 1, '5000.00', '-4997.00'),
('0019', 'SAL FINA', 'ABARR', 'GR', '', '1000.00', '3.85', '10.00', '0.00', '11.53', '11.53', '0.00', '0.00', '', 1, '3000.00', '-2990.00'),
('0020', 'TOSTADA CHARRA', 'ABARR', 'GR', '', '20.00', '-2.30', '15.00', '0.00', '22.40', '22.40', '0.00', '0.00', '', 1, '227.00', '-212.00'),
('0021', 'MAYONESA', 'ABARR', 'GR', '', '3400.00', '-0.32', '3.00', '0.00', '64.39', '64.39', '0.00', '0.00', '', 1, '1500.00', '-1497.00'),
('0022', 'SALSA CATSUP', 'ABARR', 'GR', '', '2800.00', '0.98', '6.00', '0.00', '35.24', '35.24', '0.00', '0.00', '', 1, '900.00', '-894.00'),
('0023', 'VINAGRE BLANCO', 'ABARR', 'GR', '', '1000.00', '2.00', '2.00', '0.00', '26.90', '26.90', '0.00', '0.00', '', 1, '2500.00', '-2498.00'),
('0024', 'LECHE ENTERA', 'ABARR', 'GR', '', '1000.00', '38.00', '6.00', '0.00', '19.78', '19.78', '0.00', '0.00', '', 1, '0.00', '6.00'),
('0025', 'ALMENDRA EN POLVO', 'BAJAS', 'GR', '', '1000.00', '0.00', '1.00', '0.00', '200.00', '200.00', '0.00', '0.00', '', 1, NULL, NULL),
('0026', 'ARROZ BLANCO', 'ABARR', 'GR', '', '1000.00', '3.00', '15.00', '0.00', '22.90', '22.90', '0.00', '0.00', '', 1, '1250.00', '-1235.00'),
('0027', 'AZUCAR GLASS', 'ABARR', 'GR', '', '1000.00', '-0.09', '1.00', '0.00', '33.50', '33.50', '0.00', '0.00', '', 1, '1000.00', '-999.00'),
('0028', 'AZUCAR REFINADA', 'ABARR', 'GR', '', '1000.00', '18.93', '15.00', '0.00', '17.14', '17.14', '0.00', '0.00', '', 1, '3000.00', '-2985.00'),
('0029', 'CACAHUATE', 'VERDU', 'GR', '', '1000.00', '0.00', '1.00', '0.00', '60.00', '60.00', '0.00', '0.00', '', 1, '180.00', '-179.00'),
('0030', 'CALAHUA CREMA COCO', 'ABARR', 'GR', '', '1000.00', '2.00', '5.00', '0.00', '46.50', '46.50', '0.00', '0.00', '', 1, '700.00', '-695.00'),
('0031', 'CANELA EN RAMA', 'VERDU', 'GR', '', '1000.00', '0.75', '1.00', '0.00', '380.00', '380.00', '0.00', '0.00', '', 1, '630.00', '-629.00'),
('0032', 'CHILE CHIPOTLE ADOB', 'ABARR', 'GR', '', '2800.00', '-0.01', '0.20', '0.00', '66.94', '66.94', '0.00', '0.00', '', 1, '1000.00', '-999.80'),
('0033', 'CHOCOLATE COBER OSC', 'ABARR', 'GR', '', '1000.00', '0.00', '1.00', '0.00', '146.54', '146.54', '0.00', '0.00', '', 1, '250.00', '-249.00'),
('0034', 'CHONGOS ZAMORANOS', 'BAJAS', 'GR', '', '450.00', '0.00', '0.00', '0.00', '80.77', '80.77', '0.00', '0.00', '', 1, NULL, NULL),
('0035', 'CHURROS', 'ABARR', 'PZ', '', '1.00', '96.00', '50.00', '0.00', '7.32', '7.32', '0.00', '0.00', '', 1, '0.00', '50.00'),
('0036', 'COCADAS', 'ABARR', 'GR', '', '1.00', '1.00', '10.00', '0.00', '14.40', '14.40', '0.00', '0.00', '', 1, '90.00', '-80.00'),
('0037', 'COCO RAYADO', 'BAJAS', 'GR', '', '1000.00', '0.00', '1.00', '0.00', '36.00', '36.00', '0.00', '0.00', '', 1, NULL, NULL),
('0039', 'CREMA BATIDA', 'LACTE', 'GR', '', '920.00', '1.92', '5.00', '0.00', '39.50', '39.50', '0.00', '0.00', '', 1, '100.00', '-95.00'),
('0040', 'ESPECIAS CAJUN', 'ABARR', 'GR', '', '75.00', '0.00', '1.00', '0.00', '365.03', '365.03', '0.00', '0.00', '', 1, '10.00', '-9.00'),
('0041', 'FRIJOL PINTO', 'ABARR', 'GR', '', '1000.00', '0.00', '15.00', '0.00', '37.00', '37.00', '0.00', '0.00', '', 1, '0.00', '15.00'),
('0042', 'GALLETA DE ANIMALITO', 'ABARR', 'GR', '', '1000.00', '0.00', '1.00', '0.00', '12.89', '12.89', '0.00', '0.00', '', 1, '768.00', '-767.00'),
('0043', 'GLUCOSA', 'ABARR', 'GR', '', '1000.00', '0.00', '2.00', '0.00', '48.00', '48.00', '0.00', '0.00', '', 1, '500.00', '-498.00'),
('0044', 'GRENETINA', 'BAJAS', 'GR', '', '1000.00', '0.00', '1.00', '0.00', '162.00', '162.00', '0.00', '0.00', '', 1, '500.00', '-499.00'),
('0045', 'GUAYABA ALMIBAR', 'BAJAS', 'GR', '', '480.00', '0.00', '1.00', '0.00', '50.00', '50.00', '0.00', '0.00', '', 1, NULL, NULL),
('0046', 'HARINA DE TRIGO', 'ABARR', 'GR', '', '1000.00', '1.08', '6.00', '0.00', '9.20', '9.20', '0.00', '0.00', '', 1, '900.00', '-894.00'),
('0047', 'JUGO GUAYABA', 'ABARR', 'GR', '', '1000.00', '0.00', '1.00', '0.00', '13.90', '13.90', '0.00', '0.00', '', 1, '0.00', '1.00'),
('0048', 'LECHE CONDENSADA', 'LACTE', 'ML', '', '387.00', '12.00', '15.00', '0.00', '17.45', '17.45', '0.00', '0.00', '', 1, '100.00', '-85.00'),
('0049', 'LEVADURA FRESCA', 'ABARR', 'GR', '', '1000.00', '0.00', '4.00', '0.00', '41.50', '41.50', '0.00', '0.00', '', 1, '0.00', '4.00'),
('0050', 'MAZAPAN', 'ABARR', 'PZ', '', '1.00', '-9.00', '1.00', '0.00', '3.45', '3.45', '0.00', '0.00', '', 1, '15.00', '-14.00'),
('0051', 'MIEL DE ABEJA', 'ABARR', 'GR', '', '1000.00', '1.00', '3.00', '0.00', '107.95', '107.95', '0.00', '0.00', '', 1, '500.00', '-497.00'),
('0052', 'MOSTAZA AMARILLA', 'ABARR', 'GR', '', '1000.00', '0.00', '1.00', '0.00', '76.71', '76.71', '0.00', '0.00', '', 1, '0.00', '1.00'),
('0053', 'NUTELLA', 'ABARR', 'GR', '', '1000.00', '0.88', '2.00', '0.00', '140.00', '140.00', '0.00', '0.00', '', 1, '0.00', '2.00'),
('0054', 'PASTA FIDEO', 'ABARR', 'GR', '', '1000.00', '6.00', '3.00', '0.00', '21.65', '21.65', '0.00', '0.00', '', 1, '0.00', '3.00'),
('0055', 'PASTA SPAGHETTI', 'ABARR', 'GR', '', '1000.00', '8.60', '1.00', '0.00', '21.65', '21.65', '0.00', '0.00', '', 1, '1200.00', '-1199.00'),
('0056', 'PEPITA DE GIRASOL', 'VERDU', 'GR', '', '1000.00', '0.00', '1.00', '0.00', '54.00', '54.00', '0.00', '0.00', '', 1, NULL, NULL),
('0057', 'PEPITA VERDE', 'VERDU', 'GR', '', '1000.00', '-0.04', '1.00', '0.00', '72.57', '72.57', '0.00', '0.00', '', 1, NULL, NULL),
('0058', 'POLVO PARA HORNEAR', 'ABARR', 'GR', '', '454.00', '-0.19', '2.00', '0.00', '92.27', '92.27', '0.00', '0.00', '', 1, '1.00', '1.00'),
('0059', 'SAL AMARILLA', 'BAJAS', 'GR', '', '1000.00', '0.00', '6.00', '0.00', '78.00', '78.00', '0.00', '0.00', '', 1, NULL, NULL),
('0060', 'SAL DE GRANO', 'ABARR', 'GR', '', '1000.00', '50.00', '2.00', '0.00', '5.10', '5.10', '0.00', '0.00', '', 1, '2400.00', '-2398.00'),
('0061', 'SEMILLA GIRASOL', 'ABARR', 'GR', '', '1000.00', '-0.04', '1.00', '0.00', '47.62', '47.62', '0.00', '0.00', '', 1, '500.00', '-499.00'),
('0062', 'VAINILLA LIQUIDA', 'ABARR', 'GR', '', '1000.00', '0.00', '1.00', '0.00', '43.96', '43.96', '0.00', '0.00', '', 1, '900.00', '-899.00'),
('0063', 'VINAGRE DE FRAMBUESA', 'ABARR', 'GR', '', '1000.00', '0.00', '2.00', '0.00', '140.00', '140.00', '0.00', '0.00', '', 1, '200.00', '-198.00'),
('0064', 'VINO TINTO COCINA', 'ABARR', 'GR', '', '1000.00', '0.00', '1.00', '0.00', '56.30', '56.30', '0.00', '0.00', '', 1, '3500.00', '-3499.00'),
('0065', 'GALLETAS SALMAS', 'ABARR', 'GR', '', '1000.00', '0.00', '8.00', '0.00', '2.53', '2.53', '0.00', '0.00', '', 1, '0.00', '8.00'),
('0066', 'AGUA GARRAFON(20 LTS)', 'ABARR', 'MLG', '', '20000.00', '24.00', '20.00', '0.00', '27.00', '27.00', '0.00', '0.00', '', 1, '1800.00', '-1780.00'),
('0067', 'HUEVO', 'ABARR', 'GR', '', '1.00', '90.00', '10.00', '0.00', '1.55', '1.55', '0.00', '0.00', '', 1, '2000.00', '-1990.00'),
('0068', 'SALSA BBQ', 'ABARR', 'GR', '', '620.00', '-1.72', '6.00', '0.00', '56.04', '56.04', '0.00', '0.00', '', 1, '150.00', '-144.00'),
('0070', 'SALSA TABASCO(80 ML)', 'ABARR', 'GR', '', '60.00', '4.00', '1.00', '0.00', '36.29', '36.29', '0.00', '0.00', '', 1, '0.00', '1.00'),
('0071', 'CONDIMIX DE POLLO', 'ABARR', 'GR', '', '1850.00', '2.00', '1.00', '0.00', '191.70', '191.70', '0.00', '0.00', '', 1, '3800.00', '-3799.00'),
('0072', 'MANGO EN ALMIBAR', 'ABARR', 'GR', '', '1000.00', '5.88', '8.00', '0.00', '29.90', '29.90', '0.00', '0.00', '', 1, '0.00', '8.00'),
('0073', 'ATE DE GUAYABA', 'ABARR', 'GR', '', '1000.00', '0.00', '3.00', '0.00', '50.00', '50.00', '0.00', '0.00', '', 1, '750.00', '-747.00'),
('0074', 'FRIJOL NEGRO', 'ABARR', 'GR', '', '1000.00', '0.00', '15.00', '0.00', '32.52', '32.52', '0.00', '0.00', '', 1, '1000.00', '-985.00'),
('0075', 'MAIZENA', 'ABARR', 'GR', '', '750.00', '3.00', '8.00', '0.00', '48.30', '48.30', '0.00', '0.00', '', 1, '500.00', '-492.00'),
('0076', 'ELOTE EN GRANO LATA', 'ABARR', 'GR', '', '1200.00', '-0.15', '4.00', '0.00', '35.00', '35.00', '0.00', '0.00', '', 1, '200.00', '-196.00'),
('0077', 'CONDIMIX DE RES', 'ABARR', 'GR', '', '1600.00', '0.00', '1.00', '0.00', '153.64', '153.64', '0.00', '0.00', '', 1, '0.00', '1.00'),
('0078', 'GALLETAS MARIAS', 'BAJAS', 'GR', '', '1000.00', '0.00', '1.00', '0.00', '50.00', '50.00', '0.00', '0.00', '', 1, NULL, NULL),
('0079', 'CHOCOLATE ABUELITA', 'ABARR', 'GR', '', '540.00', '1.00', '3.00', '0.00', '53.62', '53.62', '0.00', '0.00', '', 1, '1630.00', '-1627.00'),
('0080', 'AMARANTO', 'ABARR', 'GR', '', '1000.00', '0.00', '0.50', '0.00', '33.04', '33.04', '0.00', '0.00', '', 1, '0.00', '0.50'),
('0081', 'CANELA EN POLVO', 'ABARR', 'GR', '', '511.00', '0.00', '2.00', '0.00', '150.00', '150.00', '0.00', '0.00', '', 1, '250.00', '-248.00'),
('0082', 'ANCHOAS', 'ABARR', 'GR', '', '110.00', '0.00', '4.00', '0.00', '1.00', '1.00', '0.00', '0.00', '', 1, '10.00', '-6.00'),
('0083', 'DULCE DE LECHE', 'BAJAS', 'GR', '', '625.00', '0.00', '1.00', '0.00', '87.11', '87.11', '0.00', '0.00', '', 1, '325.00', '-324.00'),
('0084', 'PULPA GUANABANA', 'ABARR', 'GR', '', '1000.00', '4.00', '2.00', '0.00', '32.91', '32.91', '0.00', '0.00', '', 1, '0.00', '2.00'),
('0085', 'TAJIN', 'ABARR', 'G}', '', '4000.00', '6.40', '15.00', '0.00', '42.54', '42.54', '0.00', '0.00', '', 1, '1600.00', '-1585.00'),
('0086', 'BALSAMICO DE PERA', 'ABARR', 'ML', '', '250.00', '0.04', '1.00', '0.00', '99.00', '99.00', '0.00', '0.00', '', 1, '250.00', '-249.00'),
('0087', 'PULQUE COCINA', 'ABARR', 'ML', '', '1000.00', '0.00', '3.00', '0.00', '15.00', '15.00', '0.00', '0.00', '', 1, '1000.00', '-997.00'),
('0088', 'SAL MARINA', 'ABARR', 'GR', '', '1000.00', '-0.22', '1.00', '0.00', '55.00', '55.00', '0.00', '0.00', '', 1, '3.00', '-2.00'),
('0089', 'SHORT RIB C/H', 'CARNE', 'GR', '', '1000.00', '0.00', '2.00', '0.00', '180.00', '309.77', '0.00', '0.00', '', 1, '0.00', '2.00'),
('0090', 'PICAÑA', 'CARNE', 'GR', '', '1000.00', '0.00', '1.00', '0.00', '168.91', '168.91', '0.00', '0.00', '', 1, '0.00', '1.00'),
('0091', 'PECHUGA DE POLLO', 'CARNE', 'GR', '', '1000.00', '23.84', '12.00', '0.00', '84.00', '84.00', '0.00', '0.00', '', 1, '6000.00', '-5988.00'),
('0092', 'RIB EYE', 'CARNE', 'GR', '', '1000.00', '-1.50', '1.00', '0.00', '275.00', '275.00', '0.00', '0.00', '', 1, '0.00', '1.00'),
('0093', 'CABEZA DE RES', 'CARNE', 'GR', '', '1000.00', '6.75', '1.00', '0.00', '48.00', '48.00', '0.00', '0.00', '', 1, '0.00', '1.00'),
('0094', 'CHICHARRON DE CERDO', 'CARNE', 'GR', '', '1000.00', '5.42', '2.00', '0.00', '120.00', '120.00', '0.00', '0.00', '', 1, '2000.00', '-1998.00'),
('0095', 'PIERNA DE CERDO', 'CARNE', 'GR', '', '1000.00', '10.30', '4.00', '0.00', '88.00', '88.00', '0.00', '0.00', '', 1, '3000.00', '-2996.00'),
('0096', 'ASIENTOS CHICHARRON', 'CARNE', 'GR', '', '1000.00', '-0.43', '1.00', '0.00', '120.00', '120.00', '0.00', '0.00', '', 1, '1.19', '-0.19'),
('0097', 'TLALITOS DE CERDO', 'CARNE', 'GR', '', '1000.00', '-0.90', '1.00', '0.00', '120.00', '120.00', '0.00', '0.00', '', 1, '614.00', '-613.00'),
('0098', 'CECINA', 'CARNE', 'GR', '', '1000.00', '2.16', '8.00', '0.00', '250.00', '250.00', '0.00', '0.00', '', 1, '1400.00', '-1392.00'),
('0099', 'CHAMORRO DE CERDO', 'CARNE', 'GR', '', '1000.00', '41.70', '16.00', '0.00', '65.00', '65.00', '0.00', '0.00', '', 1, '6500.00', '-6484.00'),
('0100', 'FILETE DE RES', 'CARNE', 'GR', '', '1000.00', '-0.80', '10.00', '0.00', '316.44', '316.44', '0.00', '0.00', '', 1, '1148.00', '-1138.00'),
('0101', 'SUADERO', 'CARNE', 'GR', '', '1000.00', '5.90', '3.00', '0.00', '125.00', '125.00', '0.00', '0.00', '', 1, '0.00', '3.00'),
('0102', 'CARNE MOLIDA RES', 'CARNE', 'GR', '', '1000.00', '7.10', '4.00', '0.00', '140.00', '140.00', '0.00', '0.00', '', 1, '0.00', '4.00'),
('0103', 'RETAZO DE POLLO', 'CARNE', 'GR', '', '1000.00', '2.40', '1.00', '0.00', '45.00', '45.00', '0.00', '0.00', '', 1, '1500.00', '-1499.00'),
('0104', 'CHICHARRON PRENSADO', 'CARNE', 'GR', '', '1000.00', '0.00', '15.00', '0.00', '84.84', '84.84', '0.00', '0.00', '', 1, '10000.00', '-9985.00'),
('0105', 'MANTECA DE CERDO', 'CARNE', 'GR', '', '1000.00', '-4.39', '2.00', '0.00', '45.00', '45.00', '0.00', '0.00', '', 1, '400.00', '-398.00'),
('0106', 'ARRACHERA TEXANA', 'CARNE', 'GR', '', '1000.00', '36.03', '15.00', '0.00', '270.00', '270.00', '0.00', '0.00', '', 1, '7000.00', '-6985.00'),
('0107', 'HUESO TUETANO', 'CARNE', 'GR', '', '1000.00', '-5.60', '1.00', '0.00', '75.00', '50.00', '0.00', '0.00', '', 1, '2100.00', '-2099.00'),
('0108', 'MACHACA', 'CARNE', 'GR', '', '200.00', '-0.25', '2.00', '0.00', '569.56', '569.56', '0.00', '0.00', '', 1, '400.00', '-398.00'),
('0109', 'LECHON', 'CARNE', 'GR', '', '1000.00', '0.00', '1.00', '0.00', '152.04', '152.04', '0.00', '0.00', '', 1, '0.00', '1.00'),
('0110', 'ARRACHERA 1KG', 'CARNE', 'PZ', 'A', '1000.00', '-1.83', '15.00', '0.00', '260.00', '260.00', '0.00', '0.00', '', 1, '0.00', '15.00'),
('0111', 'PICAÑA 300G', 'CARNE', 'PZ', '', '1.00', '2.00', '15.00', '0.00', '90.00', '90.00', '0.00', '0.00', '', 1, '900.00', '-885.00'),
('0112', 'ARRACHERA 300G', 'CARNE', 'PZ', '', '1.00', '-17.00', '0.00', '0.00', '87.00', '103.43', '0.00', '0.00', '', 1, NULL, NULL),
('0113', 'ARRACHERA 200G', 'CARNE', 'PZ', '', '1000.00', '-11.00', '0.00', '0.00', '73.00', '73.00', '0.00', '0.00', '', 1, NULL, NULL),
('0114', 'RIB EYE ANGUS', 'CARNE', 'PZ', '', '1000.00', '-1.00', '10.00', '0.00', '375.00', '375.00', '0.00', '0.00', '', 1, '0.00', '10.00'),
('0115', 'NEW YORK 300G', 'CARNE', 'PZ', '', '1.00', '-1.00', '5.00', '0.00', '130.00', '130.00', '0.00', '0.00', '', 1, '900.00', '-895.00'),
('0116', 'TOMAHAWK 1KG', 'CARNE', 'PZ', '', '1.00', '2.00', '1.00', '0.00', '630.00', '630.00', '0.00', '0.00', '', 1, '1000.00', '-999.00'),
('0117', 'ARRACHERA 100G', 'CARNE', 'PZ', '', '1000.00', '-6.00', '0.00', '0.00', '34.88', '34.88', '0.00', '0.00', '', 1, NULL, NULL),
('0118', 'VACIO 300G', 'CARNE', 'PZ', '', '1.00', '-1.00', '5.00', '0.00', '115.00', '106.00', '0.00', '0.00', '', 1, '900.00', '-895.00'),
('0119', 'RIB EYE CHOICE 300G', 'CARNE', 'PZ', '', '1.00', '2.00', '10.00', '0.00', '185.00', '185.00', '0.00', '0.00', '', 1, '900.00', '-890.00'),
('0120', 'RIB EYE NACIONAL', 'CARNE', 'GR', '', '1000.00', '7.16', '1.00', '0.00', '235.00', '235.00', '0.00', '0.00', '', 1, '3250.00', '-3249.00'),
('0121', 'PAPA FRANCESA', 'CONGE', 'GR', '', '2200.00', '2.24', '15.00', '0.00', '99.98', '99.98', '0.00', '0.00', '', 1, '4366.00', '-4351.00'),
('0122', 'NUGGETS DE POLLO', 'CONGE', 'GR', '', '1000.00', '0.52', '1.00', '0.00', '107.42', '107.42', '0.00', '0.00', '', 1, '126.00', '-125.00'),
('0123', 'HELADO VAINILLA', 'CONGE', 'GR', '', '1690.00', '0.63', '2.00', '0.00', '285.42', '285.42', '0.00', '0.00', '', 1, '1677.00', '-1675.00'),
('0124', 'CHORIZO ROJO', 'EMBUT', 'GR', '', '1000.00', '-0.60', '2.00', '0.00', '73.76', '73.76', '0.00', '0.00', '', 1, '0.00', '2.00'),
('0125', 'JAMON DE PAVO', 'EMBUT', 'GR', '', '1000.00', '8.00', '1.00', '0.00', '98.00', '98.00', '0.00', '0.00', '', 1, '776.00', '-775.00'),
('0126', 'CHISTORRA', 'EMBUT', 'GR', '', '1000.00', '1.91', '8.00', '0.00', '114.00', '114.00', '0.00', '0.00', '', 1, '1094.48', '-1086.48'),
('0127', 'TOCINO', 'EMBUT', 'GR', '', '1000.00', '2.12', '1.00', '0.00', '154.00', '154.00', '0.00', '0.00', '', 1, '200.00', '-199.00'),
('0128', 'LONGANIZA', 'EMBUT', 'GR', '', '1000.00', '11.36', '10.00', '0.00', '64.00', '64.00', '0.00', '0.00', '', 1, '4000.00', '-3990.00'),
('0129', 'CLAVO DE OLOR', 'ESPEC', 'GR', '', '1000.00', '0.00', '1.00', '0.00', '114.95', '114.95', '0.00', '0.00', '', 1, '320.00', '-319.00'),
('0130', 'TOMILLO', 'ESPEC', 'GR', '', '1000.00', '0.50', '1.00', '0.00', '60.00', '60.00', '0.00', '0.00', '', 1, '133.00', '-132.00'),
('0131', 'HOJA DE AGUACATE', 'ESPEC', 'GR', '', '1000.00', '0.00', '1.00', '0.00', '39.00', '39.00', '0.00', '0.00', '', 1, '75.00', '-74.00'),
('0132', 'COMINO', 'BAJAS', 'GR', '', '1000.00', '0.00', '0.00', '0.00', '70.76', '70.76', '0.00', '0.00', '', 1, '580.00', '-580.00'),
('0133', 'NUEZ QUEBRADA', 'ESPEC', 'GR', '', '1000.00', '1.59', '1.00', '0.00', '275.00', '275.00', '0.00', '0.00', '', 1, '796.00', '-795.00'),
('0134', 'PIMIENTA BLANCA MOL', 'ESPEC', 'GR', '', '1000.00', '0.00', '0.50', '0.00', '362.50', '362.50', '0.00', '0.00', '', 1, '900.00', '-899.50'),
('0135', 'ROMERO', 'ESPEC', 'GR', '', '1000.00', '0.00', '0.50', '0.00', '24.11', '24.11', '0.00', '0.00', '', 1, '200.00', '-199.50'),
('0136', 'PIMIENTA NEGRA MOLI', 'ESPEC', 'GR', '', '510.00', '0.00', '2.00', '0.00', '276.00', '276.00', '0.00', '0.00', '', 1, '200.00', '-198.00'),
('0137', 'PIMIENTA LIMON', 'ESPEC', 'GR', '', '737.00', '0.00', '4.00', '0.00', '315.31', '315.31', '0.00', '0.00', '', 1, '400.00', '-396.00'),
('0138', 'LAUREL', 'ESPEC', 'GR', '', '1000.00', '0.00', '1.00', '0.00', '43.75', '43.75', '0.00', '0.00', '', 1, '146.00', '-145.00'),
('0139', 'PEPITA DE CALABAZA', 'ESPEC', 'GR', '', '1000.00', '-0.10', '2.00', '0.00', '72.50', '72.50', '0.00', '0.00', '', 1, '1390.00', '-1388.00'),
('0140', 'OREGANO SECO', 'ESPEC', 'GR', '', '1000.00', '0.00', '1.00', '0.00', '35.00', '35.00', '0.00', '0.00', '', 1, '935.00', '-934.00'),
('0141', 'PIMIENTA NEGRA ENTE', 'ESPEC', 'GR', '', '1000.00', '0.00', '1.00', '0.00', '528.59', '528.59', '0.00', '0.00', '', 1, '1000.00', '-999.00'),
('0142', 'FRESA', 'FRUTA', 'GR', '', '1000.00', '16.97', '5.00', '0.00', '100.00', '100.00', '0.00', '0.00', '', 1, '1500.00', '-1495.00'),
('0143', 'CHILE MORITA', 'FRUTA', 'GR', '', '1000.00', '0.00', '1.00', '0.00', '116.03', '116.03', '0.00', '0.00', '', 1, '790.00', '-789.00'),
('0144', 'APIO', 'FRUTA', 'GR', '', '1000.00', '1.94', '2.00', '0.00', '10.00', '10.00', '0.00', '0.00', '', 1, '1400.00', '-1398.00'),
('0145', 'CHILE CARIBE¤O', 'FRUTA', 'GR', '', '1000.00', '0.00', '0.00', '0.00', '45.05', '45.05', '0.00', '0.00', '', 1, '0.00', '0.00'),
('0146', 'ZARZAMORA', 'FRUTA', 'GR', '', '1000.00', '2.99', '2.00', '0.00', '150.00', '150.00', '0.00', '0.00', '', 1, '300.00', '-298.00'),
('0147', 'PAPA ALPHA', 'FRUTA', 'GR', '', '1000.00', '34.66', '4.00', '0.00', '18.00', '18.00', '0.00', '0.00', '', 1, '7800.00', '-7796.00'),
('0148', 'CHILE GUAJILLO', 'FRUTA', 'GR', '', '1000.00', '3.43', '3.00', '0.00', '100.00', '100.00', '0.00', '0.00', '', 1, '1700.00', '-1697.00'),
('0149', 'TOMATE VERDE', 'FRUTA', 'GR', '', '1000.00', '31.00', '15.00', '0.00', '14.00', '14.00', '0.00', '0.00', '', 1, '1900.00', '-1885.00'),
('0150', 'HUITLACOCHE', 'VERDU', 'GR', '', '1000.00', '1.00', '1.00', '0.00', '33.00', '33.00', '0.00', '0.00', '', 1, '600.00', '-599.00'),
('0151', 'LIMON SEMILLA', 'VERDU', 'GR', '', '1000.00', '0.00', '15.00', '0.00', '32.28', '32.28', '0.00', '0.00', '', 1, '0.00', '15.00'),
('0152', 'CHILE MULATO', 'FRUTA', 'GR', '', '1000.00', '0.25', '1.00', '0.00', '120.00', '120.00', '0.00', '0.00', '', 1, '1100.00', '-1099.00'),
('0153', 'CEBOLLA CAMBRAY BLA', 'FRUTA', 'GR', '', '1000.00', '23.40', '15.00', '0.00', '12.00', '12.00', '0.00', '0.00', '', 1, '3000.00', '-2985.00'),
('0154', 'CHILE CHILTEPIN', 'FRUTA', 'GR', '', '1000.00', '0.50', '1.00', '0.00', '400.00', '400.00', '0.00', '0.00', '', 1, '1800.00', '-1799.00'),
('0155', 'LECHUGA OREJONA', 'FRUTA', 'GR', '', '1000.00', '5.70', '2.00', '0.00', '35.00', '35.00', '0.00', '0.00', '', 1, '4300.00', '-4298.00'),
('0156', 'CHILE ARBOL SECO', 'FRUTA', 'GR', '', '1000.00', '-0.08', '0.00', '0.00', '150.94', '150.94', '0.00', '0.00', '', 1, '1500.00', '-1500.00'),
('0157', 'FLORES COMESTIBLES PZ', 'VERDU', 'GR', '', '1000.00', '1.00', '1.00', '0.00', '90.00', '90.00', '0.00', '0.00', '', 1, NULL, NULL),
('0158', 'CHILE JALAPE¤O', 'VERDU', 'GR', '', '1000.00', '22.41', '15.00', '0.00', '27.00', '27.00', '0.00', '0.00', '', 1, '7600.00', '-7585.00'),
('0159', 'FRAMBUESA', 'FRUTA', 'GR', '', '1000.00', '2.19', '2.00', '0.00', '225.00', '225.00', '0.00', '0.00', '', 1, '300.00', '-298.00'),
('0160', 'CHILE ANCHO', 'FRUTA', 'GR', '', '1000.00', '1.00', '2.00', '0.00', '130.00', '130.00', '0.00', '0.00', '', 1, '1700.00', '-1698.00'),
('0161', 'CEBOLLIN', 'FRUTA', 'GR', '', '1000.00', '0.00', '0.10', '0.00', '60.00', '60.00', '0.00', '0.00', '', 1, '100.00', '-99.90'),
('0162', 'CHILE ANAHEIM', 'FRUTA', 'GR', '', '1000.00', '0.00', '1.00', '0.00', '93.50', '93.50', '0.00', '0.00', '', 1, '0.00', '1.00'),
('0163', 'CHILE CASCABEL', 'FRUTA', 'GR', '', '1000.00', '0.50', '1.00', '0.00', '155.00', '155.00', '0.00', '0.00', '', 1, '1200.00', '-1199.00'),
('0164', 'CHILE TAMPICO', 'FRUTA', 'GR', '', '1000.00', '3.37', '3.00', '0.00', '30.00', '30.00', '0.00', '0.00', '', 1, '1000.00', '-997.00'),
('0165', 'COCO NATURAL', 'FRUTA', 'GR', '', '1000.00', '0.00', '2.00', '0.00', '60.00', '60.00', '0.00', '0.00', '', 1, '0.00', '2.00'),
('0166', 'HOJA SANTA', 'FRUTA', 'GR', '', '1000.00', '0.92', '1.00', '0.00', '35.00', '35.00', '0.00', '0.00', '', 1, '124.00', '-123.00'),
('0167', 'JICAMA', 'FRUTA', 'GR', '', '1000.00', '2.00', '3.00', '0.00', '15.00', '15.00', '0.00', '0.00', '', 1, '810.00', '-807.00'),
('0168', 'PERA', 'BAJAS', 'GR', '', '1000.00', '0.00', '0.00', '0.00', '52.50', '52.50', '0.00', '0.00', '', 1, NULL, NULL),
('0169', 'PULPA DE MARACUYA', 'FRUTA', 'GR', '', '1000.00', '1.00', '2.00', '0.00', '50.00', '50.00', '0.00', '0.00', '', 1, '0.00', '2.00'),
('0170', 'PAPA SARATOGA', 'ABBAR', 'GG', '', '1000.00', '-4.34', '3.00', '0.00', '200.00', '200.00', '0.00', '0.00', '', 1, NULL, NULL),
('0171', 'UVA', 'FRUTA', 'GR', '', '1000.00', '3.34', '1.00', '0.00', '100.00', '100.00', '0.00', '0.00', '', 1, '0.00', '1.00'),
('0172', 'PLATANO MACHO', 'FRUTA', 'GR', '', '1000.00', '5.90', '2.00', '0.00', '15.00', '15.00', '0.00', '0.00', '', 1, '3100.00', '-3098.00'),
('0173', 'AGUACATE', 'FRUTA', 'GR', '', '1000.00', '98.99', '50.00', '0.00', '55.00', '55.00', '0.00', '0.00', '', 1, '4500.00', '-4450.00'),
('0174', 'JENGIBRE', 'FRUTA', 'GR', '', '1000.00', '0.00', '0.10', '0.00', '18.75', '18.75', '0.00', '0.00', '', 1, '200.00', '-199.90'),
('0175', 'JITOMATE BOLA', 'VERDU', 'GR', '', '1000.00', '0.00', '60.00', '0.00', '18.89', '18.89', '0.00', '0.00', '', 1, NULL, NULL),
('0176', 'NARANJA', 'FRUTA', 'GR', '', '1000.00', '44.80', '5.00', '0.00', '5.50', '5.50', '0.00', '0.00', '', 1, '2200.00', '-2195.00'),
('0177', 'JITOMATE SALADETE', 'FRUTA', 'GR', '', '1000.00', '129.35', '60.00', '0.00', '15.00', '15.00', '0.00', '0.00', '', 1, '3000.00', '-2940.00'),
('0178', 'LECHUGA SANGRIA', 'FRUTA', 'GR', '', '1000.00', '5.60', '3.00', '0.00', '20.00', '20.00', '0.00', '0.00', '', 1, '1138.00', '-1135.00'),
('0179', 'LEMONGRASS', 'ESPEC', 'GR', '', '1000.00', '0.00', '0.25', '0.00', '40.00', '40.00', '0.00', '0.00', '', 1, '50.00', '-49.75'),
('0180', 'MANGO ATAULFO', 'FRUTA', 'GR', '', '1000.00', '5.00', '2.00', '0.00', '25.00', '25.00', '0.00', '0.00', '', 1, '280.00', '-278.00'),
('0181', 'CHILE MANZANO AMARI', 'BAJAS', 'GR', '', '1000.00', '0.00', '0.00', '0.00', '52.50', '52.50', '0.00', '0.00', '', 1, NULL, NULL),
('0182', 'PIMIENTO MORRON ROJO', 'FRUTA', 'GR', '', '1000.00', '9.55', '3.00', '0.00', '50.00', '50.00', '0.00', '0.00', '', 1, '1500.00', '-1497.00'),
('0183', 'CEBOLLA MORADA', 'FRUTA', 'GR', '', '1000.00', '29.09', '10.00', '0.00', '30.00', '30.00', '0.00', '0.00', '', 1, '4100.00', '-4090.00'),
('0184', 'NOPAL', 'VERDU', 'GR', '', '1.00', '-38003.00', '10.00', '0.00', '17.00', '17.00', '0.00', '0.00', '', 1, '4500.00', '-4490.00'),
('0185', 'PAPA CAMBRAY', 'FRUTA', 'GR', '', '1000.00', '9.18', '15.00', '0.00', '18.00', '18.00', '0.00', '0.00', '', 1, '4000.00', '-3985.00'),
('0186', 'PERA LECHERA', 'BAJAS', 'GR', '', '1000.00', '0.00', '0.00', '0.00', '33.00', '33.00', '0.00', '0.00', '', 1, NULL, NULL),
('0187', 'CHAMPINON', 'FRUTA', 'GR', '', '1000.00', '3.64', '0.25', '0.00', '58.00', '58.00', '0.00', '0.00', '', 1, '200.00', '-199.75'),
('0188', 'LIMON SIN SEMILLA', 'FRUTA', 'GR', '', '1000.00', '173.99', '15.00', '0.00', '18.00', '18.00', '0.00', '0.00', '', 1, '3000.00', '-2985.00'),
('0189', 'CHILE RELLENO', 'BAJAS', 'GR', '', '1000.00', '0.00', '0.00', '0.00', '35.00', '35.00', '0.00', '0.00', '', 1, NULL, NULL),
('0190', 'ZANAHORIA', 'FRUTA', 'GR', '', '1000.00', '26.85', '5.00', '0.00', '8.00', '8.00', '0.00', '0.00', '', 1, '2150.00', '-2145.00'),
('0191', 'CEBOLLA BLANCA', 'FRUTA', 'GR', '', '1000.00', '29.36', '15.00', '0.00', '30.00', '30.00', '0.00', '0.00', '', 1, '770.00', '-755.00'),
('0192', 'PEPINO', 'FRUTA', 'GR', '', '1000.00', '32.27', '10.00', '0.00', '10.00', '10.00', '0.00', '0.00', '', 1, '1400.00', '-1390.00'),
('0193', 'AJONJOLI BLANCO', 'FRUTA', 'GR', '', '1000.00', '0.72', '3.00', '0.00', '48.00', '48.00', '0.00', '0.00', '', 1, '2700.00', '-2697.00'),
('0194', 'MANZANA VERDE', 'BAJAS', 'GR', '', '1000.00', '6.00', '0.00', '0.00', '45.00', '45.00', '0.00', '0.00', '', 1, NULL, NULL),
('0195', 'MENTA', 'FRUTA', 'GR', '', '1000.00', '0.00', '0.10', '0.00', '67.60', '67.60', '0.00', '0.00', '', 1, '0.00', '0.10'),
('0196', 'RABANO GRANDE', 'FRUTA', 'GR', '', '1000.00', '1.09', '4.00', '0.00', '32.00', '32.00', '0.00', '0.00', '', 1, '1000.00', '-996.00'),
('0197', 'CHILE CHIPOTLE SECO', 'FRUTA', 'GR', '', '1000.00', '0.75', '1.00', '0.00', '90.00', '90.00', '0.00', '0.00', '', 1, '156.00', '-155.00'),
('0198', 'CILANTRO RECIO', 'FRUTA', 'GR', '', '1000.00', '5.77', '1.00', '0.00', '12.00', '12.00', '0.00', '0.00', '', 1, '66.00', '-65.00'),
('0199', 'LECHUGA ROMANA', 'FRUTA', 'GR', '', '1000.00', '2.40', '6.00', '0.00', '32.50', '32.50', '0.00', '0.00', '', 1, '3650.00', '-3644.00'),
('0200', 'CILANTRO', 'FRUTA', 'GG', '', '1000.00', '24.67', '5.00', '0.00', '12.00', '12.00', '0.00', '0.00', '', 1, '1600.00', '-1595.00'),
('0201', 'CHILE PASILLA', 'FRUTA', 'GR', '', '1000.00', '-0.93', '1.00', '0.00', '132.99', '132.99', '0.00', '0.00', '', 1, '750.00', '-749.00'),
('0202', 'AJO BLANCO', 'FRUTA', 'GR', '', '1000.00', '3.75', '3.00', '0.00', '75.00', '75.00', '0.00', '0.00', '', 1, '1700.00', '-1697.00'),
('0203', 'CHILE HABANERO', 'FRUTA', 'GR', '', '1000.00', '6.91', '15.00', '0.00', '120.00', '120.00', '0.00', '0.00', '', 1, '2400.00', '-2385.00'),
('0204', 'SANDIA', 'FRUTA', 'GR', '', '1000.00', '13.52', '2.00', '0.00', '15.00', '15.00', '0.00', '0.00', '', 1, '2350.00', '-2348.00'),
('0205', 'AJONJOLI NEGRO', 'FRUTA', 'GR', '', '1000.00', '-0.06', '1.00', '0.00', '55.00', '55.00', '0.00', '0.00', '', 1, '650.00', '-649.00'),
('0206', 'PEREJIL LISO', 'FRUTA', 'GR', '', '1000.00', '0.50', '1.00', '0.00', '12.00', '12.00', '0.00', '0.00', '', 1, '0.00', '1.00'),
('0207', 'ESPINACA', 'FRUTA', 'GR', '', '1000.00', '2.50', '2.00', '0.00', '15.00', '15.00', '0.00', '0.00', '', 1, '360.00', '-358.00'),
('0208', 'EPAZOTE VERDE', 'FRUTA', 'GR', '', '1000.00', '7.98', '2.00', '0.00', '12.00', '12.00', '0.00', '0.00', '', 1, '200.00', '-198.00'),
('0209', 'FLOR DE CALABAZA', 'FRUTA', 'GR', '', '1000.00', '5.15', '1.00', '0.00', '20.00', '20.00', '0.00', '0.00', '', 1, '200.00', '-199.00'),
('0210', 'CHILE POBLANO', 'VERDU', 'GR', '', '1000.00', '10.00', '5.00', '0.00', '22.00', '22.00', '0.00', '0.00', '', 1, '1500.00', '-1495.00'),
('0211', 'CHICHARO JAPONES', 'FRUTA', 'GR', '', '1000.00', '2.00', '2.00', '0.00', '70.00', '70.00', '0.00', '0.00', '', 1, '0.00', '2.00'),
('0212', 'PASAS', 'FRUTA', 'GR', '', '1000.00', '0.50', '15.00', '0.00', '45.00', '45.00', '0.00', '0.00', '', 1, '500.00', '-485.00'),
('0213', 'PIMIENTO MORRON VERDE', 'FRUTA', 'GR', '', '1000.00', '7.81', '3.00', '0.00', '50.00', '50.00', '0.00', '0.00', '', 1, '20000.00', '-19997.00'),
('0214', 'PERA PANOCHERA', 'BAJAS', 'GR', '', '1000.00', '0.00', '0.00', '0.00', '15.00', '15.00', '0.00', '0.00', '', 1, NULL, NULL),
('0215', 'JITOMATE CHERRY ROJO', 'FRUTA', 'GR', '', '1000.00', '0.20', '2.00', '0.00', '125.00', '125.00', '0.00', '0.00', '', 1, '300.00', '-298.00'),
('0216', 'PI¤A', 'FRUTA', 'GR', '', '1000.00', '14.36', '2.00', '0.00', '11.00', '11.00', '0.00', '0.00', '', 1, '1000.00', '-998.00'),
('0217', 'PILONCILLO', 'FRUTA', 'GR', '', '1000.00', '0.00', '2.00', '0.00', '31.63', '31.63', '0.00', '0.00', '', 1, '300.00', '-298.00'),
('0218', 'CHILE SERRANO VERDE', 'FRUTA', 'GR', '', '1000.00', '1.25', '0.50', '0.00', '55.00', '55.00', '0.00', '0.00', '', 1, '500.00', '-499.50'),
('0219', 'FLORES COMESTIBLES', 'FRUTA', 'GR', '', '1000.00', '0.00', '1.00', '0.00', '130.00', '130.00', '0.00', '0.00', '', 1, '0.00', '1.00'),
('0220', 'QUESO RICOTTA', 'LACTE', 'GR', '', '1000.00', '0.30', '2.00', '0.00', '79.00', '79.00', '0.00', '0.00', '', 1, '90.00', '-88.00'),
('0221', 'QUESO DE CABRA', 'LACTE', 'GR', '', '1000.00', '-0.49', '2.00', '0.00', '200.00', '200.00', '0.00', '0.00', '', 1, '240.00', '-238.00'),
('0222', 'QUESO CREMA', 'LACTE', 'GR', '', '1000.00', '0.00', '1.00', '0.00', '130.39', '130.39', '0.00', '0.00', '', 1, '0.00', '1.00'),
('0223', 'MANTEQUILLA', 'LACTE', 'GR', '', '1000.00', '5.83', '4.00', '0.00', '136.00', '136.00', '0.00', '0.00', '', 1, '800.00', '-796.00'),
('0224', 'JOCOQUE', 'LACTE', 'GR', '', '500.00', '0.00', '2.00', '0.00', '139.50', '139.50', '0.00', '0.00', '', 1, '0.00', '2.00'),
('0225', 'QUESO COTIJA', 'LACTE', 'GR', '', '1000.00', '0.09', '1.00', '0.00', '110.00', '110.00', '0.00', '0.00', '', 1, '320.00', '-319.00'),
('0226', 'QUESO GOUDA', 'LACTE', 'GR', '', '3000.00', '-0.65', '3.00', '0.00', '366.58', '366.58', '0.00', '0.00', '', 1, '2750.00', '-2747.00'),
('0227', 'QUESO MANCHEGO', 'LACTE', 'GR', '', '1000.00', '0.00', '9.00', '0.00', '126.75', '126.75', '0.00', '0.00', '', 1, '0.00', '9.00'),
('0228', 'QUESO PARMESANO', 'LACTE', 'GR', '', '1000.00', '-0.43', '1.00', '0.00', '210.00', '210.00', '0.00', '0.00', '', 1, '630.00', '-629.00'),
('0229', 'QUESO PROVOLONE', 'LACTE', 'GR', '', '1000.00', '-0.65', '3.00', '0.00', '183.12', '183.12', '0.00', '0.00', '', 1, '300.00', '-297.00'),
('0230', 'YOGURTH NATURAL', 'LACTE', 'GR', '', '1000.00', '6.00', '2.00', '0.00', '28.30', '28.30', '0.00', '0.00', '', 1, '0.00', '2.00'),
('0231', 'QUESO AMARILLO', 'LACTE', 'GR', '', '1000.00', '-11.56', '4.00', '0.00', '146.80', '146.80', '0.00', '0.00', '', 1, '160.00', '-156.00'),
('0232', 'QUESO OAXACA', 'LACTE', 'GR', '', '1000.00', '3.05', '3.00', '0.00', '85.00', '85.00', '0.00', '0.00', '', 1, '2450.00', '-2447.00'),
('0233', 'CREMA NATURAL', 'LACTE', 'GR', '', '4000.00', '8.26', '15.00', '0.00', '140.00', '140.00', '0.00', '0.00', '', 1, '1600.00', '-1585.00'),
('0234', 'CREMA PARA BATIR', 'LACTE', 'GR', '', '1000.00', '7.67', '6.00', '0.00', '61.00', '61.00', '0.00', '0.00', '', 1, '0.00', '6.00'),
('0235', 'QUESO PANELA', 'LACTE', 'GR', '', '1000.00', '7.65', '15.00', '0.00', '106.25', '106.25', '0.00', '0.00', '', 1, '285.00', '-270.00'),
('0236', 'QUESO MASCARPONE', 'BAJAS', 'GR', '', '1000.00', '0.00', '0.00', '0.00', '259.85', '259.85', '0.00', '0.00', '', 1, NULL, NULL),
('0237', 'TLAYUDAS', 'PANTO', 'PZ', '', '1000.00', '-13.00', '3.00', '0.00', '7.00', '7.00', '0.00', '0.00', '', 1, '15.00', '-12.00'),
('0238', 'PAN HAMBURGUESA GDE', 'BAJAS', 'PZ', '', '1000.00', '0.00', '0.00', '0.00', '5.00', '5.00', '0.00', '0.00', '', 1, NULL, NULL),
('0239', 'TELERA PARA TORTA', 'PANTO', 'PZ', '', '1000.00', '-17.00', '15.00', '0.00', '1.20', '1.20', '0.00', '0.00', '', 1, '7.00', '8.00'),
('0240', 'TORTILLA CHALUPERA', 'PANTO', 'PZ', '', '1000.00', '322.92', '20.00', '0.00', '12.00', '12.00', '0.00', '0.00', '', 1, '8000.00', '-7980.00'),
('0241', 'MASA AZUL', 'PANTO', 'PZ', '', '1000.00', '50.25', '30.00', '0.00', '17.00', '17.00', '0.00', '0.00', '', 1, '0.00', '30.00'),
('0242', 'TORTILLA DE MAIZ', 'PANTO', 'PZ', '', '1000.00', '34.70', '50.00', '0.00', '12.00', '12.00', '0.00', '0.00', '', 1, '0.00', '50.00'),
('0243', 'TORTILLA DE HARINA', 'ABARR', 'GR', '', '1000.00', '-10.70', '15.00', '0.00', '14.00', '14.00', '0.00', '0.00', '', 1, '600.00', '-585.00'),
('0244', 'CAMARON AGUACHILE', 'PESCA', 'PZ', '', '1000.00', '36.18', '12.00', '0.00', '240.00', '240.00', '0.00', '0.00', '', 1, '3700.00', '-3688.00'),
('0245', 'CAMARON 31/35', 'PESCA', 'PZ', '', '1000.00', '-3.05', '12.00', '0.00', '288.00', '288.00', '0.00', '0.00', '', 1, NULL, NULL),
('0246', 'SALMON FRESCO', 'PESCA', 'PZ', '', '1000.00', '-0.28', '4.00', '0.00', '280.00', '280.00', '0.00', '0.00', '', 1, '2000.00', '-1996.00'),
('0247', 'FILETE TILAPIA', 'PESCA', 'PZ', '', '1000.00', '47.66', '25.00', '0.00', '70.00', '70.00', '0.00', '0.00', '', 1, '460.00', '-435.00'),
('0248', 'ATUN FRESCO', 'PESCA', 'PZ', '', '1000.00', '-2.16', '4.00', '0.00', '230.00', '230.00', '0.00', '0.00', '', 1, '0.00', '4.00'),
('0249', 'ATUN STAKE', 'PESCA', 'PZ', '', '1000.00', '5.40', '4.00', '0.00', '45.10', '45.10', '0.00', '0.00', '', 1, '1100.00', '-1096.00'),
('0250', 'PULPO', 'PESCA', 'PZ', '', '1000.00', '4.00', '4.00', '0.00', '190.00', '190.00', '0.00', '0.00', '', 1, '500.00', '-496.00'),
('0251', 'CAMARON PACOTILLA', 'PESCA', 'GR', '', '1000.00', '23.27', '10.00', '0.00', '180.00', '180.00', '0.00', '0.00', '', 1, '0.00', '10.00'),
('0252', 'MAIZ POZOLERO', 'ABARR', 'GR', '', '1000.00', '3.00', '6.00', '0.00', '18.00', '18.00', '0.00', '0.00', '', 1, '0.00', '6.00'),
('0253', 'ACHIOTE', 'ABARR', 'GR', '', '1000.00', '1.00', '2.00', '0.00', '54.00', '54.00', '0.00', '0.00', '', 1, '0.00', '2.00'),
('0254', 'CALABAZA ITALIANA', 'VERDU', 'GR', '', '1000.00', '21.00', '5.00', '0.00', '16.00', '16.00', '0.00', '0.00', '', 1, '4100.00', '-4095.00'),
('0255', 'BROCOLI', 'VERDU', 'GR', '', '1000.00', '18.80', '4.00', '0.00', '12.00', '12.00', '0.00', '0.00', '', 1, '794.00', '-790.00'),
('0256', 'CHAYOTE', 'VERDU', 'GR', '', '1000.00', '2.00', '4.00', '0.00', '9.00', '9.00', '0.00', '0.00', '', 1, '1770.00', '-1766.00'),
('0257', 'LECHUGA ITALIANA', 'VERDU', 'GR', '', '1000.00', '6.80', '6.00', '0.00', '22.50', '22.50', '0.00', '0.00', '', 1, '0.00', '6.00'),
('0258', 'ELOTE GRANO GRANEL', 'ABARR', 'GR', '', '1000.00', '16.00', '3.00', '0.00', '35.00', '35.00', '0.00', '0.00', '', 1, '3000.00', '-2997.00'),
('0259', 'COLIFLOR', 'VERDU', 'GR', '', '1000.00', '4.00', '3.00', '0.00', '18.00', '18.00', '0.00', '0.00', '', 1, '2970.00', '-2967.00'),
('0260', 'VERDOLAGA', 'VERDU', 'GR', '', '1000.00', '5.00', '4.00', '0.00', '25.00', '25.00', '0.00', '0.00', '', 1, '0.00', '4.00'),
('0261', 'GALLETA SALADA', 'ABARR', 'PZ', '', '200.00', '0.00', '2.00', '0.00', '1.00', '0.00', '0.00', '0.00', '', 1, '100.00', '-98.00'),
('0262', 'SURIMI', 'PESCA', 'GR', '', '1000.00', '0.00', '2.00', '0.00', '1.00', '0.00', '0.00', '0.00', '', 1, '1000.00', '-998.00'),
('0263', 'FALDA DE RES', 'CARNE', 'GR', '', '1000.00', '0.00', '6.00', '0.00', '1.00', '0.00', '0.00', '0.00', '', 1, '0.00', '6.00'),
('0265', 'CHOCOLATE LIQUIDO', 'ABARR', 'ML', '', '454.00', '1.00', '2.00', '0.00', '41.00', '41.00', '0.00', '0.00', '', 1, '200.00', '-198.00'),
('0267', 'BOLS TRANS.1 kg', 'SURES', 'PZ', '', '1.00', '0.00', '2.00', '0.00', '1.00', '0.00', '0.00', '0.00', '', 1, NULL, NULL),
('0268', 'BOLSA TRANS.5 kg', 'SURES', 'PZ', '', '1.00', '0.00', '2.00', '0.00', '1.00', '0.00', '0.00', '0.00', '', 1, NULL, NULL),
('0269', 'MIGUELITO POLVO', 'ABBAR', 'GR', '', '1000.00', '3.00', '5.00', '0.00', '46.26', '46.26', '0.00', '0.00', '', 1, NULL, NULL),
('0270', 'PAN MOLIDO', 'PANTO', 'GR', '', '1000.00', '2.00', '3.00', '0.00', '18.00', '18.00', '0.00', '0.00', '', 1, '3000.00', '-2997.00'),
('0271', 'SALSA BOTANERA', 'ABARR', 'ML', '', '3800.00', '1.00', '2.00', '0.00', '43.65', '43.65', '0.00', '0.00', '', 1, '3000.00', '-2998.00'),
('0276', 'CARBON', 'SURES', 'GR', '', '1000.00', '55.00', '2.00', '0.00', '14.00', '14.00', '0.00', '0.00', '', 1, NULL, NULL),
('0277', 'BLUEBERRY', 'FRUTA', 'GR', '', '1000.00', '0.80', '2.00', '0.00', '250.00', '250.00', '0.00', '0.00', '', 1, '0.00', '2.00'),
('0278', 'RABO DE RES', 'CARNE', 'GR', '', '1000.00', '0.00', '6.00', '0.00', '1.00', '0.00', '0.00', '0.00', '', 1, '0.00', '6.00'),
('0279', 'COSTILLA CERDO', 'CARNE', 'GR', '', '1000.00', '16.44', '6.00', '0.00', '305.00', '305.00', '0.00', '0.00', '', 1, '0.00', '6.00'),
('0280', 'GELATINA SOBRE', 'ABARR', 'PZ', '', '120.00', '5.00', '15.00', '0.00', '8.50', '8.50', '0.00', '0.00', '', 1, '2.00', '13.00'),
('0281', 'TBONE', 'CARNE', 'GR', '', '1000.00', '0.00', '5.00', '0.00', '1.00', '0.00', '0.00', '0.00', '', 1, '7200.00', '-7195.00'),
('0283', 'CONSENTRADO CAMARON', 'ABARR', 'GR', '', '1600.00', '0.00', '1.00', '0.00', '1.00', '0.00', '0.00', '0.00', '', 1, '1000.00', '-999.00'),
('0284', 'PANKO', 'ABARR', 'GR', '', '1000.00', '0.00', '2.00', '0.00', '1.00', '0.00', '0.00', '0.00', '', 1, '0.00', '2.00'),
('0285', 'ALGA MARINA', 'ABARR', 'PZ', '', '100.00', '1.00', '2.00', '0.00', '310.00', '310.00', '0.00', '0.00', '', 1, '1.00', '1.00'),
('0286', 'LASAGNA PASTA', 'ABARR', 'GR', '', '500.00', '0.00', '4.00', '0.00', '1.00', '0.00', '0.00', '0.00', '', 1, '750.00', '-746.00'),
('0287', 'SALSA VALENTINA', 'ABARR', 'ML', '', '1000.00', '0.00', '4.00', '0.00', '1.00', '0.00', '0.00', '0.00', '', 1, '800.00', '-796.00'),
('0288', 'SALSA BOTANERA', 'ABARR', 'ML', '', '3000.00', '0.00', '2.00', '0.00', '1.00', '0.00', '0.00', '0.00', '', 1, '3100.00', '-3098.00'),
('0290', 'CHAMOY', 'ABARR', 'ML', '', '1.00', '0.00', '3.00', '0.00', '1.00', '0.00', '0.00', '0.00', '', 1, '500.00', '-497.00'),
('0291', 'MIGUELITO CHILE', 'ABARR', 'GR', '', '950.00', '0.00', '4.00', '0.00', '1.00', '0.00', '0.00', '0.00', '', 1, '400.00', '-396.00'),
('0292', 'AZUCAR MOSCABADA', 'ABARR', 'GR', '', '1000.00', '1.00', '2.00', '0.00', '40.00', '40.00', '0.00', '0.00', '', 1, '500.00', '-498.00'),
('0293', 'NESCAFE CLASICO', 'ABARR', 'GR', '', '350.00', '0.00', '1.00', '0.00', '1.00', '0.00', '0.00', '0.00', '', 1, '0.00', '1.00'),
('0294', 'PANZA DE RES', 'CARNE', 'GR', '', '1000.00', '6.50', '1.00', '0.00', '98.00', '98.00', '0.00', '0.00', '', 0, '0.00', '1.00'),
('0295', 'CODO PASTA', 'ABARR', 'GR', '', '200.00', '0.00', '15.00', '0.00', '1.00', '0.00', '0.00', '0.00', '', 1, '0.00', '15.00'),
('0296', 'QUESO ROQUEFORD', 'LACTE', 'GR', '', '1000.00', '0.80', '1.00', '0.00', '190.00', '190.00', '0.00', '0.00', '', 1, '430.00', '-429.00'),
('0297', 'YOGURTH FRESA', 'LACTE', 'GR', '', '1000.00', '4.00', '1.00', '0.00', '27.90', '27.90', '0.00', '0.00', '', 1, '645.00', '-644.00'),
('0298', 'CARNE ENCHILADA', 'CARNE', 'GR', '', '1000.00', '3.00', '1.00', '0.00', '90.00', '90.00', '0.00', '0.00', '', 0, '0.00', '1.00'),
('0299', 'AGUA QUINA', 'REFRE', 'PZ', '', '1.00', '96.00', '0.00', '0.00', '5.78', '5.78', '16.00', '0.00', '', 0, NULL, NULL),
('0300', 'RETAZO C/HUESO RES', 'CARNE', 'KG', '', '1000.00', '6.20', '0.00', '0.00', '98.00', '98.00', '0.00', '0.00', '', 0, NULL, NULL),
('0301', 'JAMAICA', 'ABARR', 'KG', '', '1.00', '0.00', '0.00', '0.00', '1.00', '0.00', '0.00', '0.00', '', 0, NULL, NULL),
('0302', 'ESPARRAGOS', 'VERDU', 'KG', '', '1.00', '0.00', '0.00', '0.00', '1.00', '0.00', '0.00', '0.00', '', 0, NULL, NULL),
('0303', 'AGUA MIN REFILL', 'REFRE', 'ML', '', '2000.00', '16.00', '0.00', '0.00', '14.33', '14.33', '16.00', '0.00', '', 0, NULL, NULL),
('ABEL', 'ABSOLUT ELYX', 'VODKA', 'ML', '', '750.00', '0.00', '0.00', '0.00', '410.26', '410.26', '16.00', '0.00', '', 1, NULL, NULL),
('ABGM', 'GREY GOOSE 1.750', 'VODKA', 'ML', '', '1750.00', '0.00', '2.00', '0.00', '846.84', '846.84', '0.00', '0.00', '', 1, NULL, NULL),
('AGCO', 'AGUA CORRIENTE', 'BAJB', 'ML', '', '19000.00', '8.00', '0.00', '0.00', '14.33', '14.33', '16.00', '0.00', '', 1, NULL, NULL),
('AGMI', 'AGUA MINERAL', 'BEBID', 'ML', '', '1.00', '927.00', '792.00', '0.00', '7.90', '7.90', '16.00', '0.00', '', 1, '22.30', '769.70'),
('AGMM', 'AGUA MINERAL MINI', 'BEBID', 'ML', '', '1.00', '-1102.00', '720.00', '0.00', '5.53', '5.53', '16.00', '0.00', '', 1, '23.00', '697.00'),
('AGNA', 'AGUA NATURAL', 'BEBID', 'ML', '', '1.00', '127.00', '144.00', '0.00', '5.00', '5.00', '0.00', '0.00', '', 1, '5.00', '139.00'),
('AGPE', 'PERRIER AGUA', 'BEBID', 'PZ', '', '1.00', '-5.00', '36.00', '0.00', '14.69', '14.69', '0.00', '0.00', '', 1, '1.10', '34.90'),
('AQSW', 'SWHEPPS', 'BEBID', 'ML', '', '1.00', '0.00', '24.00', '0.00', '60.35', '60.35', '0.00', '0.00', '', 1, NULL, NULL),
('BOOS', 'BOOST', 'BAJB', 'ML', '', '1.00', '0.00', '0.00', '0.00', '13.26', '13.26', '0.00', '0.00', '', 1, NULL, NULL),
('BRAM', 'ALMA DE MAGNO', 'BRAND', 'ML', '', '700.00', '0.29', '2.00', '0.00', '232.74', '232.74', '16.00', '0.00', '', 1, '2.11', '-0.11'),
('BRAZ', 'AZTECA DE ORO', 'BRAND', 'ML', '', '700.00', '0.00', '2.00', '0.00', '108.62', '108.62', '16.00', '0.00', '', 1, '2.15', '-0.15'),
('BRCI', 'CARLOS I', 'BRAND', 'ML', '', '750.00', '-0.24', '2.00', '0.00', '482.76', '482.76', '16.00', '0.00', '', 1, '2.11', '-0.11'),
('BRCM', 'CARDENAL DE MENDOZA', 'BAJB', 'ML', '', '750.00', '0.00', '0.00', '0.00', '761.77', '761.77', '16.00', '0.00', '', 1, NULL, NULL),
('BRDA', 'DUQUE DE ALBA', 'BAJB', 'ML', '', '700.00', '-0.26', '0.00', '0.00', '582.80', '582.80', '16.00', '0.00', '', 1, NULL, NULL),
('BRFU', 'FUNDADOR', 'BAJB', 'ML', '', '700.00', '-1.33', '0.00', '0.00', '150.00', '150.00', '16.00', '0.00', '', 1, NULL, NULL),
('BRMA', 'MAGNO', 'BRAND', 'ML', '', '700.00', '-0.23', '8.00', '0.00', '146.54', '146.54', '16.00', '0.00', '', 1, '8.00', '0.00'),
('BRT1', 'TORRES 15', 'BRAND', 'ML', '', '700.00', '-3.42', '4.00', '0.00', '366.38', '366.38', '16.00', '0.00', '', 1, '4.13', '-0.13'),
('BRT5', 'TORRES 5 A¥OS', 'BRAND', 'ML', '', '750.00', '4.00', '8.00', '0.00', '129.31', '129.31', '16.00', '0.00', '', 1, '8.30', '-0.30'),
('BRTD', 'TORRES 10', 'BRAND', 'ML', '', '750.00', '-0.01', '12.00', '0.00', '188.78', '188.78', '16.00', '0.00', '', 1, '8.00', '4.00'),
('BRTE', 'TERRY CENTENARIO 750 ML.', 'BAJB', 'ML', '', '750.00', '-0.24', '0.00', '0.00', '206.03', '206.03', '16.00', '0.00', '', 1, NULL, NULL),
('BRTV', 'TORRES 20 A¥OS', 'BRAND', 'ML', '', '700.00', '-0.14', '2.00', '0.00', '611.20', '611.20', '16.00', '0.00', '', 1, '2.16', '-0.16'),
('CAU2', 'CAMARON U15', 'PESCA', 'GR', '', '1000.00', '6.00', '0.00', '0.00', '260.00', '260.00', '0.00', '0.00', '', 1, NULL, NULL),
('CC01', 'ESPRESO DECAF', 'CAFEE', 'ML', '', '16.00', '0.00', '1.00', '0.00', '498.75', '498.75', '16.00', '0.00', '', 1, NULL, NULL),
('CC02', 'CAPSULA LUNGO DECAF', 'CAFEE', 'PZ', '', '50.00', '2.00', '1.00', '0.00', '545.00', '545.00', '0.00', '0.00', '', 1, NULL, NULL),
('CC03', 'LUNGO FORTE EXPRESSO', 'CAFEE', 'ML', '', '16.00', '0.00', '1.00', '0.00', '326.72', '326.72', '16.00', '0.00', '', 1, NULL, NULL),
('CC04', 'CAPSULA LUNGO FORTE', 'CAFEE', 'PZ', '', '50.00', '-0.82', '1.00', '0.00', '390.00', '634.48', '16.00', '0.00', '', 1, NULL, NULL),
('CC05', 'CAPSULA LUNGO SABORES', 'CAFEE', 'PZ', '', '16.00', '0.00', '1.00', '0.00', '390.00', '404.31', '16.00', '0.00', '', 1, NULL, NULL),
('CC06', 'LUNGO FORTE VAINILLA', 'CAFEE', 'ML', '', '16.00', '0.00', '1.00', '0.00', '950.00', '950.00', '16.00', '0.00', '', 1, NULL, NULL),
('CEA9', 'ODULS S/ALCOHOL', 'CERVE', 'PZ', '', '355.00', '0.00', '10.00', '0.00', '8.90', '8.90', '0.00', '0.00', '', 1, NULL, NULL),
('CEBA', 'BARRIL DE CERVEZA', 'BAJB', 'PZ', '', '12000.00', '-1.34', '0.00', '0.00', '853.00', '853.00', '16.00', '0.00', '', 1, NULL, NULL),
('CEBN', 'BOCANEGRA', 'BAJB', 'PZ', '', '1.00', '-8165.00', '0.00', '0.00', '18.28', '18.28', '16.00', '0.00', '', 1, NULL, NULL),
('CEBO', 'BOHEMIA CLARA', 'BAJB', 'PZ', '', '1.00', '0.00', '0.00', '0.00', '9.99', '9.99', '0.00', '0.00', '', 1, NULL, NULL),
('CEBS', 'BOHEMIA OSCURA', 'BAJB', 'PZ', '', '1.00', '0.00', '0.00', '0.00', '9.98', '9.98', '0.00', '0.00', '', 1, NULL, NULL),
('CEBU', 'BUDWISER', 'BAJB', 'PZ', '', '1.00', '0.00', '0.00', '0.00', '11.75', '11.75', '16.00', '0.00', '', 1, NULL, NULL),
('CECL', 'CORONA LIGHT', 'CERVE', 'PZ', '', '1.00', '5.00', '180.00', '0.00', '7.58', '7.58', '16.00', '0.00', '', 1, '11.13', '168.87'),
('CECO', 'TECATE', 'BAJB', 'PZ', '', '1.00', '0.00', '0.00', '0.00', '7.24', '7.24', '0.00', '0.00', '', 1, NULL, NULL),
('CECR', 'CORONA', 'CERVE', 'PZ', '', '1.00', '-1.00', '240.00', '0.00', '8.69', '8.69', '16.00', '0.00', '', 1, '13.10', '226.90'),
('CEGH', 'GOUSE ISL.HONKER', 'BAJB', 'PZ', '', '1.00', '-25205.00', '0.00', '0.00', '1.00', '1.00', '16.00', '0.00', '', 1, NULL, NULL),
('CEGS', 'GOUSE ISLAND SOFIE', 'BAJB', 'PZ', '', '1.00', '-4260.00', '0.00', '0.00', '1.00', '1.00', '16.00', '0.00', '', 1, NULL, NULL),
('CEHE', 'HEINEKEN', 'BAJB', 'PZ', '', '1.00', '0.00', '0.00', '0.00', '13.00', '13.00', '0.00', '0.00', '', 1, NULL, NULL),
('CEHO', 'HOOGARDEN', 'BAJB', 'PZ', '', '1.00', '-30175.00', '0.00', '0.00', '29.00', '29.00', '0.00', '0.00', '', 1, NULL, NULL),
('CELE', 'LEON NEGRA CERVEZA', 'CERVE', 'PZ', '', '1.00', '-47.00', '180.00', '0.00', '8.69', '8.69', '16.00', '0.00', '', 1, '10.19', '169.81'),
('CEML', 'MODELO LIGHT', 'BAJB', 'PZ', '', '1.00', '0.00', '0.00', '0.00', '4.67', '4.67', '0.00', '0.00', '', 1, NULL, NULL),
('CEMS', 'MODELO ESP.', 'CERVE', 'PZ', '', '1.00', '-82.00', '300.00', '0.00', '9.45', '9.45', '16.00', '0.00', '', 1, '9.11', '290.89'),
('CENM', 'NEGRA MODELO', 'CERVE', 'PZ', '', '1.00', '-53.00', '300.00', '0.00', '9.45', '9.45', '16.00', '0.00', '', 1, '9.10', '290.90'),
('CEOL', 'ODULS', 'CERVE', 'PZ', '', '1.00', '0.00', '36.00', '0.00', '9.89', '9.89', '16.00', '0.00', '', 1, NULL, NULL),
('CEPA', 'PACIFICO', 'CERVE', 'PZ', '', '1.00', '-8.00', '180.00', '0.00', '8.24', '8.24', '16.00', '0.00', '', 1, '10.14', '169.86'),
('CEQU', 'QUILMES', 'BAJB', 'PZ', '', '1.00', '-2485.00', '0.00', '0.00', '25.00', '25.00', '0.00', '0.00', '', 1, NULL, NULL),
('CESA', 'SAGA', 'BAJB', 'PZ', '', '1.00', '-10295.00', '0.00', '0.00', '1.00', '1.00', '16.00', '0.00', '', 1, NULL, NULL),
('CESE', 'STELLA', 'CERVE', 'PZ', '', '1.00', '-43.00', '60.00', '0.00', '16.38', '16.38', '16.00', '0.00', '', 1, '1.10', '58.90'),
('CESL', 'SOL LIGTH', 'BAJB', 'PZ', '', '1.00', '0.00', '0.00', '0.00', '5.00', '5.00', '0.00', '0.00', '', 1, NULL, NULL),
('CESO', 'SOL CERVEZA', 'BAJB', 'PZ', '', '1.00', '0.00', '0.00', '0.00', '7.25', '7.25', '0.00', '0.00', '', 1, NULL, NULL),
('CEST', 'STRONGBOW GOLD', 'BAJB', 'PZ', '', '1.00', '0.00', '0.00', '0.00', '1.00', '1.00', '0.00', '0.00', '', 1, NULL, NULL),
('CEVI', 'VICTORIA', 'CERVE', 'PZ', '', '1.00', '-36.00', '300.00', '0.00', '8.69', '8.69', '16.00', '0.00', '', 1, '16.00', '284.00'),
('CEXY', 'XY REGEL', 'BAJB', 'PZ', '', '1.00', '0.00', '0.00', '0.00', '1.00', '1.00', '0.00', '0.00', '', 1, NULL, NULL),
('CG01', 'CIGARRO BLANCO', 'CIGAR', 'pz', '', '1.00', '30.00', '24.00', '0.00', '52.05', '52.05', '0.00', '0.00', '', 1, NULL, NULL),
('CG02', 'CIGARRO ROJO', 'CIGAR', 'pz', '', '1.00', '70.00', '24.00', '0.00', '52.05', '52.05', '0.00', '0.00', '', 1, NULL, NULL),
('CGCV', 'COURVOISIER VSOP', 'BAJB', 'ML', '', '700.00', '0.00', '0.00', '0.00', '286.96', '286.96', '0.00', '0.00', '', 1, NULL, NULL),
('CGCX', 'COURVOISIER X.O.', 'BAJB', 'ML', '', '700.00', '0.00', '0.00', '0.00', '1182.00', '1182.00', '0.00', '0.00', '', 1, NULL, NULL),
('CGHV', 'HENNESY VS', 'COGNA', 'ML', '', '700.00', '0.00', '2.00', '0.00', '905.78', '905.78', '16.00', '0.00', '', 1, '2.00', '0.00'),
('CGMM', 'MARTEL V.S.O.P', 'COGNA', 'ML', '', '700.00', '0.61', '4.00', '0.00', '603.44', '603.44', '16.00', '0.00', '', 1, '4.14', '-0.14'),
('CGMS', 'MARTEL V.S.', 'COGNA', 'ML', '', '700.00', '0.00', '2.00', '0.00', '303.48', '303.48', '0.00', '0.00', '', 1, '2.11', '-0.11'),
('CGVS', 'REMY MARTIN VS', 'BAJB', 'ML', '', '700.00', '0.00', '0.00', '0.00', '300.00', '300.00', '0.00', '0.00', '', 1, NULL, NULL),
('CGXO', 'HENNESY VSOP', 'COGNA', 'ML', '', '700.00', '0.00', '2.00', '0.00', '2771.97', '2771.97', '16.00', '0.00', '', 1, '2.10', '-0.10'),
('CHBB', 'MOET BABY BRUT', 'BAJB', 'ML', '', '200.00', '0.00', '0.00', '0.00', '251.42', '251.42', '0.00', '0.00', '', 1, NULL, NULL),
('CHBN', 'MOET BABY NECTAR', 'BAJB', 'ML', '', '355.00', '0.00', '0.00', '0.00', '300.00', '300.00', '0.00', '0.00', '', 1, NULL, NULL);
INSERT INTO `productos` (`codingre`, `descrip`, `familia`, `unidad`, `empaque`, `equivale`, `inventa1`, `stockmax`, `stockmin`, `ultcosto`, `costoprome`, `impuesto`, `pedido`, `status`, `redondeo`, `inventaFisico`, `diferencia`) VALUES
('CHBO', 'BOTTEGGA GOLD', 'CHAMP', 'ML', '', '750.00', '0.00', '2.00', '0.00', '535.72', '535.72', '0.00', '0.00', '', 1, '2.00', '0.00'),
('CHBR', 'MOET BABY ROSE', 'BAJB', 'ML', '', '355.00', '0.00', '0.00', '0.00', '300.00', '300.00', '0.00', '0.00', '', 1, NULL, NULL),
('CHDL', 'DOM PERIGNON LUMINUS', 'BAJB', 'ML', '', '750.00', '0.00', '0.00', '0.00', '1.00', '1.00', '0.00', '0.00', '', 1, NULL, NULL),
('CHDM', 'DOM PERIGNON', 'CHAMP', 'ML', '', '750.00', '0.00', '2.00', '0.00', '3089.14', '3089.14', '16.00', '0.00', '', 1, '2.00', '0.00'),
('CHDR', 'DOM PERIGNON ROSE', 'BAJB', 'ML', '', '750.00', '0.00', '0.00', '0.00', '700.00', '700.00', '0.00', '0.00', '', 1, NULL, NULL),
('CHJB', 'JOUDE BLASON ROSE', 'BAJB', 'ML', '', '750.00', '0.00', '0.00', '0.00', '1.00', '1.00', '0.00', '0.00', '', 1, NULL, NULL),
('CHM1', 'MOET BRUT 1.5 LTS', 'BAJB', 'ML', '', '1500.00', '0.00', '0.00', '0.00', '1383.34', '1383.34', '0.00', '0.00', '', 1, NULL, NULL),
('CHM3', 'MOET CHANDON 3 LTS', 'BAJB', 'ML', '', '3000.00', '0.00', '0.00', '0.00', '1.00', '1.00', '0.00', '0.00', '', 1, NULL, NULL),
('CHM6', 'MOET CHANDON 6 LTS', 'BAJB', 'ML', '', '6000.00', '0.00', '0.00', '0.00', '1.00', '1.00', '0.00', '0.00', '', 1, NULL, NULL),
('CHMC', 'MOET BRUT', 'CHAMP', 'ML', '', '750.00', '0.00', '3.00', '0.00', '830.43', '830.43', '16.00', '0.00', '', 1, '0.00', '3.00'),
('CHMI', 'MOET CHANDON ICE', 'CHAMP', 'ML', '', '750.00', '0.00', '2.00', '0.00', '1006.50', '1006.50', '16.00', '0.00', '', 1, '2.00', '0.00'),
('CHMR', 'MOET ROSE', 'CHAMP', 'ML', '', '750.00', '0.00', '2.00', '0.00', '1003.23', '1003.23', '16.00', '0.00', '', 1, '2.00', '0.00'),
('CHNE', 'MOET NECTAR', 'CHAMP', 'ML', '', '750.00', '0.00', '2.00', '0.00', '883.66', '883.66', '16.00', '0.00', '', 1, '2.00', '0.00'),
('CHNR', 'MOET NECTAR ROSE', 'CHAMP', 'ML', '', '750.00', '0.00', '2.00', '0.00', '897.41', '897.41', '16.00', '0.00', '', 1, '2.00', '0.00'),
('CHPB', 'PERRIER G.BRUT 750', 'BAJB', 'ML', '', '750.00', '0.00', '0.00', '0.00', '566.86', '566.86', '0.00', '0.00', '', 1, NULL, NULL),
('CHPJ', 'PERRIER JOUDE 200 ML', 'BAJB', 'ML', '', '200.00', '0.00', '0.00', '0.00', '171.98', '171.98', '0.00', '0.00', '', 1, NULL, NULL),
('CHVC', 'VEUVE CLICQUOT', 'BAJB', 'ML', '', '750.00', '0.00', '0.00', '0.00', '700.00', '700.00', '0.00', '0.00', '', 1, NULL, NULL),
('CHVP', 'VEUVE CLIQUOT PONSARDINI', 'BAJB', 'ML', '', '750.00', '0.00', '0.00', '0.00', '1.00', '1.00', '0.00', '0.00', '', 1, NULL, NULL),
('CI00', 'MARLBORO ROJOS', 'CIGAR', 'PZ', '', '1.00', '0.00', '5.00', '0.00', '1.00', '0.00', '16.00', '0.00', '', 1, NULL, NULL),
('CI01', 'MARLBORO BLANCO', 'CIGAR', 'PZ', '', '1.00', '0.00', '5.00', '0.00', '1.00', '0.00', '16.00', '0.00', '', 1, NULL, NULL),
('CIMR', 'CIGARRO', 'CIGAR', 'PZ', '', '1.00', '-56.00', '10.00', '0.00', '18.76', '18.76', '0.00', '0.00', '', 1, NULL, NULL),
('CIRO', 'CINZANO ROJO', 'VINOS', 'ML', '', '750.00', '0.00', '10.00', '0.00', '123.23', '123.23', '16.00', '0.00', '', 1, NULL, NULL),
('CLAM', 'CLAMATO 1.89 LT', 'ABBAR', 'ML', '', '1890.00', '7.56', '24.00', '0.00', '23.93', '23.93', '0.00', '0.00', '', 1, NULL, NULL),
('COFI', 'COSTO FIJO BUFFETE', 'ABARR', 'PZ', '', '1.00', '-142.00', '0.00', '0.00', '45.00', '0.00', '0.00', '0.00', '', 1, NULL, NULL),
('COHV', 'HENNESY VS', 'COGNA', 'ML', '', '750.00', '0.00', '2.00', '0.00', '550.95', '550.95', '16.00', '0.00', '', 1, '2.20', '-0.20'),
('COMV', 'MARTELL V.S.', 'COGNA', 'ML', '', '750.00', '0.00', '2.00', '0.00', '100.00', '100.00', '0.00', '0.00', '', 1, '2.15', '-0.15'),
('CT3V', 'CAS MADERO 3V', 'VINOS', 'ML', '', '750.00', '-3.34', '0.00', '0.00', '225.00', '0.00', '0.00', '0.00', '', 1, NULL, NULL),
('GIB2', 'BEEFFATER 24', 'BAJB', 'ML', '', '750.00', '0.00', '0.00', '0.00', '473.28', '473.28', '16.00', '0.00', '', 1, NULL, NULL),
('GIBE', 'BEEFEATER GIN. 750 ML.', 'GINEB', 'ML', '', '750.00', '0.00', '4.00', '0.00', '300.86', '300.86', '16.00', '0.00', '', 1, '4.00', '0.00'),
('GIBM', 'BOODLES MULBERRY', 'GINEB', 'ML', '', '750.00', '0.00', '1.00', '0.00', '1.00', '1.00', '0.00', '0.00', '', 1, NULL, NULL),
('GIBO', 'BOMBAY SAPPHIRE', 'GINEB', 'ML', '', '750.00', '1.74', '3.00', '0.00', '318.97', '318.97', '16.00', '0.00', '', 1, '3.00', '0.00'),
('GIBP', 'BEEFETER PINK', 'GINEB', 'ML', '', '750.00', '0.00', '1.00', '0.00', '1.00', '0.00', '16.00', '0.00', '', 1, NULL, NULL),
('GIBT', 'BOTANICA PREMIUM', 'BAJB', 'ML', '', '700.00', '0.00', '0.00', '0.00', '567.24', '567.24', '16.00', '0.00', '', 1, NULL, NULL),
('GIBU', 'BULLDOG', 'GINEB', 'ML', '', '750.00', '0.82', '2.00', '0.00', '314.64', '314.64', '16.00', '0.00', '', 1, '2.00', '0.00'),
('GICT', 'CITADELLE', 'BAJB', 'ML', '', '750.00', '0.00', '0.00', '0.00', '1.00', '1.00', '16.00', '0.00', '', 1, NULL, NULL),
('GIHE', 'HENDRICKS', 'GINEB', 'ML', '', '750.00', '-0.28', '4.00', '0.00', '493.97', '493.97', '16.00', '0.00', '', 1, '3.00', '1.00'),
('GIL1', 'LONDON # 1', 'GINEB', 'ML', '', '700.00', '-0.25', '3.00', '0.00', '542.24', '542.24', '16.00', '0.00', '', 1, '3.00', '0.00'),
('GILD', 'LONDON DRY BOODLES', 'BAJB', 'ML', '', '750.00', '0.00', '0.00', '0.00', '325.00', '325.00', '16.00', '0.00', '', 1, NULL, NULL),
('GILR', 'LARIOS ROSE', 'GINEB', 'ML', '', '700.00', '0.86', '2.00', '0.00', '249.29', '249.29', '16.00', '0.00', '', 1, '2.00', '0.00'),
('GIM7', 'MONKEY 47', 'GINEB', 'ML', '', '500.00', '0.00', '3.00', '0.00', '1181.03', '1181.03', '16.00', '0.00', '', 1, '3.00', '0.00'),
('GIMA', 'MARE GIN', 'BAJB', 'ML', '', '700.00', '0.00', '0.00', '0.00', '516.38', '516.38', '16.00', '0.00', '', 1, NULL, NULL),
('GIMO', 'MOM GINEBRA', 'GINEB', 'ML', '', '700.00', '1.93', '3.00', '0.00', '323.27', '323.27', '16.00', '0.00', '', 1, '3.00', '0.00'),
('GION', 'OSO NEGRO GIN', 'BAJB', 'ML', '', '1000.00', '0.00', '0.00', '0.00', '60.00', '60.00', '0.00', '0.00', '', 1, NULL, NULL),
('GIPA', 'PRINCIPE DE LOS APOSTOLES', 'BAJB', 'ML', '', '700.00', '-1.06', '0.00', '0.00', '1.00', '1.00', '16.00', '0.00', '', 1, NULL, NULL),
('GITA', 'TANQUERAY LONDON', 'GINEB', 'ML', '', '750.00', '2.02', '4.00', '0.00', '249.15', '249.15', '16.00', '0.00', '', 1, '4.00', '0.00'),
('GITS', 'TANQUERAY SEVILLA', 'GINEB', 'ML', '', '750.00', '0.00', '1.00', '0.00', '550.86', '550.86', '16.00', '0.00', '', 1, '0.00', '1.00'),
('GITT', 'TANQUERAY TEN', 'GINEB', 'ML', '', '700.00', '0.00', '4.00', '0.00', '465.52', '465.52', '16.00', '0.00', '', 1, '3.00', '1.00'),
('HIEL', 'HIELO', 'HIELO', 'PZ', '', '1000.00', '2115.58', '10.00', '0.00', '3.60', '3.60', '0.00', '0.00', '', 1, NULL, NULL),
('INDI', 'INDIO CERVEZA', 'CERVE', 'PZ', '', '1.00', '0.00', '10.00', '0.00', '6.00', '7.24', '16.00', '0.00', '', 1, '0.00', '10.00'),
('JAGR', 'JARABE GRANADINA', 'LICOR', 'ML', '', '1000.00', '0.97', '3.00', '0.00', '52.75', '52.75', '16.00', '0.00', '', 1, '0.00', '3.00'),
('JANA', 'JARABE NATURAL', 'LICOR', 'ML', '', '1000.00', '7.03', '6.00', '0.00', '34.48', '34.48', '16.00', '0.00', '', 1, '0.00', '6.00'),
('JEDS', 'DRY SACK', 'BAJB', 'ML', '', '750.00', '-0.24', '0.00', '0.00', '237.07', '237.07', '0.00', '0.00', '', 1, NULL, NULL),
('JELI', 'LA INA 750 ML', 'BAJB', 'ML', '', '750.00', '0.00', '0.00', '0.00', '194.18', '194.18', '0.00', '0.00', '', 1, NULL, NULL),
('JEOP', 'OPORTO FERREIRA', 'BAJB', 'ML', '', '750.00', '0.00', '0.00', '0.00', '320.00', '320.00', '0.00', '0.00', '', 1, NULL, NULL),
('JEOT', 'OPORTO FERREIRA TAWNY', 'JEREZ', 'ML', '', '750.00', '0.00', '1.00', '0.00', '1.00', '1.00', '0.00', '0.00', '', 1, '0.00', '1.00'),
('JEPO', 'POCHOLA', 'JEREZ', 'ML', '', '750.00', '0.00', '1.00', '0.00', '83.40', '83.40', '0.00', '0.00', '', 1, '0.00', '1.00'),
('JETP', 'TIO PEPE', 'JEREZ', 'ML', '', '750.00', '-0.06', '2.00', '0.00', '229.31', '229.31', '16.00', '0.00', '', 1, '2.00', '0.00'),
('JUAR', 'JUGO ARANDANO', 'BEBID', 'ML', '', '1000.00', '12.00', '3.00', '0.00', '20.50', '20.50', '0.00', '0.00', '', 1, '1.11', '1.89'),
('JUDU', 'JUGO DURAZNO', 'BEBID', 'ML', '', '1000.00', '12.00', '1.00', '0.00', '17.41', '17.41', '0.00', '0.00', '', 1, '0.50', '0.50'),
('JULN', 'JUGO DE LIMON NATURAL', 'ABARR', 'GR', '', '1000.00', '56.00', '0.00', '0.00', '23.75', '23.75', '0.00', '0.00', '', 1, '0.00', '0.00'),
('JUMA', 'JUGO MANGO', 'BEBID', 'ML', '', '1000.00', '-1.00', '1.00', '0.00', '1.00', '1.00', '16.00', '0.00', '', 1, '0.70', '0.30'),
('JUMZ', 'JUGO MANZANA', 'BEBID', 'ML', '', '1000.00', '0.00', '1.00', '0.00', '473.28', '473.28', '16.00', '0.00', '', 1, '0.40', '0.60'),
('JUNA', 'JUGO NARANJA', 'BEBID', 'ML', '', '1000.00', '16.31', '2.00', '0.00', '17.00', '17.00', '0.00', '0.00', '', 1, '1.40', '0.60'),
('JUNL', 'JUGI NATURAL LIMON', 'BEBID', 'ML', '', '1000.00', '0.00', '1.00', '0.00', '541.00', '541.00', '16.00', '0.00', '', 1, NULL, NULL),
('JUNN', 'JUGO NATURAL NARANJA', 'BEBID', 'ML', '', '1000.00', '24.00', '1.00', '0.00', '21.25', '21.25', '0.00', '0.00', '', 1, '0.00', '1.00'),
('JUPI', 'JUGO PIÑA', 'BEBID', 'ML', '', '1000.00', '-1.00', '1.00', '0.00', '1.00', '1.00', '0.00', '0.00', '', 1, '0.70', '0.30'),
('JUTO', 'JUGO DE TOMATE', 'BEBID', 'ML', '', '1000.00', '7.00', '2.00', '0.00', '17.17', '17.17', '0.00', '0.00', '', 1, '0.20', '1.80'),
('JUUV', 'JUGO UVA', 'BEBID', 'ML', '', '1000.00', '-2.00', '1.00', '0.00', '1.00', '1.00', '16.00', '0.00', '', 1, '0.30', '0.70'),
('JWPL', 'JW PLATINUM 18', 'WHISK', 'ML', '', '750.00', '0.00', '0.00', '0.00', '1812.93', '1812.93', '16.00', '0.00', '', 1, '0.00', '0.00'),
('L001', 'TAPETE MIJITORIO', 'SULI', 'PZ', '', '1.00', '0.00', '0.00', '0.00', '1.00', '0.00', '16.00', '0.00', '', 1, NULL, NULL),
('L002', 'BOLSA NEGRA 90X1.20', 'SULI', 'KG', '', '1.00', '0.00', '0.00', '0.00', '1.00', '0.00', '16.00', '0.00', '', 1, NULL, NULL),
('L003', 'BOLS ANEGRA 60X90', 'SULI', 'KGP', '', '1.00', '0.00', '0.00', '0.00', '1.00', '0.00', '16.00', '0.00', '', 1, NULL, NULL),
('L004', 'ALCOHOL SOLIDO', 'SURES', 'PZ', '', '1.00', '24.00', '0.00', '0.00', '12.46', '12.46', '0.00', '0.00', '', 1, NULL, NULL),
('L005', 'PAPEL ALUMINO', 'SURES', 'PZ', '', '1.00', '1.00', '0.00', '0.00', '235.48', '235.48', '0.00', '0.00', '', 1, NULL, NULL),
('L006', 'VITAFILM', 'SURES', 'PZ', '', '1.00', '8.00', '0.00', '0.00', '144.42', '144.42', '0.00', '0.00', '', 1, NULL, NULL),
('L007', 'AGITADORES (100 PZ)', 'SURES', 'PZ', '', '100.00', '13.00', '8.00', '0.00', '38.00', '38.00', '0.00', '0.00', '', 1, NULL, NULL),
('L008', 'PINGUINOS MARINELA', 'SURES', 'PZ', '', '1.00', '12.00', '0.00', '0.00', '78.77', '78.77', '0.00', '0.00', '', 1, NULL, NULL),
('L009', 'DETERGENTE LIQUIDO', 'SULI', 'PZ', '', '1.00', '0.00', '4.00', '0.00', '1.00', '0.00', '0.00', '0.00', '', 1, NULL, NULL),
('L010', 'CLORO', 'SULI', 'ML', '', '1000.00', '24.00', '0.00', '0.00', '7.75', '7.75', '0.00', '0.00', '', 1, NULL, NULL),
('L011', 'DETERGENTE ROMA', 'SULI', 'GR', '', '1000.00', '0.00', '0.00', '0.00', '1.00', '0.00', '0.00', '0.00', '', 1, NULL, NULL),
('L012', 'FIBRA ACERO', 'SULI', 'PZ', '', '1.00', '0.00', '0.00', '0.00', '1.00', '0.00', '0.00', '0.00', '', 1, NULL, NULL),
('L013', 'PASTILLA BANO', 'SULI', 'PZ', '', '1.00', '0.00', '0.00', '0.00', '1.00', '0.00', '0.00', '0.00', '', 1, NULL, NULL),
('L014', 'MECHUDO', 'SULI', 'PZ', '', '1.00', '0.00', '0.00', '0.00', '1.00', '0.00', '0.00', '0.00', '', 1, NULL, NULL),
('L015', 'ESCOBA', 'SULI', 'PZ', '', '1.00', '0.00', '0.00', '0.00', '1.00', '0.00', '0.00', '0.00', '', 1, NULL, NULL),
('L018', 'AJAX BICARBONATO', 'SULI', 'MLP', '', '1890.00', '0.00', '0.00', '0.00', '1.00', '0.00', '0.00', '0.00', '', 1, NULL, NULL),
('LI43', 'LICOR 43', 'LICOR', 'ML', '', '750.00', '-29.54', '3.00', '0.00', '308.61', '308.61', '16.00', '0.00', '', 1, '3.90', '-0.90'),
('LI4O', 'LICOR 43 OROCHATA', 'LICOR', 'ML', '', '700.00', '0.00', '2.00', '0.00', '316.94', '316.94', '16.00', '0.00', '', 1, '2.10', '-0.10'),
('LIAA', 'AMARGO ANGOSTURA 1L', 'BAJB', 'ML', '', '1000.00', '0.00', '0.00', '0.00', '23.70', '23.70', '0.00', '0.00', '', 1, NULL, NULL),
('LIAB', 'ABSINTH', 'BAJB', 'ML', '', '750.00', '0.00', '0.00', '0.00', '512.07', '512.07', '16.00', '0.00', '', 1, NULL, NULL),
('LIAC', 'LAS CADENAS', 'LICOR', 'ML', '', '1000.00', '0.00', '1.00', '0.00', '275.86', '275.86', '16.00', '0.00', '', 1, '1.20', '-0.20'),
('LIAD', 'AMARETTO DISARONO', 'LICOR', 'ML', '', '700.00', '-0.26', '2.00', '0.00', '287.93', '287.93', '16.00', '0.00', '', 1, '2.40', '-0.40'),
('LIAM', 'APEROL', 'LICOR', 'ML', '', '750.00', '-3.22', '2.00', '0.00', '206.38', '206.38', '16.00', '0.00', '', 1, '2.30', '-0.30'),
('LIAN', 'AMARETTO CONTI 750 ML', 'LICOR', 'ML', '', '750.00', '0.00', '2.00', '0.00', '144.83', '144.83', '16.00', '0.00', '', 1, '2.40', '-0.40'),
('LIAP', 'PERNOD 700 ML.', 'BAJB', 'ML', '', '700.00', '0.00', '0.00', '0.00', '163.63', '163.63', '0.00', '0.00', '', 1, NULL, NULL),
('LIAR', 'ANCHO REYES', 'LICOR', 'ML', '', '750.00', '0.00', '1.00', '0.00', '189.98', '189.98', '16.00', '0.00', '', 1, '1.00', '0.00'),
('LIAS', 'DEL MONO SECO  750 ML', 'BAJB', 'ML', '', '750.00', '0.00', '0.00', '0.00', '186.20', '186.20', '16.00', '0.00', '', 1, NULL, NULL),
('LIAU', 'COINTREAU 750 ML', 'BAJB', 'ML', '', '700.00', '0.00', '0.00', '0.00', '369.83', '369.83', '16.00', '0.00', '', 1, NULL, NULL),
('LIAZ', 'LICOR AZUL CURACAO 7', 'BAJB', 'ML', '', '750.00', '0.00', '0.00', '0.00', '95.97', '95.97', '0.00', '0.00', '', 1, NULL, NULL),
('LIBA', 'BAILEYS', 'LICOR', 'ML', '', '750.00', '-0.16', '2.00', '0.00', '207.98', '207.98', '16.00', '0.00', '', 1, '2.30', '-0.30'),
('LIBD', 'CINZANO BCO EXSE', 'LICOR', 'ML', '', '750.00', '0.00', '1.00', '0.00', '123.23', '123.23', '16.00', '0.00', '', 1, NULL, NULL),
('LIBE', 'BENEDICTINE', 'BAJB', 'ML', '', '750.00', '0.00', '0.00', '0.00', '302.61', '302.61', '0.00', '0.00', '', 1, NULL, NULL),
('LIBL', 'BAILEYS CARAMELO 750 ML.', 'BAJB', 'ML', '', '750.00', '0.00', '0.00', '0.00', '284.18', '284.18', '16.00', '0.00', '', 1, NULL, NULL),
('LICA', 'CAROLANS', 'BAJB', 'ML', '', '750.00', '0.00', '0.00', '0.00', '1.00', '1.00', '16.00', '0.00', '', 1, NULL, NULL),
('LICB', 'CACAO BLANCO', 'BAJB', 'ML', '', '750.00', '0.00', '0.00', '0.00', '95.97', '95.97', '16.00', '0.00', '', 1, NULL, NULL),
('LICC', 'CHBACANO LICOR', 'BAJB', 'ML', '', '750.00', '0.00', '0.00', '0.00', '1.00', '1.00', '0.00', '0.00', '', 1, NULL, NULL),
('LICE', 'LICOR FRESA FLAMINGO', 'LICOR', 'ML', '', '750.00', '0.00', '1.00', '0.00', '43.00', '43.00', '0.00', '0.00', '', 1, '1.00', '0.00'),
('LICH', 'CHAMBOARD', 'BAJB', 'ML', '', '750.00', '0.00', '0.00', '0.00', '1.00', '1.00', '0.00', '0.00', '', 1, NULL, NULL),
('LICI', 'LICOR CIRUELA JAPONESA', 'BAJB', 'ML', '', '750.00', '0.00', '0.00', '0.00', '1.00', '1.00', '0.00', '0.00', '', 1, NULL, NULL),
('LICL', 'CINZANO BCO DULCE', 'BAJB', 'ML', '', '750.00', '0.00', '0.00', '0.00', '123.23', '123.23', '0.00', '0.00', '', 1, NULL, NULL),
('LICM', 'CAMPARI BITTER', 'LICOR', 'ML', '', '750.00', '0.00', '1.00', '0.00', '211.91', '211.91', '16.00', '0.00', '', 1, '1.16', '-0.16'),
('LICN', 'CONTROY', 'LICOR', 'ML', '', '1000.00', '0.85', '1.00', '0.00', '116.37', '116.37', '16.00', '0.00', '', 1, '1.15', '-0.15'),
('LICO', 'CACAO OBSCUR0', 'BAJB', 'ML', '', '750.00', '0.00', '0.00', '0.00', '66.09', '66.09', '0.00', '0.00', '', 1, NULL, NULL),
('LICR', 'CHARTREUSE AMARILLO', 'BAJB', 'ML', '', '700.00', '0.00', '0.00', '0.00', '560.68', '560.68', '16.00', '0.00', '', 1, NULL, NULL),
('LICS', 'CASIS SISCA', 'LICOR', 'ML', '', '750.00', '0.00', '2.00', '0.00', '358.71', '358.71', '16.00', '0.00', '', 1, '2.00', '0.00'),
('LICU', 'CURACAO', 'BAJB', 'ML', '', '750.00', '0.00', '0.00', '0.00', '102.59', '102.59', '16.00', '0.00', '', 1, NULL, NULL),
('LICV', 'CHARTREUSE VERDE', 'BAJB', 'ML', '', '700.00', '0.00', '0.00', '0.00', '629.31', '629.31', '16.00', '0.00', '', 1, NULL, NULL),
('LIDC', 'CHINCHON DULCE', 'LICOR', 'ML', '', '1000.00', '0.85', '2.00', '0.00', '163.78', '163.78', '16.00', '0.00', '', 1, '2.19', '-0.19'),
('LIDD', 'DULCE DOMECQ', 'BAJB', 'ML', '', '750.00', '0.00', '0.00', '0.00', '155.00', '155.00', '0.00', '0.00', '', 1, NULL, NULL),
('LIDP', 'KALHUA LICOR DE CAFE', 'BAJB', 'ML', '', '1000.00', '0.00', '0.00', '0.00', '118.97', '118.97', '16.00', '0.00', '', 1, NULL, NULL),
('LIDR', 'DRAMBUIE', 'BAJB', 'ML', '', '750.00', '0.00', '0.00', '0.00', '399.57', '399.57', '16.00', '0.00', '', 1, NULL, NULL),
('LIDS', 'CHINCHON SEMIDULCE', 'BAJB', 'ML', '', '1000.00', '0.00', '0.00', '0.00', '184.48', '184.48', '16.00', '0.00', '', 1, NULL, NULL),
('LIDU', 'DUBONET', 'BAJB', 'ML', '', '750.00', '0.00', '0.00', '0.00', '234.61', '234.61', '16.00', '0.00', '', 1, NULL, NULL),
('LIDZ', 'LICOR DE DURAZNO/MELOCOTO', 'BAJB', 'ML', '', '750.00', '0.00', '0.00', '0.00', '89.66', '89.66', '16.00', '0.00', '', 1, NULL, NULL),
('LIFD', 'LICOR DE FRUTAS DEKUYPER', 'BAJB', 'ML', '', '750.00', '0.00', '0.00', '0.00', '86.09', '86.09', '0.00', '0.00', '', 1, NULL, NULL),
('LIFE', 'FERNET', 'LICOR', 'ML', '', '750.00', '0.00', '2.00', '0.00', '124.14', '124.14', '16.00', '0.00', '', 1, '2.00', '0.00'),
('LIFF', 'FRESA LICOR', 'BAJB', 'ML', '', '750.00', '0.00', '1.00', '0.00', '1.00', '1.00', '16.00', '0.00', '', 1, NULL, NULL),
('LIFR', 'FRANGELICO', 'LICOR', 'ML', '', '700.00', '0.00', '2.00', '0.00', '254.31', '254.31', '16.00', '0.00', '', 1, '2.70', '-0.70'),
('LIGA', 'GALLIANO', 'BAJB', 'ML', '', '500.00', '0.00', '0.00', '0.00', '192.45', '192.45', '16.00', '0.00', '', 1, NULL, NULL),
('LIGN}', 'GRANADA PAMA', 'LICOR', 'ML', '', '750.00', '0.00', '1.00', '0.00', '341.30', '341.30', '0.00', '0.00', '', 1, '1.00', '0.00'),
('LIGR', 'GRAND MARNIER CORDON', 'LICOR', 'ML', '', '700.00', '0.00', '1.00', '0.00', '486.21', '486.21', '16.00', '0.00', '', 1, '1.90', '-0.90'),
('LIHP', 'HPNOTIQ', 'LICOR', 'ML', '', '750.00', '-0.32', '2.00', '0.00', '421.41', '421.41', '16.00', '0.00', '', 1, '2.60', '-0.60'),
('LIHU', 'HURACAN', 'BAJB', 'ML', '', '750.00', '0.00', '0.00', '0.00', '1.00', '1.00', '0.00', '0.00', '', 1, NULL, NULL),
('LIII', 'AMOR LICOR', 'BAJB', 'ML', '', '750.00', '0.00', '0.00', '0.00', '1.00', '1.00', '0.00', '0.00', '', 1, NULL, NULL),
('LIJA', 'JAGERMEISTER', 'LICOR', 'ML', '', '700.00', '-0.26', '4.00', '0.00', '254.31', '254.31', '16.00', '0.00', '', 1, '4.60', '-0.60'),
('LILI', 'LICOR LIMONCELLO', 'BAJB', 'ML', '', '750.00', '0.00', '0.00', '0.00', '1.00', '1.00', '0.00', '0.00', '', 1, NULL, NULL),
('LIMB', 'MENTA BLANCA', 'BAJB', 'ML', '', '750.00', '0.00', '0.00', '0.00', '50.00', '50.00', '0.00', '0.00', '', 1, NULL, NULL),
('LIMD', 'MARTINI BCO DULCE', 'BAJB', 'ML', '', '750.00', '0.00', '0.00', '0.00', '141.38', '141.38', '16.00', '0.00', '', 1, NULL, NULL),
('LIME', 'LICOR DE MELON', 'BAJB', 'ML', '', '750.00', '0.00', '0.00', '0.00', '267.24', '267.24', '16.00', '0.00', '', 1, NULL, NULL),
('LIMM', 'MELON MIDORI', 'BAJB', 'ML', '', '750.00', '0.00', '0.00', '0.00', '30.00', '30.00', '0.00', '0.00', '', 1, NULL, NULL),
('LIMN', 'MANDARINE NAPOLEON', 'BAJB', 'ML', '', '750.00', '0.00', '0.00', '0.00', '423.37', '423.37', '16.00', '0.00', '', 1, NULL, NULL),
('LIMR', 'MARTINI ROJO', 'LICOR', 'ML', '', '750.00', '0.00', '1.00', '0.00', '155.09', '155.09', '16.00', '0.00', '', 1, '0.00', '1.00'),
('LIMS', 'MARTINI BCO SECO', 'BAJB', 'ML', '', '750.00', '0.00', '0.00', '0.00', '155.09', '155.09', '16.00', '0.00', '', 1, NULL, NULL),
('LIMV', 'MENTA VERDE', 'BAJB', 'ML', '', '750.00', '0.00', '0.00', '0.00', '70.00', '70.00', '16.00', '0.00', '', 1, NULL, NULL),
('LIMZ', 'LICOR DE MANZANA', 'LICOR', 'ML', '', '750.00', '0.00', '1.00', '0.00', '113.79', '113.79', '16.00', '0.00', '', 1, '1.00', '0.00'),
('LINU', 'NUVO', 'BAJB', 'ML', '', '750.00', '0.00', '0.00', '0.00', '1.00', '1.00', '0.00', '0.00', '', 1, NULL, NULL),
('LIOR', 'LICOR ORUJO', 'BAJB', 'ML', '', '750.00', '0.00', '0.00', '0.00', '1.00', '1.00', '0.00', '0.00', '', 1, NULL, NULL),
('LIPA', 'LICOR PASSOA', 'BAJB', 'ML', '', '750.00', '0.00', '0.00', '0.00', '40.00', '40.00', '0.00', '0.00', '', 1, NULL, NULL),
('LIPL', 'LICOR DE PLATANO 750', 'BAJB', 'ML', '', '750.00', '0.00', '0.00', '0.00', '95.97', '95.97', '0.00', '0.00', '', 1, NULL, NULL),
('LIPX', 'PACHARA BASARANA', 'BAJB', 'ML', '', '750.00', '0.00', '0.00', '0.00', '240.78', '240.78', '16.00', '0.00', '', 1, NULL, NULL),
('LIRB', 'ROMANA SAMBUCA BIANCO', 'BAJB', 'ML', '', '700.00', '0.00', '0.00', '0.00', '1.00', '1.00', '16.00', '0.00', '', 1, NULL, NULL),
('LIRD', 'LICOR CINZANO ROJO D', 'LICOR', 'ML', '', '750.00', '0.00', '1.00', '0.00', '102.61', '102.61', '0.00', '0.00', '', 1, '2.60', '-1.60'),
('LIRI', 'RICHARDS LICOR', 'BAJB', 'ML', '', '750.00', '0.00', '0.00', '0.00', '100.00', '100.00', '0.00', '0.00', '', 1, NULL, NULL),
('LIRN', 'ROMANA SAMBUCA NERO', 'LICOR', 'ML', '', '700.00', '0.00', '1.00', '0.00', '1.00', '1.00', '16.00', '0.00', '', 1, '1.60', '-0.60'),
('LIRO', 'ROMPOPE', 'LICOR', 'ML', '', '900.00', '0.00', '1.00', '0.00', '93.30', '93.30', '0.00', '0.00', '', 1, NULL, NULL),
('LISA', 'LICOR DE SANDIA DEKUYPER', 'BAJB', 'ML', '', '750.00', '0.00', '0.00', '0.00', '104.69', '104.69', '0.00', '0.00', '', 1, NULL, NULL),
('LISC', 'CHINCHON SECO', 'LICOR', 'ML', '', '1000.00', '-0.03', '2.00', '0.00', '184.48', '184.48', '16.00', '0.00', '', 1, '2.10', '-0.10'),
('LISD', 'SECO DOMECQ', 'BAJB', 'ML', '', '750.00', '0.00', '0.00', '0.00', '60.00', '60.00', '0.00', '0.00', '', 1, NULL, NULL),
('LISG', 'SAMBUCA BCO', 'BAJB', 'ML', '', '700.00', '-18.21', '0.00', '0.00', '211.04', '211.04', '16.00', '0.00', '', 1, NULL, NULL),
('LISN', 'SAMBUCA NEGRO', 'LICOR', 'ML', '', '700.00', '0.36', '2.00', '0.00', '210.34', '210.34', '16.00', '0.00', '', 1, '2.12', '-0.12'),
('LISO', 'CITRIC SOUTH COMFOR', 'BAJB', 'ML', '', '750.00', '0.00', '0.00', '0.00', '1.00', '1.00', '0.00', '0.00', '', 1, NULL, NULL),
('LIVR', 'CINZANO ROJO', 'LICOR', 'ML', '', '750.00', '0.00', '1.00', '0.00', '113.79', '113.79', '16.00', '0.00', '', 1, '2.60', '-1.60'),
('LIVX', 'CINZANO  EXTRA SECO', 'LICOR', 'ML', '', '750.00', '0.00', '1.00', '0.00', '534.78', '534.78', '16.00', '0.00', '', 1, '1.10', '-0.10'),
('LSR1', 'ANEXO MOLE POBLANO', 'PRODU', '', '', '1.00', '0.00', '0.00', '0.00', '34.75', '34.75', '0.00', '0.00', '', 1, NULL, NULL),
('LSR2', 'ANEXO PIPIAN VERDE', 'PRODU', '', '', '1.00', '0.00', '0.00', '0.00', '25.09', '25.09', '0.00', '0.00', '', 1, '1400.00', '-1400.00'),
('MALM', 'ALMEJAS', 'PESCA', 'GR', '', '1000.00', '8.00', '0.00', '0.00', '35.00', '35.00', '0.00', '0.00', '', 1, '0.00', '0.00'),
('MARV', 'MARTELL VSOP', 'COGNA', 'ML', '', '1.00', '0.00', '4.00', '0.00', '564.66', '564.66', '16.00', '0.00', '', 1, '4.30', '-0.30'),
('ME4C', '400 CONEJOS ESPADIN BCO', 'MEZCA', 'ML', '', '700.00', '-1.25', '6.00', '0.00', '306.00', '306.00', '16.00', '0.00', '', 1, '4.00', '2.00'),
('ME4R', '400 CONEJOS REPOSADO', 'MEZCA', 'ML', '', '700.00', '-0.33', '3.00', '0.00', '407.14', '407.14', '16.00', '0.00', '', 1, '3.20', '-0.20'),
('MEAC', 'AMORES CUPRETA JOVEN', 'MEZCA', 'ML', '', '750.00', '0.00', '2.00', '0.00', '418.10', '418.10', '16.00', '0.00', '', 1, '2.00', '0.00'),
('MEAE', 'AMORES ESPADIN JOVEN', 'MEZCA', 'ML', '', '750.00', '1.00', '2.00', '0.00', '422.40', '422.40', '16.00', '0.00', '', 1, '2.11', '-0.11'),
('MEAR', 'AMORES REPOSADO', 'MEZCA', 'ML', '', '750.00', '0.74', '3.00', '0.00', '474.13', '474.13', '16.00', '0.00', '', 1, '3.14', '-0.14'),
('MECE', 'CONVITE ENS.ESAPDIN', 'BAJB', 'ML', '', '1.00', '0.00', '0.00', '0.00', '492.20', '492.20', '16.00', '0.00', '', 1, NULL, NULL),
('MECR', 'CREYENTE MEZCAL', 'BAJB', 'ML', '', '700.00', '0.00', '0.00', '0.00', '498.28', '498.28', '16.00', '0.00', '', 1, NULL, NULL),
('MECT', 'CONVITE TOBALA', 'BAJB', 'ML', '', '700.00', '0.00', '0.00', '0.00', '875.00', '875.00', '0.00', '0.00', '', 1, NULL, NULL),
('MEDA', 'DANZANTES A¥EJO', 'BAJB', 'ML', '', '750.00', '0.00', '0.00', '0.00', '1040.69', '1040.69', '16.00', '0.00', '', 1, NULL, NULL),
('MEMA', 'MONO AZUL', 'MEZCA', 'ML', '', '750.00', '0.00', '1.00', '0.00', '297.42', '297.42', '16.00', '0.00', '', 1, '2.80', '-1.80'),
('MEQU', 'QUETZAL ARROQUEÑO ESPADIN', 'MEZCA', 'ML', '', '750.00', '0.00', '1.00', '0.00', '593.97', '593.97', '16.00', '0.00', '', 1, '1.00', '0.00'),
('MEUJ', 'UNION JOVEN', 'MEZCA', 'ML', '', '700.00', '0.00', '1.00', '0.00', '1.00', '1.00', '16.00', '0.00', '', 1, '2.90', '-1.90'),
('MEVM', 'VERDE MOMENTO', 'BAJB', 'ML', '', '700.00', '4.00', '0.00', '0.00', '249.99', '249.99', '16.00', '0.00', '', 1, NULL, NULL),
('MOST', 'OSTIONES', 'PESCA', 'GR', '', '1000.00', '100.00', '0.00', '0.00', '10.50', '10.50', '0.00', '0.00', '', 1, NULL, NULL),
('O282', 'ARROZ TSURIMI', 'ABARR', 'GR', '', '22400.00', '22.00', '1.00', '0.00', '26.59', '26.59', '0.00', '0.00', '', 1, '2000.00', '-1999.00'),
('PULQ', 'PULQUE BARRA', 'TEQUI', 'ML', '', '1000.00', '0.00', '10.00', '0.00', '35.00', '35.00', '0.00', '0.00', '', 1, NULL, NULL),
('REDB', 'RED BULL', 'BEBID', 'PZ', '', '1.00', '24.00', '96.00', '0.00', '18.97', '18.97', '16.00', '0.00', '', 1, '1.70', '94.30'),
('RFCO', 'REFIL COCACOLA', 'BEBID', 'PZ', '', '1.00', '18.00', '12.00', '0.00', '22.38', '22.38', '16.00', '0.00', 'RF', 1, '0.40', '11.60'),
('RFMA', 'REFIL MANZANA', 'BEBID', 'PZ', '', '1.00', '0.00', '12.00', '0.00', '510.34', '510.34', '16.00', '0.00', '', 1, '0.40', '11.60'),
('RO10', 'BACARDI 101  700 ML', 'BAJB', 'ML', '', '700.00', '0.00', '0.00', '0.00', '99.13', '99.13', '0.00', '0.00', '', 1, NULL, NULL),
('ROA1', 'APPLETON STATE 12', 'RONNN', 'ML', '', '750.00', '-0.38', '2.00', '0.00', '387.93', '387.93', '16.00', '0.00', '', 1, '2.40', '-0.40'),
('ROAB', 'APPLETON BLANCO', 'BAJB', 'ML', '', '750.00', '0.00', '0.00', '0.00', '86.21', '86.21', '16.00', '0.00', '', 1, NULL, NULL),
('ROAO', 'APPLETON ESPECIAL', 'RONNN', 'ML', '', '750.00', '0.00', '2.00', '0.00', '94.83', '94.83', '16.00', '0.00', '', 1, '2.12', '-0.12'),
('ROAP', 'APPLETON ESTATE V/X 750 M', 'RONNN', 'ML', '', '750.00', '-0.80', '4.00', '0.00', '150.85', '150.85', '16.00', '0.00', '', 1, '4.10', '-0.10'),
('ROAR', 'APPLETON ESTATE RES.BLEND', 'RONNN', 'ML', '', '1.00', '0.00', '2.00', '0.00', '1.00', '1.00', '0.00', '0.00', '', 1, '2.00', '0.00'),
('ROB2', 'BOTRAN 12', 'RONNN', 'ML', '', '750.00', '-0.12', '2.00', '0.00', '288.79', '288.79', '16.00', '0.00', '', 1, '2.12', '-0.12'),
('ROB8', 'BACARDI 8', 'RONNN', 'ML', '', '700.00', '0.00', '2.00', '0.00', '284.48', '284.48', '16.00', '0.00', '', 1, '2.00', '0.00'),
('ROBA', 'BACARDI AÑEJO', 'RONNN', 'ML', '', '750.00', '0.00', '3.00', '0.00', '88.70', '88.70', '0.00', '0.00', '', 1, '3.14', '-0.14'),
('ROBB', 'BACARDI BLANCO', 'RONNN', 'ML', '', '750.00', '-1.45', '12.00', '0.00', '99.13', '99.13', '16.00', '0.00', '', 1, '11.40', '0.60'),
('ROBG', 'BACARDI 10 GRAN RES', 'RONNN', 'ML', '', '750.00', '-0.12', '2.00', '0.00', '383.62', '383.62', '16.00', '0.00', '', 1, '2.00', '0.00'),
('ROBM', 'BACARDI GRAN RESERVA', 'RONNN', 'ML', '', '3000.00', '0.00', '2.00', '0.00', '557.18', '557.18', '0.00', '0.00', '', 1, '2.00', '0.00'),
('ROBV', 'BOTRAN SOLERA G.RES', 'BAJB', 'ML', '', '750.00', '0.00', '0.00', '0.00', '530.17', '530.17', '16.00', '0.00', '', 1, NULL, NULL),
('ROCB', 'CAPT.MORGAN BLACK', 'BAJB', 'mL', '', '750.00', '0.00', '0.00', '0.00', '172.79', '172.79', '0.00', '0.00', '', 1, NULL, NULL),
('ROCM', 'CAPT.MORGAN ORIGINAL', 'RONNN', 'ML', '', '750.00', '0.56', '4.00', '0.00', '85.34', '85.34', '16.00', '0.00', '', 1, '4.15', '-0.15'),
('ROCW', 'CAPT.MORGAN WHITE', 'RONNN', 'ML', '', '750.00', '0.00', '3.00', '0.00', '112.07', '112.07', '16.00', '0.00', '', 1, '3.14', '-0.14'),
('ROF1', 'FLOR CA¥A 12 A¥OS', 'BAJB', 'NM', '', '750.00', '0.00', '0.00', '0.00', '425.00', '425.00', '16.00', '0.00', '', 1, NULL, NULL),
('ROF5', 'FLOR CA¥A 5 A¥OS', 'BAJB', 'ML', '', '750.00', '0.00', '0.00', '0.00', '1.00', '1.00', '0.00', '0.00', '', 1, NULL, NULL),
('ROF7', 'FLOR CA¥A 7 A¥OS', 'RONNN', 'ML', '', '750.00', '0.48', '3.00', '0.00', '218.10', '218.10', '16.00', '0.00', '', 1, '3.40', '-0.40'),
('ROF8', 'FLOR DE CANA 18', 'RONNN', 'ML', '', '700.00', '0.00', '10.00', '0.00', '1.00', '1.00', '0.00', '0.00', '', 1, NULL, NULL),
('ROH3', 'HAVANA 3 A¥OS A¥EJO ESP.', 'RONNN', 'ML', '', '750.00', '-2.48', '6.00', '0.00', '106.88', '106.88', '16.00', '0.00', '', 1, '0.17', '5.83'),
('ROH7', 'HAVANA 7 A¥OS', 'RONNN', 'ML', '', '750.00', '0.23', '8.00', '0.00', '237.05', '237.05', '16.00', '0.00', '', 1, '8.10', '-0.10'),
('ROHB', 'HAVANA BARREL PROFF', 'BAJB', 'ML', '', '750.00', '0.00', '0.00', '0.00', '1.00', '1.00', '0.00', '0.00', '', 1, NULL, NULL),
('ROHC', 'HAVANA BLANCO', 'RONNN', 'ML', '', '750.00', '5.00', '6.00', '0.00', '103.44', '103.44', '16.00', '0.00', '', 1, '5.17', '0.83'),
('ROHG', 'HAVANA GRAN RESERVA', 'BAJB', 'ML', '', '750.00', '0.00', '0.00', '0.00', '1.00', '1.00', '0.00', '0.00', '', 1, NULL, NULL),
('ROHM', 'HAVANA SELC.MAESTROS', 'BAJB', 'ML', '', '750.00', '0.00', '0.00', '0.00', '650.86', '650.86', '16.00', '0.00', '', 1, NULL, NULL),
('ROHR', 'HAVANA RESERVA', 'BAJB', 'ML', '', '750.00', '0.00', '0.00', '0.00', '1.00', '1.00', '0.00', '0.00', '', 1, NULL, NULL),
('ROHS', 'HAVANA SILVER', 'BAJB', 'ML', '', '750.00', '0.00', '0.00', '0.00', '1.00', '1.00', '0.00', '0.00', '', 1, NULL, NULL),
('ROKG', 'KRAKEN GHOST', 'BAJB', 'ML', '', '750.00', '0.00', '0.00', '0.00', '117.33', '117.33', '16.00', '0.00', '', 1, NULL, NULL),
('ROKR', 'KRAKEN BLACK', 'RONNN', 'ML', '', '750.00', '-0.36', '2.00', '0.00', '126.72', '126.72', '16.00', '0.00', '', 1, '2.60', '-0.60'),
('ROM1', 'MATUSALEM G.RES. 18 A¥OS', 'RONNN', 'ML', '', '750.00', '0.00', '0.00', '0.00', '418.49', '418.49', '16.00', '0.00', '', 1, '0.00', '0.00'),
('ROM3', 'MATUSALEM 23', 'BAJB', 'ML', '', '750.00', '0.00', '0.00', '0.00', '863.19', '863.19', '16.00', '0.00', '', 1, NULL, NULL),
('ROMA', 'MALIBU COCO WHITE', 'BAJB', 'ML', '', '750.00', '0.00', '0.00', '0.00', '136.21', '136.21', '16.00', '0.00', '', 1, NULL, NULL),
('ROMB', 'MALIBU BLACK', 'BAJB', 'ML', '', '750.00', '0.00', '0.00', '0.00', '141.68', '141.68', '0.00', '0.00', '', 1, NULL, NULL),
('ROMC', 'MATUSALEM CLASICO', 'RONNN', 'ML', '', '750.00', '0.44', '8.00', '0.00', '150.85', '150.85', '16.00', '0.00', '', 1, '8.90', '-0.90'),
('ROMG', 'MATUSALEM GRAN RESERVA', 'RONNN', 'ML', '', '750.00', '0.52', '6.00', '0.00', '231.03', '231.03', '16.00', '0.00', '', 1, '6.17', '-0.17'),
('ROMP', 'MATUSALEM PLATINO', 'RONNN', 'ML', '', '750.00', '1.04', '6.00', '0.00', '132.75', '132.75', '16.00', '0.00', '', 1, '7.60', '-1.60'),
('ROST', 'SANTA TERESA 1796', 'RONNN', 'ML', '', '750.00', '0.00', '2.00', '0.00', '94.78', '94.78', '0.00', '0.00', '', 1, '2.00', '0.00'),
('ROZ2', 'ZACAPA 23 A¥OS', 'RONNN', 'ML', '', '750.00', '-1.72', '4.00', '0.00', '646.55', '646.55', '16.00', '0.00', '', 1, '3.00', '1.00'),
('ROZA', 'ZACAPA 15', 'BAJB', 'ML', '', '750.00', '0.00', '0.00', '0.00', '1.00', '1.00', '0.00', '0.00', '', 1, NULL, NULL),
('ROZM', 'ZACAPA AMBER', 'RONNN', 'ML', '', '750.00', '-0.48', '4.00', '0.00', '523.32', '523.32', '16.00', '0.00', '', 1, '3.00', '1.00'),
('ROZX', 'ZACAPA XO', 'BAJB', 'ML', '', '750.00', '0.00', '0.00', '0.00', '1612.07', '1612.07', '16.00', '0.00', '', 1, NULL, NULL),
('SCDR', 'MANZANITA', 'BEBID', 'PZ', '', '1.00', '96.00', '96.00', '0.00', '8.42', '8.42', '16.00', '0.00', '', 1, '2.18', '93.82'),
('SOAE', 'GARRAFON DE AGUA', 'BEBID', 'PZ', '', '19000.00', '8.00', '10.00', '0.00', '27.00', '27.00', '0.00', '0.00', '', 1, '0.00', '10.00'),
('SOCC', 'COCA COLA CLASICA', 'BEBID', 'PZ', '', '1.00', '360.00', '480.00', '0.00', '9.93', '9.93', '16.00', '0.00', '', 1, '15.14', '464.86'),
('SOCL', 'COCA LIGTH', 'BEBID', 'PZ', '', '1.00', '24.00', '96.00', '0.00', '9.93', '9.93', '16.00', '0.00', '', 1, '1.00', '95.00'),
('SOCM', 'COCACOLA MINI', 'BEBID', 'PZ', '', '1.00', '456.00', '360.00', '0.00', '7.44', '7.44', '16.00', '0.00', '', 1, '12.00', '348.00'),
('SODC', 'COCA SIN AZUCAR', 'BEBID', 'PZ', '', '1.00', '0.00', '72.00', '0.00', '4.57', '4.57', '0.00', '0.00', '', 1, '0.13', '71.87'),
('SODE', 'DELAWARE', 'BEBID', 'PZ', '', '1.00', '0.00', '24.00', '0.00', '1.00', '1.00', '0.00', '0.00', '', 1, '0.22', '23.78'),
('SOFR', 'FRESCA', 'BEBID', 'PZ', '', '1.00', '192.00', '144.00', '0.00', '8.42', '8.42', '16.00', '0.00', '', 1, '4.90', '139.10'),
('SOGL', 'GINGER', 'BEBID', 'PZ', '', '1.00', '27.00', '72.00', '0.00', '5.28', '5.28', '16.00', '0.00', '', 1, '0.12', '71.88'),
('SOQQ', 'COCA COLA LIGTH MINI', 'BEBID', 'PZ', '', '1.00', '0.00', '72.00', '0.00', '60.35', '60.35', '0.00', '0.00', '', 1, '1.10', '70.90'),
('SORR', 'COCA COLA ZERO MINI', 'BEBID', 'PZ', '', '1.00', '0.00', '24.00', '0.00', '60.35', '60.35', '0.00', '0.00', '', 1, '0.14', '23.86'),
('SOSL', 'FANTA', 'BEBID', 'PZ', '', '1.00', '24.00', '48.00', '0.00', '8.42', '8.42', '16.00', '0.00', '', 1, '1.00', '47.00'),
('SOSP', 'SPRITE', 'BEBID', 'PZ', '', '1.00', '24.00', '72.00', '0.00', '8.42', '8.42', '16.00', '0.00', '', 1, '1.20', '70.80'),
('SOSQ', 'SPRITE ZERO', 'BEBID', 'PZ', '', '1.00', '0.00', '48.00', '0.00', '3.42', '3.42', '0.00', '0.00', '', 1, '0.18', '47.82'),
('SRR!', 'SR ACEITE DE AJO', 'PRODU', 'GR', '', '1000.00', '-0.53', '10.00', '0.00', '141.38', '141.38', '0.00', '0.00', '', 1, NULL, NULL),
('SRR\"', 'SR ADEREZO CESAR', 'PRODU', 'GR', '', '1000.00', '0.00', '10.00', '0.00', '116.87', '116.87', '0.00', '0.00', '', 1, NULL, NULL),
('SRR#', 'SR ADEREZO DULCE', 'PRODU', 'GR', '', '1000.00', '-0.48', '10.00', '0.00', '137.57', '137.57', '0.00', '0.00', '', 1, NULL, NULL),
('SRR$', 'SR ADEREZO MARACUYA', 'PRODU', 'GR', '', '1000.00', '-0.30', '10.00', '0.00', '68.37', '68.37', '0.00', '0.00', '', 1, '150.00', '-140.00'),
('SRR%', 'SR ADEREZO TOUGURTH', 'PRODU', 'GR', '', '1000.00', '-0.30', '10.00', '0.00', '64.81', '64.81', '0.00', '0.00', '', 1, NULL, NULL),
('SRR&', 'SR ADOBO', 'PRODU', 'ML', '', '1000.00', '-0.69', '10.00', '0.00', '91.14', '91.14', '0.00', '0.00', '', 1, '1000.00', '-990.00'),
('SRR(', 'SR AD MAYO CHIPOTLES', 'PRODU', 'GR', '', '1350.00', '-1.19', '10.00', '0.00', '27.31', '27.31', '0.00', '0.00', '', 1, NULL, NULL),
('SRR)', 'SR AGUACHILE MANGO HABANE', 'PRODU', 'GR', '', '1000.00', '-2.40', '10.00', '0.00', '29.98', '29.98', '0.00', '0.00', '', 1, NULL, NULL),
('SRR-', 'SR AGUACHILE NEGRO', 'PRODU', 'GR', '', '1400.00', '0.00', '10.00', '0.00', '62.43', '62.43', '0.00', '0.00', '', 1, '1200.00', '-1190.00'),
('SRR.', 'SR AGUACHILE VERDE', 'PRODU', 'GR', '', '400.00', '-8.40', '10.00', '0.00', '13.50', '13.50', '0.00', '0.00', '', 1, NULL, NULL),
('SRR0', 'SR AJILLO', 'PRODU', 'ML', '', '1000.00', '-0.19', '10.00', '0.00', '69.63', '69.63', '0.00', '0.00', '', 1, NULL, NULL),
('SRR1', 'SR AJO FRITO', 'PRODU', 'GR', '', '200.00', '-0.37', '10.00', '0.00', '42.20', '42.20', '0.00', '0.00', '', 1, '10.00', '0.00'),
('SRR2', 'SR ALIOLI', 'PRODU', 'GR', '', '400.00', '-0.25', '10.00', '0.00', '25.59', '25.59', '0.00', '0.00', '', 1, NULL, NULL),
('SRR3', 'SR ARROZ CON LECHE', 'PRODU', 'GR', '', '1500.00', '0.00', '10.00', '0.00', '57.47', '57.47', '0.00', '0.00', '', 1, '4000.00', '-3990.00'),
('SRR4', 'SR ARROZ ROJO', 'PRODU', 'GR', '', '2000.00', '-1.12', '10.00', '0.00', '109.35', '109.35', '0.00', '0.00', '', 1, '2000.00', '-1990.00'),
('SRR5', 'SR CREMA DE CHIPOTLE', 'PRODU', 'ML', '', '700.00', '-2.70', '10.00', '0.00', '25.98', '25.98', '0.00', '0.00', '', 1, '900.00', '-890.00'),
('SRR6', 'SR CALDILLO FRIJOL NEGRO', 'PRODU', 'GR', '', '1000.00', '-0.54', '10.00', '0.00', '66.92', '66.92', '0.00', '0.00', '', 1, '950.00', '-940.00'),
('SRR7', 'SR CALDO DE POLLO', 'PRODU', 'ML', '', '1000.00', '0.00', '10.00', '0.00', '57.34', '57.34', '0.00', '0.00', '', 1, NULL, NULL),
('SRR8', 'SR CARNE HAMBURGUESA', 'PRODU', 'GR', '', '1000.00', '-6.25', '10.00', '0.00', '110.23', '110.23', '0.00', '0.00', '', 1, '3250.00', '-3240.00'),
('SRR9', 'SR CARNITAS PULQUE', 'PRODU', 'GR', '', '5500.00', '-0.23', '10.00', '0.00', '1198.20', '1198.20', '0.00', '0.00', '', 1, '1500.00', '-1490.00'),
('SRR:', 'SR CEBOLLAS CAJUN LIMO', 'PRODU', 'GR', '', '150.00', '-5.47', '10.00', '0.00', '86.09', '86.09', '0.00', '0.00', '', 1, NULL, NULL),
('SRR;', 'SR CEBOLLAS ENCURTIDAS', 'PRODU', 'GR', '', '1000.00', '-0.83', '10.00', '0.00', '45.58', '45.58', '0.00', '0.00', '', 1, '800.00', '-790.00'),
('SRR<', 'SR CHICHARRON PRENSADO', 'PRODU', 'GR', '', '600.00', '-4.60', '10.00', '0.00', '63.14', '63.14', '0.00', '0.00', '', 1, '2600.00', '-2590.00'),
('SRR>', 'SR CHILE/CEBOLLA TOREADOS', 'PRODU', 'GR', '', '1500.00', '-0.12', '10.00', '0.00', '19.96', '19.96', '0.00', '0.00', '', 1, NULL, NULL),
('SRRA', 'SR CHILES EN VINAGRE', 'PRODU', 'GR', '', '4000.00', '-0.22', '10.00', '0.00', '147.09', '147.09', '0.00', '0.00', '', 1, '3000.00', '-2990.00'),
('SRRB', 'SR CHIMICHURRI', 'PRODU', 'GR', '', '700.00', '-0.17', '10.00', '0.00', '39.43', '39.43', '0.00', '0.00', '', 1, '500.00', '-490.00'),
('SRRC', 'SR CHOCOLATE CALIENTE', 'PRODU', 'ML', '', '1000.00', '-0.20', '10.00', '0.00', '36.44', '36.44', '0.00', '0.00', '', 1, '0.00', '10.00'),
('SRRD', 'SR PIE QUESO GUAYABA', 'PRODU', 'GR', '', '7.00', '0.00', '10.00', '0.00', '93.42', '93.42', '0.00', '0.00', '', 1, NULL, NULL),
('SRRE', 'SR CREMA MASCARPONE', 'PRODU', 'GR', '', '900.00', '0.00', '10.00', '0.00', '130.68', '130.68', '0.00', '0.00', '', 1, NULL, NULL),
('SRRF', 'SR CREME BRULEE', 'PRODU', 'PZ', '', '3000.00', '0.00', '10.00', '0.00', '80.95', '80.95', '0.00', '0.00', '', 1, NULL, NULL),
('SRRG', 'SR CREMOSO AGUACATE', 'PRODU', 'GR', '', '1350.00', '-3.22', '10.00', '0.00', '70.95', '70.95', '0.00', '0.00', '', 1, '900.00', '-890.00'),
('SRRH', 'SR ENSALADA DE NOPAL', 'PRODU', 'GR', '', '1000.00', '-1.07', '10.00', '0.00', '182.98', '182.98', '0.00', '0.00', '', 1, '200.00', '-190.00'),
('SRRI', 'SR FIDEO SECO', 'PRODU', 'GR', '', '1000.00', '-1.75', '10.00', '0.00', '45.12', '45.12', '0.00', '0.00', '', 1, '800.00', '-790.00'),
('SRRJ', 'SR FLAN', 'PRODU', 'GR', '', '12.00', '-0.41', '10.00', '0.00', '114.55', '114.55', '0.00', '0.00', '', 1, '200.00', '-190.00'),
('SRRK', 'SR FRIJOLES DE OLLA', 'PRODU', 'GR', '', '2000.00', '-0.74', '10.00', '0.00', '37.30', '37.30', '0.00', '0.00', '', 1, '2300.00', '-2290.00'),
('SRRL', 'SR FRIJOLES MANEADOS', 'PRODU', 'GR', '', '10000.00', '-0.23', '10.00', '0.00', '561.07', '561.07', '0.00', '0.00', '', 1, '1500.00', '-1490.00'),
('SRRM', 'SR FRIJOLES REFRITOS', 'PRODU', 'GR', '', '2000.00', '-2.62', '10.00', '0.00', '44.01', '44.01', '0.00', '0.00', '', 1, '2000.00', '-1990.00'),
('SRRN', 'SR GALLETA BASE', 'PRODU', 'GR', '', '320.00', '0.00', '10.00', '0.00', '28.95', '28.95', '0.00', '0.00', '', 1, NULL, NULL),
('SRRO', 'SR GANACHE CHOCOLATE', 'PRODU', 'GR', '', '600.00', '-0.45', '10.00', '0.00', '71.91', '71.91', '0.00', '0.00', '', 1, '200.00', '-190.00'),
('SRRP', 'SR GUACAMOLE', 'PRODU', 'GR', '', '1200.00', '-11.30', '10.00', '0.00', '54.29', '54.29', '0.00', '0.00', '', 1, '500.00', '-490.00'),
('SRRQ', 'SR HUITLACOCHE', 'PRODU', 'GR', '', '1200.00', '-0.44', '10.00', '0.00', '41.39', '41.39', '0.00', '0.00', '', 1, '1000.00', '-990.00'),
('SRRR', 'SR JARABE 3 LECHES', 'PRODU', 'GR', '', '5000.00', '0.00', '10.00', '0.00', '199.78', '199.78', '0.00', '0.00', '', 1, NULL, NULL),
('SRRS', 'SR JUGO DE CARNE', 'PRODU', 'ML', '', '1500.00', '-0.74', '10.00', '0.00', '137.90', '137.90', '0.00', '0.00', '', 1, '4000.00', '-3990.00'),
('SRRT', 'SR JUGO DE LIMON', 'PRODU', 'ML', '', '400.00', '-2.87', '10.00', '0.00', '18.00', '18.00', '0.00', '0.00', '', 1, '2000.00', '-1990.00'),
('SRRU', 'SR JUGO DE NARANJA', 'PRODU', 'ML', '', '1000.00', '0.00', '10.00', '0.00', '13.75', '13.75', '0.00', '0.00', '', 1, NULL, NULL),
('SRRV', 'SR LECHON FIDEO', 'PRODU', 'GR', '', '1000.00', '-0.50', '10.00', '0.00', '167.45', '167.45', '0.00', '0.00', '', 1, NULL, NULL),
('SRRW', 'SR LECHUGAS MIXTAS', 'PRODU', 'GR', '', '1000.00', '-1.13', '10.00', '0.00', '27.50', '27.50', '0.00', '0.00', '', 1, '100.00', '-90.00'),
('SRRX', 'SR MAYONESA HABANERO', 'PRODU', 'GR', '', '1000.00', '-0.48', '10.00', '0.00', '32.02', '32.02', '0.00', '0.00', '', 1, '900.00', '-890.00'),
('SRRY', 'SR MOLE POBLANO', 'PRODU', 'GR', '', '1000.00', '-1.70', '10.00', '0.00', '107.52', '107.52', '0.00', '0.00', '', 1, '1500.00', '-1490.00'),
('SRRZ', 'SR MOLTEN ABUELITA', 'PRODU', 'PZ', '', '9.00', '-1.00', '10.00', '0.00', '85.33', '85.33', '0.00', '0.00', '', 1, '300.00', '-290.00'),
('SRR[', 'SR MOUSSE ROMPOPE', 'PRODU', 'PZ', '', '4000.00', '0.00', '10.00', '0.00', '109.20', '109.20', '0.00', '0.00', '', 1, NULL, NULL),
('SRR]', 'SR MONOS DE COCO', 'PRODU', 'GR', '', '230.00', '-0.44', '10.00', '0.00', '68.48', '68.48', '0.00', '0.00', '', 1, '10.00', '0.00'),
('SRR_', 'SR PAN DE HAMBURGUESA', 'PRODU', 'PZ', '', '6.00', '-4.18', '10.00', '0.00', '19.25', '19.25', '0.00', '0.00', '', 1, '1.00', '9.00'),
('SRRa', 'SR PICO DE AGUACATE', 'PRODU', 'GR', '', '850.00', '-4.74', '10.00', '0.00', '66.79', '66.79', '0.00', '0.00', '', 1, '400.00', '-390.00'),
('SRRb', 'SR PICO DE MANG0/FRAMBUES', 'PRODU', 'GR', '', '300.00', '-0.10', '10.00', '0.00', '10.81', '10.81', '0.00', '0.00', '', 1, NULL, NULL),
('SRRc', 'SR PIERNA HORNO', 'PRODU', 'GR', '', '7000.00', '-0.29', '10.00', '0.00', '925.04', '925.04', '0.00', '0.00', '', 1, '1300.00', '-1290.00'),
('SRRd', 'SR PIPIAN ROJO', 'PRODU', 'GR', '', '1500.00', '-0.34', '10.00', '0.00', '74.67', '74.67', '0.00', '0.00', '', 1, '1000.00', '-990.00'),
('SRRe', 'SR PIPIAN VERDE', 'PRODU', 'GR', '', '2500.00', '-0.20', '10.00', '0.00', '85.05', '85.05', '0.00', '0.00', '', 1, '1000.00', '-990.00'),
('SRRf', 'SR PULPO COCIDO', 'PRODU', 'GR', '', '500.00', '-0.40', '10.00', '0.00', '235.98', '235.98', '0.00', '0.00', '', 1, '500.00', '-490.00'),
('SRRg', 'SR RAJAS POBLANAS', 'PRODU', 'GR', '', '1000.00', '-0.30', '10.00', '0.00', '45.77', '45.77', '0.00', '0.00', '', 1, '1500.00', '-1490.00'),
('SRRh', 'SR SALSA CERVEZA', 'PRODU', 'ML', '', '2200.00', '-1.25', '10.00', '0.00', '96.60', '96.60', '0.00', '0.00', '', 1, '1500.00', '-1490.00'),
('SRRi', 'SR SALSA DULCE DE LECHE', 'PRODU', 'ML', '', '500.00', '-0.20', '10.00', '0.00', '55.07', '55.07', '0.00', '0.00', '', 1, NULL, NULL),
('SRRj', 'SR SALSA DE ROMPOPE', 'PRODU', 'ML', '', '760.00', '0.00', '10.00', '0.00', '57.55', '57.55', '0.00', '0.00', '', 1, NULL, NULL),
('SRRk', 'SR SALSA MACHA', 'PRODU', 'GR', '', '300.00', '-0.14', '10.00', '0.00', '26.05', '26.05', '0.00', '0.00', '', 1, '100.00', '-90.00'),
('SRRl', 'SR SALSA MORITA', 'PRODU', 'GR', '', '1000.00', '-0.40', '10.00', '0.00', '27.51', '27.51', '0.00', '0.00', '', 1, '400.00', '-390.00'),
('SRRm', 'SR SALSA NEGRA', 'PRODU', 'ML', '', '2000.00', '-0.37', '10.00', '0.00', '153.44', '153.44', '0.00', '0.00', '', 1, '300.00', '-290.00'),
('SRRn', 'SR SALSA ORIENTAL', 'PRODU', 'ML', '', '700.00', '-0.14', '10.00', '0.00', '84.27', '84.27', '0.00', '0.00', '', 1, '100.00', '-90.00'),
('SRRo', 'SR SALSA PONZU', 'PRODU', 'ML', '', '1000.00', '-0.60', '10.00', '0.00', '69.17', '69.17', '0.00', '0.00', '', 1, '400.00', '-390.00'),
('SRRp', 'SR SALSA ROJA', 'PRODU', 'GR', '', '2500.00', '-1.06', '10.00', '0.00', '35.63', '35.63', '0.00', '0.00', '', 1, '1000.00', '-990.00'),
('SRRq', 'SR SALSA TAQUERA', 'PRODU', 'ML', '', '2000.00', '-0.38', '10.00', '0.00', '56.11', '56.11', '0.00', '0.00', '', 1, '1500.00', '-1490.00'),
('SRRr', 'SR SALSA VENENO', 'PRODU', 'ML', '', '1000.00', '-1.45', '10.00', '0.00', '101.34', '101.34', '0.00', '0.00', '', 1, '900.00', '-890.00'),
('SRRs', 'SR SALSA VERDE', 'PRODU', 'GR', '', '1500.00', '-1.95', '10.00', '0.00', '34.52', '34.52', '0.00', '0.00', '', 1, '7000.00', '-6990.00'),
('SRRt', 'SR SALSA VERDE HABANERO', 'PRODU', 'GR', '', '5000.00', '-0.05', '10.00', '0.00', '283.68', '283.68', '0.00', '0.00', '', 1, '4000.00', '-3990.00'),
('SRRu', 'SR SALSA VERDE AGUACATE', 'PRODU', 'GR', '', '800.00', '-0.12', '10.00', '0.00', '20.60', '20.60', '0.00', '0.00', '', 1, NULL, NULL),
('SRRv', 'SR SALSA VILLAMELON', 'PRODU', 'ML', '', '600.00', '-0.66', '10.00', '0.00', '24.33', '24.33', '0.00', '0.00', '', 1, '700.00', '-690.00'),
('SRRw', 'SR SHORT RIB', 'PRODU', 'GR', '', '650.00', '-2.24', '10.00', '0.00', '193.52', '193.52', '0.00', '0.00', '', 1, '2100.00', '-2090.00'),
('SRRx', 'SR SOLETA', 'PRODU', 'GR', '', '200.00', '0.00', '10.00', '0.00', '11.04', '11.04', '0.00', '0.00', '', 1, NULL, NULL),
('SRRy', 'SR SOPA DE TORTILLA', 'PRODU', 'ML', '', '1500.00', '-2.80', '10.00', '0.00', '45.89', '45.89', '0.00', '0.00', '', 1, '4000.00', '-3990.00'),
('SRRz', 'SR SPAGUETTI BLANCO', 'PRODU', 'GR', '', '1000.00', '-1.00', '10.00', '0.00', '4.65', '4.65', '0.00', '0.00', '', 1, NULL, NULL),
('SRR{', 'SR SPAGUETTO COCIDO', 'PRODU', 'GR', '', '1000.00', '0.00', '10.00', '0.00', '14.46', '14.46', '0.00', '0.00', '', 1, NULL, NULL),
('SRR|', 'SR SUADERO', 'PRODU', 'GR', '', '800.00', '-6.53', '10.00', '0.00', '164.44', '164.44', '0.00', '0.00', '', 1, '1500.00', '-1490.00'),
('SRR}', 'SR TARTARA JALAPEÑO', 'PRODU', 'GR', '', '800.00', '0.00', '10.00', '0.00', '31.32', '31.32', '0.00', '0.00', '', 1, '700.00', '-690.00'),
('SRS1', 'SR ADEREZO CESAR', 'PRODU', '', '', '200.00', '0.00', '0.00', '0.00', '14.80', '14.80', '0.00', '0.00', '', 1, NULL, NULL),
('SRS2', 'SR ADEREZO YOUGURTH', 'PRODU', '', '', '1500.00', '0.00', '0.00', '0.00', '120.00', '120.00', '0.00', '0.00', '', 1, '720.00', '-720.00'),
('SRS3', 'SR ADEREZO MARACUYA', 'PRODU', '', '', '2000.00', '0.00', '0.00', '0.00', '107.26', '107.26', '0.00', '0.00', '', 1, '500.00', '-500.00'),
('SRS4', 'SR ADEREZO DULCE', 'PRODU', '', '', '400.00', '0.00', '0.00', '0.00', '52.70', '52.70', '0.00', '0.00', '', 1, NULL, NULL),
('SRS5', 'SR BASE CALDO QUESO', 'PRODU', '', '', '12000.00', '0.00', '0.00', '0.00', '672.12', '672.12', '0.00', '0.00', '', 1, '1000.00', '-1000.00'),
('SRS6', 'SR ACEITE DE AJO', 'PRODU', '', '', '1000.00', '0.00', '0.00', '0.00', '73.88', '73.88', '0.00', '0.00', '', 1, '100.00', '-100.00'),
('STAC', 'STA HELENA CHARDONAY', 'VINOS', '75', '', '750.00', '0.00', '10.00', '0.00', '211.21', '211.21', '0.00', '0.00', '', 1, NULL, NULL),
('TE10', '100 A¥OS REP.VERDE 750 ML', 'BAJB', 'ML', '', '750.00', '0.00', '0.00', '0.00', '120.00', '120.00', '0.00', '0.00', '', 1, NULL, NULL),
('TE18', '1800 A¥EJO', 'TEQUI', 'ML', '', '700.00', '0.19', '4.00', '0.00', '369.81', '369.81', '16.00', '0.00', '', 1, '3.12', '0.88'),
('TE1B', '1800 BLANCO', 'TEQUI', 'ML', '', '700.00', '0.00', '4.00', '0.00', '268.62', '268.62', '16.00', '0.00', '', 1, '4.30', '-0.30'),
('TE1C', '1800 CRISTALINO', 'TEQUI', 'ML', '', '700.00', '-0.21', '4.00', '0.00', '441.37', '441.37', '16.00', '0.00', '', 1, '4.14', '-0.14'),
('TE1R', '1800 REPOSADO', 'TEQUI', 'ML', '', '700.00', '-0.72', '4.00', '0.00', '275.85', '275.85', '16.00', '0.00', '', 1, '4.30', '-0.30'),
('TE3A', '3 GEN.PLATA', 'TEQUI', 'ML', '', '750.00', '0.00', '1.00', '0.00', '448.19', '448.19', '16.00', '0.00', '', 1, '0.14', '0.86'),
('TE3G', '3 GEN.REPOSADO', 'TEQUI', 'ML', '', '750.00', '0.00', '2.00', '0.00', '510.00', '510.00', '16.00', '0.00', '', 1, '2.00', '0.00'),
('TEAC', 'CENTENARIO AZUL', 'BAJB', 'ML', '', '750.00', '0.00', '0.00', '0.00', '159.70', '159.70', '16.00', '0.00', '', 1, NULL, NULL),
('TEAN', 'HERRAD.ANT.REP', 'TEQUI', 'ML', '', '750.00', '0.00', '3.00', '0.00', '206.44', '206.44', '16.00', '0.00', '', 1, '3.30', '-0.30'),
('TEAP', 'ALTOS PLATA', 'BAJB', 'ML', '', '750.00', '0.00', '0.00', '0.00', '1.00', '1.00', '16.00', '0.00', '', 1, NULL, NULL),
('TEAR', 'ALTOS REPOSADO', 'BAJB', 'ML', '', '750.00', '0.00', '0.00', '0.00', '290.73', '290.73', '16.00', '0.00', '', 1, NULL, NULL),
('TEAZ', 'CAZADORES CRISTALINO', 'TEQUI', 'ML', '', '750.00', '-0.28', '2.00', '0.00', '276.52', '276.52', '0.00', '0.00', '', 1, '2.14', '-0.14'),
('TEBL', 'CAZADORES BCO. LT.', 'BAJB', 'ML', '', '950.00', '0.00', '0.00', '0.00', '173.04', '173.04', '0.00', '0.00', '', 1, NULL, NULL),
('TECA', 'CAZADORES REP. 750', 'BAJB', 'ML', '', '750.00', '0.00', '0.00', '0.00', '427.01', '427.01', '0.00', '0.00', '', 1, NULL, NULL),
('TECC', 'CAZADORES CRIS. 750', 'TEQUI', 'ML', '', '3000.00', '0.00', '2.00', '0.00', '763.47', '763.47', '0.00', '0.00', '', 1, '2.14', '-0.14'),
('TECE', 'CENTENARIO REP.', 'TEQUI', 'ML', '', '700.00', '0.00', '2.00', '0.00', '147.64', '147.64', '16.00', '0.00', '', 1, '2.00', '0.00'),
('TECJ', 'DON JULIO REP.CLARO', 'TEQUI', 'ML', '', '999.99', '1.00', '4.00', '0.00', '434.61', '434.61', '16.00', '0.00', '', 1, '0.00', '4.00'),
('TECL', 'TRADICIONAL CRISTALINO', 'TEQUI', 'ML', '', '695.00', '-0.99', '3.00', '0.00', '404.56', '404.56', '16.00', '0.00', '', 1, '3.14', '-0.14'),
('TECM', 'CENTENARIO AÑEJO', 'TEQUI', 'ML', '', '700.00', '0.00', '2.00', '0.00', '427.01', '427.01', '0.00', '0.00', '', 1, '2.60', '-0.60'),
('TECP', 'CENTENARIO PLATA', 'TEQUI', 'ML', '', '700.00', '0.00', '2.00', '0.00', '190.00', '190.00', '16.00', '0.00', '', 1, '2.00', '0.00'),
('TECR', 'TRADICIONAL', 'TEQUI', 'ML', '', '695.00', '-0.14', '12.00', '0.00', '181.03', '181.03', '16.00', '0.00', '', 1, '10.20', '1.80'),
('TECS', 'CUERVO ESPECIAL REP', 'TEQUI', 'ML', '', '990.00', '1.00', '4.00', '0.00', '103.01', '103.01', '16.00', '0.00', '', 1, '4.60', '-0.60'),
('TECT', 'CENTENARIO REP', 'TEQUI', 'ML', '', '940.00', '0.00', '2.00', '0.00', '160.87', '160.87', '0.00', '0.00', '', 1, '2.00', '0.00'),
('TEC¥', 'CENTENARIO A¥EJO', 'TEQUI', 'ML', '', '750.00', '0.00', '2.00', '0.00', '386.55', '386.55', '16.00', '0.00', '', 1, NULL, NULL),
('TED1', 'DON JULIO 70', 'TEQUI', 'ML', '', '750.00', '0.60', '12.00', '0.00', '435.33', '435.33', '16.00', '0.00', '', 1, '11.12', '0.88'),
('TED4', 'DON JULIO REP.CLARO', 'TEQUI', 'ML', '', '750.00', '0.88', '4.00', '0.00', '434.61', '434.61', '16.00', '0.00', '', 1, '4.90', '-0.90'),
('TEDB', 'DON JULIO BLANCO', 'TEQUI', 'ML', '', '750.00', '3.52', '4.00', '0.00', '262.93', '262.93', '16.00', '0.00', '', 1, '3.12', '0.88'),
('TEDJ', 'DON JULIO REP.', 'TEQUI', 'ML', '', '750.00', '-0.52', '4.00', '0.00', '327.57', '327.57', '16.00', '0.00', '', 1, '3.00', '1.00'),
('TEEB', 'ESPOLON BCO', 'TEQUI', 'ML', '', '750.00', '0.00', '1.00', '0.00', '208.02', '208.02', '16.00', '0.00', '', 1, '1.10', '-0.10'),
('TEEC', 'ESPOLON COLORADO', 'TEQUI', 'ML', '', '750.00', '0.00', '1.00', '0.00', '268.62', '268.62', '16.00', '0.00', '', 1, '1.12', '-0.12');
INSERT INTO `productos` (`codingre`, `descrip`, `familia`, `unidad`, `empaque`, `equivale`, `inventa1`, `stockmax`, `stockmin`, `ultcosto`, `costoprome`, `impuesto`, `pedido`, `status`, `redondeo`, `inventaFisico`, `diferencia`) VALUES
('TEEM', 'ESPOLON MARANON', 'TEQUI', 'ML', '', '750.00', '0.00', '1.00', '0.00', '343.97', '343.97', '16.00', '0.00', '', 1, '3.30', '-2.30'),
('TEHA', 'HERRAD.A¥EJO TEQ', 'BAJB', 'ML', '', '750.00', '0.00', '0.00', '0.00', '394.83', '394.83', '16.00', '0.00', '', 1, NULL, NULL),
('TEHB', 'HERRAD.BCO', 'TEQUI', 'ML', '', '950.00', '0.53', '2.00', '0.00', '284.47', '284.47', '16.00', '0.00', '', 1, '2.60', '-0.60'),
('TEHJ', 'HERRAD.ANT.CRISTALINO', 'TEQUI', 'ML', '', '700.00', '0.00', '1.00', '0.00', '0.00', '0.00', '0.00', '0.00', '', 1, '0.00', '1.00'),
('TEHL', 'HACIENDA BLACK', 'BAJB', 'ML', '', '750.00', '0.00', '0.00', '0.00', '100.00', '100.00', '0.00', '0.00', '', 1, NULL, NULL),
('TEHN', 'HORNITOS BLACK BARREL', 'TEQUI', 'ML', '', '750.00', '0.00', '3.00', '0.00', '192.46', '192.46', '16.00', '0.00', '', 1, '3.00', '0.00'),
('TEHP', 'HORNITOS PLATA 750 ML.', 'TEQUI', 'ML', '', '750.00', '0.00', '4.00', '0.00', '112.17', '112.17', '0.00', '0.00', '', 1, NULL, NULL),
('TEHR', 'HERRAD.REPOSADO', 'TEQUI', 'ML', '', '950.00', '1.72', '8.00', '0.00', '343.95', '343.95', '16.00', '0.00', '', 1, '8.10', '-0.10'),
('TEHS', 'SAUZA HDA.REP. 700 MLS.', 'BAJB', 'ML', '', '700.00', '0.00', '0.00', '0.00', '107.83', '107.83', '0.00', '0.00', '', 1, NULL, NULL),
('TEHT', 'HERRAD.PLATA', 'TEQUI', 'ML', '', '750.00', '-0.12', '4.00', '0.00', '284.47', '284.47', '16.00', '0.00', '', 1, '4.50', '-0.50'),
('TEHU', 'HERRAD.SEL.SUPREMA', 'BAJB', 'ML', '', '750.00', '0.00', '0.00', '0.00', '2122.44', '2122.44', '16.00', '0.00', '', 1, NULL, NULL),
('TEHX', 'HERRAD.ULTRA', 'TEQUI', 'ML', '', '750.00', '0.00', '2.00', '0.00', '443.97', '443.97', '16.00', '0.00', '', 1, '2.90', '-0.90'),
('TEHZ', 'HERRAD.ANT.BCO', 'BAJB', 'ML', '', '750.00', '0.00', '0.00', '0.00', '145.73', '145.73', '0.00', '0.00', '', 1, NULL, NULL),
('TEH¥', 'HORNITOS A¥EJO 750 ML.', 'BAJB', 'ML', '', '750.00', '0.00', '0.00', '0.00', '173.04', '173.04', '0.00', '0.00', '', 1, NULL, NULL),
('TEJ7', 'JIMADOR REP 700', 'TEQUI', 'ML', '', '700.00', '-0.40', '4.00', '0.00', '108.11', '108.11', '16.00', '0.00', '', 1, '4.00', '0.00'),
('TEJA', 'DON JULIO A¥EJO', 'TEQUI', 'ML', '', '750.00', '0.00', '4.00', '0.00', '422.41', '422.41', '16.00', '0.00', '', 1, '4.00', '0.00'),
('TEJB', 'JIMADOR BCO', 'TEQUI', 'ML', '', '700.00', '0.00', '2.00', '0.00', '90.61', '90.61', '0.00', '0.00', '', 1, '2.00', '0.00'),
('TEJF', 'JIMADOR REP', 'TEQUI', 'ML', '', '700.00', '0.00', '4.00', '0.00', '1.00', '1.00', '0.00', '0.00', '', 1, '4.00', '0.00'),
('TEJI', 'JIMADOR LT.', 'BAJB', 'ML', '', '950.00', '0.00', '0.00', '0.00', '109.53', '109.53', '0.00', '0.00', '', 1, NULL, NULL),
('TEJJ', 'JIMADOR ANEJO', 'BAJB', 'ML', '', '750.00', '0.00', '0.00', '0.00', '214.66', '214.66', '16.00', '0.00', '', 1, NULL, NULL),
('TELA', 'LUNA AZUL', 'TEQUI', 'PZ', '', '355.00', '0.00', '2.00', '0.00', '7.25', '7.25', '0.00', '0.00', '', 1, '2.80', '-0.80'),
('TEMA', 'MAESTRO TEQ.A¥EJO', 'BAJB', 'ML', '', '750.00', '0.00', '0.00', '0.00', '404.31', '404.31', '16.00', '0.00', '', 1, NULL, NULL),
('TEMB', 'MAESTRO TEQ.BCO', 'TEQUI', 'ML', '', '750.00', '-0.12', '4.00', '0.00', '282.74', '282.74', '16.00', '0.00', '', 1, '4.90', '-0.90'),
('TEMD', 'MAESTRO TEQ.DOB.DIAMANTE', 'TEQUI', 'ML', '', '750.00', '0.56', '4.00', '0.00', '430.17', '430.17', '16.00', '0.00', '', 1, '3.00', '1.00'),
('TEME', 'MAESTRO TEQ.REP', 'TEQUI', 'ML', '', '750.00', '0.00', '4.00', '0.00', '217.24', '217.24', '16.00', '0.00', '', 1, '4.80', '-0.80'),
('TEMP', 'MILAGRO PLATA', 'BAJB', 'ML', '', '750.00', '0.00', '0.00', '0.00', '185.34', '185.34', '16.00', '0.00', '', 1, NULL, NULL),
('TEMR', 'MAESTRO TEQ.REPOSADO', 'TEQUI', 'ML', '', '750.00', '0.00', '4.00', '0.00', '390.65', '390.65', '16.00', '0.00', '', 1, '4.80', '-0.80'),
('TEOO', 'ORENDAIN OLLITAS', 'BAJB', 'ML', '', '750.00', '0.00', '0.00', '0.00', '1.00', '1.00', '16.00', '0.00', '', 1, NULL, NULL),
('TEOR', 'ORENDAIN REPOSADO', 'BAJB', 'ML', '', '750.00', '0.00', '0.00', '0.00', '1.00', '1.00', '16.00', '0.00', '', 1, NULL, NULL),
('TEPA', 'PATRON A¥EJO', 'BAJB', 'ML', '', '750.00', '0.00', '0.00', '0.00', '545.80', '545.80', '16.00', '0.00', '', 1, NULL, NULL),
('TEPR', 'PATRON REPOSADO', 'TEQUI', 'ML', '', '750.00', '0.00', '1.00', '0.00', '1.00', '1.00', '0.00', '0.00', '', 1, '1.00', '0.00'),
('TEPS', 'PATRON SILVER', 'TEQUI', 'ML', '', '750.00', '0.88', '2.00', '0.00', '368.95', '368.95', '0.00', '0.00', '', 1, '2.16', '-0.16'),
('TEPX', 'PATRON XO', 'BAJB', 'ML', '', '750.00', '0.00', '0.00', '0.00', '1.00', '1.00', '0.00', '0.00', '', 1, NULL, NULL),
('TERA', 'RESERVA FAMILIA A¥EJO', 'BAJB', 'ML', '', '750.00', '0.00', '0.00', '0.00', '1422.41', '1422.41', '16.00', '0.00', '', 1, NULL, NULL),
('TERB', 'CASA DRAGONES BCO', 'BAJB', 'ML', '', '750.00', '0.00', '0.00', '0.00', '948.28', '948.28', '16.00', '0.00', '', 1, NULL, NULL),
('TERH', 'REAL HACIENDA', 'BAJB', 'ML', '', '750.00', '0.00', '0.00', '0.00', '100.00', '100.00', '0.00', '0.00', '', 1, NULL, NULL),
('TERJ', 'CASA DRAGONES JOVEN', 'BAJB', 'ML', '', '750.00', '0.00', '0.00', '0.00', '1.00', '1.00', '0.00', '0.00', '', 1, NULL, NULL),
('TERR', 'RESERVA FAM.REPOSADO', 'BAJB', 'ML', '', '750.00', '-0.12', '0.00', '0.00', '901.68', '901.68', '16.00', '0.00', '', 1, NULL, NULL),
('TERS', 'RESERVA FAM PLATINO', 'BAJB', 'ML', '', '750.00', '0.00', '0.00', '0.00', '490.52', '490.52', '16.00', '0.00', '', 1, NULL, NULL),
('TESA', 'SUAVE 35 MANDARIN', 'BAJB', 'ML', '', '750.00', '0.00', '0.00', '0.00', '1.00', '1.00', '0.00', '0.00', '', 1, NULL, NULL),
('TESC', 'SUAVE 35 CITRUS', 'BAJB', 'ML', '', '750.00', '0.00', '0.00', '0.00', '1.00', '1.00', '0.00', '0.00', '', 1, NULL, NULL),
('TESH', 'SAUZA HORNITOS', 'BAJB', 'ML', '', '684.00', '0.00', '0.00', '0.00', '117.39', '117.39', '0.00', '0.00', '', 1, NULL, NULL),
('TESM', 'SUAVE 35 MANDARINE TEQ.', 'BAJB', 'ML', '', '1000.00', '0.00', '0.00', '0.00', '155.65', '155.65', '0.00', '0.00', '', 1, NULL, NULL),
('TESU', 'HERRAD.SUAVE', 'BAJB', 'ML', '', '700.00', '0.00', '0.00', '0.00', '112.20', '112.20', '0.00', '0.00', '', 1, NULL, NULL),
('TETB', 'TEZON BCO', 'BAJB', 'ML', '', '750.00', '0.00', '0.00', '0.00', '1.00', '1.00', '0.00', '0.00', '', 1, NULL, NULL),
('TETP', 'TRADICIONAL PLATA', 'TEQUI', 'ML', '', '695.00', '1.96', '2.00', '0.00', '170.68', '170.68', '16.00', '0.00', '', 1, '3.30', '-1.30'),
('TETR', 'TEZON REPOSADO', 'BAJB', 'ML', '', '750.00', '0.00', '0.00', '0.00', '1.00', '1.00', '0.00', '0.00', '', 1, NULL, NULL),
('TEVT', 'VOLCAN DE MI TIERRA', 'TEQUI', 'ML', '', '750.00', '0.00', '2.00', '0.00', '100.00', '100.00', '0.00', '0.00', '', 1, '2.00', '0.00'),
('TEZA', 'CAZADORES A¥EJO 750 ML', 'TEQUI', 'ML', '', '750.00', '1.00', '2.00', '0.00', '506.10', '506.10', '16.00', '0.00', '', 1, '0.00', '2.00'),
('VBAM', 'ASTI MARTI', 'VINOS', 'ML', '', '750.00', '0.00', '10.00', '0.00', '206.90', '206.90', '16.00', '0.00', '', 1, NULL, NULL),
('VBAN', 'ANDRE ESPUMOSO', 'VINOS', 'ML', '', '750.00', '0.00', '10.00', '0.00', '1.00', '1.00', '0.00', '0.00', '', 1, NULL, NULL),
('VBAS', 'ASTI RICADONNA', 'VINOS', 'ML', '', '750.00', '0.00', '10.00', '0.00', '176.07', '176.07', '16.00', '0.00', '', 1, NULL, NULL),
('VBCB', 'CRUZ BLANCA BLANCO 4 LTS.', 'VINOS', 'ML', '', '4000.00', '0.00', '10.00', '0.00', '17.94', '17.94', '0.00', '0.00', '', 1, NULL, NULL),
('VBEC', 'ELENA CHARDONAY', 'VINOS', 'ML', '', '750.00', '0.00', '10.00', '0.00', '1.00', '1.00', '0.00', '0.00', '', 1, NULL, NULL),
('VBGA', 'LA CETTO BLANCO 750 ML', 'VINOS', 'ML', '', '750.00', '0.00', '10.00', '0.00', '64.33', '64.33', '0.00', '0.00', '', 1, NULL, NULL),
('VBKB', 'KORBEL BRUT', 'VINOS', 'ML', '', '750.00', '0.00', '10.00', '0.00', '1.00', '1.00', '0.00', '0.00', '', 1, NULL, NULL),
('VBKO', 'KORBEL SWEET ROSE', 'VINOS', 'ML', '', '750.00', '0.00', '10.00', '0.00', '1.00', '1.00', '0.00', '0.00', '', 1, NULL, NULL),
('VBME', 'MARTINI ESPUMOSO', 'VINOS', 'ML', '', '750.00', '0.00', '10.00', '0.00', '1.00', '1.00', '0.00', '0.00', '', 1, NULL, NULL),
('VEGU', 'VELVET GUANABANA', 'BEBID', 'ML', '', '1.00', '0.00', '12.00', '0.00', '276.81', '276.81', '16.00', '0.00', '', 1, '0.17', '11.83'),
('VELY', 'VELVET LYCHEE', 'BEBID', 'ML', '', '1.00', '0.00', '12.00', '0.00', '1.00', '1.00', '0.00', '0.00', '', 1, '0.15', '11.85'),
('VEMM', 'MOSCATO MEDITERRANEO', 'VINOS', 'ML', '', '750.00', '0.00', '10.00', '0.00', '225.00', '225.00', '16.00', '0.00', '', 1, NULL, NULL),
('VEPO', 'VELVET POMELO', 'BEBID', 'ML', '', '1.00', '0.00', '12.00', '0.00', '302.20', '302.20', '16.00', '0.00', '', 1, '1.30', '10.70'),
('VI01', 'SANTA ELENA VERNUS BLEND', 'VINOS', 'ML', '', '750.00', '0.00', '10.00', '0.00', '335.00', '335.00', '0.00', '0.00', '', 1, NULL, NULL),
('VIBB', 'VINO BLANCO BATALLA', 'VINOS', 'ML', '', '1000.00', '0.00', '1.00', '0.00', '200.01', '200.01', '0.00', '0.00', '', 1, NULL, NULL),
('VIC2', 'CASA M,ADERO 2V', 'VINOS', 'ML', '', '750.00', '0.00', '10.00', '0.00', '181.03', '181.03', '16.00', '0.00', '', 1, NULL, NULL),
('VICC', 'CASA MADERO CAB. SAUV', 'VINOS', 'ML', '', '750.00', '0.00', '10.00', '0.00', '249.37', '249.37', '16.00', '0.00', '', 1, NULL, NULL),
('VICS', 'CASA MADERO SHIRAZ', 'VINOS', 'ML', '', '750.00', '0.00', '10.00', '0.00', '249.37', '249.37', '16.00', '0.00', '', 1, NULL, NULL),
('VIMC', 'MATARROMERA CRIANZA', 'VINOS', 'ML', '', '750.00', '0.00', '10.00', '0.00', '486.84', '486.84', '16.00', '0.00', '', 1, NULL, NULL),
('VIMM', 'CASA MADERO MERLOT', 'VINOS', 'ML', '', '750.00', '0.00', '10.00', '0.00', '229.82', '229.82', '16.00', '0.00', '', 1, NULL, NULL),
('VIMO', 'MOSCATO ESP.PETALO', 'VINOS', 'ML', '', '750.00', '0.00', '10.00', '0.00', '179.35', '179.35', '16.00', '0.00', '', 1, NULL, NULL),
('VOAB', 'ABSOLUT AZUL', 'VODKA', 'ML', '', '750.00', '0.36', '6.00', '0.00', '153.44', '153.44', '16.00', '0.00', '', 1, '6.00', '0.00'),
('VOAE', 'ABSOLUT PEARS', 'VODKA', 'ML', '', '750.00', '0.88', '2.00', '0.00', '153.44', '153.44', '16.00', '0.00', '', 1, '2.17', '-0.17'),
('VOAG', 'ABSOLUT LIMA', 'VODKA', 'ML', '', '750.00', '0.00', '2.00', '0.00', '1.00', '1.00', '0.00', '0.00', '', 1, '2.16', '-0.16'),
('VOAK', 'ABSOLUT KURANT', 'BAJB', 'ML', '', '750.00', '0.00', '0.00', '0.00', '175.00', '175.00', '0.00', '0.00', '', 1, NULL, NULL),
('VOAM', 'ABSOLUT MANDARINE', 'VODKA', 'ML', '', '750.00', '0.64', '2.00', '0.00', '153.44', '153.44', '16.00', '0.00', '', 1, '2.16', '-0.16'),
('VOAP', 'ABSOLUT APEACH', 'BAJB', 'ML', '', '750.00', '0.00', '0.00', '0.00', '143.48', '143.48', '0.00', '0.00', '', 1, NULL, NULL),
('VOAR', 'ABSOLUT RASPBERRY', 'VODKA', 'ML', '', '750.00', '0.28', '4.00', '0.00', '153.44', '153.44', '16.00', '0.00', '', 1, '4.40', '-0.40'),
('VOAV', 'ABSOLUT VAINILLA', 'BAJB', 'ML', '', '750.00', '0.00', '0.00', '0.00', '135.65', '135.65', '0.00', '0.00', '', 1, NULL, NULL),
('VOBE', 'BELVEDERE', 'VODKA', 'ML', '', '700.00', '0.00', '2.00', '0.00', '482.37', '482.37', '16.00', '0.00', '', 1, '2.10', '-0.10'),
('VOBR', 'BRISTOFF', 'VODKA', 'ML', '', '750.00', '0.00', '2.00', '0.00', '1.00', '1.00', '0.00', '0.00', '', 1, NULL, NULL),
('VOCB', 'CIROC RED BERRY', 'BAJB', 'ML', '', '750.00', '0.00', '0.00', '0.00', '1.00', '1.00', '0.00', '0.00', '', 1, NULL, NULL),
('VOCC', 'CIROC COCONUT', 'BAJB', 'ML', '', '750.00', '0.00', '0.00', '0.00', '1.00', '1.00', '0.00', '0.00', '', 1, NULL, NULL),
('VOCI', 'ABSOLUT CITRON', 'VODKA', 'ML', '', '750.00', '0.00', '2.00', '0.00', '184.98', '184.98', '16.00', '0.00', '', 1, '2.10', '-0.10'),
('VOCR', 'CIROC', 'VODKA', 'ML', '', '750.00', '0.00', '2.00', '0.00', '439.66', '439.66', '16.00', '0.00', '', 1, '2.60', '-0.60'),
('VODA', 'DANZKA VODKA NATURAL', 'BAJB', 'ML', '', '750.00', '0.00', '0.00', '0.00', '113.05', '113.05', '0.00', '0.00', '', 1, NULL, NULL),
('VODC', 'DANZKA CITRON VODKA', 'BAJB', 'ML', '', '750.00', '0.00', '0.00', '0.00', '126.09', '126.09', '0.00', '0.00', '', 1, NULL, NULL),
('VOER', 'ERISTOFF', 'VODKA', 'ML', '', '700.00', '0.00', '1.00', '0.00', '67.83', '67.83', '0.00', '0.00', '', 1, '2.00', '-1.00'),
('VOFC', 'FINLANDIA CRANBERRY', 'BAJB', 'ML', '', '750.00', '0.00', '0.00', '0.00', '1.00', '1.00', '0.00', '0.00', '', 1, NULL, NULL),
('VOFI', 'FINLANDIA', 'BAJB', 'ML', '', '750.00', '0.00', '0.00', '0.00', '206.22', '206.22', '16.00', '0.00', '', 1, NULL, NULL),
('VOFL', 'FINLANDIA LIMON', 'BAJB', 'ML', '', '750.00', '0.00', '0.00', '0.00', '1.00', '1.00', '0.00', '0.00', '', 1, NULL, NULL),
('VOFM', 'FINLANDIA MANGO', 'BAJB', 'ML', '', '750.00', '0.00', '0.00', '0.00', '1.00', '1.00', '0.00', '0.00', '', 1, NULL, NULL),
('VOGC', 'GREY GOOSE CITRON', 'BAJB', 'ML', '', '750.00', '0.00', '0.00', '0.00', '1.00', '1.00', '0.00', '0.00', '', 1, NULL, NULL),
('VOGL', 'GREY GOOSE LA POIRE', 'BAJB', 'ML', '', '750.00', '0.00', '0.00', '0.00', '1.00', '1.00', '0.00', '0.00', '', 1, NULL, NULL),
('VOGO', 'GOTLAND', 'VODKA', 'ML', '', '750.00', '0.00', '2.00', '0.00', '139.22', '139.22', '16.00', '0.00', '', 1, '2.80', '-0.80'),
('VOGR', 'GREY GOOSE VODKA', 'VODKA', 'ML', '', '700.00', '-0.39', '2.00', '0.00', '422.41', '422.41', '16.00', '0.00', '', 1, '2.30', '-0.30'),
('VOKE', 'KETEL ONE', 'BAJB', 'ML', '', '750.00', '0.00', '0.00', '0.00', '250.00', '250.00', '16.00', '0.00', '', 1, NULL, NULL),
('VOMA', 'ABSOLUT MANGO', 'VODKA', 'ML', '', '750.00', '0.00', '2.00', '0.00', '184.98', '184.98', '16.00', '0.00', '', 1, '2.16', '-0.16'),
('VOPU', 'PUR VODKA ULTRA PRMIUM', 'BAJB', 'ML', '', '750.00', '0.00', '0.00', '0.00', '1.00', '1.00', '16.00', '0.00', '', 1, NULL, NULL),
('VORR', 'ABSOLUT RUBY RED', 'BAJB', 'ML', '', '750.00', '0.00', '0.00', '0.00', '156.52', '156.52', '0.00', '0.00', '', 1, NULL, NULL),
('VOSE', 'STOLICHNAYA ELITE', 'BAJB', 'ML', '', '750.00', '0.00', '0.00', '0.00', '738.74', '738.74', '16.00', '0.00', '', 1, NULL, NULL),
('VOSK', 'SKYY', 'VODKA', 'ML', '', '750.00', '0.00', '2.00', '0.00', '125.17', '125.17', '16.00', '0.00', '', 1, '2.16', '-0.16'),
('VOSM', 'SMIRNOF', 'VODKA', 'ML', '', '1000.00', '-0.69', '4.00', '0.00', '115.52', '115.52', '16.00', '0.00', '', 1, '3.14', '0.86'),
('VOSO', 'SMIRNOFF TAMARINDO', 'VODKA', 'ML', '', '750.00', '2.00', '3.00', '0.00', '116.38', '116.38', '16.00', '0.00', '', 1, '3.14', '-0.14'),
('VOST', 'STOLICHNAYA NATURAL', 'VODKA', 'ML', '', '750.00', '-0.52', '4.00', '0.00', '206.88', '206.88', '16.00', '0.00', '', 1, '2.12', '1.88'),
('VOSZ', 'SMIRNOFF MANZANA ELEC', 'BAJB', 'ML', '', '750.00', '-1.32', '0.00', '0.00', '115.00', '115.00', '16.00', '0.00', '', 1, NULL, NULL),
('VOTH', 'THREE OLIVES', 'BAJB', 'NM', '', '750.00', '0.00', '0.00', '0.00', '256.50', '256.50', '16.00', '0.00', '', 1, NULL, NULL),
('VOWY', 'WYBOROWA NATURAL', 'VODKA', 'ML', '', '750.00', '-0.66', '2.00', '0.00', '103.25', '103.25', '16.00', '0.00', '', 1, '2.14', '-0.14'),
('VTC3', 'CASA MADERO 3V', 'BAJB', 'ML', '', '750.00', '2.00', '0.00', '0.00', '283.61', '283.61', '16.00', '0.00', '', 1, NULL, NULL),
('VTC4', 'CALIFORNIA TTO 4 LTS', 'VINOS', 'ML', '', '4000.00', '0.00', '4.00', '0.00', '159.48', '159.48', '16.00', '0.00', '', 1, NULL, NULL),
('VTCB', 'CRUZ BLANCA TINTO  4 LTS.', 'BAJB', 'ML', '', '4000.00', '0.00', '0.00', '0.00', '17.94', '17.94', '0.00', '0.00', '', 1, NULL, NULL),
('VTCD', 'CASILLERO DEL DIABLO', 'BAJB', 'ML', '', '750.00', '0.00', '0.00', '0.00', '83.48', '83.48', '0.00', '0.00', '', 1, NULL, NULL),
('VTCS', 'CABERNET SAVIGNON', 'BAJB', 'ML', '', '750.00', '0.00', '0.00', '0.00', '0.00', '0.00', '0.00', '0.00', '', 1, NULL, NULL),
('VTCT', 'CASILLEROS DE TIEBAS', 'BAJB', 'ML', '', '750.00', '0.00', '0.00', '0.00', '25.00', '25.00', '0.00', '0.00', '', 1, NULL, NULL),
('VTEV', 'ELENA VERNUS BLEND', 'BAJB', 'ML', '', '750.00', '0.00', '0.00', '0.00', '1.00', '1.00', '0.00', '0.00', '', 1, NULL, NULL),
('VTFC', 'FINCA LA CELIA', 'BAJB', 'ML', '', '750.00', '0.00', '0.00', '0.00', '272.06', '272.06', '0.00', '0.00', '', 1, NULL, NULL),
('VTFM', 'GRAFFIGNA MALBEC G.R', 'BAJB', 'ML', '', '750.00', '0.00', '0.00', '0.00', '284.48', '284.48', '0.00', '0.00', '', 1, NULL, NULL),
('VTG4', 'XA DOMEC SAB SAU 375 M', 'BAJB', 'ML', '', '375.00', '0.00', '0.00', '0.00', '30.43', '30.43', '0.00', '0.00', '', 1, NULL, NULL),
('VTGC', 'CASA GDE CABERNET', 'BAJB', 'ML', '', '750.00', '0.00', '0.00', '0.00', '468.65', '468.65', '16.00', '0.00', '', 1, NULL, NULL),
('VTGN', 'LA CETTO CAB SAU 750 ML.', 'BAJB', 'ML', '', '750.00', '0.00', '0.00', '0.00', '65.22', '65.22', '0.00', '0.00', '', 1, NULL, NULL),
('VTGR', 'GRAQFFINGA PINOT GRIGO', 'BAJB', 'ML', '', '750.00', '0.00', '0.00', '0.00', '161.17', '161.17', '0.00', '0.00', '', 1, NULL, NULL),
('VTGS', 'GRAFFIGNA C.S.CENTENARIO', 'BAJB', 'ML', '', '750.00', '0.00', '0.00', '0.00', '162.87', '162.87', '0.00', '0.00', '', 1, NULL, NULL),
('VTGT', 'GRAFIN SANTIAGO', 'BAJB', 'ML', '', '750.00', '0.00', '0.00', '0.00', '175.26', '175.26', '0.00', '0.00', '', 1, NULL, NULL),
('VTMC', 'MARQUES CACERES TTO', 'BAJB', 'ML', '', '750.00', '0.00', '0.00', '0.00', '138.29', '138.29', '0.00', '0.00', '', 1, NULL, NULL),
('VTMP', 'MARQUES PLUMA COSECHA', 'BAJB', 'ML', '', '750.00', '0.00', '0.00', '0.00', '231.00', '231.00', '16.00', '0.00', '', 1, NULL, NULL),
('VTMT', 'MARIA TINTO', 'BAJB', 'ML', '', '750.00', '0.00', '0.00', '0.00', '494.66', '494.66', '16.00', '0.00', '', 1, NULL, NULL),
('VTRM', 'RESERVA MAGNA', 'BAJB', 'ML', '', '750.00', '0.00', '0.00', '0.00', '1.00', '1.00', '0.00', '0.00', '', 1, NULL, NULL),
('VTRR', 'RESERVA REAL DOMECQ', 'BAJB', 'ML', '', '750.00', '0.00', '0.00', '0.00', '148.45', '148.45', '0.00', '0.00', '', 1, NULL, NULL),
('VTSA', 'SUAVE GAUDINA', 'BAJB', 'ML', '', '750.00', '0.00', '0.00', '0.00', '225.00', '225.00', '0.00', '0.00', '', 1, NULL, NULL),
('VTSG', 'CASA GDE SHIRAZ', 'BAJB', 'ML', '', '750.00', '0.00', '0.00', '0.00', '490.52', '490.52', '16.00', '0.00', '', 1, NULL, NULL),
('VTSH', 'SANTA HELENA R.C.', 'BAJB', 'ML', '', '750.00', '0.00', '0.00', '0.00', '145.04', '145.04', '0.00', '0.00', '', 1, NULL, NULL),
('VTSV', 'SANTA HELENA VARIETAL', 'BAJB', 'ML', '', '750.00', '0.00', '0.00', '0.00', '92.79', '92.79', '0.00', '0.00', '', 1, NULL, NULL),
('VTTA', 'TERRAZAS ANDES MALBEC', 'BAJB', 'ML', '', '750.00', '0.00', '0.00', '0.00', '265.41', '265.41', '0.00', '0.00', '', 1, NULL, NULL),
('VTVF', 'VI¥A FLORA', 'BAJB', 'ML', '', '750.00', '0.00', '0.00', '0.00', '197.00', '197.00', '16.00', '0.00', '', 1, NULL, NULL),
('WHB8', 'BUCHANANS 18 A¥OS', 'WHISK', 'ML', '', '750.00', '0.52', '4.00', '0.00', '1017.23', '1017.23', '16.00', '0.00', '', 1, '4.10', '-0.10'),
('WHBA', 'BALLANTINES 12 A¥OS 750 M', 'BAJB', 'ML', '', '750.00', '0.00', '0.00', '0.00', '389.11', '389.11', '16.00', '0.00', '', 1, NULL, NULL),
('WHBB', 'BLACK BUSH', 'WHISK', 'ML', '', '750.00', '0.00', '1.00', '0.00', '464.35', '464.35', '16.00', '0.00', '', 1, '1.40', '-0.40'),
('WHBF', 'BALLANTINE FINE', 'WHISK', 'ML', '', '750.00', '0.00', '2.00', '0.00', '175.86', '175.86', '16.00', '0.00', '', 1, '2.60', '-0.60'),
('WHBL', 'BULLEIT', 'WHISK', 'ML', '', '750.00', '0.00', '2.00', '0.00', '305.25', '305.25', '16.00', '0.00', '', 1, '2.10', '-0.10'),
('WHBM', 'BUCHANANS MASTER', 'WHISK', 'ML', '', '750.00', '-0.08', '6.00', '0.00', '521.54', '521.54', '16.00', '0.00', '', 1, '2.10', '3.90'),
('WHBR', 'BUCHANANS RED SEAL', 'BAJB', 'ML', '', '750.00', '0.00', '0.00', '0.00', '2284.48', '2284.48', '16.00', '0.00', '', 1, NULL, NULL),
('WHBS', 'BUSHMILLS BLACK BUSH', 'WHISK', 'ML', '', '750.00', '0.00', '1.00', '0.00', '1.00', '1.00', '0.00', '0.00', '', 1, '0.00', '1.00'),
('WHBU', 'BUCHANANS 12 A¥OS', 'WHISK', 'ML', '', '750.00', '-0.36', '24.00', '0.00', '430.17', '430.17', '16.00', '0.00', '', 1, '21.15', '2.85'),
('WHBW', 'BLACK & WHITE', 'WHISK', 'ML', '', '700.00', '-1.00', '6.00', '0.00', '111.20', '111.20', '16.00', '0.00', '', 1, '5.15', '0.85'),
('WHC1', 'CHIVAS REGAL 21', 'BAJB', 'ML', '', '750.00', '0.00', '0.00', '0.00', '2309.47', '2309.47', '16.00', '0.00', '', 1, NULL, NULL),
('WHC5', 'CHIVAS REGAL EXTRA', 'WHISK', 'ML', '', '750.00', '0.00', '2.00', '0.00', '1.00', '1.00', '0.00', '0.00', '', 1, '2.14', '-0.14'),
('WHC8', 'CHIVAS REGAL 18 AÑOS', 'WHISK', 'ML', '', '750.00', '0.00', '2.00', '0.00', '1159.47', '1159.48', '16.00', '0.00', '', 1, '2.00', '0.00'),
('WHCA', 'CARDHU SINGLE MALT', 'BAJB', 'ML', '', '750.00', '0.00', '0.00', '0.00', '538.79', '538.79', '16.00', '0.00', '', 1, NULL, NULL),
('WHCL', 'CHIVAS MAGUM 1.5', 'BAJB', 'ML', '', '1500.00', '0.00', '0.00', '0.00', '1.00', '1.00', '0.00', '0.00', '', 1, NULL, NULL),
('WHCM', 'CANADIAN MIST', 'BAJB', 'ML', '', '750.00', '0.00', '0.00', '0.00', '150.62', '150.62', '16.00', '0.00', '', 1, NULL, NULL),
('WHCR', 'CHIVAS REGAL 12 A¥OS', 'WHISK', 'ML', '', '750.00', '1.52', '4.00', '0.00', '387.91', '387.91', '16.00', '0.00', '', 1, '4.14', '-0.14'),
('WHCV', 'COUVOISIER VS', 'COGNA', 'ML', '', '750.00', '0.00', '10.00', '0.00', '1.00', '1.00', '0.00', '0.00', '', 1, NULL, NULL),
('WHD2', 'DALMORE 12', 'WHISK', 'ML', '', '700.00', '0.00', '1.00', '0.00', '922.97', '922.97', '16.00', '0.00', '', 1, '1.60', '-0.60'),
('WHD5', 'DALMORE 15', 'BAJB', 'ML', '', '700.00', '0.00', '0.00', '0.00', '1658.41', '1658.41', '0.00', '0.00', '', 1, NULL, NULL),
('WHD8', 'DEWARS 15 AÑOS', 'WHISK', 'ML', '', '750.00', '0.00', '1.00', '0.00', '3105.81', '3105.81', '0.00', '0.00', '', 1, '0.00', '1.00'),
('WHDE', 'DEWARS 12 A¥OS', 'WHISK', 'ML', '', '750.00', '0.00', '1.00', '0.00', '260.00', '260.00', '0.00', '0.00', '', 1, '0.00', '1.00'),
('WHDW', 'DEWARS 18 A¥OS', 'WHISK', 'ML', '', '750.00', '0.00', '1.00', '0.00', '144.35', '144.35', '0.00', '0.00', '', 1, '1.00', '0.00'),
('WHEN', 'JW NEGRA', 'WHISK', 'ML', '', '750.00', '1.36', '12.00', '0.00', '452.57', '452.57', '16.00', '0.00', '', 1, '11.10', '0.90'),
('WHER', 'JW ROJA', 'WHISK', 'ML', '', '700.00', '-2.22', '24.00', '0.00', '171.54', '171.54', '16.00', '0.00', '', 1, '20.13', '3.87'),
('WHET', 'EARLY TIMES', 'BAJB', 'ML', '', '750.00', '0.00', '0.00', '0.00', '123.56', '123.56', '16.00', '0.00', '', 1, NULL, NULL),
('WHG1', 'GLENFIDICH 15', 'BAJB', 'ML', '', '750.00', '0.00', '0.00', '0.00', '918.10', '918.10', '16.00', '0.00', '', 1, NULL, NULL),
('WHG5', 'GLENLIVET 15', 'BAJB', 'ML', '', '750.00', '0.00', '0.00', '0.00', '1.00', '1.00', '0.00', '0.00', '', 1, NULL, NULL),
('WHG8', 'GLENFIDDICH FOUNDERS RES', 'WHISK', 'ML', '', '750.00', '0.00', '3.00', '0.00', '1482.76', '1482.76', '16.00', '0.00', '', 1, '3.00', '0.00'),
('WHGE', 'GLENFIDDISH 12', 'WHISK', 'ML', '', '750.00', '0.28', '3.00', '0.00', '549.98', '549.98', '16.00', '0.00', '', 1, '3.10', '-0.10'),
('WHGG', 'GLEN GRANT', 'WHISK', 'ML', '', '750.00', '-0.28', '1.00', '0.00', '228.45', '228.45', '16.00', '0.00', '', 1, '1.20', '-0.20'),
('WHGL', 'GLENLIVET 12', 'BAJB', 'ML', '', '750.00', '0.00', '0.00', '0.00', '634.00', '634.00', '0.00', '0.00', '', 1, NULL, NULL),
('WHGM', 'GLENMORANGIE ORIGINAL', 'WHISK', 'ML', '', '750.00', '0.00', '1.00', '0.00', '692.84', '692.84', '16.00', '0.00', '', 1, '1.50', '-0.50'),
('WHGN', 'GENTLEMAN JACK', 'BAJB', 'ML', '', '750.00', '0.00', '0.00', '0.00', '495.69', '495.69', '16.00', '0.00', '', 1, NULL, NULL),
('WHJ#', 'JIM BEAM', 'WHISK', 'ML', '', '750.00', '0.00', '2.00', '0.00', '1052.59', '1052.59', '0.00', '0.00', '', 1, '2.00', '0.00'),
('WHJ1', 'JURA ORIGIN 10', 'BAJB', 'ML', '', '700.00', '-3.00', '0.00', '0.00', '724.21', '724.21', '0.00', '0.00', '', 1, NULL, NULL),
('WHJ6', 'SINGLETON 12', 'WHISK', 'ML', '', '700.00', '0.00', '2.00', '0.00', '1127.58', '1127.58', '0.00', '0.00', '', 1, '2.30', '-0.30'),
('WHJA', 'JAMESON', 'WHISK', 'ML', '', '750.00', '-0.36', '2.00', '0.00', '265.52', '265.52', '16.00', '0.00', '', 1, '2.20', '-0.20'),
('WHJB', 'J & B', 'BAJB', 'ML', '', '750.00', '0.00', '0.00', '0.00', '168.97', '168.97', '16.00', '0.00', '', 1, NULL, NULL),
('WHJD', 'JACK DANIELS', 'WHISK', 'ML', '', '700.00', '0.06', '6.00', '0.00', '288.78', '288.78', '16.00', '0.00', '', 1, '5.30', '0.70'),
('WHJH', 'JACK DANIELS HONEY', 'WHISK', 'ML', '', '700.00', '-0.53', '4.00', '0.00', '288.78', '288.78', '16.00', '0.00', '', 1, '4.80', '-0.80'),
('WHJK', 'JW DOUBLE BLACK', 'WHISK', 'ML', '', '750.00', '0.52', '3.00', '0.00', '560.34', '560.34', '16.00', '0.00', '', 1, '3.15', '-0.15'),
('WHJO', 'JW DORADA', 'WHISK', 'ML', '', '750.00', '0.00', '2.00', '0.00', '745.69', '745.69', '16.00', '0.00', '', 1, '2.10', '-0.10'),
('WHJP', 'JURA PROPHECY SINGLE MALT', 'BAJB', 'ML', '', '700.00', '0.00', '0.00', '0.00', '1405.60', '1405.60', '0.00', '0.00', '', 1, NULL, NULL),
('WHJR', 'JAMESON SP RESERVA', 'WHISK', 'ML', '', '750.00', '0.00', '2.00', '0.00', '1.00', '1.00', '0.00', '0.00', '', 1, NULL, NULL),
('WHJS', 'JACK DANIELS SINGLE BARRE', 'BAJB', 'ML', '', '700.00', '0.00', '0.00', '0.00', '861.21', '861.21', '16.00', '0.00', '', 1, NULL, NULL),
('WHJU', 'JURA SUPERSTITION', 'BAJB', 'ML', '', '700.00', '0.00', '0.00', '0.00', '898.35', '898.35', '16.00', '0.00', '', 1, NULL, NULL),
('WHJV', 'JW VERDE', 'WHISK', 'ML', '', '750.00', '-0.12', '1.00', '0.00', '850.00', '850.00', '16.00', '0.00', '', 1, '1.20', '-0.20'),
('WHJZ', 'JW AZUL', 'BAJB', 'ML', '', '750.00', '0.00', '0.00', '0.00', '3017.23', '3017.23', '16.00', '0.00', '', 1, NULL, NULL),
('WHM5', 'MACALLAN 15', 'BAJB', 'ML', '', '700.00', '0.00', '0.00', '0.00', '1.00', '1.00', '16.00', '0.00', '', 1, NULL, NULL),
('WHM8', 'MACALLAN 18 A¥OS', 'BAJB', 'ML', '', '750.00', '0.00', '0.00', '0.00', '1.00', '1.00', '0.00', '0.00', '', 1, NULL, NULL),
('WHMA', 'MACALLAN AMBER', 'WHISK', 'ML', '', '700.00', '0.00', '1.00', '0.00', '1.00', '1.00', '16.00', '0.00', '', 1, NULL, NULL),
('WHMC', 'MACALLAN 12 A¥OS', 'WHISK', 'ML', '', '700.00', '-2.23', '4.00', '0.00', '853.45', '853.45', '16.00', '0.00', '', 1, '2.00', '2.00'),
('WHMK', 'MACALLAN RARE CASK', 'BAJB', 'ML', '', '700.00', '0.00', '0.00', '0.00', '1.00', '1.00', '16.00', '0.00', '', 1, NULL, NULL),
('WHMR', 'MACALLAN RUBY', 'BAJB', 'ML', '', '750.00', '0.00', '0.00', '0.00', '4344.83', '4344.83', '16.00', '0.00', '', 1, NULL, NULL),
('WHMX', 'MARKER MARK BOURBON', 'WHISK', 'ML', '', '750.00', '-0.24', '2.00', '0.00', '1800.00', '1800.00', '0.00', '0.00', '', 1, '2.00', '0.00'),
('WHNO', 'NOMAD', 'BAJB', 'ML', '', '700.00', '0.00', '0.00', '0.00', '1.00', '1.00', '16.00', '0.00', '', 1, NULL, NULL),
('WHOM', 'OLD PARR SMUGGLER', 'BAJB', 'ML', '', '750.00', '0.00', '0.00', '0.00', '88.79', '88.79', '16.00', '0.00', '', 1, NULL, NULL),
('WHOP', 'OLD PARR', 'WHISK', 'ML', '', '700.00', '0.89', '3.00', '0.00', '387.93', '387.93', '16.00', '0.00', '', 1, '3.70', '-0.70'),
('WHOS', 'OLD PARR SILVER', 'BAJB', 'ML', '', '750.00', '-0.96', '0.00', '0.00', '331.90', '331.90', '16.00', '0.00', '', 1, NULL, NULL),
('WHPA', 'PASSPORT', 'WHISK', 'ML', '', '700.00', '0.00', '2.00', '0.00', '117.24', '117.24', '16.00', '0.00', '', 1, '2.70', '-0.70'),
('WHSI', 'SINGLETON 12', 'WHISK', 'ML', '', '700.00', '0.00', '2.00', '0.00', '215.52', '215.52', '16.00', '0.00', '', 1, NULL, NULL),
('WHWO', 'WOODFORD', 'BAJB', 'ML', '', '750.00', '0.00', '0.00', '0.00', '1.00', '1.00', '0.00', '0.00', '', 1, NULL, NULL);

-- --------------------------------------------------------

--
-- Estructura de tabla para la tabla `usuario`
--

CREATE TABLE `usuario` (
  `id_user` int(10) NOT NULL,
  `username` varchar(30) COLLATE utf8_bin NOT NULL,
  `password` varchar(25) COLLATE utf8_bin NOT NULL,
  `cargo` varchar(30) COLLATE utf8_bin NOT NULL,
  `nombre` varchar(30) COLLATE utf8_bin NOT NULL,
  `email` varchar(50) COLLATE utf8_bin NOT NULL
) ENGINE=InnoDB DEFAULT CHARSET=utf8 COLLATE=utf8_bin;

--
-- Volcado de datos para la tabla `usuario`
--

INSERT INTO `usuario` (`id_user`, `username`, `password`, `cargo`, `nombre`, `email`) VALUES
(1, 'ivan', '12345', 'administrador', 'ivan colula', 'ivan_f789@hotmail.com'),
(2, 'paola', '12345', 'gerente1', 'paola paez', 'paola@gmail.com'),
(3, 'memo', '12345', 'cocina', 'julio', 'julio@gmail.com'),
(4, 'raul', '12345', 'barra', 'raul', 'raul@gmail.com'),
(5, 'Luis', '12345', 'barra', 'Luis sanchez', 'luis@gmail.com'),
(6, 'cocina', '12345', 'cocina', 'cocina', 'cocina@gmail.com'),
(8, 'raul', '12345', 'barra', 'raul rulo', 'raul@gmail.com'),
(9, 'jorge', 'jorge', 'no', 'jorgito', 'sada@dfs'),
(10, 'jose', '12345', 'cocina', 'Jose sanchez modificado', 'jose@gmail.com'),
(11, 'luis', '12345', 'cocina', 'luis lopez', 'luis@gmail.com'),
(12, '12345', '12345', 'barra', '12345', '');

--
-- Índices para tablas volcadas
--

--
-- Indices de la tabla `actualiza`
--
ALTER TABLE `actualiza`
  ADD PRIMARY KEY (`id_actualiza`),
  ADD UNIQUE KEY `id_actualiza` (`id_actualiza`);

--
-- Indices de la tabla `familia`
--
ALTER TABLE `familia`
  ADD PRIMARY KEY (`cod_familia`),
  ADD UNIQUE KEY `cod_familia` (`cod_familia`);

--
-- Indices de la tabla `pedidos`
--
ALTER TABLE `pedidos`
  ADD PRIMARY KEY (`id_pedido`),
  ADD UNIQUE KEY `id_pedido` (`id_pedido`);

--
-- Indices de la tabla `pedido_producto`
--
ALTER TABLE `pedido_producto`
  ADD KEY `id_pedido` (`id_pedido`),
  ADD KEY `id_prod` (`codingre`);

--
-- Indices de la tabla `productos`
--
ALTER TABLE `productos`
  ADD PRIMARY KEY (`codingre`),
  ADD UNIQUE KEY `codingre` (`codingre`);

--
-- Indices de la tabla `usuario`
--
ALTER TABLE `usuario`
  ADD PRIMARY KEY (`id_user`),
  ADD UNIQUE KEY `user_id` (`id_user`);

--
-- AUTO_INCREMENT de las tablas volcadas
--

--
-- AUTO_INCREMENT de la tabla `actualiza`
--
ALTER TABLE `actualiza`
  MODIFY `id_actualiza` int(11) NOT NULL AUTO_INCREMENT, AUTO_INCREMENT=17;

--
-- AUTO_INCREMENT de la tabla `pedidos`
--
ALTER TABLE `pedidos`
  MODIFY `id_pedido` int(10) NOT NULL AUTO_INCREMENT, AUTO_INCREMENT=3;

--
-- AUTO_INCREMENT de la tabla `usuario`
--
ALTER TABLE `usuario`
  MODIFY `id_user` int(10) NOT NULL AUTO_INCREMENT, AUTO_INCREMENT=13;
COMMIT;

/*!40101 SET CHARACTER_SET_CLIENT=@OLD_CHARACTER_SET_CLIENT */;
/*!40101 SET CHARACTER_SET_RESULTS=@OLD_CHARACTER_SET_RESULTS */;
/*!40101 SET COLLATION_CONNECTION=@OLD_COLLATION_CONNECTION */;
