-- phpMyAdmin SQL Dump
-- version 4.8.5
-- https://www.phpmyadmin.net/
--
-- Servidor: 127.0.0.1
-- Tiempo de generación: 10-04-2019 a las 19:19:02
-- Versión del servidor: 10.1.38-MariaDB
-- Versión de PHP: 7.3.2

SET SQL_MODE = "NO_AUTO_VALUE_ON_ZERO";
SET AUTOCOMMIT = 0;
START TRANSACTION;
SET time_zone = "+00:00";


/*!40101 SET @OLD_CHARACTER_SET_CLIENT=@@CHARACTER_SET_CLIENT */;
/*!40101 SET @OLD_CHARACTER_SET_RESULTS=@@CHARACTER_SET_RESULTS */;
/*!40101 SET @OLD_COLLATION_CONNECTION=@@COLLATION_CONNECTION */;
/*!40101 SET NAMES utf8mb4 */;

--
-- Base de datos: `almacen`
--

-- --------------------------------------------------------

--
-- Estructura de tabla para la tabla `actualiza`
--

CREATE TABLE `actualiza` (
  `id_actualiza` int(11) NOT NULL,
  `nombre_archivo` varchar(15) NOT NULL,
  `hora` time NOT NULL,
  `fecha` date NOT NULL,
  `peso` float NOT NULL,
  `estado` varchar(15) DEFAULT NULL
) ENGINE=InnoDB DEFAULT CHARSET=utf8;

--
-- Volcado de datos para la tabla `actualiza`
--

INSERT INTO `actualiza` (`id_actualiza`, `nombre_archivo`, `hora`, `fecha`, `peso`, `estado`) VALUES
(1, 'OCOMPRA.CSV', '18:08:31', '2019-04-09', 52150, NULL),
(2, 'OCOMPRA.CSV', '17:08:51', '2019-04-09', 52150, NULL),
(3, 'OCOMPRA.CSV', '17:08:51', '2019-04-09', 52150, NULL),
(4, 'OCOMPRA.csv', '17:08:55', '2019-04-09', 52150, NULL),
(5, 'OCOMPRA.csv', '17:08:56', '2019-04-09', 52150, NULL),
(6, 'OCOMPRA.csv', '17:08:56', '2019-04-09', 52150, NULL),
(7, 'OCOMPRA.csv', '17:08:25', '2019-04-09', 52150, NULL),
(8, 'OCOMPRA.csv', '17:08:57', '2019-04-09', 52150, 'Listo'),
(9, 'OCOMPRA.csv', '17:08:54', '2019-04-09', 52150, 'Listo'),
(10, 'OCOMPRA.csv', '17:08:59', '2019-04-09', 52150, 'Listo'),
(11, 'OCOMPRA.csv', '17:08:56', '2019-04-09', 52150, 'Listo'),
(12, 'OCOMPRA.csv', '17:08:57', '2019-04-09', 52150, NULL),
(13, 'OCOMPRA.csv', '17:08:51', '2019-04-09', 52150, NULL),
(14, 'OCOMPRA.csv', '17:08:58', '2019-04-09', 52150, 'Listo'),
(15, 'OCOMPRA.csv', '17:08:52', '2019-04-09', 52150, 'Listo');

-- --------------------------------------------------------

--
-- Estructura de tabla para la tabla `almacen`
--

CREATE TABLE `almacen` (
  `id_almacen` int(3) NOT NULL,
  `nom_almacen` varchar(60) NOT NULL,
  `estado` varchar(25) NOT NULL,
  `gerente` varchar(30) NOT NULL,
  `direccion` varchar(300) NOT NULL,
  `tel` varchar(10) NOT NULL
) ENGINE=InnoDB DEFAULT CHARSET=utf8;

--
-- Volcado de datos para la tabla `almacen`
--

INSERT INTO `almacen` (`id_almacen`, `nom_almacen`, `estado`, `gerente`, `direccion`, `tel`) VALUES
(1, 'piacevole', 'puebla', 'paola', 'angelopolis', '2222222222'),
(2, 'tercera ronda', 'puebla', 'paola', 'angelopolis', '2222222222');

-- --------------------------------------------------------

--
-- Estructura de tabla para la tabla `familia`
--

CREATE TABLE `familia` (
  `cod_familia` varchar(20) NOT NULL,
  `descripcion` varchar(50) NOT NULL,
  `area` varchar(15) DEFAULT NULL
) ENGINE=InnoDB DEFAULT CHARSET=utf8;

--
-- Volcado de datos para la tabla `familia`
--

INSERT INTO `familia` (`cod_familia`, `descripcion`, `area`) VALUES
('ABARR', 'Abarrote', 'cocina'),
('BRAND', 'Brandy', 'barra'),
('CAFEE', 'Cafe', 'cocina'),
('CARNE', 'Carne', 'cocina'),
('CERVE', 'Cerveza', 'barra'),
('CHAMP', 'champagne', 'barra'),
('CIGAR', 'Cigarro', 'barra'),
('COGNA', 'Cogna', 'barra'),
('COMIS', 'COMIS', 'cocina'),
('CONGE', 'Congelado', 'cocina'),
('EMBUT', 'Embutido', 'cocina'),
('ESPEC', 'ESPEC', 'cocina'),
('FRUTA', 'Fruta', 'cocina'),
('GINEB', 'Gineb', 'barra'),
('HIELO', 'Hielo', 'barra'),
('JEREZ', 'Jerez', 'barra'),
('JUGOS', 'Jugos', 'barra'),
('LACTE', 'Lacteo', 'cocina'),
('LICOR', 'Licor', 'barra'),
('MEZCA', 'Mezcal', 'barra'),
('PAN Y', 'Pan', 'cocina'),
('PESCA', 'Pescado', 'cocina'),
('REFRE', 'Refresco', 'barra'),
('RONNN', 'Ron', 'barra'),
('SUBRE', 'SUBRE', 'cocina'),
('TEQUI', 'Tequila', 'barra'),
('VINOS', 'Vino', 'barra'),
('VODKA', 'vodka', 'barra'),
('WHISK', 'Whisky', 'barra');

-- --------------------------------------------------------

--
-- Estructura de tabla para la tabla `pedidos`
--

CREATE TABLE `pedidos` (
  `id_pedido` int(10) NOT NULL,
  `fecha_pedido` date NOT NULL,
  `fecha_autoriza_cancela` date DEFAULT NULL,
  `hora` time NOT NULL,
  `hora_autoriza_cancela` time DEFAULT NULL,
  `autoriza` varchar(30) DEFAULT NULL,
  `solicita` varchar(30) NOT NULL,
  `estado` varchar(20) NOT NULL,
  `observaciones` varchar(150) DEFAULT NULL,
  `unidad_medida` varchar(10) NOT NULL,
  `total_prod` float NOT NULL,
  `costo_total` float NOT NULL
) ENGINE=InnoDB DEFAULT CHARSET=utf8;

-- --------------------------------------------------------

--
-- Estructura de tabla para la tabla `pedido_producto`
--

CREATE TABLE `pedido_producto` (
  `id_pedido` int(10) NOT NULL,
  `codingre` varchar(10) NOT NULL,
  `fecha_pedido` date NOT NULL,
  `hora_pedido` time NOT NULL,
  `num_prod` float NOT NULL,
  `estado_prod` varchar(20) DEFAULT NULL,
  `observacion` varchar(150) DEFAULT NULL
) ENGINE=InnoDB DEFAULT CHARSET=utf8;

-- --------------------------------------------------------

--
-- Estructura de tabla para la tabla `productos`
--

CREATE TABLE `productos` (
  `codingre` varchar(10) NOT NULL,
  `descrip` varchar(35) NOT NULL,
  `familia` varchar(10) NOT NULL,
  `unidad` varchar(10) NOT NULL,
  `empaque` varchar(15) NOT NULL,
  `equivale` decimal(10,2) NOT NULL,
  `inventa1` decimal(10,2) NOT NULL,
  `stockmax` decimal(10,2) NOT NULL,
  `stockmin` decimal(10,2) NOT NULL,
  `ultcosto` decimal(10,2) NOT NULL,
  `costoprome` decimal(10,2) NOT NULL,
  `impuesto` decimal(10,2) NOT NULL,
  `pedido` decimal(10,2) NOT NULL,
  `status` varchar(20) DEFAULT NULL,
  `inventaFisico` decimal(10,2) DEFAULT NULL,
  `diferencia` decimal(10,2) DEFAULT NULL
) ENGINE=InnoDB DEFAULT CHARSET=utf8;

--
-- Volcado de datos para la tabla `productos`
--

INSERT INTO `productos` (`codingre`, `descrip`, `familia`, `unidad`, `empaque`, `equivale`, `inventa1`, `stockmax`, `stockmin`, `ultcosto`, `costoprome`, `impuesto`, `pedido`, `status`, `inventaFisico`, `diferencia`) VALUES
('0002', 'PAPRIKA', 'ABARR', 'GR', '', '510.00', '0.00', '2.00', '0.00', '409.14', '409.14', '0.00', '0.00', '', NULL, NULL),
('0003', 'CHILE JALAPE?O LATA', 'ABARR', 'GG', '', '1000.00', '0.00', '1.00', '0.00', '102.27', '102.27', '0.00', '0.00', '', NULL, NULL),
('0004', 'JUGO MAGGI', 'ABARR', 'GR', '', '800.00', '0.00', '2.00', '0.00', '236.02', '236.02', '0.00', '0.00', '', NULL, NULL),
('0005', 'ACEITE DE AJONJOLI', 'ABARR', 'ML', '', '150.00', '0.00', '3.00', '0.00', '307.79', '307.79', '0.00', '0.00', '', NULL, NULL),
('0006', 'SALSA INGLESA', 'ABARR', 'GR', '', '980.00', '0.00', '2.00', '0.00', '132.06', '132.06', '0.00', '0.00', '', NULL, NULL),
('0007', 'ALMENDRA ENTERA', 'ABARR', 'GR', '', '1000.00', '0.00', '1.00', '0.00', '241.80', '241.80', '0.00', '0.00', '', NULL, NULL),
('0008', 'VINO ROSADO COCINA', 'ABARR', 'GR', '', '1000.00', '0.00', '1.00', '0.00', '132.18', '132.18', '0.00', '0.00', '', NULL, NULL),
('0009', 'CROUTONES', 'ABARR', 'GR', '', '907.00', '0.00', '1.00', '0.00', '157.00', '157.00', '0.00', '0.00', '', NULL, NULL),
('0010', 'JARABE GRANADINA COCINA', 'ABARR', 'GR', '', '1000.00', '0.00', '1.00', '0.00', '50.92', '50.92', '0.00', '0.00', '', NULL, NULL),
('0011', 'ACEITE DE OLIVA', 'ABARR', 'GR', '', '5000.00', '0.00', '4.00', '0.00', '117.50', '117.50', '0.00', '0.00', '', NULL, NULL),
('0012', 'ARANDANO DESHIDRATADO', 'ABARR', 'GR', '', '1000.00', '0.00', '1.00', '0.00', '152.87', '152.87', '0.00', '0.00', '', NULL, NULL),
('0013', 'MOSTAZA DIJON', 'ABARR', 'GR', '', '865.00', '0.00', '3.00', '0.00', '203.69', '203.69', '0.00', '0.00', '', NULL, NULL),
('0014', 'SALSA DE SOYA', 'ABARR', 'GG', '', '1890.00', '0.00', '2.00', '0.00', '119.05', '119.05', '0.00', '0.00', '', NULL, NULL),
('0015', 'SALSA TERIYAKI', 'ABARR', 'GR', '', '1890.00', '0.00', '2.00', '0.00', '44.45', '44.45', '0.00', '0.00', '', NULL, NULL),
('0016', 'CAJETA', 'ABARR', 'GR', '', '300.00', '0.00', '1.00', '0.00', '78.50', '78.50', '0.00', '0.00', '', NULL, NULL),
('0017', 'LECHE EVAPORADA', 'ABARR', 'GR', '', '1000.00', '0.00', '1.00', '0.00', '38.00', '38.00', '0.00', '0.00', '', NULL, NULL),
('0018', 'ACEITE VEGETAL', 'ABARR', 'GR', '', '20000.00', '0.00', '3.00', '0.00', '28.70', '28.70', '0.00', '0.00', '', NULL, NULL),
('0019', 'SAL FINA', 'ABARR', 'GR', '', '1000.00', '0.00', '10.00', '0.00', '12.50', '12.50', '0.00', '0.00', '', NULL, NULL),
('0020', 'TOSTADA CHARRA', 'ABARR', 'PZ', '', '35.00', '0.00', '15.00', '0.00', '22.40', '22.40', '0.00', '0.00', '', NULL, NULL),
('0021', 'MAYONESA', 'ABARR', 'GR', '', '3400.00', '0.00', '3.00', '0.00', '64.39', '64.39', '0.00', '0.00', '', NULL, NULL),
('0022', 'SALSA CATSUP', 'ABARR', 'GR', '', '2800.00', '0.00', '6.00', '0.00', '61.21', '61.21', '0.00', '0.00', '', NULL, NULL),
('0023', 'VINAGRE BLANCO', 'ABARR', 'GR', '', '1000.00', '0.00', '2.00', '0.00', '8.41', '8.41', '0.00', '0.00', '', NULL, NULL),
('0024', 'LECHE ENTERA', 'ABARR', 'GR', '', '1000.00', '0.00', '6.00', '0.00', '17.76', '17.76', '0.00', '0.00', '', NULL, NULL),
('0025', 'ALMENDRA EN POLVO', 'ABARR', 'GR', '', '1000.00', '0.00', '1.00', '0.00', '200.00', '200.00', '0.00', '0.00', '', NULL, NULL),
('0026', 'ARROZ BLANCO', 'ABARR', 'GR', '', '1000.00', '0.00', '15.00', '0.00', '26.60', '26.60', '0.00', '0.00', '', NULL, NULL),
('0027', 'AZUCAR GLASS', 'ABARR', 'GR', '', '700.00', '0.00', '1.00', '0.00', '33.50', '33.50', '0.00', '0.00', '', NULL, NULL),
('0028', 'AZUCAR REFINADA', 'ABARR', 'GR', '', '3000.00', '0.00', '15.00', '0.00', '21.00', '21.00', '0.00', '0.00', '', NULL, NULL),
('0029', 'CACAHUATE', 'ABARR', 'GR', '', '1000.00', '0.00', '1.00', '0.00', '60.00', '60.00', '0.00', '0.00', '', NULL, NULL),
('0030', 'CALAHUA CREMA COCO', 'ABARR', 'GR', '', '900.00', '0.00', '5.00', '0.00', '50.00', '50.00', '0.00', '0.00', '', NULL, NULL),
('0031', 'CANELA EN RAMA', 'ABARR', 'GR', '', '1000.00', '0.00', '1.00', '0.00', '450.00', '450.00', '0.00', '0.00', '', NULL, NULL),
('0032', 'CHILE CHIPOTLE ADOB', 'ABARR', 'GR', '', '2800.00', '0.00', '0.20', '0.00', '66.94', '66.94', '0.00', '0.00', '', NULL, NULL),
('0033', 'CHOCOLATE COBER OSC', 'ABARR', 'GR', '', '1000.00', '0.00', '1.00', '0.00', '146.54', '146.54', '0.00', '0.00', '', NULL, NULL),
('0034', 'CHONGOS ZAMORANOS', 'ABARR', 'GR', '', '450.00', '0.00', '0.00', '0.00', '80.77', '80.77', '0.00', '0.00', '', NULL, NULL),
('0035', 'CHURROS', 'ABARR', 'GR', '', '1000.00', '0.00', '50.00', '0.00', '7.32', '7.32', '0.00', '0.00', '', NULL, NULL),
('0036', 'COCADAS', 'ABARR', 'PZ', '', '6.00', '0.00', '10.00', '0.00', '2.75', '2.75', '0.00', '0.00', '', NULL, NULL),
('0037', 'COCO RAYADO', 'ABARR', 'GR', '', '1000.00', '0.00', '1.00', '0.00', '36.00', '36.00', '0.00', '0.00', '', NULL, NULL),
('0038', 'CREMA BALSAMICA', 'ABARR', 'GR', '', '1000.00', '0.00', '4.00', '0.00', '90.00', '90.00', '0.00', '0.00', '', NULL, NULL),
('0039', 'CREMA BATIDA', 'ABARR', 'GR', '', '920.00', '0.00', '5.00', '0.00', '244.56', '244.56', '0.00', '0.00', '', NULL, NULL),
('0040', 'ESPECIAS CAJUN', 'ABARR', 'GR', '', '75.00', '0.00', '1.00', '0.00', '365.03', '365.03', '0.00', '0.00', '', NULL, NULL),
('0041', 'FRIJOL PINTO', 'ABARR', 'GR', '', '1000.00', '0.00', '15.00', '0.00', '37.00', '37.00', '0.00', '0.00', '', NULL, NULL),
('0042', 'GALLETA DE ANIMALITO', 'ABARR', 'GR', '', '1000.00', '0.00', '1.00', '0.00', '12.89', '12.89', '0.00', '0.00', '', NULL, NULL),
('0043', 'GLUCOSA', 'ABARR', 'ML', '', '500.00', '0.00', '2.00', '0.00', '48.00', '48.00', '0.00', '0.00', '', NULL, NULL),
('0044', 'GRENETINA', 'ABARR', 'ML', '', '450.00', '0.00', '1.00', '0.00', '162.00', '162.00', '0.00', '0.00', '', NULL, NULL),
('0045', 'GUAYABA ALMIBAR', 'ABARR', 'GR', '', '480.00', '0.00', '1.00', '0.00', '50.00', '50.00', '0.00', '0.00', '', NULL, NULL),
('0046', 'HARINA DE TRIGO', 'ABARR', 'GR', '', '800.00', '0.00', '6.00', '0.00', '11.10', '11.10', '0.00', '0.00', '', NULL, NULL),
('0047', 'JUGO GUAYABA', 'ABARR', 'GR', '', '1000.00', '0.00', '1.00', '0.00', '13.90', '13.90', '0.00', '0.00', '', NULL, NULL),
('0048', 'LECHE CONDENSADA', 'ABARR', 'GR', '', '387.00', '0.00', '15.00', '0.00', '55.63', '55.63', '0.00', '0.00', '', NULL, NULL),
('0049', 'LEVADURA FRESCA', 'ABARR', 'GR', '', '200.00', '0.00', '4.00', '0.00', '41.50', '41.50', '0.00', '0.00', '', NULL, NULL),
('0050', 'MAZAPAN', 'ABARR', 'PZ', '', '10.00', '0.00', '1.00', '0.00', '3.45', '3.45', '0.00', '0.00', '', NULL, NULL),
('0051', 'MIEL DE ABEJA', 'ABARR', 'GR', '', '200.00', '0.00', '3.00', '0.00', '123.33', '123.33', '0.00', '0.00', '', NULL, NULL),
('0052', 'MOSTAZA AMARILLA', 'ABARR', 'GR', '', '1000.00', '0.00', '1.00', '0.00', '76.71', '76.71', '0.00', '0.00', '', NULL, NULL),
('0053', 'NUTELLA', 'ABARR', 'GR', '', '1000.00', '0.00', '2.00', '0.00', '150.53', '150.53', '0.00', '0.00', '', NULL, NULL),
('0054', 'PASTA FIDEO', 'ABARR', 'GR', '', '1000.00', '0.00', '3.00', '0.00', '26.67', '26.67', '0.00', '0.00', '', NULL, NULL),
('0055', 'PASTA SPAGHETTI', 'ABARR', 'GR', '', '200.00', '0.00', '1.00', '0.00', '26.67', '26.67', '0.00', '0.00', '', NULL, NULL),
('0056', 'PEPITA DE GIRASOL', 'ABARR', 'GR', '', '1000.00', '0.00', '1.00', '0.00', '54.00', '54.00', '0.00', '0.00', '', NULL, NULL),
('0057', 'PEPITA VERDE', 'ABARR', 'GR', '', '1000.00', '0.00', '1.00', '0.00', '72.57', '72.57', '0.00', '0.00', '', NULL, NULL),
('0058', 'POLVO PARA HORNEAR', 'ABARR', 'GR', '', '454.00', '0.00', '2.00', '0.00', '92.27', '92.27', '0.00', '0.00', '', NULL, NULL),
('0059', 'SAL AMARILLA', 'ABARR', 'GR', '', '1000.00', '0.00', '6.00', '0.00', '78.00', '78.00', '0.00', '0.00', '', NULL, NULL),
('0060', 'SAL DE GRANO', 'ABARR', 'GR', '', '1000.00', '0.00', '2.00', '0.00', '8.75', '8.75', '0.00', '0.00', '', NULL, NULL),
('0061', 'SEMILLA GIRASOL', 'ABARR', 'GR', '', '1000.00', '0.00', '1.00', '0.00', '47.62', '47.62', '0.00', '0.00', '', NULL, NULL),
('0062', 'VAINILLA LIQUIDA', 'ABARR', 'ML', '', '500.00', '0.00', '1.00', '0.00', '43.96', '43.96', '0.00', '0.00', '', NULL, NULL),
('0063', 'VINAGRE DE FRAMBUESA', 'ABARR', 'ML', '', '100.00', '0.00', '2.00', '0.00', '140.00', '140.00', '0.00', '0.00', '', NULL, NULL),
('0064', 'VINO TINTO COCINA', 'ABARR', 'GR', '', '1000.00', '0.00', '1.00', '0.00', '56.30', '56.30', '0.00', '0.00', '', NULL, NULL),
('0065', 'GALLETAS SALMAS', 'ABARR', 'PZ', '', '30.00', '0.00', '8.00', '0.00', '2.53', '2.53', '0.00', '0.00', '', NULL, NULL),
('0066', 'AGUA DE GARRAFON', 'ABARR', 'GR', '', '1000.00', '0.00', '0.00', '0.00', '1.40', '1.40', '0.00', '0.00', '', NULL, NULL),
('0067', 'HUEVO', 'ABARR', 'PZ', '', '25.00', '0.00', '10.00', '0.00', '1.20', '1.20', '0.00', '0.00', '', NULL, NULL),
('0068', 'SALSA BBQ', 'ABARR', 'GR', '', '620.00', '0.00', '6.00', '0.00', '56.04', '56.04', '0.00', '0.00', '', NULL, NULL),
('0069', 'PINGUINOS', 'ABARR', 'GR', '', '1000.00', '0.00', '3.00', '0.00', '3.06', '3.06', '0.00', '0.00', '', NULL, NULL),
('0070', 'SALSA TABASCO', 'ABARR', 'GR', '', '60.00', '0.00', '1.00', '0.00', '723.33', '723.33', '0.00', '0.00', '', NULL, NULL),
('0071', 'CONDIMIX DE POLLO', 'ABARR', 'GR', '', '1850.00', '0.00', '1.00', '0.00', '92.01', '92.01', '0.00', '0.00', '', NULL, NULL),
('0072', 'MANGO EN ALMIBAR', 'ABARR', 'GR', '', '1000.00', '0.00', '8.00', '0.00', '47.01', '47.01', '0.00', '0.00', '', NULL, NULL),
('0073', 'ATE DE GUAYABA', 'ABARR', 'GR', '', '1000.00', '0.00', '3.00', '0.00', '50.00', '50.00', '0.00', '0.00', '', NULL, NULL),
('0074', 'FRIJOL NEGRO', 'ABARR', 'GR', '', '1000.00', '0.00', '15.00', '0.00', '32.52', '32.52', '0.00', '0.00', '', NULL, NULL),
('0075', 'MAIZENA', 'ABARR', 'GR', '', '750.00', '0.00', '8.00', '0.00', '62.33', '62.33', '0.00', '0.00', '', NULL, NULL),
('0076', 'ELOTE EN GRANO LATA', 'ABARR', 'GR', '', '1200.00', '0.00', '4.00', '0.00', '35.00', '35.00', '0.00', '0.00', '', NULL, NULL),
('0077', 'CONDIMIX DE RES', 'ABARR', 'GR', '', '1600.00', '0.00', '1.00', '0.00', '153.64', '153.64', '0.00', '0.00', '', NULL, NULL),
('0078', 'GALLETAS MARIAS', 'ABARR', 'GR', '', '1000.00', '0.00', '1.00', '0.00', '50.00', '50.00', '0.00', '0.00', '', NULL, NULL),
('0079', 'CHOCOLATE ABUELITA', 'ABARR', 'GR', '', '540.00', '0.00', '3.00', '0.00', '121.10', '121.10', '0.00', '0.00', '', NULL, NULL),
('0080', 'AMARANTO', 'ABARR', 'GR', '', '1000.00', '0.00', '0.50', '0.00', '33.04', '33.04', '0.00', '0.00', '', NULL, NULL),
('0081', 'CANELA EN POLVO', 'ABARR', 'GR', '', '200.00', '0.00', '2.00', '0.00', '150.00', '150.00', '0.00', '0.00', '', NULL, NULL),
('0082', 'ANCHOAS', 'ABARR', 'GR', '', '110.00', '0.00', '4.00', '0.00', '1.00', '1.00', '0.00', '0.00', '', NULL, NULL),
('0083', 'DULCE DE LECHE', 'ABARR', 'GR', '', '625.00', '0.00', '1.00', '0.00', '87.11', '87.11', '0.00', '0.00', '', NULL, NULL),
('0084', 'PULPA GUANABANA', 'ABARR', 'GR', '', '1000.00', '0.00', '2.00', '0.00', '62.50', '62.50', '0.00', '0.00', '', NULL, NULL),
('0085', 'TAJIN', 'ABARR', 'G}', '', '4000.00', '0.00', '15.00', '0.00', '121.28', '121.28', '0.00', '0.00', '', NULL, NULL),
('0086', 'BALSAMICO DE PERA', 'ABARR', 'ML', '', '250.00', '0.00', '1.00', '0.00', '250.00', '250.00', '0.00', '0.00', '', NULL, NULL),
('0087', 'PULQUE COCINA', 'ABARR', 'ML', '', '1000.00', '0.00', '3.00', '0.00', '15.00', '15.00', '0.00', '0.00', '', NULL, NULL),
('0088', 'SAL MARINA', 'ABARR', 'GR', '', '1000.00', '0.00', '1.00', '0.00', '55.00', '55.00', '0.00', '0.00', '', NULL, NULL),
('0089', 'SHORT RIB C/H', 'CARNE', 'GR', '', '1000.00', '0.00', '2.00', '0.00', '309.77', '309.77', '0.00', '0.00', '', NULL, NULL),
('0090', 'PICA?A', 'CARNE', 'GR', '', '1000.00', '0.00', '1.00', '0.00', '168.91', '168.91', '0.00', '0.00', '', NULL, NULL),
('0091', 'PECHUGA DE POLLO', 'CARNE', 'GR', '', '1000.00', '0.00', '12.00', '0.00', '91.40', '91.40', '0.00', '0.00', '', NULL, NULL),
('0092', 'RIB EYE', 'CARNE', 'GR', '', '1000.00', '0.00', '1.00', '0.00', '275.00', '275.00', '0.00', '0.00', '', NULL, NULL),
('0093', 'CABEZA DE RES', 'CARNE', 'GR', '', '1000.00', '0.00', '1.00', '0.00', '107.13', '107.13', '0.00', '0.00', '', NULL, NULL),
('0094', 'CHICHARRON DE CERDO', 'CARNE', 'GR', '', '1000.00', '0.00', '2.00', '0.00', '120.91', '120.91', '0.00', '0.00', '', NULL, NULL),
('0095', 'PIERNA DE CERDO', 'CARNE', 'GR', '', '1000.00', '0.00', '4.00', '0.00', '91.04', '91.04', '0.00', '0.00', '', NULL, NULL),
('0096', 'ASIENTOS CHICHARRON', 'CARNE', 'GR', '', '1000.00', '0.00', '1.00', '0.00', '120.00', '120.00', '0.00', '0.00', '', NULL, NULL),
('0097', 'TLALITOS DE CERDO', 'CARNE', 'GR', '', '1000.00', '0.00', '1.00', '0.00', '120.00', '120.00', '0.00', '0.00', '', NULL, NULL),
('0098', 'CECINA', 'CARNE', 'GR', '', '1000.00', '0.00', '8.00', '0.00', '249.89', '249.89', '0.00', '0.00', '', NULL, NULL),
('0099', 'CHAMORRO DE CERDO', 'CARNE', 'GR', '', '1000.00', '0.00', '16.00', '0.00', '72.83', '72.83', '0.00', '0.00', '', NULL, NULL),
('0100', 'FILETE DE RES', 'CARNE', 'GR', '', '1000.00', '0.00', '10.00', '0.00', '316.44', '316.44', '0.00', '0.00', '', NULL, NULL),
('0101', 'SUADERO', 'CARNE', 'GR', '', '1000.00', '0.00', '3.00', '0.00', '115.94', '115.94', '0.00', '0.00', '', NULL, NULL),
('0102', 'CARNE MOLIDA RES', 'CARNE', 'GR', '', '1000.00', '0.00', '4.00', '0.00', '114.70', '114.70', '0.00', '0.00', '', NULL, NULL),
('0103', 'RETAZO DE POLLO', 'CARNE', 'GR', '', '1000.00', '0.00', '1.00', '0.00', '33.35', '33.35', '0.00', '0.00', '', NULL, NULL),
('0104', 'CHICHARRON PRENSADO', 'CARNE', 'GR', '', '1000.00', '0.00', '15.00', '0.00', '84.84', '84.84', '0.00', '0.00', '', NULL, NULL),
('0105', 'MANTECA DE CERDO', 'CARNE', 'GR', '', '480.00', '0.00', '2.00', '0.00', '30.25', '30.25', '0.00', '0.00', '', NULL, NULL),
('0106', 'ARRACHERA TEXANA', 'CARNE', 'GR', '', '1000.00', '0.00', '15.00', '0.00', '240.00', '240.00', '0.00', '0.00', '', NULL, NULL),
('0107', 'HUESO TUETANO', 'CARNE', 'GR', '', '1000.00', '0.00', '1.00', '0.00', '50.00', '50.00', '0.00', '0.00', '', NULL, NULL),
('0108', 'MACHACA', 'CARNE', 'GR', '', '200.00', '0.00', '2.00', '0.00', '569.56', '569.56', '0.00', '0.00', '', NULL, NULL),
('0109', 'LECHON', 'CARNE', 'GR', '', '1000.00', '0.00', '1.00', '0.00', '152.04', '152.04', '0.00', '0.00', '', NULL, NULL),
('0110', 'ARRACHERA 1KG', 'COMIS', 'PZ', 'A', '1000.00', '0.00', '0.00', '0.00', '375.00', '375.00', '0.00', '0.00', '', NULL, NULL),
('0111', 'PICA?A 300G', 'COMIS', 'PZ', '', '1000.00', '0.00', '15.00', '0.00', '90.00', '90.00', '0.00', '0.00', '', NULL, NULL),
('0112', 'ARRACHERA 300G', 'COMIS', 'PZ', '', '1000.00', '0.00', '0.00', '0.00', '103.43', '103.43', '0.00', '0.00', '', NULL, NULL),
('0113', 'ARRACHERA 200G', 'COMIS', 'PZ', '', '1000.00', '0.00', '0.00', '0.00', '73.00', '73.00', '0.00', '0.00', '', NULL, NULL),
('0114', 'RIB EYE ANGUS', 'COMIS', 'PZ', '', '1000.00', '0.00', '10.00', '0.00', '375.00', '375.00', '0.00', '0.00', '', NULL, NULL),
('0115', 'NEW YORK 300G', 'COMIS', 'PZ', '', '1000.00', '0.00', '5.00', '0.00', '130.00', '130.00', '0.00', '0.00', '', NULL, NULL),
('0116', 'TOMAHAWK 1KG', 'COMIS', 'PZ', '', '1000.00', '0.00', '1.00', '0.00', '635.00', '635.00', '0.00', '0.00', '', NULL, NULL),
('0117', 'ARRACHERA 100G', 'COMIS', 'PZ', '', '1000.00', '0.00', '0.00', '0.00', '34.88', '34.88', '0.00', '0.00', '', NULL, NULL),
('0118', 'VACIO 300G', 'COMIS', 'PZ', '', '1000.00', '0.00', '5.00', '0.00', '106.00', '106.00', '0.00', '0.00', '', NULL, NULL),
('0119', 'RIB EYE CHOICE 300G', 'COMIS', 'PZ', '', '1000.00', '0.00', '0.00', '0.00', '110.00', '110.00', '0.00', '0.00', '', NULL, NULL),
('0120', 'RIB EYE NACIONAL', 'COMIS', 'GR', '', '1000.00', '0.00', '0.00', '0.00', '190.00', '190.00', '0.00', '0.00', '', NULL, NULL),
('0121', 'PAPA FRANCESA', 'CONGE', 'GR', '', '2200.00', '0.00', '15.00', '0.00', '33.86', '33.86', '0.00', '0.00', '', NULL, NULL),
('0122', 'NUGGETS DE POLLO', 'CONGE', 'GR', '', '1000.00', '0.00', '1.00', '0.00', '68.73', '68.73', '0.00', '0.00', '', NULL, NULL),
('0123', 'HELADO VAINILLA', 'CONGE', 'GR', '', '1690.00', '0.00', '2.00', '0.00', '113.40', '113.40', '0.00', '0.00', '', NULL, NULL),
('0124', 'CHORIZO ROJO', 'EMBUT', 'GR', '', '1000.00', '0.00', '0.00', '0.00', '73.76', '73.76', '0.00', '0.00', '', NULL, NULL),
('0125', 'JAMON DE PAVO', 'EMBUT', 'GR', '', '1592.00', '0.00', '1.00', '0.00', '107.19', '107.19', '0.00', '0.00', '', NULL, NULL),
('0126', 'CHISTORRA', 'EMBUT', 'GR', '', '1000.00', '0.00', '8.00', '0.00', '105.00', '105.00', '0.00', '0.00', '', NULL, NULL),
('0127', 'TOCINO', 'EMBUT', 'GR', '', '1000.00', '0.00', '1.00', '0.00', '89.41', '89.41', '0.00', '0.00', '', NULL, NULL),
('0128', 'LONGANIZA', 'EMBUT', 'GR', '', '1000.00', '0.00', '0.00', '0.00', '64.00', '64.00', '0.00', '0.00', '', NULL, NULL),
('0129', 'CLAVO DE OLOR', 'ESPEC', 'GR', '', '1000.00', '0.00', '0.00', '0.00', '114.95', '114.95', '0.00', '0.00', '', NULL, NULL),
('0130', 'TOMILLO', 'ESPEC', 'GR', '', '1000.00', '0.00', '1.00', '0.00', '86.80', '86.80', '0.00', '0.00', '', NULL, NULL),
('0131', 'HOJA DE AGUACATE', 'ESPEC', 'GR', '', '1000.00', '0.00', '1.00', '0.00', '39.00', '39.00', '0.00', '0.00', '', NULL, NULL),
('0132', 'COMINO', 'ESPEC', 'GR', '', '1000.00', '0.00', '0.00', '0.00', '70.76', '70.76', '0.00', '0.00', '', NULL, NULL),
('0133', 'NUEZ QUEBRADA', 'ESPEC', 'GR', '', '1000.00', '0.00', '1.00', '0.00', '280.00', '280.00', '0.00', '0.00', '', NULL, NULL),
('0134', 'PIMIENTA BLANCA MOL', 'ESPEC', 'GR', '', '1000.00', '0.00', '0.00', '0.00', '362.50', '362.50', '0.00', '0.00', '', NULL, NULL),
('0135', 'ROMERO', 'ESPEC', 'GR', '', '1000.00', '0.00', '0.00', '0.00', '24.11', '24.11', '0.00', '0.00', '', NULL, NULL),
('0136', 'PIMIENTA NEGRA MOLI', 'ESPEC', 'GR', '', '510.00', '0.00', '2.00', '0.00', '276.00', '276.00', '0.00', '0.00', '', NULL, NULL),
('0137', 'PIMIENTA LIMON', 'ESPEC', 'GR', '', '737.00', '0.00', '4.00', '0.00', '315.31', '315.31', '0.00', '0.00', '', NULL, NULL),
('0138', 'LAUREL', 'ESPEC', 'GR', '', '1000.00', '0.00', '1.00', '0.00', '43.75', '43.75', '0.00', '0.00', '', NULL, NULL),
('0139', 'PEPITA DE CALABAZA', 'ESPEC', 'GR', '', '1000.00', '0.00', '0.00', '0.00', '72.50', '72.50', '0.00', '0.00', '', NULL, NULL),
('0140', 'OREGANO SECO', 'ESPEC', 'GR', '', '1000.00', '0.00', '1.00', '0.00', '35.00', '35.00', '0.00', '0.00', '', NULL, NULL),
('0141', 'PIMIENTA NEGRA ENTE', 'ESPEC', 'GR', '', '1000.00', '0.00', '1.00', '0.00', '528.59', '528.59', '0.00', '0.00', '', NULL, NULL),
('0142', 'FRESA', 'FRUTA', 'GR', '', '1000.00', '0.00', '5.00', '0.00', '143.00', '143.00', '0.00', '0.00', '', NULL, NULL),
('0143', 'CHILE MORITA', 'FRUTA', 'GR', '', '1000.00', '0.00', '1.00', '0.00', '116.03', '116.03', '0.00', '0.00', '', NULL, NULL),
('0144', 'APIO', 'FRUTA', 'GR', '', '1000.00', '0.00', '2.00', '0.00', '35.75', '35.75', '0.00', '0.00', '', NULL, NULL),
('0145', 'CHILE CARIBE?O', 'FRUTA', 'GR', '', '1000.00', '0.00', '0.00', '0.00', '45.05', '45.05', '0.00', '0.00', '', NULL, NULL),
('0146', 'ZARZAMORA', 'FRUTA', 'GR', '', '1000.00', '0.00', '2.00', '0.00', '210.30', '210.30', '0.00', '0.00', '', NULL, NULL),
('0147', 'PAPA ALPHA', 'FRUTA', 'GR', '', '1000.00', '0.00', '4.00', '0.00', '39.00', '39.00', '0.00', '0.00', '', NULL, NULL),
('0148', 'CHILE GUAJILLO', 'FRUTA', 'GR', '', '1000.00', '0.00', '3.00', '0.00', '133.77', '133.77', '0.00', '0.00', '', NULL, NULL),
('0149', 'TOMATE VERDE', 'FRUTA', 'GR', '', '1000.00', '0.00', '15.00', '0.00', '51.75', '51.75', '0.00', '0.00', '', NULL, NULL),
('0150', 'HUITLACOCHE', 'FRUTA', 'GR', '', '1000.00', '0.00', '0.00', '0.00', '50.05', '50.05', '0.00', '0.00', '', NULL, NULL),
('0151', 'LIMON SEMILLA', 'FRUTA', 'GR', '', '1000.00', '0.00', '0.00', '0.00', '32.28', '32.28', '0.00', '0.00', '', NULL, NULL),
('0152', 'CHILE MULATO', 'FRUTA', 'GR', '', '1000.00', '0.00', '1.00', '0.00', '128.63', '128.63', '0.00', '0.00', '', NULL, NULL),
('0153', 'CEBOLLA CAMBRAY BLA', 'FRUTA', 'GR', '', '1000.00', '0.00', '15.00', '0.00', '30.42', '30.42', '0.00', '0.00', '', NULL, NULL),
('0154', 'CHILE CHILTEPIN', 'FRUTA', 'GR', '', '1000.00', '0.00', '1.00', '0.00', '568.31', '568.31', '0.00', '0.00', '', NULL, NULL),
('0155', 'LECHUGA OREJONA', 'FRUTA', 'GR', '', '1000.00', '0.00', '2.00', '0.00', '24.38', '24.38', '0.00', '0.00', '', NULL, NULL),
('0156', 'CHILE ARBOL SECO', 'FRUTA', 'GR', '', '1000.00', '0.00', '0.00', '0.00', '150.94', '150.94', '0.00', '0.00', '', NULL, NULL),
('0157', 'FLORES COMESTIBLES PZ', 'FRUTA', 'GR', '', '1000.00', '0.00', '0.00', '0.00', '3.25', '3.25', '0.00', '0.00', '', NULL, NULL),
('0158', 'CHILE JALAPE?O', 'FRUTA', 'GR', '', '1000.00', '0.00', '0.00', '0.00', '25.03', '25.03', '0.00', '0.00', '', NULL, NULL),
('0159', 'FRAMBUESA', 'FRUTA', 'GR', '', '1000.00', '0.00', '2.00', '0.00', '200.74', '200.74', '0.00', '0.00', '', NULL, NULL),
('0160', 'CHILE ANCHO', 'FRUTA', 'GR', '', '1000.00', '0.00', '2.00', '0.00', '125.73', '125.73', '0.00', '0.00', '', NULL, NULL),
('0161', 'CEBOLLIN', 'FRUTA', 'GR', '', '1000.00', '0.00', '0.10', '0.00', '60.00', '60.00', '0.00', '0.00', '', NULL, NULL),
('0162', 'CHILE ANAHEIM', 'FRUTA', 'GR', '', '1000.00', '0.00', '1.00', '0.00', '93.50', '93.50', '0.00', '0.00', '', NULL, NULL),
('0163', 'CHILE CASCABEL', 'FRUTA', 'GR', '', '1000.00', '0.00', '1.00', '0.00', '150.94', '150.94', '0.00', '0.00', '', NULL, NULL),
('0164', 'CHILE TAMPICO', 'FRUTA', 'GR', '', '1000.00', '0.00', '3.00', '0.00', '31.50', '31.50', '0.00', '0.00', '', NULL, NULL),
('0165', 'COCO NATURAL', 'FRUTA', 'GR', '', '1000.00', '0.00', '2.00', '0.00', '60.00', '60.00', '0.00', '0.00', '', NULL, NULL),
('0166', 'HOJA SANTA', 'FRUTA', 'GR', '', '1000.00', '0.00', '1.00', '0.00', '39.00', '39.00', '0.00', '0.00', '', NULL, NULL),
('0167', 'JICAMA', 'FRUTA', 'GR', '', '1000.00', '0.00', '3.00', '0.00', '9.35', '9.35', '0.00', '0.00', '', NULL, NULL),
('0168', 'PERA', 'FRUTA', 'GR', '', '1000.00', '0.00', '0.00', '0.00', '52.50', '52.50', '0.00', '0.00', '', NULL, NULL),
('0169', 'PULPA DE MARACUYA', 'FRUTA', 'GR', '', '1000.00', '0.00', '2.00', '0.00', '68.25', '68.25', '0.00', '0.00', '', NULL, NULL),
('0170', 'PAPA SARATOGA', 'FRUTA', 'GG', '', '1000.00', '0.00', '0.00', '0.00', '113.30', '113.30', '0.00', '0.00', '', NULL, NULL),
('0171', 'UVA', 'FRUTA', 'GR', '', '1000.00', '0.00', '1.00', '0.00', '88.73', '88.73', '0.00', '0.00', '', NULL, NULL),
('0172', 'PLATANO MACHO', 'FRUTA', 'GR', '', '1000.00', '0.00', '2.00', '0.00', '21.06', '21.06', '0.00', '0.00', '', NULL, NULL),
('0173', 'AGUACATE', 'FRUTA', 'GR', '', '1000.00', '0.00', '50.00', '0.00', '58.50', '58.50', '0.00', '0.00', '', NULL, NULL),
('0174', 'JENGIBRE', 'FRUTA', 'GR', '', '1000.00', '0.00', '0.10', '0.00', '18.75', '18.75', '0.00', '0.00', '', NULL, NULL),
('0175', 'JITOMATE BOLA', 'FRUTA', 'GR', '', '1000.00', '0.00', '0.00', '0.00', '18.89', '18.89', '0.00', '0.00', '', NULL, NULL),
('0176', 'NARANJA', 'FRUTA', 'GR', '', '1000.00', '0.00', '5.00', '0.00', '8.13', '8.13', '0.00', '0.00', '', NULL, NULL),
('0177', 'JITOMATE SALADETE', 'FRUTA', 'GR', '', '1000.00', '0.00', '60.00', '0.00', '15.60', '15.60', '0.00', '0.00', '', NULL, NULL),
('0178', 'LECHUGA SANGRIA', 'FRUTA', 'GR', '', '1000.00', '0.00', '3.00', '0.00', '17.16', '17.16', '0.00', '0.00', '', NULL, NULL),
('0179', 'LEMONGRASS', 'FRUTA', 'GR', '', '1000.00', '0.00', '0.00', '0.00', '40.00', '40.00', '0.00', '0.00', '', NULL, NULL),
('0180', 'MANGO ATAULFO', 'FRUTA', 'GR', '', '1000.00', '0.00', '2.00', '0.00', '52.10', '52.10', '0.00', '0.00', '', NULL, NULL),
('0181', 'CHILE MANZANO AMARI', 'FRUTA', 'GR', '', '1000.00', '0.00', '0.00', '0.00', '52.50', '52.50', '0.00', '0.00', '', NULL, NULL),
('0182', 'PIMIENTO MORRON ROJO', 'FRUTA', 'GR', '', '1000.00', '0.00', '3.00', '0.00', '47.32', '47.32', '0.00', '0.00', '', NULL, NULL),
('0183', 'CEBOLLA MORADA', 'FRUTA', 'GR', '', '1000.00', '0.00', '10.00', '0.00', '14.30', '14.30', '0.00', '0.00', '', NULL, NULL),
('0184', 'NOPAL', 'FRUTA', 'GR', '', '1000.00', '0.00', '10.00', '0.00', '1.30', '1.30', '0.00', '0.00', '', NULL, NULL),
('0185', 'PAPA CAMBRAY', 'FRUTA', 'GR', '', '1000.00', '0.00', '15.00', '0.00', '32.50', '32.50', '0.00', '0.00', '', NULL, NULL),
('0186', 'PERA LECHERA', 'FRUTA', 'GR', '', '1000.00', '0.00', '0.00', '0.00', '33.00', '33.00', '0.00', '0.00', '', NULL, NULL),
('0187', 'CHAMPINON', 'FRUTA', 'GR', '', '1000.00', '0.00', '0.25', '0.00', '90.81', '90.81', '0.00', '0.00', '', NULL, NULL),
('0188', 'LIMON SIN SEMILLA', 'FRUTA', 'GR', '', '1000.00', '0.00', '15.00', '0.00', '7.50', '7.50', '0.00', '0.00', '', NULL, NULL),
('0189', 'CHILE RELLENO', 'FRUTA', 'GR', '', '1000.00', '0.00', '0.00', '0.00', '35.00', '35.00', '0.00', '0.00', '', NULL, NULL),
('0190', 'ZANAHORIA', 'FRUTA', 'GR', '', '1000.00', '0.00', '5.00', '0.00', '13.52', '13.52', '0.00', '0.00', '', NULL, NULL),
('0191', 'CEBOLLA BLANCA', 'FRUTA', 'GR', '', '1000.00', '0.00', '15.00', '0.00', '8.58', '8.58', '0.00', '0.00', '', NULL, NULL),
('0192', 'PEPINO', 'FRUTA', 'GR', '', '1000.00', '0.00', '10.00', '0.00', '16.50', '16.50', '0.00', '0.00', '', NULL, NULL),
('0193', 'AJONJOLI BLANCO', 'FRUTA', 'GR', '', '1000.00', '0.00', '3.00', '0.00', '71.50', '71.50', '0.00', '0.00', '', NULL, NULL),
('0194', 'MANZANA VERDE', 'FRUTA', 'GR', '', '1000.00', '0.00', '0.00', '0.00', '67.60', '67.60', '0.00', '0.00', '', NULL, NULL),
('0195', 'MENTA', 'FRUTA', 'GR', '', '1000.00', '0.00', '0.10', '0.00', '67.60', '67.60', '0.00', '0.00', '', NULL, NULL),
('0196', 'RABANO GRANDE', 'FRUTA', 'GR', '', '1000.00', '0.00', '4.00', '0.00', '13.00', '13.00', '0.00', '0.00', '', NULL, NULL),
('0197', 'CHILE CHIPOTLE SECO', 'FRUTA', 'GR', '', '1000.00', '0.00', '1.00', '0.00', '208.69', '208.69', '0.00', '0.00', '', NULL, NULL),
('0198', 'CILANTRO RECIO', 'FRUTA', 'GR', '', '1000.00', '0.00', '1.00', '0.00', '33.80', '33.80', '0.00', '0.00', '', NULL, NULL),
('0199', 'LECHUGA ROMANA', 'FRUTA', 'GR', '', '1000.00', '0.00', '6.00', '0.00', '16.25', '16.25', '0.00', '0.00', '', NULL, NULL),
('0200', 'CILANTRO', 'FRUTA', 'GG', '', '1000.00', '0.00', '5.00', '0.00', '20.28', '20.28', '0.00', '0.00', '', NULL, NULL),
('0201', 'CHILE PASILLA', 'FRUTA', 'GR', '', '1000.00', '0.00', '1.00', '0.00', '132.99', '132.99', '0.00', '0.00', '', NULL, NULL),
('0202', 'AJO BLANCO', 'FRUTA', 'GR', '', '1000.00', '0.00', '3.00', '0.00', '71.50', '71.50', '0.00', '0.00', '', NULL, NULL),
('0203', 'CHILE HABANERO', 'FRUTA', 'GR', '', '1000.00', '0.00', '15.00', '0.00', '39.38', '39.38', '0.00', '0.00', '', NULL, NULL),
('0204', 'SANDIA', 'FRUTA', 'GR', '', '1000.00', '0.00', '2.00', '0.00', '24.11', '24.11', '0.00', '0.00', '', NULL, NULL),
('0205', 'AJONJOLI NEGRO', 'FRUTA', 'GR', '', '1000.00', '0.00', '1.00', '0.00', '55.00', '55.00', '0.00', '0.00', '', NULL, NULL),
('0206', 'PEREJIL LISO', 'FRUTA', 'GR', '', '1000.00', '0.00', '1.00', '0.00', '16.90', '16.90', '0.00', '0.00', '', NULL, NULL),
('0207', 'ESPINACA', 'FRUTA', 'GR', '', '1000.00', '0.00', '2.00', '0.00', '38.50', '38.50', '0.00', '0.00', '', NULL, NULL),
('0208', 'EPAZOTE VERDE', 'FRUTA', 'GR', '', '1000.00', '0.00', '0.00', '0.00', '20.28', '20.28', '0.00', '0.00', '', NULL, NULL),
('0209', 'FLOR DE CALABAZA', 'FRUTA', 'GR', '', '1000.00', '0.00', '1.00', '0.00', '69.68', '69.68', '0.00', '0.00', '', NULL, NULL),
('0210', 'CHILE POBLANO', 'FRUTA', 'GR', '', '1000.00', '0.00', '0.00', '0.00', '24.96', '24.96', '0.00', '0.00', '', NULL, NULL),
('0211', 'CHICHARO JAPONES', 'FRUTA', 'GR', '', '1000.00', '0.00', '2.00', '0.00', '50.05', '50.05', '0.00', '0.00', '', NULL, NULL),
('0212', 'PASAS', 'FRUTA', 'GR', '', '1000.00', '0.00', '15.00', '0.00', '57.33', '57.33', '0.00', '0.00', '', NULL, NULL),
('0213', 'PIMIENTO MORRON VERDE', 'FRUTA', 'GR', '', '1000.00', '0.00', '3.00', '0.00', '47.32', '47.32', '0.00', '0.00', '', NULL, NULL),
('0214', 'PERA PANOCHERA', 'FRUTA', 'GR', '', '1000.00', '0.00', '0.00', '0.00', '15.00', '15.00', '0.00', '0.00', '', NULL, NULL),
('0215', 'JITOMATE CHERRY ROJO', 'FRUTA', 'GR', '', '1000.00', '0.00', '2.00', '0.00', '50.56', '50.56', '0.00', '0.00', '', NULL, NULL),
('0216', 'PI?A', 'FRUTA', 'GR', '', '1000.00', '0.00', '2.00', '0.00', '15.61', '15.61', '0.00', '0.00', '', NULL, NULL),
('0217', 'PILONCILLO', 'FRUTA', 'GR', '', '1000.00', '0.00', '2.00', '0.00', '31.63', '31.63', '0.00', '0.00', '', NULL, NULL),
('0218', 'CHILE SERRANO VERDE', 'FRUTA', 'GR', '', '1000.00', '0.00', '0.50', '0.00', '14.30', '14.30', '0.00', '0.00', '', NULL, NULL),
('0219', 'FLORES COMESTIBLES', 'FRUTA', 'GR', '', '1000.00', '0.00', '1.00', '0.00', '130.00', '130.00', '0.00', '0.00', '', NULL, NULL),
('0220', 'QUESO RICOTTA', 'LACTE', 'GR', '', '700.00', '0.00', '2.00', '0.00', '132.30', '132.30', '0.00', '0.00', '', NULL, NULL),
('0221', 'QUESO DE CABRA', 'LACTE', 'GR', '', '1000.00', '0.00', '2.00', '0.00', '242.50', '242.50', '0.00', '0.00', '', NULL, NULL),
('0222', 'QUESO CREMA', 'LACTE', 'GR', '', '892.00', '0.00', '1.00', '0.00', '130.39', '130.39', '0.00', '0.00', '', NULL, NULL),
('0223', 'MANTEQUILLA', 'LACTE', 'GR', '', '892.00', '0.00', '4.00', '0.00', '174.20', '174.20', '0.00', '0.00', '', NULL, NULL),
('0224', 'JOCOQUE', 'LACTE', 'GR', '', '500.00', '0.00', '2.00', '0.00', '139.50', '139.50', '0.00', '0.00', '', NULL, NULL),
('0225', 'QUESO COTIJA', 'LACTE', 'GR', '', '1000.00', '0.00', '1.00', '0.00', '84.92', '84.92', '0.00', '0.00', '', NULL, NULL),
('0226', 'QUESO GOUDA', 'LACTE', 'GR', '', '2858.00', '0.00', '3.00', '0.00', '115.75', '115.75', '0.00', '0.00', '', NULL, NULL),
('0227', 'QUESO MANCHEGO', 'LACTE', 'GR', '', '1000.00', '0.00', '0.00', '0.00', '126.75', '126.75', '0.00', '0.00', '', NULL, NULL),
('0228', 'QUESO PARMESANO', 'LACTE', 'GR', '', '1000.00', '0.00', '1.00', '0.00', '210.00', '210.00', '0.00', '0.00', '', NULL, NULL),
('0229', 'QUESO PROVOLONE', 'LACTE', 'GR', '', '1000.00', '0.00', '3.00', '0.00', '162.50', '162.50', '0.00', '0.00', '', NULL, NULL),
('0230', 'YOGURTH NATURAL', 'LACTE', 'GR', '', '1000.00', '0.00', '2.00', '0.00', '36.75', '36.75', '0.00', '0.00', '', NULL, NULL),
('0231', 'QUESO AMARILLO', 'LACTE', 'GR', '', '1000.00', '0.00', '4.00', '0.00', '0.76', '0.76', '0.00', '0.00', '', NULL, NULL),
('0232', 'QUESO OAXACA', 'LACTE', 'GR', '', '450.00', '0.00', '3.00', '0.00', '84.50', '84.50', '0.00', '0.00', '', NULL, NULL),
('0233', 'CREMA NATURAL', 'LACTE', 'GR', '', '1600.00', '0.00', '15.00', '0.00', '52.80', '52.80', '0.00', '0.00', '', NULL, NULL),
('0234', 'CREMA PARA BATIR', 'LACTE', 'GR', '', '1000.00', '0.00', '6.00', '0.00', '59.18', '59.18', '0.00', '0.00', '', NULL, NULL),
('0235', 'QUESO PANELA', 'LACTE', 'GR', '', '400.00', '0.00', '15.00', '0.00', '75.00', '75.00', '0.00', '0.00', '', NULL, NULL),
('0236', 'QUESO MASCARPONE', 'LACTE', 'GR', '', '1000.00', '0.00', '0.00', '0.00', '259.85', '259.85', '0.00', '0.00', '', NULL, NULL),
('0237', 'TLAYUDAS', 'PAN Y', 'PZ', '', '1000.00', '0.00', '3.00', '0.00', '8.93', '8.93', '0.00', '0.00', '', NULL, NULL),
('0238', 'PAN HAMBURGUESA GDE', 'PAN Y', 'PZ', '', '1000.00', '0.00', '0.00', '0.00', '5.00', '5.00', '0.00', '0.00', '', NULL, NULL),
('0239', 'TELERA PARA TORTA', 'PAN Y', 'PZ', '', '1000.00', '0.00', '0.00', '0.00', '3.30', '3.30', '0.00', '0.00', '', NULL, NULL),
('0240', 'TORTILLA CHALUPERA', 'PAN Y', 'PZ', '', '1000.00', '0.00', '0.00', '0.00', '17.00', '17.00', '0.00', '0.00', '', NULL, NULL),
('0241', 'MASA AZUL', 'PAN Y', 'PZ', '', '1000.00', '0.00', '0.00', '0.00', '16.80', '16.80', '0.00', '0.00', '', NULL, NULL),
('0242', 'TORTILLA DE MAIZ', 'PAN Y', 'GR', '', '6724.00', '0.00', '50.00', '0.00', '14.00', '14.00', '0.00', '0.00', '', NULL, NULL),
('0243', 'TORTILLA DE HARINA', 'PAN Y', 'PZ', '', '20.00', '0.00', '15.00', '0.00', '32.59', '32.59', '0.00', '0.00', '', NULL, NULL),
('0244', 'CAMARON AGUACHILE', 'PESCA', 'PZ', '', '1000.00', '0.00', '12.00', '0.00', '264.00', '264.00', '0.00', '0.00', '', NULL, NULL),
('0245', 'CAMARON 31/35', 'PESCA', 'PZ', '', '1000.00', '0.00', '12.00', '0.00', '288.00', '288.00', '0.00', '0.00', '', NULL, NULL),
('0246', 'SALMON FRESCO', 'PESCA', 'PZ', '', '1000.00', '0.00', '0.00', '0.00', '320.00', '320.00', '0.00', '0.00', '', NULL, NULL),
('0247', 'FILETE TILAPIA', 'PESCA', 'PZ', '', '1000.00', '0.00', '25.00', '0.00', '80.01', '80.01', '0.00', '0.00', '', NULL, NULL),
('0248', 'ATUN FRESCO', 'PESCA', 'PZ', '', '1000.00', '0.00', '4.00', '0.00', '230.00', '230.00', '0.00', '0.00', '', NULL, NULL),
('0249', 'ATUN STAKE', 'PESCA', 'PZ', '', '1000.00', '0.00', '0.00', '0.00', '229.69', '229.69', '0.00', '0.00', '', NULL, NULL),
('0250', 'PULPO', 'PESCA', 'PZ', '', '1000.00', '0.00', '4.00', '0.00', '230.00', '230.00', '0.00', '0.00', '', NULL, NULL),
('10', 'jarabe granadina', 'ABARR', '', '', '1000.00', '0.00', '10.00', '0.00', '50.92', '50.92', '0.00', '0.00', '', NULL, NULL),
('100', 'filete de res', 'CARNE', 'GR', '', '1000.00', '0.00', '10.00', '0.00', '316.44', '316.44', '0.00', '0.00', '', NULL, NULL),
('101', 'suadero', 'CARNE', 'GR', '', '1000.00', '0.00', '10.00', '0.00', '115.94', '115.94', '0.00', '0.00', '', NULL, NULL),
('102', 'carne molida res', 'CARNE', 'GR', '', '1000.00', '0.00', '10.00', '0.00', '114.70', '114.70', '0.00', '0.00', '', NULL, NULL),
('103', 'retazo de pollo', 'CARNE', 'GR', '', '1000.00', '0.00', '10.00', '0.00', '33.35', '33.35', '0.00', '0.00', '', NULL, NULL),
('104', 'chicharron prensado', 'CARNE', 'GR', '', '1000.00', '0.00', '10.00', '0.00', '84.84', '84.84', '0.00', '0.00', '', NULL, NULL),
('105', 'manteca de cerdo', 'CARNE', 'GR', '', '1000.00', '0.00', '10.00', '0.00', '30.25', '30.25', '0.00', '0.00', '', NULL, NULL),
('106', 'arrachera texana', 'CARNE', 'GR', '', '1000.00', '0.00', '10.00', '0.00', '240.00', '240.00', '0.00', '0.00', '', NULL, NULL),
('107', 'hueso tuetano', 'CARNE', 'GR', '', '1000.00', '0.00', '10.00', '0.00', '50.00', '50.00', '0.00', '0.00', '', NULL, NULL),
('108', 'machaca', 'CARNE', 'GR', '', '1000.00', '0.00', '10.00', '0.00', '569.56', '569.56', '0.00', '0.00', '', NULL, NULL),
('109', 'lechon', 'CARNE', 'GR', '', '1000.00', '0.00', '10.00', '0.00', '152.04', '152.04', '0.00', '0.00', '', NULL, NULL),
('11', 'aceite de oliva', 'ABARR', '', '', '1000.00', '0.00', '10.00', '0.00', '117.50', '117.50', '0.00', '0.00', '', NULL, NULL),
('110', 'arrachera 1kg', 'COMIS', 'PZ', 'A', '1000.00', '0.00', '10.00', '0.00', '375.00', '375.00', '0.00', '0.00', '', NULL, NULL),
('111', 'pica?a 300g', 'COMIS', 'PZ', '', '1000.00', '0.00', '10.00', '0.00', '90.00', '90.00', '0.00', '0.00', '', NULL, NULL),
('112', 'arrachera 300g', 'COMIS', 'PZ', '', '1000.00', '0.00', '10.00', '0.00', '103.43', '103.43', '0.00', '0.00', '', NULL, NULL),
('113', 'arrachera 200g', 'COMIS', 'PZ', '', '1000.00', '0.00', '10.00', '0.00', '73.00', '73.00', '0.00', '0.00', '', NULL, NULL),
('114', 'rib eye angus', 'COMIS', 'PZ', '', '1000.00', '0.00', '10.00', '0.00', '375.00', '375.00', '0.00', '0.00', '', NULL, NULL),
('115', 'new york 300g', 'COMIS', 'PZ', '', '1000.00', '0.00', '10.00', '0.00', '130.00', '130.00', '0.00', '0.00', '', NULL, NULL),
('116', 'tomahawk 1kg', 'COMIS', 'PZ', '', '1000.00', '0.00', '10.00', '0.00', '635.00', '635.00', '0.00', '0.00', '', NULL, NULL),
('117', 'arrachera 100g', 'COMIS', 'PZ', '', '1000.00', '0.00', '10.00', '0.00', '34.88', '34.88', '0.00', '0.00', '', NULL, NULL),
('118', 'vacio 300g', 'COMIS', 'PZ', '', '1000.00', '0.00', '10.00', '0.00', '106.00', '106.00', '0.00', '0.00', '', NULL, NULL),
('119', 'rib eye choice 300g', 'COMIS', 'PZ', '', '1000.00', '0.00', '10.00', '0.00', '110.00', '110.00', '0.00', '0.00', '', NULL, NULL),
('12', 'arandano deshidratado', 'ABARR', '', '', '1000.00', '0.00', '10.00', '0.00', '152.87', '152.87', '0.00', '0.00', '', NULL, NULL),
('120', 'rib eye nacional', 'COMIS', 'GR', '', '1000.00', '0.00', '10.00', '0.00', '190.00', '190.00', '0.00', '0.00', '', NULL, NULL),
('121', 'papa francesa', 'CONGE', 'GR', '', '1000.00', '0.00', '10.00', '0.00', '33.86', '33.86', '0.00', '0.00', '', NULL, NULL),
('122', 'nuggets de pollo', 'CONGE', 'GR', '', '1000.00', '0.00', '10.00', '0.00', '68.73', '68.73', '0.00', '0.00', '', NULL, NULL),
('123', 'helado vainilla', 'CONGE', 'GR', '', '1000.00', '0.00', '10.00', '0.00', '113.40', '113.40', '0.00', '0.00', '', NULL, NULL),
('124', 'chorizo rojo', 'EMBUT', 'GR', '', '1000.00', '0.00', '10.00', '0.00', '73.76', '73.76', '0.00', '0.00', '', NULL, NULL),
('125', 'jamon de pavo', 'EMBUT', 'GR', '', '1000.00', '0.00', '10.00', '0.00', '107.19', '107.19', '0.00', '0.00', '', NULL, NULL),
('126', 'chistorra', 'EMBUT', 'GR', '', '1000.00', '0.00', '10.00', '0.00', '105.00', '105.00', '0.00', '0.00', '', NULL, NULL),
('127', 'tocino', 'EMBUT', 'GR', '', '1000.00', '0.00', '10.00', '0.00', '89.41', '89.41', '0.00', '0.00', '', NULL, NULL),
('128', 'longaniza', 'EMBUT', 'GR', '', '1000.00', '0.00', '10.00', '0.00', '64.00', '64.00', '0.00', '0.00', '', NULL, NULL),
('129', 'clavo de olor', 'ESPEC', 'GR', '', '1000.00', '0.00', '10.00', '0.00', '114.95', '114.95', '0.00', '0.00', '', NULL, NULL),
('13', 'mostaza dijon', 'ABARR', '', '', '1000.00', '0.00', '10.00', '0.00', '203.69', '203.69', '0.00', '0.00', '', NULL, NULL),
('130', 'tomillo', 'ESPEC', 'GR', '', '1000.00', '0.00', '10.00', '0.00', '86.80', '86.80', '0.00', '0.00', '', NULL, NULL),
('131', 'hoja de aguacate', 'ESPEC', 'GR', '', '1000.00', '0.00', '10.00', '0.00', '39.00', '39.00', '0.00', '0.00', '', NULL, NULL),
('132', 'comino', 'ESPEC', 'GR', '', '1000.00', '0.00', '10.00', '0.00', '70.76', '70.76', '0.00', '0.00', '', NULL, NULL),
('133', 'nuez quebrada', 'ESPEC', 'GR', '', '1000.00', '0.00', '10.00', '0.00', '280.00', '280.00', '0.00', '0.00', '', NULL, NULL),
('134', 'pimienta blanca mol', 'ESPEC', 'GR', '', '1000.00', '0.00', '10.00', '0.00', '362.50', '362.50', '0.00', '0.00', '', NULL, NULL),
('135', 'romero', 'ESPEC', 'GR', '', '1000.00', '0.00', '10.00', '0.00', '24.11', '24.11', '0.00', '0.00', '', NULL, NULL),
('136', 'pimienta negra moli', 'ESPEC', 'GR', '', '1000.00', '0.00', '10.00', '0.00', '276.00', '276.00', '0.00', '0.00', '', NULL, NULL),
('137', 'pimienta limon', 'ESPEC', 'GR', '', '1000.00', '0.00', '10.00', '0.00', '315.31', '315.31', '0.00', '0.00', '', NULL, NULL),
('138', 'laurel', 'ESPEC', 'GR', '', '1000.00', '0.00', '10.00', '0.00', '43.75', '43.75', '0.00', '0.00', '', NULL, NULL),
('139', 'pepita de calabaza', 'ESPEC', 'GR', '', '1000.00', '0.00', '10.00', '0.00', '72.50', '72.50', '0.00', '0.00', '', NULL, NULL),
('14', 'salsa de soya', 'ABARR', '', '', '1000.00', '0.00', '10.00', '0.00', '119.05', '119.05', '0.00', '0.00', '', NULL, NULL),
('140', 'oregano seco', 'ESPEC', 'GR', '', '1000.00', '0.00', '10.00', '0.00', '35.00', '35.00', '0.00', '0.00', '', NULL, NULL),
('141', 'pimienta negra ente', 'ESPEC', 'GR', '', '1000.00', '0.00', '10.00', '0.00', '528.59', '528.59', '0.00', '0.00', '', NULL, NULL),
('142', 'fresa', 'FRUTA', 'GR', '', '1000.00', '0.00', '10.00', '0.00', '143.00', '143.00', '0.00', '0.00', '', NULL, NULL),
('143', 'chile morita', 'FRUTA', 'GR', '', '1000.00', '0.00', '10.00', '0.00', '116.03', '116.03', '0.00', '0.00', '', NULL, NULL),
('144', 'apio', 'FRUTA', 'GR', '', '1000.00', '0.00', '10.00', '0.00', '35.75', '35.75', '0.00', '0.00', '', NULL, NULL),
('145', 'chile caribe?o', 'FRUTA', 'GR', '', '1000.00', '0.00', '10.00', '0.00', '45.05', '45.05', '0.00', '0.00', '', NULL, NULL),
('146', 'zarzamora', 'FRUTA', 'GR', '', '1000.00', '0.00', '10.00', '0.00', '210.30', '210.30', '0.00', '0.00', '', NULL, NULL),
('147', 'papa alpha', 'FRUTA', 'GR', '', '1000.00', '0.00', '10.00', '0.00', '39.00', '39.00', '0.00', '0.00', '', NULL, NULL),
('148', 'chile guajillo', 'FRUTA', 'GR', '', '1000.00', '0.00', '10.00', '0.00', '133.77', '133.77', '0.00', '0.00', '', NULL, NULL),
('149', 'tomate verde', 'FRUTA', 'GR', '', '1000.00', '0.00', '10.00', '0.00', '51.75', '51.75', '0.00', '0.00', '', NULL, NULL),
('15', 'salsa teriyaki', 'ABARR', '', '', '1000.00', '0.00', '10.00', '0.00', '44.45', '44.45', '0.00', '0.00', '', NULL, NULL),
('150', 'huitlacoche', 'FRUTA', 'GR', '', '1000.00', '0.00', '10.00', '0.00', '50.05', '50.05', '0.00', '0.00', '', NULL, NULL),
('151', 'limon semilla', 'FRUTA', 'GR', '', '1000.00', '0.00', '10.00', '0.00', '32.28', '32.28', '0.00', '0.00', '', NULL, NULL),
('152', 'chile mulato', 'FRUTA', 'GR', '', '1000.00', '0.00', '10.00', '0.00', '128.63', '128.63', '0.00', '0.00', '', NULL, NULL),
('153', 'cebolla cambray bla', 'FRUTA', 'GR', '', '1000.00', '0.00', '10.00', '0.00', '30.42', '30.42', '0.00', '0.00', '', NULL, NULL),
('154', 'chile chiltepin', 'FRUTA', 'GR', '', '1000.00', '0.00', '10.00', '0.00', '568.31', '568.31', '0.00', '0.00', '', NULL, NULL),
('155', 'lechuga orejona', 'FRUTA', 'GR', '', '1000.00', '0.00', '10.00', '0.00', '24.38', '24.38', '0.00', '0.00', '', NULL, NULL),
('156', 'chile arbol seco', 'FRUTA', 'GR', '', '1000.00', '0.00', '10.00', '0.00', '150.94', '150.94', '0.00', '0.00', '', NULL, NULL),
('157', 'flores comestibles pz', 'FRUTA', 'GR', '', '1000.00', '0.00', '10.00', '0.00', '3.25', '3.25', '0.00', '0.00', '', NULL, NULL),
('158', 'chile jalape?o', 'FRUTA', 'GR', '', '1000.00', '0.00', '10.00', '0.00', '25.03', '25.03', '0.00', '0.00', '', NULL, NULL),
('159', 'frambuesa', 'FRUTA', 'GR', '', '1000.00', '0.00', '10.00', '0.00', '200.74', '200.74', '0.00', '0.00', '', NULL, NULL),
('16', 'cajeta', 'ABARR', '', '', '1000.00', '0.00', '10.00', '0.00', '78.50', '78.50', '0.00', '0.00', '', NULL, NULL),
('160', 'chile ancho', 'FRUTA', 'GR', '', '1000.00', '0.00', '10.00', '0.00', '125.73', '125.73', '0.00', '0.00', '', NULL, NULL),
('161', 'cebollin', 'FRUTA', 'GR', '', '1000.00', '0.00', '10.00', '0.00', '60.00', '60.00', '0.00', '0.00', '', NULL, NULL),
('162', 'chile anaheim', 'FRUTA', 'GR', '', '1000.00', '0.00', '10.00', '0.00', '93.50', '93.50', '0.00', '0.00', '', NULL, NULL),
('163', 'chile cascabel', 'FRUTA', 'GR', '', '1000.00', '0.00', '10.00', '0.00', '150.94', '150.94', '0.00', '0.00', '', NULL, NULL),
('164', 'chile tampico', 'FRUTA', 'GR', '', '1000.00', '0.00', '10.00', '0.00', '31.50', '31.50', '0.00', '0.00', '', NULL, NULL),
('165', 'coco natural', 'FRUTA', 'GR', '', '1000.00', '0.00', '10.00', '0.00', '60.00', '60.00', '0.00', '0.00', '', NULL, NULL),
('166', 'hoja santa', 'FRUTA', 'GR', '', '1000.00', '0.00', '10.00', '0.00', '39.00', '39.00', '0.00', '0.00', '', NULL, NULL),
('167', 'jicama', 'FRUTA', 'GR', '', '1000.00', '0.00', '10.00', '0.00', '9.35', '9.35', '0.00', '0.00', '', NULL, NULL),
('168', 'pera', 'FRUTA', 'GR', '', '1000.00', '0.00', '10.00', '0.00', '52.50', '52.50', '0.00', '0.00', '', NULL, NULL),
('169', 'pulpa de maracuya', 'FRUTA', 'GR', '', '1000.00', '0.00', '10.00', '0.00', '68.25', '68.25', '0.00', '0.00', '', NULL, NULL),
('17', 'leche evaporada', 'ABARR', '', '', '1000.00', '0.00', '10.00', '0.00', '38.00', '38.00', '0.00', '0.00', '', NULL, NULL),
('170', 'papa saratoga', 'FRUTA', 'GG', '', '1000.00', '0.00', '10.00', '0.00', '113.30', '113.30', '0.00', '0.00', '', NULL, NULL),
('171', 'uva', 'FRUTA', 'GR', '', '1000.00', '0.00', '10.00', '0.00', '88.73', '88.73', '0.00', '0.00', '', NULL, NULL),
('172', 'platano macho', 'FRUTA', 'GR', '', '1000.00', '0.00', '10.00', '0.00', '21.06', '21.06', '0.00', '0.00', '', NULL, NULL),
('173', 'aguacate', 'FRUTA', 'GR', '', '1000.00', '0.00', '10.00', '0.00', '58.50', '58.50', '0.00', '0.00', '', NULL, NULL),
('174', 'jengibre', 'FRUTA', 'GR', '', '1000.00', '0.00', '10.00', '0.00', '18.75', '18.75', '0.00', '0.00', '', NULL, NULL),
('175', 'jitomate bola', 'FRUTA', 'GR', '', '1000.00', '0.00', '10.00', '0.00', '18.89', '18.89', '0.00', '0.00', '', NULL, NULL),
('176', 'naranja', 'FRUTA', 'GR', '', '1000.00', '0.00', '10.00', '0.00', '8.13', '8.13', '0.00', '0.00', '', NULL, NULL),
('177', 'jitomate saladete', 'FRUTA', 'GR', '', '1000.00', '0.00', '10.00', '0.00', '15.60', '15.60', '0.00', '0.00', '', NULL, NULL),
('178', 'lechuga sangria', 'FRUTA', 'GR', '', '1000.00', '0.00', '10.00', '0.00', '17.16', '17.16', '0.00', '0.00', '', NULL, NULL),
('179', 'lemongrass', 'FRUTA', 'GR', '', '1000.00', '0.00', '10.00', '0.00', '40.00', '40.00', '0.00', '0.00', '', NULL, NULL),
('18', 'aceite vegetal', 'ABARR', '', '', '1000.00', '0.00', '10.00', '0.00', '28.70', '28.70', '0.00', '0.00', '', NULL, NULL),
('180', 'mango ataulfo', 'FRUTA', 'GR', '', '1000.00', '0.00', '10.00', '0.00', '52.10', '52.10', '0.00', '0.00', '', NULL, NULL),
('181', 'chile manzano amari', 'FRUTA', 'GR', '', '1000.00', '0.00', '10.00', '0.00', '52.50', '52.50', '0.00', '0.00', '', NULL, NULL),
('182', 'pimiento morron rojo', 'FRUTA', 'GR', '', '1000.00', '0.00', '10.00', '0.00', '47.32', '47.32', '0.00', '0.00', '', NULL, NULL),
('183', 'cebolla morada', 'FRUTA', 'GR', '', '1000.00', '0.00', '10.00', '0.00', '14.30', '14.30', '0.00', '0.00', '', NULL, NULL),
('184', 'nopal', 'FRUTA', 'GR', '', '1000.00', '0.00', '10.00', '0.00', '1.30', '1.30', '0.00', '0.00', '', NULL, NULL),
('185', 'papa cambray', 'FRUTA', 'GR', '', '1000.00', '0.00', '10.00', '0.00', '32.50', '32.50', '0.00', '0.00', '', NULL, NULL),
('186', 'pera lechera', 'FRUTA', 'GR', '', '1000.00', '0.00', '10.00', '0.00', '33.00', '33.00', '0.00', '0.00', '', NULL, NULL),
('187', 'champinon', 'FRUTA', 'GR', '', '1000.00', '0.00', '10.00', '0.00', '90.81', '90.81', '0.00', '0.00', '', NULL, NULL),
('188', 'limon sin semilla', 'FRUTA', 'GR', '', '1000.00', '0.00', '10.00', '0.00', '7.50', '7.50', '0.00', '0.00', '', NULL, NULL),
('189', 'chile relleno', 'FRUTA', 'GR', '', '1000.00', '0.00', '10.00', '0.00', '35.00', '35.00', '0.00', '0.00', '', NULL, NULL),
('19', 'sal fina', 'ABARR', '', '', '1000.00', '0.00', '10.00', '0.00', '12.50', '12.50', '0.00', '0.00', '', NULL, NULL),
('190', 'zanahoria', 'FRUTA', 'GR', '', '1000.00', '0.00', '10.00', '0.00', '13.52', '13.52', '0.00', '0.00', '', NULL, NULL),
('191', 'cebolla blanca', 'FRUTA', 'GR', '', '1000.00', '0.00', '10.00', '0.00', '8.58', '8.58', '0.00', '0.00', '', NULL, NULL),
('192', 'pepino', 'FRUTA', 'GR', '', '1000.00', '0.00', '10.00', '0.00', '16.50', '16.50', '0.00', '0.00', '', NULL, NULL),
('193', 'ajonjoli blanco', 'FRUTA', 'GR', '', '1000.00', '0.00', '10.00', '0.00', '71.50', '71.50', '0.00', '0.00', '', NULL, NULL),
('194', 'manzana verde', 'FRUTA', 'GR', '', '1000.00', '0.00', '10.00', '0.00', '67.60', '67.60', '0.00', '0.00', '', NULL, NULL),
('195', 'menta', 'FRUTA', 'GR', '', '1000.00', '0.00', '10.00', '0.00', '67.60', '67.60', '0.00', '0.00', '', NULL, NULL),
('196', 'rabano grande', 'FRUTA', 'GR', '', '1000.00', '0.00', '10.00', '0.00', '13.00', '13.00', '0.00', '0.00', '', NULL, NULL),
('197', 'chile chipotle seco', 'FRUTA', 'GR', '', '1000.00', '0.00', '10.00', '0.00', '208.69', '208.69', '0.00', '0.00', '', NULL, NULL),
('198', 'cilantro recio', 'FRUTA', 'GR', '', '1000.00', '0.00', '10.00', '0.00', '33.80', '33.80', '0.00', '0.00', '', NULL, NULL),
('199', 'lechuga romana', 'FRUTA', 'GR', '', '1000.00', '0.00', '10.00', '0.00', '16.25', '16.25', '0.00', '0.00', '', NULL, NULL),
('2', 'paprika', 'ABARR', '', '', '1000.00', '0.00', '10.00', '0.00', '409.14', '409.14', '0.00', '0.00', 'pedido', NULL, NULL),
('20', 'tostada charra', 'ABARR', '', '', '1000.00', '0.00', '10.00', '0.00', '1.61', '1.61', '0.00', '0.00', '', NULL, NULL),
('200', 'cilantro', 'FRUTA', 'GG', '', '1000.00', '0.00', '10.00', '0.00', '20.28', '20.28', '0.00', '0.00', '', NULL, NULL),
('201', 'chile pasilla', 'FRUTA', 'GR', '', '1000.00', '0.00', '10.00', '0.00', '132.99', '132.99', '0.00', '0.00', '', NULL, NULL),
('202', 'ajo blanco', 'FRUTA', 'GR', '', '1000.00', '0.00', '10.00', '0.00', '71.50', '71.50', '0.00', '0.00', '', NULL, NULL),
('203', 'chile habanero', 'FRUTA', 'GR', '', '1000.00', '0.00', '10.00', '0.00', '39.38', '39.38', '0.00', '0.00', '', NULL, NULL),
('204', 'sandia', 'FRUTA', 'GR', '', '1000.00', '0.00', '10.00', '0.00', '24.11', '24.11', '0.00', '0.00', '', NULL, NULL),
('205', 'ajonjoli negro', 'FRUTA', 'GR', '', '1000.00', '0.00', '10.00', '0.00', '55.00', '55.00', '0.00', '0.00', '', NULL, NULL),
('206', 'perejil liso', 'FRUTA', 'GR', '', '1000.00', '0.00', '10.00', '0.00', '16.90', '16.90', '0.00', '0.00', '', NULL, NULL),
('207', 'espinaca', 'FRUTA', 'GR', '', '1000.00', '0.00', '10.00', '0.00', '38.50', '38.50', '0.00', '0.00', '', NULL, NULL),
('208', 'epazote verde', 'FRUTA', 'GR', '', '1000.00', '0.00', '10.00', '0.00', '20.28', '20.28', '0.00', '0.00', '', NULL, NULL),
('209', 'flor de calabaza', 'FRUTA', 'GR', '', '1000.00', '0.00', '10.00', '0.00', '69.68', '69.68', '0.00', '0.00', '', NULL, NULL),
('21', 'mayonesa', 'ABARR', '', '', '1000.00', '0.00', '10.00', '0.00', '64.39', '64.39', '0.00', '0.00', '', NULL, NULL),
('210', 'chile poblano', 'FRUTA', 'GR', '', '1000.00', '0.00', '10.00', '0.00', '24.96', '24.96', '0.00', '0.00', '', NULL, NULL),
('211', 'chicharo japones', 'FRUTA', 'GR', '', '1000.00', '0.00', '10.00', '0.00', '50.05', '50.05', '0.00', '0.00', '', NULL, NULL),
('212', 'pasas', 'FRUTA', 'GR', '', '1000.00', '0.00', '10.00', '0.00', '57.33', '57.33', '0.00', '0.00', '', NULL, NULL),
('213', 'pimiento morron verde', 'FRUTA', 'GR', '', '1000.00', '0.00', '10.00', '0.00', '47.32', '47.32', '0.00', '0.00', '', NULL, NULL),
('214', 'pera panochera', 'FRUTA', 'GR', '', '1000.00', '0.00', '10.00', '0.00', '15.00', '15.00', '0.00', '0.00', '', NULL, NULL),
('215', 'jitomate cherry rojo', 'FRUTA', 'GR', '', '1000.00', '0.00', '10.00', '0.00', '50.56', '50.56', '0.00', '0.00', '', NULL, NULL),
('216', 'pi?a', 'FRUTA', 'GR', '', '1000.00', '0.00', '10.00', '0.00', '15.61', '15.61', '0.00', '0.00', '', NULL, NULL),
('217', 'piloncillo', 'FRUTA', 'GR', '', '1000.00', '0.00', '10.00', '0.00', '31.63', '31.63', '0.00', '0.00', '', NULL, NULL),
('218', 'chile serrano verde', 'FRUTA', 'GR', '', '1000.00', '0.00', '10.00', '0.00', '14.30', '14.30', '0.00', '0.00', '', NULL, NULL),
('219', 'flores comestibles', 'FRUTA', 'GR', '', '1000.00', '0.00', '10.00', '0.00', '130.00', '130.00', '0.00', '0.00', '', NULL, NULL),
('22', 'salsa catsup', 'ABARR', '', '', '1000.00', '0.00', '10.00', '0.00', '61.21', '61.21', '0.00', '0.00', '', NULL, NULL),
('220', 'queso ricotta', 'LACTE', 'GR', '', '1000.00', '0.00', '10.00', '0.00', '132.30', '132.30', '0.00', '0.00', '', NULL, NULL),
('221', 'queso de cabra', 'LACTE', 'GR', '', '1000.00', '0.00', '10.00', '0.00', '242.50', '242.50', '0.00', '0.00', '', NULL, NULL);
INSERT INTO `productos` (`codingre`, `descrip`, `familia`, `unidad`, `empaque`, `equivale`, `inventa1`, `stockmax`, `stockmin`, `ultcosto`, `costoprome`, `impuesto`, `pedido`, `status`, `inventaFisico`, `diferencia`) VALUES
('222', 'queso crema', 'LACTE', 'GR', '', '1000.00', '0.00', '10.00', '0.00', '130.39', '130.39', '0.00', '0.00', '', NULL, NULL),
('223', 'mantequilla', 'LACTE', 'GR', '', '1000.00', '0.00', '10.00', '0.00', '174.20', '174.20', '0.00', '0.00', '', NULL, NULL),
('224', 'jocoque', 'LACTE', 'GR', '', '1000.00', '0.00', '10.00', '0.00', '139.50', '139.50', '0.00', '0.00', '', NULL, NULL),
('225', 'queso cotija', 'LACTE', 'GR', '', '1000.00', '0.00', '10.00', '0.00', '84.92', '84.92', '0.00', '0.00', '', NULL, NULL),
('226', 'queso gouda', 'LACTE', 'GR', '', '1000.00', '0.00', '10.00', '0.00', '115.75', '115.75', '0.00', '0.00', '', NULL, NULL),
('227', 'queso manchego', 'LACTE', 'GR', '', '1000.00', '0.00', '10.00', '0.00', '126.75', '126.75', '0.00', '0.00', '', NULL, NULL),
('228', 'queso parmesano', 'LACTE', 'GR', '', '1000.00', '0.00', '10.00', '0.00', '210.00', '210.00', '0.00', '0.00', '', NULL, NULL),
('229', 'queso provolone', 'LACTE', 'GR', '', '1000.00', '0.00', '10.00', '0.00', '162.50', '162.50', '0.00', '0.00', '', NULL, NULL),
('23', 'vinagre blanco', 'ABARR', '', '', '1000.00', '0.00', '10.00', '0.00', '8.41', '8.41', '0.00', '0.00', '', NULL, NULL),
('230', 'yogurth natural', 'LACTE', 'GR', '', '1000.00', '0.00', '10.00', '0.00', '36.75', '36.75', '0.00', '0.00', '', NULL, NULL),
('231', 'queso amarillo', 'LACTE', 'GR', '', '1000.00', '0.00', '10.00', '0.00', '0.76', '0.76', '0.00', '0.00', '', NULL, NULL),
('232', 'queso oaxaca', 'LACTE', 'GR', '', '1000.00', '0.00', '10.00', '0.00', '84.50', '84.50', '0.00', '0.00', '', NULL, NULL),
('233', 'crema natural', 'LACTE', 'GR', '', '1000.00', '0.00', '10.00', '0.00', '52.80', '52.80', '0.00', '0.00', '', NULL, NULL),
('234', 'crema para batir', 'LACTE', 'GR', '', '1000.00', '0.00', '10.00', '0.00', '59.18', '59.18', '0.00', '0.00', '', NULL, NULL),
('235', 'queso panela', 'LACTE', 'GR', '', '1000.00', '0.00', '10.00', '0.00', '75.00', '75.00', '0.00', '0.00', '', NULL, NULL),
('236', 'queso mascarpone', 'LACTE', 'GR', '', '1000.00', '0.00', '10.00', '0.00', '259.85', '259.85', '0.00', '0.00', '', NULL, NULL),
('237', 'tlayudas', 'PAN Y', '', '', '1000.00', '0.00', '10.00', '0.00', '8.93', '8.93', '0.00', '0.00', '', NULL, NULL),
('238', 'pan hamburguesa gde', 'PAN Y', '', '', '1000.00', '0.00', '10.00', '0.00', '5.00', '5.00', '0.00', '0.00', '', NULL, NULL),
('239', 'telera para torta', 'PAN Y', '', '', '1000.00', '0.00', '10.00', '0.00', '3.30', '3.30', '0.00', '0.00', '', NULL, NULL),
('24', 'leche entera', 'ABARR', '', '', '1000.00', '0.00', '10.00', '0.00', '17.76', '17.76', '0.00', '0.00', '', NULL, NULL),
('240', 'tortilla chalupera', 'PAN Y', '', '', '1000.00', '0.00', '10.00', '0.00', '17.00', '17.00', '0.00', '0.00', '', NULL, NULL),
('241', 'masa azul', 'PAN Y', '', '', '1000.00', '0.00', '10.00', '0.00', '16.80', '16.80', '0.00', '0.00', '', NULL, NULL),
('242', 'tortilla de maiz', 'PAN Y', '', '', '1000.00', '0.00', '10.00', '0.00', '14.00', '14.00', '0.00', '0.00', '', NULL, NULL),
('243', 'tortilla de harina', 'PAN Y', '', '', '1000.00', '0.00', '10.00', '0.00', '32.59', '32.59', '0.00', '0.00', '', NULL, NULL),
('244', 'camaron aguachile', 'PESCA', '', '', '1000.00', '0.00', '10.00', '0.00', '264.00', '264.00', '0.00', '0.00', '', NULL, NULL),
('245', 'camaron 31/35', 'PESCA', '', '', '1000.00', '0.00', '10.00', '0.00', '288.00', '288.00', '0.00', '0.00', '', NULL, NULL),
('246', 'salmon fresco', 'PESCA', '', '', '1000.00', '0.00', '10.00', '0.00', '320.00', '320.00', '0.00', '0.00', '', NULL, NULL),
('247', 'filete tilapia', 'PESCA', '', '', '1000.00', '0.00', '10.00', '0.00', '80.01', '80.01', '0.00', '0.00', '', NULL, NULL),
('248', 'atun fresco', 'PESCA', '', '', '1000.00', '0.00', '10.00', '0.00', '230.00', '230.00', '0.00', '0.00', '', NULL, NULL),
('249', 'atun stake', 'PESCA', '', '', '1000.00', '0.00', '10.00', '0.00', '229.69', '229.69', '0.00', '0.00', '', NULL, NULL),
('25', 'almendra en polvo', 'ABARR', '', '', '1000.00', '0.00', '10.00', '0.00', '200.00', '200.00', '0.00', '0.00', '', NULL, NULL),
('250', 'pulpo', 'PESCA', '', '', '1000.00', '0.00', '10.00', '0.00', '230.00', '230.00', '0.00', '0.00', '', NULL, NULL),
('26', 'arroz blanco', 'ABARR', '', '', '1000.00', '0.00', '10.00', '0.00', '26.60', '26.60', '0.00', '0.00', '', NULL, NULL),
('27', 'azucar glass', 'ABARR', '', '', '1000.00', '0.00', '10.00', '0.00', '33.50', '33.50', '0.00', '0.00', '', NULL, NULL),
('28', 'azucar refinada', 'ABARR', '', '', '1000.00', '0.00', '10.00', '0.00', '21.00', '21.00', '0.00', '0.00', '', NULL, NULL),
('29', 'cacahuate', 'ABARR', '', '', '1000.00', '0.00', '10.00', '0.00', '60.00', '60.00', '0.00', '0.00', '', NULL, NULL),
('3', 'chile jalape?o lata', 'ABARR', '', '', '1000.00', '0.00', '10.00', '0.00', '102.27', '102.27', '0.00', '0.00', '', NULL, NULL),
('30', 'calahua crema coco', 'ABARR', '', '', '1000.00', '0.00', '10.00', '0.00', '50.00', '50.00', '0.00', '0.00', '', NULL, NULL),
('31', 'canela en rama', 'ABARR', '', '', '1000.00', '0.00', '10.00', '0.00', '450.00', '450.00', '0.00', '0.00', '', NULL, NULL),
('32', 'chile chipotle adob', 'ABARR', '', '', '1000.00', '0.00', '10.00', '0.00', '66.94', '66.94', '0.00', '0.00', '', NULL, NULL),
('33', 'chocolate cober osc', 'ABARR', '', '', '1000.00', '0.00', '10.00', '0.00', '146.54', '146.54', '0.00', '0.00', '', NULL, NULL),
('34', 'chongos zamoranos', 'ABARR', '', '', '1000.00', '0.00', '10.00', '0.00', '80.77', '80.77', '0.00', '0.00', '', NULL, NULL),
('35', 'churros', 'ABARR', '', '', '1000.00', '0.00', '10.00', '0.00', '7.32', '7.32', '0.00', '0.00', '', NULL, NULL),
('36', 'cocadas', 'ABARR', '', '', '1000.00', '0.00', '10.00', '0.00', '2.75', '2.75', '0.00', '0.00', '', NULL, NULL),
('37', 'coco rayado', 'ABARR', '', '', '1000.00', '0.00', '10.00', '0.00', '36.00', '36.00', '0.00', '0.00', '', NULL, NULL),
('38', 'crema balsamica', 'ABARR', '', '', '1000.00', '0.00', '10.00', '0.00', '90.00', '90.00', '0.00', '0.00', '', NULL, NULL),
('39', 'crema batida', 'ABARR', '', '', '1000.00', '0.00', '10.00', '0.00', '244.56', '244.56', '0.00', '0.00', '', NULL, NULL),
('4', 'jugo maggi', 'ABARR', '', '', '1000.00', '0.00', '10.00', '0.00', '236.02', '236.02', '0.00', '0.00', '', NULL, NULL),
('40', 'especias cajun', 'ABARR', '', '', '1000.00', '0.00', '10.00', '0.00', '365.03', '365.03', '0.00', '0.00', '', NULL, NULL),
('41', 'frijol pinto', 'ABARR', '', '', '1000.00', '0.00', '10.00', '0.00', '37.00', '37.00', '0.00', '0.00', '', NULL, NULL),
('42', 'galleta de animalito', 'ABARR', '', '', '1000.00', '0.00', '10.00', '0.00', '12.89', '12.89', '0.00', '0.00', '', NULL, NULL),
('43', 'glucosa', 'ABARR', '', '', '1000.00', '0.00', '10.00', '0.00', '48.00', '48.00', '0.00', '0.00', '', NULL, NULL),
('44', 'grenetina', 'ABARR', '', '', '1000.00', '0.00', '10.00', '0.00', '162.00', '162.00', '0.00', '0.00', '', NULL, NULL),
('45', 'guayaba almibar', 'ABARR', '', '', '1000.00', '0.00', '10.00', '0.00', '50.00', '50.00', '0.00', '0.00', '', NULL, NULL),
('46', 'harina de trigo', 'ABARR', '', '', '1000.00', '0.00', '10.00', '0.00', '11.10', '11.10', '0.00', '0.00', '', NULL, NULL),
('47', 'jugo guayaba', 'ABARR', '', '', '1000.00', '0.00', '10.00', '0.00', '13.90', '13.90', '0.00', '0.00', '', NULL, NULL),
('48', 'leche condensada', 'ABARR', '', '', '1000.00', '0.00', '10.00', '0.00', '55.63', '55.63', '0.00', '0.00', '', NULL, NULL),
('49', 'levadura fresca', 'ABARR', '', '', '1000.00', '0.00', '10.00', '0.00', '41.50', '41.50', '0.00', '0.00', '', NULL, NULL),
('5', 'aceite de ajonjoli', 'ABARR', '', '', '1000.00', '0.00', '10.00', '0.00', '307.79', '307.79', '0.00', '0.00', '', NULL, NULL),
('50', 'mazapan', 'ABARR', '', '', '1000.00', '0.00', '10.00', '0.00', '3.45', '3.45', '0.00', '0.00', '', NULL, NULL),
('51', 'miel de abeja', 'ABARR', '', '', '1000.00', '0.00', '10.00', '0.00', '123.33', '123.33', '0.00', '0.00', '', NULL, NULL),
('52', 'mostaza amarilla', 'ABARR', '', '', '1000.00', '0.00', '10.00', '0.00', '76.71', '76.71', '0.00', '0.00', '', NULL, NULL),
('53', 'nutella', 'ABARR', '', '', '1000.00', '0.00', '10.00', '0.00', '150.53', '150.53', '0.00', '0.00', '', NULL, NULL),
('54', 'pasta fideo', 'ABARR', '', '', '1000.00', '0.00', '10.00', '0.00', '26.67', '26.67', '0.00', '0.00', '', NULL, NULL),
('55', 'pasta spaghetti', 'ABARR', '', '', '1000.00', '0.00', '10.00', '0.00', '26.67', '26.67', '0.00', '0.00', '', NULL, NULL),
('56', 'pepita de girasol', 'ABARR', '', '', '1000.00', '0.00', '10.00', '0.00', '54.00', '54.00', '0.00', '0.00', '', NULL, NULL),
('57', 'pepita verde', 'ABARR', '', '', '1000.00', '0.00', '10.00', '0.00', '72.57', '72.57', '0.00', '0.00', '', NULL, NULL),
('58', 'polvo para hornear', 'ABARR', '', '', '1000.00', '0.00', '10.00', '0.00', '92.27', '92.27', '0.00', '0.00', '', NULL, NULL),
('59', 'sal amarilla', 'ABARR', '', '', '1000.00', '0.00', '10.00', '0.00', '78.00', '78.00', '0.00', '0.00', '', NULL, NULL),
('6', 'salsa inglesa', 'ABARR', '', '', '1000.00', '0.00', '10.00', '0.00', '132.06', '132.06', '0.00', '0.00', '', NULL, NULL),
('60', 'sal de grano', 'ABARR', '', '', '1000.00', '0.00', '10.00', '0.00', '8.75', '8.75', '0.00', '0.00', '', NULL, NULL),
('61', 'semilla girasol', 'ABARR', '', '', '1000.00', '0.00', '10.00', '0.00', '47.62', '47.62', '0.00', '0.00', '', NULL, NULL),
('62', 'vainilla liquida', 'ABARR', '', '', '1000.00', '0.00', '10.00', '0.00', '43.96', '43.96', '0.00', '0.00', '', NULL, NULL),
('63', 'vinagre de frambuesa', 'ABARR', '', '', '1000.00', '0.00', '10.00', '0.00', '140.00', '140.00', '0.00', '0.00', '', NULL, NULL),
('64', 'vino tinto cocina', 'ABARR', '', '', '1000.00', '0.00', '10.00', '0.00', '56.30', '56.30', '0.00', '0.00', '', NULL, NULL),
('65', 'galletas salmas', 'ABARR', '', '', '1000.00', '0.00', '10.00', '0.00', '2.53', '2.53', '0.00', '0.00', '', NULL, NULL),
('66', 'agua de garrafon', 'ABARR', '', '', '1000.00', '0.00', '10.00', '0.00', '1.40', '1.40', '0.00', '0.00', '', NULL, NULL),
('67', 'huevo', 'ABARR', '', '', '1000.00', '0.00', '10.00', '0.00', '1.20', '1.20', '0.00', '0.00', '', NULL, NULL),
('68', 'salsa bbq', 'ABARR', '', '', '1000.00', '0.00', '10.00', '0.00', '56.04', '56.04', '0.00', '0.00', '', NULL, NULL),
('69', 'pinguinos', 'ABARR', '', '', '1000.00', '0.00', '10.00', '0.00', '3.06', '3.06', '0.00', '0.00', '', NULL, NULL),
('7', 'almendra entera', 'ABARR', '', '', '1000.00', '0.00', '10.00', '0.00', '241.80', '241.80', '0.00', '0.00', '', NULL, NULL),
('70', 'salsa tabasco', 'ABARR', '', '', '1000.00', '0.00', '10.00', '0.00', '723.33', '723.33', '0.00', '0.00', '', NULL, NULL),
('71', 'condimix de pollo', 'ABARR', '', '', '1000.00', '0.00', '10.00', '0.00', '92.01', '92.01', '0.00', '0.00', '', NULL, NULL),
('72', 'mango en almibar', 'ABARR', '', '', '1000.00', '0.00', '10.00', '0.00', '47.01', '47.01', '0.00', '0.00', '', NULL, NULL),
('73', 'ate de guayaba', 'ABARR', '', '', '1000.00', '0.00', '10.00', '0.00', '50.00', '50.00', '0.00', '0.00', '', NULL, NULL),
('74', 'frijol negro', 'ABARR', '', '', '1000.00', '0.00', '10.00', '0.00', '32.52', '32.52', '0.00', '0.00', '', NULL, NULL),
('75', 'maizena', 'ABARR', '', '', '1000.00', '0.00', '10.00', '0.00', '62.33', '62.33', '0.00', '0.00', '', NULL, NULL),
('76', 'elote en grano lata', 'ABARR', '', '', '1000.00', '0.00', '10.00', '0.00', '35.00', '35.00', '0.00', '0.00', '', NULL, NULL),
('77', 'condimix de res', 'ABARR', '', '', '1000.00', '0.00', '10.00', '0.00', '153.64', '153.64', '0.00', '0.00', '', NULL, NULL),
('78', 'galletas marias', 'ABARR', '', '', '1000.00', '0.00', '10.00', '0.00', '50.00', '50.00', '0.00', '0.00', '', NULL, NULL),
('79', 'chocolate abuelita', 'ABARR', '', '', '1000.00', '0.00', '10.00', '0.00', '121.10', '121.10', '0.00', '0.00', '', NULL, NULL),
('8', 'vino rosado cocina', 'ABARR', '', '', '1000.00', '0.00', '10.00', '0.00', '132.18', '132.18', '0.00', '0.00', '', NULL, NULL),
('80', 'amaranto', 'ABARR', '', '', '1000.00', '0.00', '10.00', '0.00', '33.04', '33.04', '0.00', '0.00', '', NULL, NULL),
('81', 'canela en polvo', 'ABARR', '', '', '1000.00', '0.00', '10.00', '0.00', '150.00', '150.00', '0.00', '0.00', '', NULL, NULL),
('82', 'anchoas', 'ABARR', '', '', '1000.00', '0.00', '10.00', '0.00', '1.00', '1.00', '0.00', '0.00', '', NULL, NULL),
('83', 'dulce de leche', 'ABARR', '', '', '1000.00', '0.00', '10.00', '0.00', '87.11', '87.11', '0.00', '0.00', '', NULL, NULL),
('84', 'pulpa guanabana', 'ABARR', '', '', '1000.00', '0.00', '10.00', '0.00', '62.50', '62.50', '0.00', '0.00', '', NULL, NULL),
('85', 'tajin', 'ABARR', '', '', '1000.00', '0.00', '10.00', '0.00', '121.28', '121.28', '0.00', '0.00', '', NULL, NULL),
('86', 'balsamico de pera', 'ABARR', '', '', '1000.00', '0.00', '10.00', '0.00', '250.00', '250.00', '0.00', '0.00', '', NULL, NULL),
('87', 'pulque', 'ABARR', '', '', '1000.00', '0.00', '10.00', '0.00', '15.00', '15.00', '0.00', '0.00', '', NULL, NULL),
('88', 'sal marina', 'ABARR', 'GR', '', '1000.00', '0.00', '10.00', '0.00', '55.00', '55.00', '0.00', '0.00', '', NULL, NULL),
('89', 'short rib c/h', 'CARNE', 'GR', '', '1000.00', '0.00', '10.00', '0.00', '309.77', '309.77', '0.00', '0.00', '', NULL, NULL),
('9', 'croutones', 'ABARR', '', '', '1000.00', '0.00', '10.00', '0.00', '157.00', '157.00', '0.00', '0.00', '', NULL, NULL),
('90', 'pica?a', 'CARNE', 'GR', '', '1000.00', '0.00', '10.00', '0.00', '168.91', '168.91', '0.00', '0.00', '', NULL, NULL),
('91', 'pechuga de pollo', 'CARNE', 'GR', '', '1000.00', '0.00', '10.00', '0.00', '91.40', '91.40', '0.00', '0.00', '', NULL, NULL),
('92', 'rib eye', 'CARNE', 'GR', '', '1000.00', '0.00', '10.00', '0.00', '275.00', '275.00', '0.00', '0.00', '', NULL, NULL),
('93', 'cabeza de res', 'CARNE', 'GR', '', '1000.00', '0.00', '10.00', '0.00', '107.13', '107.13', '0.00', '0.00', '', NULL, NULL),
('94', 'chicharron de cerdo', 'CARNE', 'GR', '', '1000.00', '0.00', '10.00', '0.00', '120.91', '120.91', '0.00', '0.00', '', NULL, NULL),
('95', 'pierna de cerdo', 'CARNE', 'GR', '', '1000.00', '0.00', '10.00', '0.00', '91.04', '91.04', '0.00', '0.00', '', NULL, NULL),
('96', 'asientos chicharron', 'CARNE', 'GR', '', '1000.00', '0.00', '10.00', '0.00', '120.00', '120.00', '0.00', '0.00', '', NULL, NULL),
('97', 'tlalitos de cerdo', 'CARNE', 'GR', '', '1000.00', '0.00', '10.00', '0.00', '120.00', '120.00', '0.00', '0.00', '', NULL, NULL),
('98', 'cecina', 'CARNE', 'GR', '', '1000.00', '0.00', '10.00', '0.00', '249.89', '249.89', '0.00', '0.00', '', NULL, NULL),
('99', 'chamorro de cerdo', 'CARNE', 'GR', '', '1000.00', '0.00', '10.00', '0.00', '72.83', '72.83', '0.00', '0.00', '', NULL, NULL),
('ABEL', 'ABSOLUT ELYX', 'VODKA', 'ML', '', '750.00', '0.00', '10.00', '0.00', '410.26', '410.26', '16.00', '0.00', '', NULL, NULL),
('ABGM', 'GREY GOOSE 1.750', 'VODKA', 'ML', '', '1750.00', '0.00', '10.00', '0.00', '846.84', '846.84', '0.00', '0.00', '', NULL, NULL),
('AGCO', 'AGUA CORRIENTE', 'REFRE', 'ML', '', '19000.00', '0.00', '10.00', '0.00', '30.59', '30.59', '0.00', '0.00', '', NULL, NULL),
('AGMI', 'AGUA MINERAL', 'REFRE', 'ML', '', '1.00', '0.00', '792.00', '0.00', '5.80', '5.80', '16.00', '0.00', '', NULL, NULL),
('AGMM', 'AGUA MINERAL MINI', 'REFRE', 'ML', '', '1.00', '0.00', '720.00', '0.00', '60.35', '60.35', '0.00', '0.00', '', NULL, NULL),
('AGNA', 'AGUA NATURAL', 'REFRE', 'ML', '', '1.00', '0.00', '144.00', '0.00', '297.42', '297.42', '0.00', '0.00', '', NULL, NULL),
('AGPE', 'PERRIER AGUA', 'REFRE', 'ML', '', '1.00', '0.00', '36.00', '0.00', '297.42', '297.42', '0.00', '0.00', '', NULL, NULL),
('AQSW', 'SWHEPPS', 'REFRE', 'ML', '', '1.00', '0.00', '24.00', '0.00', '60.35', '60.35', '0.00', '0.00', '', NULL, NULL),
('BOOS', 'BOOST', 'REFRE', 'ML', '', '1.00', '0.00', '10.00', '0.00', '13.26', '13.26', '0.00', '0.00', '', NULL, NULL),
('BRAM', 'ALMA DE MAGNO', 'BRAND', 'ML', '', '700.00', '0.00', '10.00', '0.00', '289.66', '289.66', '16.00', '0.00', '', NULL, NULL),
('BRAZ', 'AZTECA DE ORO', 'BRAND', 'ML', '', '700.00', '0.00', '10.00', '0.00', '108.62', '108.62', '16.00', '0.00', '', NULL, NULL),
('BRCI', 'CARLOS I', 'BRAND', 'ML', '', '750.00', '0.00', '10.00', '0.00', '482.76', '482.76', '16.00', '0.00', '', NULL, NULL),
('BRCM', 'CARDENAL DE MENDOZA', 'BRAND', 'ML', '', '750.00', '0.00', '10.00', '0.00', '761.77', '761.77', '16.00', '0.00', '', NULL, NULL),
('BRDA', 'DUQUE DE ALBA', 'BRAND', 'ML', '', '700.00', '0.00', '10.00', '0.00', '582.80', '582.80', '16.00', '0.00', '', NULL, NULL),
('BRFA', 'FERNANDO CASTILLA ANTIQUE', 'BRAND', '', '', '750.00', '0.00', '10.00', '0.00', '500.00', '0.00', '0.00', '0.00', '', NULL, NULL),
('BRFC', 'FERNANDO DE CASTILLA', 'BRAND', 'ML', '', '750.00', '0.00', '10.00', '0.00', '215.52', '107.76', '16.00', '0.00', '', NULL, NULL),
('BRFU', 'FUNDADOR', 'BRAND', 'ML', '', '700.00', '0.00', '10.00', '0.00', '150.00', '150.00', '16.00', '0.00', '', NULL, NULL),
('BRJI', 'JAIME I', 'BRAND', 'ML', '', '750.00', '0.00', '10.00', '0.00', '1.00', '0.00', '16.00', '0.00', '', NULL, NULL),
('BRMA', 'MAGNO', 'BRAND', 'ML', '', '700.00', '-1.00', '10.00', '0.00', '170.69', '170.69', '16.00', '0.00', '', NULL, NULL),
('BRPR', 'PRESIDENTE', 'BRAND', 'ML', '', '940.00', '0.00', '10.00', '0.00', '68.70', '68.02', '0.00', '0.00', '', NULL, NULL),
('BRT1', 'TORRES 15', 'BRAND', 'ML', '', '700.00', '-1.48', '10.00', '0.00', '366.38', '366.38', '16.00', '0.00', '', NULL, NULL),
('BRT5', 'TORRES 5 A?OS', 'BRAND', 'ML', '', '750.00', '0.00', '10.00', '0.00', '129.79', '129.79', '0.00', '0.00', '', NULL, NULL),
('BRT9', 'TERRY 1900', 'BRAND', 'ML', '', '700.00', '0.00', '10.00', '0.00', '169.57', '157.89', '0.00', '0.00', '', NULL, NULL),
('BRTD', 'TORRES 10', 'BRAND', 'ML', '', '750.00', '-1.05', '10.00', '0.00', '197.41', '197.41', '16.00', '0.00', '', NULL, NULL),
('BRTE', 'TERRY CENTENARIO 750 ML.', 'BRAND', 'ML', '', '750.00', '-0.24', '10.00', '0.00', '206.03', '206.03', '16.00', '0.00', '', NULL, NULL),
('BRTV', 'TORRES 20 A?OS', 'BRAND', 'ML', '', '700.00', '0.00', '10.00', '0.00', '642.24', '642.24', '16.00', '0.00', '', NULL, NULL),
('CC01', 'ESPRESO DECAF', 'CAFEE', 'ML', '', '16.00', '0.00', '1.00', '0.00', '498.75', '498.75', '16.00', '0.00', '', NULL, NULL),
('CC02', 'LUNGO DECAF', 'CAFEE', 'ML', '', '16.00', '0.00', '1.00', '0.00', '499.57', '499.57', '16.00', '0.00', '', NULL, NULL),
('CC03', 'LUNGO FORTE EXPRESSO', 'CAFEE', 'ML', '', '16.00', '0.00', '1.00', '0.00', '326.72', '326.72', '16.00', '0.00', '', NULL, NULL),
('CC04', 'LUNGO FORTE', 'CAFEE', 'ML', '', '16.00', '0.00', '1.00', '0.00', '634.48', '634.48', '16.00', '0.00', '', NULL, NULL),
('CC05', 'LUNGO FORTE CARAMELO', 'CAFEE', 'ML', '', '16.00', '0.00', '1.00', '0.00', '404.31', '404.31', '16.00', '0.00', '', NULL, NULL),
('CC06', 'LUNGO FORTE VAINILLA', 'CAFEE', 'ML', '', '16.00', '0.00', '1.00', '0.00', '950.00', '950.00', '16.00', '0.00', '', NULL, NULL),
('CEA9', 'ODULS S/ALCOHOL', 'CERVE', 'PZ', '', '355.00', '0.00', '10.00', '0.00', '8.90', '8.90', '0.00', '0.00', '', NULL, NULL),
('CEBA', 'BARRIL DE CERVEZA', 'CERVE', 'PZ', '', '12000.00', '-0.30', '10.00', '0.00', '853.00', '853.00', '16.00', '0.00', '', NULL, NULL),
('CEBN', 'BOCANEGRA', 'CERVE', 'PZ', '', '1.00', '-3.00', '10.00', '0.00', '18.28', '18.28', '16.00', '0.00', '', NULL, NULL),
('CEBO', 'BOHEMIA CLARA', 'CERVE', 'PZ', '', '1.00', '0.00', '10.00', '0.00', '9.99', '9.99', '0.00', '0.00', '', NULL, NULL),
('CEBS', 'BOHEMIA OSCURA', 'CERVE', 'PZ', '', '1.00', '0.00', '10.00', '0.00', '9.98', '9.98', '0.00', '0.00', '', NULL, NULL),
('CEBU', 'BUDWISER', 'CERVE', 'PZ', '', '1.00', '0.00', '10.00', '0.00', '11.75', '11.75', '16.00', '0.00', '', NULL, NULL),
('CECA', 'CUCAPA AMBAR', 'CERVE', 'PZ', '', '1.00', '0.00', '10.00', '0.00', '19.83', '19.83', '16.00', '0.00', '', NULL, NULL),
('CECB', 'CUCAPA OBSCURA', 'CERVE', 'PZ', '', '1.00', '-1.00', '10.00', '0.00', '19.83', '19.83', '16.00', '0.00', '', NULL, NULL),
('CECC', 'CUCAPA CLASICA', 'CERVE', 'PZ', '', '1.00', '0.00', '10.00', '0.00', '19.83', '19.83', '16.00', '0.00', '', NULL, NULL),
('CECL', 'CORONA LIGHT', 'CERVE', 'PZ', '', '1.00', '0.00', '10.00', '0.00', '7.58', '7.58', '16.00', '0.00', '', NULL, NULL),
('CECO', 'TECATE', 'CERVE', 'PZ', '', '1.00', '0.00', '10.00', '0.00', '7.24', '7.24', '0.00', '0.00', '', NULL, NULL),
('CECR', 'CORONA', 'CERVE', 'PZ', '', '1.00', '0.00', '10.00', '0.00', '8.69', '8.69', '16.00', '0.00', '', NULL, NULL),
('CEGH', 'GOUSE ISL.HONKER', 'CERVE', 'PZ', '', '1.00', '-15.00', '10.00', '0.00', '1.00', '1.00', '16.00', '0.00', '', NULL, NULL),
('CEGS', 'GOUSE ISLAND SOFIE', 'CERVE', 'PZ', '', '1.00', '-1.00', '10.00', '0.00', '1.00', '1.00', '16.00', '0.00', '', NULL, NULL),
('CEHE', 'HEINEKEN', 'CERVE', 'PZ', '', '1.00', '0.00', '10.00', '0.00', '13.00', '13.00', '0.00', '0.00', '', NULL, NULL),
('CEHO', 'HOOGARDEN', 'CERVE', 'PZ', '', '1.00', '-21.00', '10.00', '0.00', '29.00', '29.00', '0.00', '0.00', '', NULL, NULL),
('CELE', 'LEON NEGRA CERVEZA', 'CERVE', 'PZ', '', '1.00', '0.00', '10.00', '0.00', '8.69', '8.69', '16.00', '0.00', '', NULL, NULL),
('CEML', 'MODELO LIGHT', 'CERVE', 'PZ', '', '1.00', '0.00', '10.00', '0.00', '4.67', '4.67', '0.00', '0.00', '', NULL, NULL),
('CEMS', 'MODELO ESP.', 'CERVE', 'PZ', '', '1.00', '0.00', '10.00', '0.00', '9.45', '9.45', '16.00', '0.00', '', NULL, NULL),
('CENM', 'NEGRA MODELO', 'CERVE', 'PZ', '', '1.00', '0.00', '10.00', '0.00', '9.45', '9.45', '16.00', '0.00', '', NULL, NULL),
('CEOL', 'ODULS', 'CERVE', 'PZ', '', '1.00', '0.00', '10.00', '0.00', '9.89', '9.89', '16.00', '0.00', '', NULL, NULL),
('CEOS', 'OSADIA', 'CERVE', 'PZ', '', '1.00', '-1.00', '10.00', '0.00', '1.00', '1.00', '16.00', '0.00', '', NULL, NULL),
('CEPA', 'PACIFICO', 'CERVE', 'PZ', '', '1.00', '0.00', '10.00', '0.00', '8.24', '8.24', '16.00', '0.00', '', NULL, NULL),
('CEQU', 'QUILMES', 'CERVE', 'PZ', '', '1.00', '-1.00', '10.00', '0.00', '25.00', '25.00', '0.00', '0.00', '', NULL, NULL),
('CESA', 'SAGA', 'CERVE', 'PZ', '', '1.00', '-5.00', '10.00', '0.00', '1.00', '1.00', '16.00', '0.00', '', NULL, NULL),
('CESE', 'STELLA', 'CERVE', 'PZ', '', '1.00', '-0.13', '10.00', '0.00', '16.38', '16.38', '16.00', '0.00', '', NULL, NULL),
('CESL', 'SOL LIGTH', 'CERVE', 'PZ', '', '1.00', '0.00', '10.00', '0.00', '5.00', '5.00', '0.00', '0.00', '', NULL, NULL),
('CESO', 'SOL CERVEZA', 'CERVE', 'PZ', '', '1.00', '0.00', '10.00', '0.00', '7.25', '7.25', '0.00', '0.00', '', NULL, NULL),
('CEST', 'STRONGBOW GOLD', 'CERVE', 'PZ', '', '1.00', '0.00', '10.00', '0.00', '1.00', '1.00', '0.00', '0.00', '', NULL, NULL),
('CEVI', 'VICTORIA', 'CERVE', 'PZ', '', '1.00', '0.00', '10.00', '0.00', '8.69', '8.69', '16.00', '0.00', '', NULL, NULL),
('CEXY', 'XY REGEL', 'CERVE', 'PZ', '', '1.00', '0.00', '10.00', '0.00', '1.00', '1.00', '0.00', '0.00', '', NULL, NULL),
('CG01', 'CIGARRO BLANCO', 'CIGAR', 'pz', '', '1.00', '0.00', '10.00', '0.00', '49.26', '49.26', '0.00', '0.00', '', NULL, NULL),
('CG02', 'CIGARRO ROJO', 'CIGAR', 'pz', '', '1.00', '0.00', '10.00', '0.00', '49.26', '49.26', '0.00', '0.00', '', NULL, NULL),
('CGCV', 'COURVOISIER VSOP', 'COGNA', 'ML', '', '700.00', '0.00', '10.00', '0.00', '286.96', '286.96', '0.00', '0.00', '', NULL, NULL),
('CGCX', 'COURVOISIER X.O.', 'COGNA', 'ML', '', '700.00', '0.00', '10.00', '0.00', '1182.00', '1182.00', '0.00', '0.00', '', NULL, NULL),
('CGHV', 'HENNESY VS', 'COGNA', 'ML', '', '700.00', '0.00', '10.00', '0.00', '905.78', '905.78', '16.00', '0.00', '', NULL, NULL),
('CGMM', 'MARTEL V.S.O.P', 'COGNA', 'ML', '', '700.00', '0.00', '10.00', '0.00', '564.66', '564.66', '16.00', '0.00', '', NULL, NULL),
('CGMS', 'MARTEL V.S.', 'COGNA', 'ML', '', '700.00', '0.00', '2.00', '0.00', '303.48', '303.48', '0.00', '0.00', '', NULL, NULL),
('CGRM', 'REMY MARTIN', 'COGNA', 'ML', '', '750.00', '0.00', '10.00', '0.00', '303.48', '303.48', '0.00', '0.00', '', NULL, NULL),
('CGVS', 'REMY MARTIN VS', 'COGNA', 'ML', '', '700.00', '0.00', '10.00', '0.00', '300.00', '300.00', '0.00', '0.00', '', NULL, NULL),
('CGXO', 'HENNESY VSOP', 'COGNA', 'ML', '', '700.00', '0.00', '10.00', '0.00', '2771.97', '2771.97', '16.00', '0.00', '', NULL, NULL),
('CHBB', 'MOET BABY BRUT', 'CHAMP', 'ML', '', '200.00', '0.00', '10.00', '0.00', '251.42', '251.42', '0.00', '0.00', '', NULL, NULL),
('CHBN', 'MOET BABY NECTAR', 'CHAMP', 'ML', '', '355.00', '0.00', '10.00', '0.00', '300.00', '300.00', '0.00', '0.00', '', NULL, NULL),
('CHBO', 'BOTTEGGA GOLD', 'CHAMP', 'ML', '', '750.00', '0.00', '2.00', '0.00', '535.72', '535.72', '0.00', '0.00', '', NULL, NULL),
('CHBR', 'MOET BABY ROSE', 'CHAMP', 'ML', '', '355.00', '0.00', '10.00', '0.00', '300.00', '300.00', '0.00', '0.00', '', NULL, NULL),
('CHDL', 'DOM PERIGNON LUMINUS', 'CHAMP', 'ML', '', '750.00', '0.00', '10.00', '0.00', '1.00', '1.00', '0.00', '0.00', '', NULL, NULL),
('CHDM', 'DOM PERIGNON', 'CHAMP', 'ML', '', '750.00', '0.00', '10.00', '0.00', '3089.14', '3089.14', '16.00', '0.00', '', NULL, NULL),
('CHDR', 'DOM PERIGNON ROSE', 'CHAMP', 'ML', '', '750.00', '0.00', '10.00', '0.00', '700.00', '700.00', '0.00', '0.00', '', NULL, NULL),
('CHJB', 'JOUDE BLASON ROSE', 'CHAMP', 'ML', '', '750.00', '0.00', '10.00', '0.00', '1.00', '1.00', '0.00', '0.00', '', NULL, NULL),
('CHM1', 'MOET BRUT 1.5 LTS', 'CHAMP', 'ML', '', '1500.00', '0.00', '10.00', '0.00', '1383.34', '1383.34', '0.00', '0.00', '', NULL, NULL),
('CHM3', 'MOET CHANDON 3 LTS', 'CHAMP', 'ML', '', '3000.00', '0.00', '10.00', '0.00', '1.00', '1.00', '0.00', '0.00', '', NULL, NULL),
('CHM6', 'MOET CHANDON 6 LTS', 'CHAMP', 'ML', '', '6000.00', '0.00', '10.00', '0.00', '1.00', '1.00', '0.00', '0.00', '', NULL, NULL),
('CHMC', 'MOET BRUT', 'CHAMP', 'ML', '', '750.00', '0.00', '10.00', '0.00', '830.43', '830.43', '16.00', '0.00', '', NULL, NULL),
('CHMI', 'MOET CHANDON ICE', 'CHAMP', 'ML', '', '750.00', '0.00', '10.00', '0.00', '1006.50', '1006.50', '16.00', '0.00', '', NULL, NULL),
('CHMR', 'MOET ROSE', 'CHAMP', 'ML', '', '750.00', '0.00', '10.00', '0.00', '1003.23', '1003.23', '16.00', '0.00', '', NULL, NULL),
('CHMU', 'MUMM', 'CHAMP', 'ML', '', '750.00', '0.00', '10.00', '0.00', '535.72', '567.33', '0.00', '0.00', '', NULL, NULL),
('CHNE', 'MOET NECTAR', 'CHAMP', 'ML', '', '750.00', '0.00', '10.00', '0.00', '883.66', '883.66', '16.00', '0.00', '', NULL, NULL),
('CHNR', 'MOET NECTAR ROSE', 'CHAMP', 'ML', '', '750.00', '0.00', '10.00', '0.00', '897.41', '897.41', '16.00', '0.00', '', NULL, NULL),
('CHPB', 'PERRIER G.BRUT 750', 'CHAMP', 'ML', '', '750.00', '0.00', '10.00', '0.00', '566.86', '566.86', '0.00', '0.00', '', NULL, NULL),
('CHPJ', 'PERRIER JOUDE 200 ML', 'CHAMP', 'ML', '', '200.00', '0.00', '10.00', '0.00', '171.98', '171.98', '0.00', '0.00', '', NULL, NULL),
('CHVC', 'VEUVE CLICQUOT', 'CHAMP', 'ML', '', '750.00', '0.00', '10.00', '0.00', '700.00', '700.00', '0.00', '0.00', '', NULL, NULL),
('CHVP', 'VEUVE CLIQUOT PONSARDINI', 'CHAMP', 'ML', '', '750.00', '0.00', '10.00', '0.00', '1.00', '1.00', '0.00', '0.00', '', NULL, NULL),
('CIMR', 'CIGARRO', 'CIGAR', 'PZ', '', '1.00', '-12.00', '10.00', '0.00', '18.76', '18.76', '0.00', '0.00', '', NULL, NULL),
('CIRO', 'CINZANO ROJO', 'VINOS', 'ML', '', '750.00', '0.00', '10.00', '0.00', '123.23', '123.23', '16.00', '0.00', '', NULL, NULL),
('CLAM', 'CLAMATO', 'JUGOS', 'ML', '', '1000.00', '0.00', '24.00', '0.00', '775.86', '775.86', '16.00', '0.00', '', NULL, NULL),
('COHV', 'HENNESY VS', 'COGNA', 'ML', '', '750.00', '0.00', '10.00', '0.00', '550.95', '550.95', '16.00', '0.00', '', NULL, NULL),
('COMV', 'MARTELL V.S.', 'COGNA', 'ML', '', '750.00', '0.00', '10.00', '0.00', '100.00', '100.00', '0.00', '0.00', '', NULL, NULL),
('GIB2', 'BEEFFATER 24', 'GINEB', 'ML', '', '750.00', '0.00', '10.00', '0.00', '473.28', '473.28', '16.00', '0.00', '', NULL, NULL),
('GIBE', 'BEEFEATER GIN. 750 ML.', 'GINEB', 'ML', '', '750.00', '0.00', '10.00', '0.00', '300.86', '300.86', '16.00', '0.00', '', NULL, NULL),
('GIBM', 'BOODLES MULBERRY', 'GINEB', 'ML', '', '750.00', '0.00', '10.00', '0.00', '1.00', '1.00', '0.00', '0.00', '', NULL, NULL),
('GIBO', 'BOMBAY SAPPHIRE', 'GINEB', 'ML', '', '750.00', '-0.24', '10.00', '0.00', '306.03', '306.03', '16.00', '0.00', '', NULL, NULL),
('GIBT', 'BOTANICA PREMIUM', 'GINEB', 'ML', '', '700.00', '0.00', '10.00', '0.00', '567.24', '567.24', '16.00', '0.00', '', NULL, NULL),
('GIBU', 'BULLDOG', 'GINEB', 'ML', '', '750.00', '0.00', '10.00', '0.00', '387.07', '387.07', '16.00', '0.00', '', NULL, NULL),
('GICT', 'CITADELLE', 'GINEB', 'ML', '', '750.00', '0.00', '10.00', '0.00', '1.00', '1.00', '16.00', '0.00', '', NULL, NULL),
('GIHE', 'HENDRICKS', 'GINEB', 'ML', '', '750.00', '0.00', '10.00', '0.00', '493.97', '493.97', '16.00', '0.00', '', NULL, NULL),
('GIL1', 'LONDON # 1', 'GINEB', 'ML', '', '700.00', '-0.06', '10.00', '0.00', '542.24', '542.24', '16.00', '0.00', '', NULL, NULL),
('GILD', 'LONDON DRY BOODLES', 'GINEB', 'ML', '', '750.00', '0.00', '10.00', '0.00', '325.00', '325.00', '16.00', '0.00', '', NULL, NULL),
('GIM7', 'MONKEY 47', 'GINEB', 'ML', '', '500.00', '0.00', '10.00', '0.00', '1181.03', '1181.03', '16.00', '0.00', '', NULL, NULL),
('GIMA', 'MARE GIN', 'GINEB', 'ML', '', '700.00', '0.00', '10.00', '0.00', '516.38', '516.38', '16.00', '0.00', '', NULL, NULL),
('GIMM', 'MARTIN MILLERS', 'GINEB', 'ML', '', '700.00', '0.00', '10.00', '0.00', '550.86', '275.93', '16.00', '0.00', '', NULL, NULL),
('GIMO', 'MOM GINEBRA', 'GINEB', 'ML', '', '700.00', '-1.07', '10.00', '0.00', '381.03', '381.03', '16.00', '0.00', '', NULL, NULL),
('GION', 'OSO NEGRO GIN', 'GINEB', 'ML', '', '1000.00', '0.00', '10.00', '0.00', '60.00', '60.00', '0.00', '0.00', '', NULL, NULL),
('GIPA', 'PRINCIPE DE LOS APOSTOLES', 'GINEB', 'ML', '', '700.00', '-0.64', '10.00', '0.00', '1.00', '1.00', '16.00', '0.00', '', NULL, NULL),
('GITA', 'TANQUERAY LONDON', 'GINEB', 'ML', '', '750.00', '-0.18', '10.00', '0.00', '254.31', '254.31', '16.00', '0.00', '', NULL, NULL),
('GITS', 'TANQUERAY SEVILLA', 'GINEB', 'ML', '', '750.00', '0.00', '1.00', '0.00', '550.86', '550.86', '16.00', '0.00', '', NULL, NULL),
('GITT', 'TANQUERAY TEN', 'GINEB', 'ML', '', '700.00', '0.00', '10.00', '0.00', '465.52', '465.52', '16.00', '0.00', '', NULL, NULL),
('HIEL', 'HIELO', 'HIELO', 'PZ', '', '1000.00', '-3.75', '10.00', '0.00', '33.50', '33.50', '0.00', '0.00', '', NULL, NULL),
('INDI', 'INDIO PREMIER BOT 325 MLS', 'CERVE', 'PP', '', '3900.00', '0.00', '10.00', '0.00', '7.24', '7.24', '0.00', '0.00', '', NULL, NULL),
('JAGR', 'JARABE GRANADINA', 'LICOR', 'ML', '', '1000.00', '0.00', '10.00', '0.00', '33.62', '33.62', '16.00', '0.00', '', NULL, NULL),
('JANA', 'JARABE NATURAL', 'LICOR', 'ML', '', '1000.00', '-0.63', '10.00', '0.00', '33.62', '33.62', '16.00', '0.00', '', NULL, NULL),
('JEDS', 'DRY SACK', 'JEREZ', 'ML', '', '750.00', '0.00', '10.00', '0.00', '237.07', '237.07', '0.00', '0.00', '', NULL, NULL),
('JELI', 'LA INA 750 ML', 'JEREZ', 'ML', '', '750.00', '0.00', '10.00', '0.00', '194.18', '194.18', '0.00', '0.00', '', NULL, NULL),
('JEOP', 'OPORTO FERREIRA', 'JEREZ', 'ML', '', '750.00', '0.00', '10.00', '0.00', '320.00', '320.00', '0.00', '0.00', '', NULL, NULL),
('JEOT', 'OPORTO FERREIRA TAWNY', 'JEREZ', 'ML', '', '750.00', '0.00', '10.00', '0.00', '1.00', '1.00', '0.00', '0.00', '', NULL, NULL),
('JEPO', 'POCHOLA', 'JEREZ', 'ML', '', '750.00', '0.00', '10.00', '0.00', '83.40', '83.40', '0.00', '0.00', '', NULL, NULL),
('JETP', 'TIO PEPE', 'JEREZ', 'ML', '', '750.00', '0.00', '10.00', '0.00', '229.31', '229.31', '16.00', '0.00', '', NULL, NULL),
('JUAR', 'JUGO ARANDANO', 'JUGOS', 'ML', '', '1000.00', '0.00', '3.00', '0.00', '1.00', '1.00', '0.00', '0.00', '', NULL, NULL),
('JUDU', 'JUGO DURAZNO', 'JUGOS', 'ML', '', '1000.00', '0.00', '1.00', '0.00', '1.00', '1.00', '0.00', '0.00', '', NULL, NULL),
('JUMA', 'JUGO MANGO', 'JUGOS', 'ML', '', '1000.00', '0.00', '1.00', '0.00', '1.00', '1.00', '16.00', '0.00', '', NULL, NULL),
('JUMZ', 'JUGO MANZANA', 'JUGOS', 'ML', '', '1000.00', '0.00', '1.00', '0.00', '473.28', '473.28', '16.00', '0.00', '', NULL, NULL),
('JUNA', 'JUGO NARANJA', 'JUGOS', 'ML', '', '1000.00', '0.00', '2.00', '0.00', '1.00', '1.00', '0.00', '0.00', '', NULL, NULL),
('JUNL', 'JUGI NATURAL LIMON', 'JUGOS', 'ML', '', '1000.00', '0.00', '1.00', '0.00', '541.00', '541.00', '16.00', '0.00', '', NULL, NULL),
('JUNN', 'JUGO NATURAL NARANJA', 'JUGOS', 'ML', '', '1000.00', '0.00', '1.00', '0.00', '541.38', '541.38', '16.00', '0.00', '', NULL, NULL),
('JUPI', 'JUGO PI?A', 'JUGOS', 'ML', '', '1000.00', '0.00', '1.00', '0.00', '1.00', '1.00', '0.00', '0.00', '', NULL, NULL),
('JUTO', 'JUGO DE TOMATE', 'JUGOS', 'ML', '', '1000.00', '0.00', '2.00', '0.00', '427.59', '427.59', '16.00', '0.00', '', NULL, NULL),
('JUUV', 'JUGO UVA', 'JUGOS', 'ML', '', '1000.00', '0.00', '1.00', '0.00', '1.00', '1.00', '16.00', '0.00', '', NULL, NULL),
('JWPL', 'JW PLATINUM 18', 'WHISK', 'ML', '', '750.00', '0.00', '10.00', '0.00', '1812.93', '1812.93', '16.00', '0.00', '', NULL, NULL),
('LI43', 'LICOR 43', 'LICOR', 'ML', '', '750.00', '-7.54', '10.00', '0.00', '325.86', '325.86', '16.00', '0.00', '', NULL, NULL),
('LI4O', 'LICOR 43 OROCHATA', 'LICOR', 'ML', '', '700.00', '-0.08', '10.00', '0.00', '316.94', '316.94', '16.00', '0.00', '', NULL, NULL),
('LIAA', 'AMARGO ANGOSTURA 1L', 'LICOR', 'ML', '', '1000.00', '0.00', '10.00', '0.00', '23.70', '23.70', '0.00', '0.00', '', NULL, NULL),
('LIAB', 'ABSINTH', 'LICOR', 'ML', '', '750.00', '0.00', '10.00', '0.00', '512.07', '512.07', '16.00', '0.00', '', NULL, NULL),
('LIAC', 'LAS CADENAS', 'LICOR', 'ML', '', '1000.00', '0.00', '10.00', '0.00', '275.86', '275.86', '16.00', '0.00', '', NULL, NULL),
('LIAD', 'AMARETTO DISARONO', 'LICOR', 'ML', '', '700.00', '-0.13', '10.00', '0.00', '287.93', '287.93', '16.00', '0.00', '', NULL, NULL),
('LIAM', 'APEROL', 'LICOR', 'ML', '', '750.00', '0.00', '10.00', '0.00', '206.38', '206.38', '16.00', '0.00', '', NULL, NULL),
('LIAN', 'AMARETTO CONTI 750 ML', 'LICOR', 'ML', '', '750.00', '0.00', '10.00', '0.00', '144.83', '144.83', '16.00', '0.00', '', NULL, NULL),
('LIAP', 'PERNOD 700 ML.', 'LICOR', 'ML', '', '700.00', '0.00', '10.00', '0.00', '163.63', '163.63', '0.00', '0.00', '', NULL, NULL),
('LIAR', 'ANCHO REYES', 'LICOR', 'ML', '', '750.00', '0.00', '10.00', '0.00', '189.98', '189.98', '16.00', '0.00', '', NULL, NULL),
('LIAS', 'DEL MONO SECO  750 ML', 'LICOR', 'ML', '', '750.00', '-2.00', '10.00', '0.00', '186.20', '186.20', '16.00', '0.00', '', NULL, NULL),
('LIAU', 'COINTREAU 750 ML', 'LICOR', 'ML', '', '700.00', '0.00', '10.00', '0.00', '369.83', '369.83', '16.00', '0.00', '', NULL, NULL),
('LIAZ', 'LICOR AZUL CURACAO 7', 'LICOR', 'ML', '', '750.00', '0.00', '10.00', '0.00', '95.97', '95.97', '0.00', '0.00', '', NULL, NULL),
('LIBA', 'BAILEYS', 'LICOR', 'ML', '', '750.00', '-0.20', '10.00', '0.00', '206.90', '206.90', '16.00', '0.00', '', NULL, NULL),
('LIBD', 'CINZANO BCO EXSE', 'LICOR', 'ML', '', '750.00', '0.00', '10.00', '0.00', '123.23', '123.23', '16.00', '0.00', '', NULL, NULL),
('LIBE', 'BENEDICTINE', 'LICOR', 'ML', '', '750.00', '0.00', '10.00', '0.00', '302.61', '302.61', '0.00', '0.00', '', NULL, NULL),
('LIBL', 'BAILEYS CARAMELO 750 ML.', 'LICOR', 'ML', '', '750.00', '0.00', '10.00', '0.00', '284.18', '284.18', '16.00', '0.00', '', NULL, NULL),
('LICA', 'CAROLANS', 'LICOR', 'ML', '', '750.00', '0.00', '10.00', '0.00', '1.00', '1.00', '16.00', '0.00', '', NULL, NULL),
('LICB', 'CACAO BLANCO', 'LICOR', 'ML', '', '750.00', '0.00', '10.00', '0.00', '95.97', '95.97', '16.00', '0.00', '', NULL, NULL),
('LICC', 'CHBACANO LICOR', 'LICOR', 'ML', '', '750.00', '0.00', '10.00', '0.00', '1.00', '1.00', '0.00', '0.00', '', NULL, NULL),
('LICE', 'LICOR FRESA FLAMINGO', 'LICOR', 'ML', '', '750.00', '0.00', '10.00', '0.00', '43.00', '43.00', '0.00', '0.00', '', NULL, NULL),
('LICH', 'CHAMBOARD', 'LICOR', 'ML', '', '750.00', '0.00', '10.00', '0.00', '1.00', '1.00', '0.00', '0.00', '', NULL, NULL),
('LICI', 'LICOR CIRUELA JAPONESA', 'LICOR', 'ML', '', '750.00', '0.00', '10.00', '0.00', '1.00', '1.00', '0.00', '0.00', '', NULL, NULL),
('LICL', 'CINZANO BCO DULCE', 'LICOR', 'ML', '', '750.00', '0.00', '10.00', '0.00', '123.23', '123.23', '0.00', '0.00', '', NULL, NULL),
('LICM', 'CAMPARI BITTER', 'LICOR', 'ML', '', '750.00', '0.00', '10.00', '0.00', '211.91', '211.91', '16.00', '0.00', '', NULL, NULL),
('LICN', 'CONTROY', 'LICOR', 'ML', '', '1000.00', '0.00', '10.00', '0.00', '113.79', '113.79', '16.00', '0.00', '', NULL, NULL),
('LICO', 'CACAO OBSCUR0', 'LICOR', 'ML', '', '750.00', '0.00', '10.00', '0.00', '66.09', '66.09', '0.00', '0.00', '', NULL, NULL),
('LICR', 'CHARTREUSE AMARILLO', 'LICOR', 'ML', '', '700.00', '0.00', '10.00', '0.00', '560.68', '560.68', '16.00', '0.00', '', NULL, NULL),
('LICS', 'CASIS SISCA', 'LICOR', 'ML', '', '750.00', '0.00', '10.00', '0.00', '358.71', '358.71', '16.00', '0.00', '', NULL, NULL),
('LICU', 'CURACAO', 'LICOR', 'ML', '', '750.00', '0.00', '10.00', '0.00', '102.59', '102.59', '16.00', '0.00', '', NULL, NULL),
('LICV', 'CHARTREUSE VERDE', 'LICOR', 'ML', '', '700.00', '0.00', '10.00', '0.00', '629.31', '629.31', '16.00', '0.00', '', NULL, NULL),
('LIDC', 'CHINCHON DULCE', 'LICOR', 'ML', '', '1000.00', '0.00', '10.00', '0.00', '184.48', '184.48', '16.00', '0.00', '', NULL, NULL),
('LIDD', 'DULCE DOMECQ', 'LICOR', 'ML', '', '750.00', '0.00', '10.00', '0.00', '155.00', '155.00', '0.00', '0.00', '', NULL, NULL),
('LIDP', 'KALHUA LICOR DE CAFE', 'LICOR', 'ML', '', '1000.00', '0.00', '10.00', '0.00', '118.97', '118.97', '16.00', '0.00', '', NULL, NULL),
('LIDR', 'DRAMBUIE', 'LICOR', 'ML', '', '750.00', '0.00', '10.00', '0.00', '399.57', '399.57', '16.00', '0.00', '', NULL, NULL),
('LIDS', 'CHINCHON SEMIDULCE', 'LICOR', 'ML', '', '1000.00', '0.00', '10.00', '0.00', '184.48', '184.48', '16.00', '0.00', '', NULL, NULL),
('LIDU', 'DUBONET', 'LICOR', 'ML', '', '750.00', '0.00', '10.00', '0.00', '234.61', '234.61', '16.00', '0.00', '', NULL, NULL),
('LIDZ', 'LICOR DE DURAZNO/MELOCOTO', 'LICOR', 'ML', '', '750.00', '0.00', '10.00', '0.00', '89.66', '89.66', '16.00', '0.00', '', NULL, NULL),
('LIFD', 'LICOR DE FRUTAS DEKUYPER', 'LICOR', 'ML', '', '750.00', '0.00', '10.00', '0.00', '86.09', '86.09', '0.00', '0.00', '', NULL, NULL),
('LIFE', 'FERNET', 'LICOR', 'ML', '', '750.00', '0.00', '10.00', '0.00', '124.14', '124.14', '16.00', '0.00', '', NULL, NULL),
('LIFF', 'FRESA LICOR', 'LICOR', 'ML', '', '750.00', '0.00', '10.00', '0.00', '1.00', '1.00', '16.00', '0.00', '', NULL, NULL),
('LIFR', 'FRANGELICO', 'LICOR', 'ML', '', '700.00', '-0.06', '10.00', '0.00', '254.31', '254.31', '16.00', '0.00', '', NULL, NULL),
('LIGA', 'GALLIANO', 'LICOR', 'ML', '', '500.00', '0.00', '10.00', '0.00', '192.45', '192.45', '16.00', '0.00', '', NULL, NULL),
('LIGN}', 'GRANADA PAMA', 'LICOR', 'ML', '', '750.00', '0.00', '1.00', '0.00', '341.30', '341.30', '0.00', '0.00', '', NULL, NULL),
('LIGR', 'GRAND MARNIER CORDON', 'LICOR', 'ML', '', '700.00', '0.00', '10.00', '0.00', '486.21', '486.21', '16.00', '0.00', '', NULL, NULL),
('LIHA', 'HPNOTIC HARMONIE', 'LICOR', 'ML', '', '750.00', '0.00', '10.00', '0.00', '341.30', '256.23', '0.00', '0.00', '', NULL, NULL),
('LIHP', 'HPNOTIQ', 'LICOR', 'ML', '', '750.00', '-0.12', '10.00', '0.00', '421.41', '421.41', '16.00', '0.00', '', NULL, NULL),
('LIHU', 'HURACAN', 'LICOR', 'ML', '', '750.00', '0.00', '10.00', '0.00', '1.00', '1.00', '0.00', '0.00', '', NULL, NULL),
('LIII', 'AMOR LICOR', 'LICOR', 'ML', '', '750.00', '0.00', '10.00', '0.00', '1.00', '1.00', '0.00', '0.00', '', NULL, NULL),
('LIJA', 'JAGERMEISTER', 'LICOR', 'ML', '', '700.00', '0.00', '10.00', '0.00', '254.31', '254.31', '16.00', '0.00', '', NULL, NULL),
('LILI', 'LICOR LIMONCELLO', 'LICOR', 'ML', '', '750.00', '0.00', '10.00', '0.00', '1.00', '1.00', '0.00', '0.00', '', NULL, NULL),
('LIMB', 'MENTA BLANCA', 'LICOR', 'ML', '', '750.00', '0.00', '10.00', '0.00', '50.00', '50.00', '0.00', '0.00', '', NULL, NULL),
('LIMD', 'MARTINI BCO DULCE', 'LICOR', 'ML', '', '750.00', '0.00', '10.00', '0.00', '141.38', '141.38', '16.00', '0.00', '', NULL, NULL),
('LIME', 'LICOR DE MELON', 'LICOR', 'ML', '', '750.00', '0.00', '10.00', '0.00', '267.24', '267.24', '16.00', '0.00', '', NULL, NULL),
('LIMM', 'MELON MIDORI', 'LICOR', 'ML', '', '750.00', '0.00', '10.00', '0.00', '30.00', '30.00', '0.00', '0.00', '', NULL, NULL),
('LIMN', 'MANDARINE NAPOLEON', 'LICOR', 'ML', '', '750.00', '0.00', '10.00', '0.00', '423.37', '423.37', '16.00', '0.00', '', NULL, NULL),
('LIMR', 'MARTINI ROJO', 'LICOR', 'ML', '', '750.00', '0.00', '10.00', '0.00', '155.09', '155.09', '16.00', '0.00', '', NULL, NULL),
('LIMS', 'MARTINI BCO SECO', 'LICOR', 'ML', '', '750.00', '0.00', '10.00', '0.00', '155.09', '155.09', '16.00', '0.00', '', NULL, NULL),
('LIMV', 'MENTA VERDE', 'LICOR', 'ML', '', '750.00', '0.00', '10.00', '0.00', '70.00', '70.00', '16.00', '0.00', '', NULL, NULL),
('LIMZ', 'LICOR DE MANZANA', 'LICOR', 'ML', '', '750.00', '0.00', '10.00', '0.00', '113.79', '113.79', '16.00', '0.00', '', NULL, NULL),
('LINU', 'NUVO', 'LICOR', 'ML', '', '750.00', '0.00', '10.00', '0.00', '1.00', '1.00', '0.00', '0.00', '', NULL, NULL),
('LIOR', 'LICOR ORUJO', 'LICOR', 'ML', '', '750.00', '0.00', '10.00', '0.00', '1.00', '1.00', '0.00', '0.00', '', NULL, NULL),
('LIPA', 'LICOR PASSOA', 'LICOR', 'ML', '', '750.00', '0.00', '10.00', '0.00', '40.00', '40.00', '0.00', '0.00', '', NULL, NULL),
('LIPL', 'LICOR DE PLATANO 750', 'LICOR', 'ML', '', '750.00', '0.00', '10.00', '0.00', '95.97', '95.97', '0.00', '0.00', '', NULL, NULL),
('LIPX', 'PACHARA BASARANA', 'LICOR', 'ML', '', '750.00', '0.00', '10.00', '0.00', '240.78', '240.78', '16.00', '0.00', '', NULL, NULL),
('LIRB', 'ROMANA SAMBUCA BIANCO', 'LICOR', 'ML', '', '700.00', '0.00', '10.00', '0.00', '1.00', '1.00', '16.00', '0.00', '', NULL, NULL),
('LIRD', 'LICOR CINZANO ROJO D', 'LICOR', 'ML', '', '750.00', '0.00', '10.00', '0.00', '102.61', '102.61', '0.00', '0.00', '', NULL, NULL),
('LIRI', 'RICHARDS LICOR', 'LICOR', 'ML', '', '750.00', '0.00', '10.00', '0.00', '100.00', '100.00', '0.00', '0.00', '', NULL, NULL),
('LIRN', 'ROMANA SAMBUCA NERO', 'LICOR', 'ML', '', '700.00', '0.00', '10.00', '0.00', '1.00', '1.00', '16.00', '0.00', '', NULL, NULL),
('LIRO', 'ROMPOPE', 'LICOR', 'ML', '', '900.00', '0.00', '10.00', '0.00', '93.30', '93.30', '0.00', '0.00', '', NULL, NULL),
('LISA', 'LICOR DE SANDIA DEKUYPER', 'LICOR', 'ML', '', '750.00', '0.00', '10.00', '0.00', '104.69', '104.69', '0.00', '0.00', '', NULL, NULL),
('LISC', 'CHINCHON SECO', 'LICOR', 'ML', '', '1000.00', '0.00', '10.00', '0.00', '184.48', '184.48', '16.00', '0.00', '', NULL, NULL),
('LISD', 'SECO DOMECQ', 'LICOR', 'ML', '', '750.00', '0.00', '10.00', '0.00', '60.00', '60.00', '0.00', '0.00', '', NULL, NULL),
('LISG', 'SAMBUCA BCO', 'LICOR', 'ML', '', '700.00', '-1.07', '10.00', '0.00', '211.04', '211.04', '16.00', '0.00', '', NULL, NULL),
('LISN', 'SAMBUCA NEGRO', 'LICOR', 'ML', '', '700.00', '-0.09', '10.00', '0.00', '228.45', '228.45', '16.00', '0.00', '', NULL, NULL),
('LISO', 'CITRIC SOUTH COMFOR', 'LICOR', 'ML', '', '750.00', '0.00', '10.00', '0.00', '1.00', '1.00', '0.00', '0.00', '', NULL, NULL),
('LIST', 'STREGA', 'LICOR', 'ML', '', '750.00', '0.00', '10.00', '0.00', '534.78', '466.36', '16.00', '0.00', '', NULL, NULL),
('LIVR', 'CINZANO ROJO', 'LICOR', 'ML', '', '750.00', '0.00', '10.00', '0.00', '113.79', '113.79', '16.00', '0.00', '', NULL, NULL),
('LIVX', 'CINZANO  EXTRA SECO', 'LICOR', 'ML', '', '750.00', '0.00', '1.00', '0.00', '534.78', '534.78', '16.00', '0.00', '', NULL, NULL),
('MARV', 'MARTELL VSOP', 'COGNA', 'ML', '', '1.00', '0.00', '10.00', '0.00', '564.66', '564.66', '16.00', '0.00', '', NULL, NULL),
('ME4C', '400 CONEJOS ESPADIN BCO', 'MEZCA', 'ML', '', '700.00', '-1.18', '10.00', '0.00', '354.61', '354.61', '16.00', '0.00', '', NULL, NULL),
('ME4R', '400 CONEJOS REPOSADO', 'MEZCA', 'ML', '', '700.00', '-1.00', '10.00', '0.00', '442.24', '442.24', '16.00', '0.00', '', NULL, NULL),
('ME7D', 'SIETE MISTERIOS DOBA', 'MEZCA', 'ML', '', '750.00', '0.00', '10.00', '0.00', '1.00', '0.00', '16.00', '0.00', '', NULL, NULL),
('ME7E', 'SIETE MISTERIOS ESPADIN', 'MEZCA', 'ML', '', '750.00', '0.00', '10.00', '0.00', '1.00', '0.00', '16.00', '0.00', '', NULL, NULL),
('MEAA', 'ALIPUS SN ANDRES', 'MEZCA', 'ML', '', '750.00', '0.00', '10.00', '0.00', '499.57', '250.29', '16.00', '0.00', '', NULL, NULL),
('MEAC', 'AMORES CUPRETA JOVEN', 'MEZCA', 'ML', '', '750.00', '0.00', '2.00', '0.00', '418.10', '418.10', '16.00', '0.00', '', NULL, NULL),
('MEAE', 'AMORES ESPADIN JOVEN', 'MEZCA', 'ML', '', '750.00', '0.00', '2.00', '0.00', '499.57', '499.57', '16.00', '0.00', '', NULL, NULL),
('MEAJ', 'ALIPUS SN JUAN DEL RIO', 'MEZCA', 'ML', '', '750.00', '0.00', '10.00', '0.00', '418.10', '313.83', '16.00', '0.00', '', NULL, NULL),
('MEAL', 'ALACRAN', 'MEZCA', 'ML', '', '750.00', '0.00', '10.00', '0.00', '1.00', '0.00', '16.00', '0.00', '', NULL, NULL),
('MEAR', 'AMORES REPOSADO', 'MEZCA', 'ML', '', '750.00', '0.00', '10.00', '0.00', '498.75', '1.00', '16.00', '0.00', '', NULL, NULL),
('MEAS', 'ALIPUS SAN BALTAZAR', 'MEZCA', 'ML', '', '750.00', '0.00', '10.00', '0.00', '499.57', '250.29', '16.00', '0.00', '', NULL, NULL),
('MEBE', 'BRUXO ESPADIN JOVEN', 'MEZCA', 'ML', '', '750.00', '0.00', '10.00', '0.00', '326.72', '305.06', '16.00', '0.00', '', NULL, NULL),
('MEBM', 'BRUXO ENSAMBLE', 'MEZCA', 'ML', '', '750.00', '0.00', '10.00', '0.00', '634.48', '557.01', '16.00', '0.00', '', NULL, NULL),
('MEBP', 'BRUXO PECHUGA', 'MEZCA', 'ML', '', '750.00', '0.00', '10.00', '0.00', '404.31', '403.93', '16.00', '0.00', '', NULL, NULL),
('MEC%', 'CONVITE ENS.5 GAVES', 'MEZCA', 'ML', '', '700.00', '0.00', '10.00', '0.00', '950.00', '0.00', '16.00', '0.00', '', NULL, NULL),
('MECE', 'CONVITE ENS.ESAPDIN', 'MEZCA', 'ML', '', '1.00', '0.00', '10.00', '0.00', '492.20', '492.20', '16.00', '0.00', '', NULL, NULL),
('MECR', 'CREYENTE MEZCAL', 'MEZCA', 'ML', '', '700.00', '0.00', '10.00', '0.00', '498.28', '498.28', '16.00', '0.00', '', NULL, NULL),
('MECT', 'CONVITE TOBALA', 'MEZCA', 'ML', '', '700.00', '0.00', '10.00', '0.00', '875.00', '875.00', '0.00', '0.00', '', NULL, NULL),
('MEDA', 'DANZANTES A?EJO', 'MEZCA', 'ML', '', '750.00', '0.00', '10.00', '0.00', '1040.69', '1040.69', '16.00', '0.00', '', NULL, NULL),
('MEDB', 'DANZANTES JOVEN', 'MEZCA', 'ML', '', '750.00', '0.00', '10.00', '0.00', '593.97', '589.49', '16.00', '0.00', '', NULL, NULL),
('MEDR', 'DANZANTES REPOSADO', 'MEZCA', 'ML', '', '750.00', '0.00', '10.00', '0.00', '775.86', '743.69', '16.00', '0.00', '', NULL, NULL),
('MEEJ', 'ESPIRITU LAU.JOVEN', 'MEZCA', 'ML', '', '750.00', '0.00', '10.00', '0.00', '427.59', '214.30', '16.00', '0.00', '', NULL, NULL),
('MEEM', 'VONVITE ENS.EPADIN MADRE', 'MEZCA', 'ML', '', '750.00', '0.00', '10.00', '0.00', '541.00', '0.00', '16.00', '0.00', '', NULL, NULL),
('MEEP', 'ESPIRITU LAU.REP', 'MEZCA', 'ML', '', '750.00', '0.00', '10.00', '0.00', '541.38', '271.19', '16.00', '0.00', '', NULL, NULL),
('MEER', 'AMORES ESPADIN REP', 'MEZCA', 'ML', '', '750.00', '0.00', '10.00', '0.00', '473.28', '473.29', '16.00', '0.00', '', NULL, NULL),
('MEGA', 'GARRAFAS MEZCAL', 'MEZCA', 'ML', '', '750.00', '0.00', '10.00', '0.00', '1.00', '0.00', '16.00', '0.00', '', NULL, NULL),
('MEI5', 'IBA 55 MEZCAL', 'MEZCA', 'ML', '', '750.00', '0.00', '10.00', '0.00', '1.00', '0.00', '0.00', '0.00', '', NULL, NULL),
('MEIB', 'IBA MEZCAL', 'MEZCA', 'ML', '', '750.00', '0.00', '10.00', '0.00', '1.00', '0.00', '0.00', '0.00', '', NULL, NULL),
('MEJB', 'JARAL DE BERRIO BCO', 'MEZCA', 'ML', '', '750.00', '0.00', '10.00', '0.00', '1.00', '0.00', '0.00', '0.00', '', NULL, NULL),
('MEMA', 'MONO AZUL', 'MEZCA', 'ML', '', '750.00', '0.00', '1.00', '0.00', '297.42', '297.42', '16.00', '0.00', '', NULL, NULL),
('MEMM', 'MEXCALITO MARACUYA', 'MEZCA', 'ML', '', '750.00', '0.00', '10.00', '0.00', '297.42', '149.21', '16.00', '0.00', '', NULL, NULL),
('MEOX', 'OAXACA MEZCAL', 'MEZCA', 'ML', '', '750.00', '0.00', '10.00', '0.00', '1.00', '0.00', '0.00', '0.00', '', NULL, NULL),
('MEPD', 'PAL DOLOR', 'MEZCA', 'ML', '', '750.00', '0.00', '10.00', '0.00', '1.00', '0.00', '16.00', '0.00', '', NULL, NULL),
('MEPM', 'PELOTON DE LA MUERTE', 'MEZCA', 'ML', '', '700.00', '0.00', '10.00', '0.00', '276.81', '207.86', '16.00', '0.00', '', NULL, NULL),
('MEQU', 'QUETZAL ARROQUE?O ESPADIN', 'MEZCA', 'ML', '', '750.00', '0.00', '1.00', '0.00', '593.97', '593.97', '16.00', '0.00', '', NULL, NULL),
('METO', 'TOBALA MEZCAL', 'MEZCA', 'ML', '', '750.00', '0.00', '10.00', '0.00', '1.00', '0.00', '0.00', '0.00', '', NULL, NULL),
('MEUJ', 'UNION JOVEN', 'MEZCA', 'ML', '', '700.00', '0.00', '1.00', '0.00', '1.00', '1.00', '16.00', '0.00', '', NULL, NULL),
('MEUN', 'UNION JOVEN', 'MEZCA', 'ML', '', '700.00', '0.00', '10.00', '0.00', '302.20', '298.72', '16.00', '0.00', '', NULL, NULL),
('MEUV', 'UNION VIEJO', 'MEZCA', 'ML', '', '750.00', '0.00', '10.00', '0.00', '510.34', '445.26', '16.00', '0.00', '', NULL, NULL),
('MEVM', 'VERDE MOMENTO', 'MEZCA', 'ML', '', '700.00', '0.00', '0.00', '0.00', '1.00', '1.00', '16.00', '0.00', '', NULL, NULL),
('MEZS', 'ZIGNUM SILVER', 'MEZCA', 'ML', '', '750.00', '0.00', '10.00', '0.00', '214.66', '214.66', '16.00', '0.00', '', NULL, NULL),
('MXC!', 'MEXCALITO MINI COCO', 'MEZCA', 'ML', '', '124.00', '0.00', '10.00', '0.00', '60.35', '0.00', '0.00', '0.00', '', NULL, NULL),
('MXME', 'MEXCALITO ESPADIN', 'MEZCA', 'ML', '', '750.00', '0.00', '10.00', '0.00', '297.42', '0.00', '0.00', '0.00', '', NULL, NULL),
('MXMG', 'MEXCALITO GUAYABA', 'MEZCA', 'ML', '', '750.00', '0.00', '10.00', '0.00', '297.42', '0.00', '0.00', '0.00', '', NULL, NULL),
('MZM3', 'MEXCALITO MINI TAMARINDO', 'MEZCA', 'ML', '', '124.00', '0.00', '10.00', '0.00', '60.35', '0.00', '0.00', '0.00', '', NULL, NULL),
('MZM4', 'MEXCALITO MINI GUAYABA', 'MEZCA', 'ML', '', '124.00', '0.00', '10.00', '0.00', '60.35', '0.00', '0.00', '0.00', '', NULL, NULL),
('MZM5', 'MEXCALITO MINI ESPADIN', 'MEZCA', 'ML', '', '124.00', '0.00', '10.00', '0.00', '60.35', '0.00', '0.00', '0.00', '', NULL, NULL),
('MZM@', 'MEXCALITO MINI MARACUTYA', 'MEZCA', 'ML', '', '124.00', '0.00', '10.00', '0.00', '60.35', '0.00', '0.00', '0.00', '', NULL, NULL),
('MZMC', 'MEXCALITO COCO', 'MEZCA', 'ML', '', '750.00', '0.00', '10.00', '0.00', '297.42', '0.00', '0.00', '0.00', '', NULL, NULL),
('MZMT', 'MEXCALITO TAMARINDO', 'MEZCA', 'ML', '', '750.00', '0.00', '10.00', '0.00', '297.42', '297.42', '16.00', '0.00', '', NULL, NULL);
INSERT INTO `productos` (`codingre`, `descrip`, `familia`, `unidad`, `empaque`, `equivale`, `inventa1`, `stockmax`, `stockmin`, `ultcosto`, `costoprome`, `impuesto`, `pedido`, `status`, `inventaFisico`, `diferencia`) VALUES
('PULQ', 'PULQUE BARRA', 'TEQUI', 'ML', '', '1000.00', '0.00', '10.00', '0.00', '35.00', '35.00', '0.00', '0.00', '', NULL, NULL),
('RBPR', 'RED BUL PROMO', 'REFRE', 'PZ', '', '1.00', '0.00', '10.00', '0.00', '1.00', '0.00', '0.00', '0.00', '', NULL, NULL),
('REDB', 'RED BULL', 'REFRE', 'PZ', '', '1.00', '0.00', '96.00', '0.00', '1.00', '1.00', '0.00', '0.00', '', NULL, NULL),
('REDI', 'COCA LIGTH', 'REFRE', 'ML', '', '355.00', '0.00', '10.00', '0.00', '6.90', '3.45', '16.00', '0.00', '', NULL, NULL),
('RESF', 'RED BULL SUGAR FREE', 'REFRE', 'ML', '', '355.00', '0.00', '10.00', '0.00', '1.00', '0.00', '0.00', '0.00', '', NULL, NULL),
('RFCO', 'REFIL COCACOLA', 'REFRE', 'PZ', '', '1.00', '0.00', '12.00', '0.00', '214.66', '214.66', '16.00', '0.00', 'RF', NULL, NULL),
('RFMA', 'REFIL MANZANA', 'REFRE', 'PZ', '', '1.00', '0.00', '12.00', '0.00', '510.34', '510.34', '16.00', '0.00', '', NULL, NULL),
('RO10', 'BACARDI 101  700 ML', 'RONNN', 'ML', '', '700.00', '0.00', '10.00', '0.00', '99.13', '99.13', '0.00', '0.00', '', NULL, NULL),
('ROA1', 'APPLETON STATE 12', 'RONNN', 'ML', '', '750.00', '0.00', '10.00', '0.00', '387.93', '387.93', '16.00', '0.00', '', NULL, NULL),
('ROAB', 'APPLETON BLANCO', 'RONNN', 'ML', '', '750.00', '0.00', '10.00', '0.00', '86.21', '86.21', '16.00', '0.00', '', NULL, NULL),
('ROAO', 'APPLETON ESPECIAL', 'RONNN', 'ML', '', '750.00', '0.00', '10.00', '0.00', '94.83', '94.83', '16.00', '0.00', '', NULL, NULL),
('ROAP', 'APPLETON ESTATE V/X 750 M', 'RONNN', 'ML', '', '750.00', '-1.00', '10.00', '0.00', '165.52', '165.52', '16.00', '0.00', '', NULL, NULL),
('ROAR', 'APPLETON ESTATE RES.BLEND', 'RONNN', 'ML', '', '1.00', '0.00', '2.00', '0.00', '1.00', '1.00', '0.00', '0.00', '', NULL, NULL),
('ROB2', 'BOTRAN 12', 'RONNN', 'ML', '', '750.00', '0.00', '10.00', '0.00', '288.79', '288.79', '16.00', '0.00', '', NULL, NULL),
('ROB8', 'BACARDI 8', 'RONNN', 'ML', '', '700.00', '0.00', '10.00', '0.00', '284.48', '284.48', '16.00', '0.00', '', NULL, NULL),
('ROBA', 'BACARDI A?EJO', 'RONNN', 'ML', '', '750.00', '0.00', '10.00', '0.00', '88.70', '88.70', '0.00', '0.00', '', NULL, NULL),
('ROBB', 'BACARDI BLANCO', 'RONNN', 'ML', '', '750.00', '-0.38', '10.00', '0.00', '105.00', '105.00', '16.00', '0.00', '', NULL, NULL),
('ROBG', 'BACARDI 10 GRAN RES', 'RONNN', 'ML', '', '750.00', '0.00', '10.00', '0.00', '383.62', '383.62', '16.00', '0.00', '', NULL, NULL),
('ROBM', 'BACARDI GRAN RESERVA', 'RONNN', 'ML', '', '3000.00', '0.00', '10.00', '0.00', '557.18', '557.18', '0.00', '0.00', '', NULL, NULL),
('ROBV', 'BOTRAN SOLERA G.RES', 'RONNN', 'ML', '', '750.00', '0.00', '10.00', '0.00', '530.17', '530.17', '16.00', '0.00', '', NULL, NULL),
('ROCB', 'CAPT.MORGAN BLACK', 'RONNN', 'mL', '', '750.00', '0.00', '10.00', '0.00', '172.79', '172.79', '0.00', '0.00', '', NULL, NULL),
('ROCM', 'CAPT.MORGAN ORIGINAL', 'RONNN', 'ML', '', '750.00', '0.00', '10.00', '0.00', '111.21', '111.21', '16.00', '0.00', '', NULL, NULL),
('ROCW', 'CAPT.MORGAN WHITE', 'RONNN', 'ML', '', '750.00', '0.00', '10.00', '0.00', '112.07', '112.07', '16.00', '0.00', '', NULL, NULL),
('ROF1', 'FLOR CA?A 12 A?OS', 'RONNN', 'NM', '', '750.00', '0.00', '10.00', '0.00', '425.00', '425.00', '16.00', '0.00', '', NULL, NULL),
('ROF5', 'FLOR CA?A 5 A?OS', 'RONNN', 'ML', '', '750.00', '0.00', '10.00', '0.00', '1.00', '1.00', '0.00', '0.00', '', NULL, NULL),
('ROF7', 'FLOR CA?A 7 A?OS', 'RONNN', 'ML', '', '750.00', '0.00', '10.00', '0.00', '225.86', '225.86', '16.00', '0.00', '', NULL, NULL),
('ROF8', 'FLOR DE CANA 18', 'RONNN', 'ML', '', '700.00', '0.00', '10.00', '0.00', '1.00', '1.00', '0.00', '0.00', '', NULL, NULL),
('ROH3', 'HAVANA 3 A?OS A?EJO ESP.', 'RONNN', 'ML', '', '750.00', '-2.32', '10.00', '0.00', '106.88', '106.88', '16.00', '0.00', '', NULL, NULL),
('ROH7', 'HAVANA 7 A?OS', 'RONNN', 'ML', '', '750.00', '-2.00', '10.00', '0.00', '255.17', '255.17', '16.00', '0.00', '', NULL, NULL),
('ROHB', 'HAVANA BARREL PROFF', 'RONNN', 'ML', '', '750.00', '0.00', '10.00', '0.00', '1.00', '1.00', '0.00', '0.00', '', NULL, NULL),
('ROHC', 'HAVANA BLANCO', 'RONNN', 'ML', '', '750.00', '0.00', '10.00', '0.00', '112.93', '112.93', '16.00', '0.00', '', NULL, NULL),
('ROHG', 'HAVANA GRAN RESERVA', 'RONNN', 'ML', '', '750.00', '0.00', '10.00', '0.00', '1.00', '1.00', '0.00', '0.00', '', NULL, NULL),
('ROHM', 'HAVANA SELC.MAESTROS', 'RONNN', 'ML', '', '750.00', '0.00', '10.00', '0.00', '650.86', '650.86', '16.00', '0.00', '', NULL, NULL),
('ROHR', 'HAVANA RESERVA', 'RONNN', 'ML', '', '750.00', '0.00', '10.00', '0.00', '1.00', '1.00', '0.00', '0.00', '', NULL, NULL),
('ROHS', 'HAVANA SILVER', 'RONNN', 'ML', '', '750.00', '0.00', '10.00', '0.00', '1.00', '1.00', '0.00', '0.00', '', NULL, NULL),
('ROKG', 'KRAKEN GHOST', 'RONNN', 'ML', '', '750.00', '0.00', '10.00', '0.00', '117.33', '117.33', '16.00', '0.00', '', NULL, NULL),
('ROKR', 'KRAKEN BLACK', 'RONNN', 'ML', '', '750.00', '0.00', '10.00', '0.00', '126.72', '126.72', '16.00', '0.00', '', NULL, NULL),
('ROM1', 'MATUSALEM G.RES. 18 A?OS', 'RONNN', 'ML', '', '750.00', '0.00', '10.00', '0.00', '418.49', '418.49', '16.00', '0.00', '', NULL, NULL),
('ROM3', 'MATUSALEM 23', 'RONNN', 'ML', '', '750.00', '0.00', '10.00', '0.00', '863.19', '863.19', '16.00', '0.00', '', NULL, NULL),
('ROMA', 'MALIBU COCO WHITE', 'RONNN', 'ML', '', '750.00', '0.00', '10.00', '0.00', '136.21', '136.21', '16.00', '0.00', '', NULL, NULL),
('ROMB', 'MALIBU BLACK', 'RONNN', 'ML', '', '750.00', '0.00', '10.00', '0.00', '141.68', '141.68', '0.00', '0.00', '', NULL, NULL),
('ROMC', 'MATUSALEM CLASICO', 'RONNN', 'ML', '', '750.00', '-1.44', '10.00', '0.00', '133.21', '133.21', '16.00', '0.00', '', NULL, NULL),
('ROMG', 'MATUSALEM GRAN RESERVA', 'RONNN', 'ML', '', '750.00', '-1.44', '10.00', '0.00', '233.97', '233.97', '16.00', '0.00', '', NULL, NULL),
('ROMP', 'MATUSALEM PLATINO', 'RONNN', 'ML', '', '750.00', '-1.12', '10.00', '0.00', '105.73', '105.73', '16.00', '0.00', '', NULL, NULL),
('ROPL', 'RON BACARDI BIG APPLE 750', 'RONNN', 'ML', '', '750.00', '0.00', '10.00', '0.00', '94.78', '94.35', '0.00', '0.00', '', NULL, NULL),
('ROST', 'SANTA TERESA 1796', 'RONNN', 'ML', '', '750.00', '0.00', '2.00', '0.00', '94.78', '94.78', '0.00', '0.00', '', NULL, NULL),
('ROZ2', 'ZACAPA 23 A?OS', 'RONNN', 'ML', '', '750.00', '-0.24', '10.00', '0.00', '646.55', '646.55', '16.00', '0.00', '', NULL, NULL),
('ROZA', 'ZACAPA 15', 'RONNN', 'ML', '', '750.00', '0.00', '10.00', '0.00', '1.00', '1.00', '0.00', '0.00', '', NULL, NULL),
('ROZM', 'ZACAPA AMBER', 'RONNN', 'ML', '', '750.00', '-0.12', '10.00', '0.00', '523.32', '523.32', '16.00', '0.00', '', NULL, NULL),
('ROZX', 'ZACAPA XO', 'RONNN', 'ML', '', '750.00', '0.00', '10.00', '0.00', '1612.07', '1612.07', '16.00', '0.00', '', NULL, NULL),
('SCDR', 'MANZANITA', 'REFRE', 'PZ', '', '1.00', '0.00', '10.00', '0.00', '4.57', '4.57', '0.00', '0.00', '', NULL, NULL),
('SIDR', 'SIDRA KOPPARBERG 300 ML.', 'VINOS', 'ML', '', '300.00', '0.00', '10.00', '0.00', '23.80', '23.80', '0.00', '0.00', '', NULL, NULL),
('SOAE', 'GARRAFON DE AGUA', 'REFRE', 'PZ', '', '19000.00', '0.00', '10.00', '0.00', '27.00', '27.00', '0.00', '0.00', '', NULL, NULL),
('SOCC', 'COCA COLA CLASICA', 'REFRE', 'PZ', '', '1.00', '0.00', '480.00', '0.00', '5.90', '6.04', '16.00', '0.00', '', NULL, NULL),
('SOCL', 'COCA LIGTH', 'REFRE', 'PZ', '', '1.00', '0.00', '96.00', '0.00', '6.90', '6.90', '16.00', '0.00', '', NULL, NULL),
('SOCM', 'COCACOLA MINI', 'REFRE', 'PZ', '', '1.00', '0.00', '360.00', '0.00', '4.50', '32.43', '16.00', '0.00', '', NULL, NULL),
('SODC', 'COCA SIN AZUCAR', 'REFRE', 'PZ', '', '1.00', '0.00', '10.00', '0.00', '4.57', '4.57', '0.00', '0.00', '', NULL, NULL),
('SODE', 'DELAWARE', 'REFRE', 'PZ', '', '1.00', '0.00', '24.00', '0.00', '1.00', '1.00', '0.00', '0.00', '', NULL, NULL),
('SOFR', 'FRESCA', 'REFRE', 'PZ', '', '1.00', '0.00', '144.00', '0.00', '297.42', '297.42', '0.00', '0.00', '', NULL, NULL),
('SOGL', 'GINGER', 'REFRE', 'PZ', '', '1.00', '0.00', '10.00', '0.00', '4.74', '4.74', '16.00', '0.00', '', NULL, NULL),
('SOQQ', 'COCA COLA LIGTH MINI', 'REFRE', 'PZ', '', '1.00', '0.00', '72.00', '0.00', '60.35', '60.35', '0.00', '0.00', '', NULL, NULL),
('SORR', 'COCA COLA ZERO MINI', 'REFRE', 'PZ', '', '1.00', '0.00', '24.00', '0.00', '60.35', '60.35', '0.00', '0.00', '', NULL, NULL),
('SOSL', 'FANTA', 'REFRE', 'PZ', '', '1.00', '0.00', '10.00', '0.00', '4.57', '4.57', '16.00', '0.00', '', NULL, NULL),
('SOSP', 'SPRITE', 'REFRE', 'PZ', '', '1.00', '0.00', '10.00', '0.00', '14.13', '14.13', '0.00', '0.00', '', NULL, NULL),
('SOSQ', 'SPRITE ZERO', 'REFRE', 'PZ', '', '1.00', '0.00', '10.00', '0.00', '3.42', '3.42', '0.00', '0.00', '', NULL, NULL),
('SPEE', 'SPEED', 'REFRE', 'ML', '', '1.00', '0.00', '10.00', '0.00', '1.00', '0.00', '0.00', '0.00', '', NULL, NULL),
('SRR!', 'SR ACEITE DE AJO', 'SUBRE', 'GR', '', '1000.00', '0.00', '10.00', '0.00', '0.00', '141.38', '0.00', '0.00', '', NULL, NULL),
('SRR\"', 'SR ADEREZO CESAR', 'SUBRE', 'GR', '', '1000.00', '0.00', '10.00', '0.00', '0.00', '116.87', '0.00', '0.00', '', NULL, NULL),
('SRR#', 'SR ADEREZO DULCE', 'SUBRE', 'GR', '', '1000.00', '0.00', '10.00', '0.00', '0.00', '137.57', '0.00', '0.00', '', NULL, NULL),
('SRR$', 'SR ADEREZO MARACUYA', 'SUBRE', 'GR', '', '1000.00', '0.00', '10.00', '0.00', '0.00', '68.37', '0.00', '0.00', '', NULL, NULL),
('SRR%', 'SR ADEREZO TOUGURTH', 'SUBRE', 'GR', '', '1000.00', '0.00', '10.00', '0.00', '0.00', '64.81', '0.00', '0.00', '', NULL, NULL),
('SRR&', 'SR ADOBO', 'SUBRE', 'ML', '', '1000.00', '0.00', '10.00', '0.00', '0.00', '91.14', '0.00', '0.00', '', NULL, NULL),
('SRR(', 'SR AD MAYO CHIPOTLES', 'SUBRE', 'GR', '', '1000.00', '0.00', '10.00', '0.00', '0.00', '64.85', '0.00', '0.00', '', NULL, NULL),
('SRR)', 'SR AGUACHILE MANGO HABANE', 'SUBRE', 'GR', '', '1000.00', '0.00', '10.00', '0.00', '0.00', '37.70', '0.00', '0.00', '', NULL, NULL),
('SRR-', 'SR AGUACHULE NEGRO', 'SUBRE', 'GR', '', '1000.00', '0.00', '10.00', '0.00', '0.00', '50.13', '0.00', '0.00', '', NULL, NULL),
('SRR.', 'SR AGUACHILE VERDE', 'SUBRE', 'GR', '', '1000.00', '0.00', '10.00', '0.00', '0.00', '26.75', '0.00', '0.00', '', NULL, NULL),
('SRR0', 'SR AJILLO', 'SUBRE', 'ML', '', '1000.00', '0.00', '10.00', '0.00', '0.00', '154.51', '0.00', '0.00', '', NULL, NULL),
('SRR1', 'SR AJO FRITO', 'SUBRE', 'GR', '', '1000.00', '0.00', '10.00', '0.00', '0.00', '312.25', '0.00', '0.00', '', NULL, NULL),
('SRR2', 'SR ALIOLI', 'SUBRE', 'GR', '', '1000.00', '0.00', '10.00', '0.00', '0.00', '49.17', '0.00', '0.00', '', NULL, NULL),
('SRR3', 'SR ARROZ CON LECHE', 'SUBRE', 'GR', '', '1000.00', '0.00', '10.00', '0.00', '0.00', '40.37', '0.00', '0.00', '', NULL, NULL),
('SRR4', 'SR ARROZ ROJO', 'SUBRE', 'GR', '', '1000.00', '0.00', '10.00', '0.00', '0.00', '56.45', '0.00', '0.00', '', NULL, NULL),
('SRR5', 'SR BASE CALDO QUESO', 'SUBRE', 'ML', '', '1000.00', '0.00', '10.00', '0.00', '0.00', '61.45', '0.00', '0.00', '', NULL, NULL),
('SRR6', 'SR CALDILLO FRIJOL NEGRO', 'SUBRE', 'GR', '', '1000.00', '0.00', '10.00', '0.00', '0.00', '67.92', '0.00', '0.00', '', NULL, NULL),
('SRR7', 'SR CALDO DE POLLO', 'SUBRE', 'ML', '', '1000.00', '0.00', '10.00', '0.00', '0.00', '57.15', '0.00', '0.00', '', NULL, NULL),
('SRR8', 'CR CARNE HAMBURGUESA', 'SUBRE', 'GR', '', '1000.00', '0.00', '10.00', '0.00', '0.00', '105.56', '0.00', '0.00', '', NULL, NULL),
('SRR9', 'SR CARNITAS PULQUE', 'SUBRE', 'GR', '', '1000.00', '0.00', '10.00', '0.00', '0.00', '248.49', '0.00', '0.00', '', NULL, NULL),
('SRR:', 'SR CEBOLLAS CAJUN LIMON', 'SUBRE', 'GR', '', '1000.00', '0.00', '10.00', '0.00', '0.00', '108.74', '0.00', '0.00', '', NULL, NULL),
('SRR;', 'SR CEBOLLAS ENCURTIDAS', 'SUBRE', 'GR', '', '1000.00', '0.00', '10.00', '0.00', '0.00', '30.73', '0.00', '0.00', '', NULL, NULL),
('SRR<', 'SR CHICHARRON PRENSADO', 'SUBRE', 'GR', '', '1000.00', '0.00', '10.00', '0.00', '0.00', '115.74', '0.00', '0.00', '', NULL, NULL),
('SRR>', 'SR CHULE/CEBOLLA TOREADOS', 'SUBRE', 'GR', '', '1000.00', '0.00', '10.00', '0.00', '0.00', '11.68', '0.00', '0.00', '', NULL, NULL),
('SRR?', 'SR SUADERO', 'SUBRE', '', '', '1000.00', '0.00', '10.00', '0.00', '0.00', '0.00', '0.00', '0.00', '0', NULL, NULL),
('SRRA', 'SR CHILES EN VINAGRE', 'SUBRE', 'GR', '', '1000.00', '0.00', '10.00', '0.00', '0.00', '32.30', '0.00', '0.00', '', NULL, NULL),
('SRRB', 'SR CHIMICHURRI', 'SUBRE', 'GR', '', '1000.00', '0.00', '10.00', '0.00', '0.00', '90.62', '0.00', '0.00', '', NULL, NULL),
('SRRC', 'SR CHOCOLATE CALIENTE', 'SUBRE', 'ML', '', '1000.00', '0.00', '10.00', '0.00', '0.00', '35.50', '0.00', '0.00', '', NULL, NULL),
('SRRD', 'SR PIE QUESO GUATABA', 'SUBRE', 'GR', '', '1000.00', '0.00', '10.00', '0.00', '0.00', '11.07', '0.00', '0.00', '', NULL, NULL),
('SRRE', 'SR CREMA MASCARPONE', 'SUBRE', 'GR', '', '1000.00', '0.00', '10.00', '0.00', '0.00', '64.52', '0.00', '0.00', '', NULL, NULL),
('SRRF', 'SR CREME BRULEE', 'SUBRE', 'PZ', '', '1.00', '0.00', '10.00', '0.00', '0.00', '152.84', '0.00', '0.00', '', NULL, NULL),
('SRRG', 'SR CREMOSO AGUACATE', 'SUBRE', 'GR', '', '1000.00', '0.00', '10.00', '0.00', '0.00', '25.76', '0.00', '0.00', '', NULL, NULL),
('SRRH', 'SR ENSALADA DE NOPAL', 'SUBRE', 'GR', '', '1000.00', '0.00', '10.00', '0.00', '0.00', '62.33', '0.00', '0.00', '', NULL, NULL),
('SRRI', 'SR FIDEO SECO', 'SUBRE', 'GR', '', '1000.00', '0.00', '10.00', '0.00', '0.00', '44.98', '0.00', '0.00', '', NULL, NULL),
('SRRJ', 'SR FLAN', 'SUBRE', 'GR', '', '1000.00', '0.00', '10.00', '0.00', '0.00', '9.67', '0.00', '0.00', '', NULL, NULL),
('SRRK', 'SR FRIJOLES DE OLLA', 'SUBRE', 'GR', '', '1000.00', '0.00', '10.00', '0.00', '0.00', '20.98', '0.00', '0.00', '', NULL, NULL),
('SRRL', 'SR FRIJOLES MANEADOS', 'SUBRE', 'GR', '', '1000.00', '0.00', '10.00', '0.00', '0.00', '56.09', '0.00', '0.00', '', NULL, NULL),
('SRRM', 'SR FRIJOLES REFRITOS', 'SUBRE', 'GR', '', '1000.00', '0.00', '10.00', '0.00', '0.00', '22.04', '0.00', '0.00', '', NULL, NULL),
('SRRN', 'SR GALLETA BASE', 'SUBRE', 'GR', '', '1000.00', '0.00', '10.00', '0.00', '0.00', '93.97', '0.00', '0.00', '', NULL, NULL),
('SRRO', 'SR GANACHE CHOCOLATE', 'SUBRE', 'GR', '', '1000.00', '0.00', '10.00', '0.00', '0.00', '120.26', '0.00', '0.00', '', NULL, NULL),
('SRRP', 'SR GUACAMOLE', 'SUBRE', 'GR', '', '1000.00', '0.00', '10.00', '0.00', '0.00', '45.18', '0.00', '0.00', '', NULL, NULL),
('SRRQ', 'SR HUTLACOCHE', 'SUBRE', 'GR', '', '1000.00', '0.00', '10.00', '0.00', '0.00', '35.51', '0.00', '0.00', '', NULL, NULL),
('SRRR', 'SR JARABE 3 LECHES', 'SUBRE', 'GR', '', '1000.00', '0.00', '10.00', '0.00', '0.00', '45.25', '0.00', '0.00', '', NULL, NULL),
('SRRS', 'SR JUGO DE CARNE', 'SUBRE', 'ML', '', '1000.00', '0.00', '10.00', '0.00', '0.00', '91.36', '0.00', '0.00', '', NULL, NULL),
('SRRT', 'SR JUGO DE LIMON', 'SUBRE', 'ML', '', '1000.00', '0.00', '10.00', '0.00', '0.00', '27.30', '0.00', '0.00', '', NULL, NULL),
('SRRU', 'SR JUGO DE NARANJA', 'SUBRE', 'ML', '', '1000.00', '0.00', '10.00', '0.00', '0.00', '23.24', '0.00', '0.00', '', NULL, NULL),
('SRRV', 'SR LECHON FIDEO', 'SUBRE', 'GR', '', '1000.00', '0.00', '10.00', '0.00', '0.00', '341.45', '0.00', '0.00', '', NULL, NULL),
('SRRW', 'SR LECHUGAS MIXTAS', 'SUBRE', 'GR', '', '1000.00', '0.00', '10.00', '0.00', '0.00', '19.34', '0.00', '0.00', '', NULL, NULL),
('SRRX', 'SR MAYONESA HABANERO', 'SUBRE', 'GR', '', '1000.00', '0.00', '10.00', '0.00', '0.00', '68.51', '0.00', '0.00', '', NULL, NULL),
('SRRY', 'SR MOLE POBLANO', 'SUBRE', 'GR', '', '1000.00', '0.00', '10.00', '0.00', '0.00', '113.28', '0.00', '0.00', '', NULL, NULL),
('SRRZ', 'SR MOLTEN ABUELITA', 'SUBRE', 'PZ', '', '1.00', '0.00', '10.00', '0.00', '0.00', '9.58', '0.00', '0.00', '', NULL, NULL),
('SRR[', 'SR MOUSSE ROMPOPE', 'SUBRE', 'PZ', '', '1.00', '0.00', '10.00', '0.00', '0.00', '27.57', '0.00', '0.00', '', NULL, NULL),
('SRR]', 'SR MONOS DE COCO', 'SUBRE', 'GR', '', '1000.00', '0.00', '10.00', '0.00', '0.00', '309.93', '0.00', '0.00', '', NULL, NULL),
('SRR_', 'SR PAN DE HAMBURGUESA', 'SUBRE', 'PZ', '', '1.00', '0.00', '10.00', '0.00', '0.00', '3.44', '0.00', '0.00', '', NULL, NULL),
('SRR{', 'SR SPAGUETTO COCIDO', 'SUBRE', 'GR', '', '1000.00', '0.00', '10.00', '0.00', '0.00', '17.76', '0.00', '0.00', '', NULL, NULL),
('SRR|', 'SR SUADERO', 'SUBRE', 'GR', '', '1000.00', '0.00', '10.00', '0.00', '0.00', '206.73', '0.00', '0.00', '', NULL, NULL),
('SRR}', 'SR TARTARA JALAPE?O', 'SUBRE', 'GR', '', '1000.00', '0.00', '10.00', '0.00', '0.00', '53.67', '0.00', '0.00', '', NULL, NULL),
('SRRª', 'SR TARTARA JALAPE¥O', 'SUBRE', '', '', '1000.00', '0.00', '10.00', '0.00', '0.00', '0.00', '0.00', '0.00', '0', NULL, NULL),
('SRRø', 'SR SUADERO', 'SUBRE', '', '', '1000.00', '0.00', '10.00', '0.00', '0.00', '0.00', '0.00', '0.00', '0', NULL, NULL),
('STAC', 'STA HELENA CHARDONAY', 'VINOS', '75', '', '750.00', '0.00', '10.00', '0.00', '211.21', '211.21', '0.00', '0.00', '', NULL, NULL),
('TE10', '100 A?OS REP.VERDE 750 ML', 'TEQUI', 'ML', '', '750.00', '0.00', '10.00', '0.00', '120.00', '120.00', '0.00', '0.00', '', NULL, NULL),
('TE18', '1800 A?EJO', 'TEQUI', 'ML', '', '700.00', '-0.26', '10.00', '0.00', '420.13', '420.13', '16.00', '0.00', '', NULL, NULL),
('TE1B', '1800 BLANCO', 'TEQUI', 'ML', '', '700.00', '0.00', '10.00', '0.00', '268.62', '268.62', '16.00', '0.00', '', NULL, NULL),
('TE1C', '1800 CRISTALINO', 'TEQUI', 'ML', '', '700.00', '0.00', '10.00', '0.00', '487.28', '487.28', '16.00', '0.00', '', NULL, NULL),
('TE1R', '1800 REPOSADO', 'TEQUI', 'ML', '', '700.00', '-0.13', '10.00', '0.00', '308.75', '308.75', '16.00', '0.00', '', NULL, NULL),
('TE3A', '3 GEN.PLATA', 'TEQUI', 'ML', '', '750.00', '0.00', '10.00', '0.00', '448.19', '448.19', '16.00', '0.00', '', NULL, NULL),
('TE3G', '3 GEN.REPOSADO', 'TEQUI', 'ML', '', '750.00', '0.00', '10.00', '0.00', '510.00', '510.00', '16.00', '0.00', '', NULL, NULL),
('TEAC', 'CENTENARIO AZUL', 'TEQUI', 'ML', '', '750.00', '0.00', '10.00', '0.00', '159.70', '159.70', '16.00', '0.00', '', NULL, NULL),
('TEAN', 'HERRAD.ANT.REP', 'TEQUI', 'ML', '', '750.00', '-0.24', '10.00', '0.00', '185.34', '185.34', '16.00', '0.00', '', NULL, NULL),
('TEAP', 'ALTOS PLATA', 'TEQUI', 'ML', '', '750.00', '0.00', '10.00', '0.00', '1.00', '1.00', '16.00', '0.00', '', NULL, NULL),
('TEAR', 'ALTOS REPOSADO', 'TEQUI', 'ML', '', '750.00', '0.00', '10.00', '0.00', '290.73', '290.73', '16.00', '0.00', '', NULL, NULL),
('TEAZ', 'CAZADORES CRISTALINO', 'TEQUI', 'ML', '', '750.00', '0.00', '10.00', '0.00', '276.52', '276.52', '0.00', '0.00', '', NULL, NULL),
('TEBL', 'CAZADORES BCO. LT.', 'TEQUI', 'ML', '', '950.00', '0.00', '10.00', '0.00', '173.04', '173.04', '0.00', '0.00', '', NULL, NULL),
('TEC3', 'CUERVO TRAD 3LTS', 'TEQUI', 'ML', '', '3000.00', '0.00', '10.00', '0.00', '763.47', '739.65', '0.00', '0.00', '', NULL, NULL),
('TEC?', 'CENTENARIO A?EJO', 'TEQUI', 'ML', '', '750.00', '0.00', '0.00', '0.00', '386.55', '386.55', '16.00', '0.00', '0.000', NULL, NULL),
('TECA', 'CAZADORES REP. 750', 'TEQUI', 'ML', '', '750.00', '0.00', '10.00', '0.00', '427.01', '427.01', '0.00', '0.00', '', NULL, NULL),
('TECC', 'CAZADORES CRIS. 750', 'TEQUI', 'ML', '', '3000.00', '0.00', '2.00', '0.00', '763.47', '763.47', '0.00', '0.00', '', NULL, NULL),
('TECE', 'CENTENARIO REP.', 'TEQUI', 'ML', '', '700.00', '0.00', '10.00', '0.00', '147.64', '147.64', '16.00', '0.00', '', NULL, NULL),
('TECJ', 'DON JULIO REP.CLARO', 'TEQUI', 'ML', '', '999.99', '0.00', '10.00', '0.00', '152.17', '152.17', '0.00', '0.00', '', NULL, NULL),
('TECL', 'TRADICIONAL CRISTALINO', 'TEQUI', 'ML', '', '695.00', '-0.36', '10.00', '0.00', '171.55', '171.55', '16.00', '0.00', '', NULL, NULL),
('TECM', 'CENTENARIO A?EJO', 'TEQUI', 'ML', '', '700.00', '0.00', '10.00', '0.00', '427.01', '427.01', '0.00', '0.00', '', NULL, NULL),
('TECO', 'CONMEMORATIVO', 'TEQUI', 'ML', '', '940.00', '0.00', '10.00', '0.00', '160.87', '160.87', '0.00', '0.00', '', NULL, NULL),
('TECP', 'CENTENARIO PLATA', 'TEQUI', 'ML', '', '700.00', '0.00', '10.00', '0.00', '190.00', '190.00', '16.00', '0.00', '', NULL, NULL),
('TECR', 'TRADICIONAL', 'TEQUI', 'ML', '', '695.00', '-0.13', '10.00', '0.00', '214.57', '214.57', '16.00', '0.00', '', NULL, NULL),
('TECS', 'CUERVO ESPECIAL REP', 'TEQUI', 'ML', '', '990.00', '0.00', '10.00', '0.00', '77.82', '77.82', '0.00', '0.00', '', NULL, NULL),
('TECT', 'CENTENARIO REP', 'TEQUI', 'ML', '', '940.00', '0.00', '2.00', '0.00', '160.87', '160.87', '0.00', '0.00', '', NULL, NULL),
('TEC¥', 'CENTENARIO A¥EJO', 'TEQUI', 'ML', '', '750.00', '0.00', '10.00', '0.00', '386.55', '386.55', '16.00', '0.00', '', NULL, NULL),
('TED1', 'DON JULIO 70', 'TEQUI', 'ML', '', '750.00', '-1.80', '10.00', '0.00', '482.72', '482.72', '16.00', '0.00', '', NULL, NULL),
('TED4', 'DON JULIO REP.CLARO', 'TEQUI', 'ML', '', '750.00', '0.00', '10.00', '0.00', '1120.69', '1120.69', '16.00', '0.00', '', NULL, NULL),
('TEDB', 'DON JULIO BLANCO', 'TEQUI', 'ML', '', '750.00', '-1.00', '10.00', '0.00', '250.00', '250.00', '16.00', '0.00', '', NULL, NULL),
('TEDJ', 'DON JULIO REP.', 'TEQUI', 'ML', '', '750.00', '-1.36', '10.00', '0.00', '306.03', '306.03', '16.00', '0.00', '', NULL, NULL),
('TEEB', 'ESPOLON BCO', 'TEQUI', 'ML', '', '750.00', '0.00', '10.00', '0.00', '208.02', '208.02', '16.00', '0.00', '', NULL, NULL),
('TEEC', 'ESPOLON COLORADO', 'TEQUI', 'ML', '', '750.00', '0.00', '10.00', '0.00', '268.62', '268.62', '16.00', '0.00', '', NULL, NULL),
('TEEM', 'ESPOLON MARANON', 'TEQUI', 'ML', '', '750.00', '0.00', '10.00', '0.00', '343.97', '343.97', '16.00', '0.00', '', NULL, NULL),
('TEH?', 'HORNITOS A?EJO 750 ML.', 'TEQUI', 'ML', '', '750.00', '0.00', '0.00', '0.00', '173.04', '173.04', '0.00', '0.00', '0.000', NULL, NULL),
('TEHA', 'HERRAD.A?EJO TEQ', 'TEQUI', 'ML', '', '750.00', '0.00', '10.00', '0.00', '394.83', '394.83', '16.00', '0.00', '', NULL, NULL),
('TEHB', 'HERRAD.BCO', 'TEQUI', 'ML', '', '950.00', '0.00', '10.00', '0.00', '249.91', '249.91', '16.00', '0.00', '', NULL, NULL),
('TEHD', 'HERRAD.ANT.REP.', 'TEQUI', 'ML', '', '700.00', '0.00', '10.00', '0.00', '589.55', '589.55', '16.00', '0.00', '', NULL, NULL),
('TEHJ', 'HERRAD.ANT.CRISTALINO', 'TEQUI', 'ML', '', '700.00', '0.00', '10.00', '0.00', '0.00', '0.00', '0.00', '0.00', '', NULL, NULL),
('TEHL', 'HACIENDA BLACK', 'TEQUI', 'ML', '', '750.00', '0.00', '10.00', '0.00', '100.00', '100.00', '0.00', '0.00', '', NULL, NULL),
('TEHN', 'HORNITOS BLACK BARREL', 'TEQUI', 'ML', '', '750.00', '0.00', '10.00', '0.00', '192.46', '192.46', '16.00', '0.00', '', NULL, NULL),
('TEHP', 'HORNITOS PLATA 750 ML.', 'TEQUI', 'ML', '', '750.00', '0.00', '10.00', '0.00', '112.17', '112.17', '0.00', '0.00', '', NULL, NULL),
('TEHR', 'HERRAD.REPOSADO', 'TEQUI', 'ML', '', '950.00', '0.00', '10.00', '0.00', '287.88', '287.88', '16.00', '0.00', '', NULL, NULL),
('TEHS', 'SAUZA HDA.REP. 700 MLS.', 'TEQUI', 'ML', '', '700.00', '0.00', '10.00', '0.00', '107.83', '107.83', '0.00', '0.00', '', NULL, NULL),
('TEHT', 'HERRAD.PLATA', 'TEQUI', 'ML', '', '750.00', '0.00', '10.00', '0.00', '255.17', '255.17', '16.00', '0.00', '', NULL, NULL),
('TEHU', 'HERRAD.SEL.SUPREMA', 'TEQUI', 'ML', '', '750.00', '0.00', '10.00', '0.00', '2122.44', '2122.44', '16.00', '0.00', '', NULL, NULL),
('TEHX', 'HERRAD.ULTRA', 'TEQUI', 'ML', '', '750.00', '-0.12', '10.00', '0.00', '443.97', '443.97', '16.00', '0.00', '', NULL, NULL),
('TEHZ', 'HERRAD.ANT.BCO', 'TEQUI', 'ML', '', '750.00', '0.00', '10.00', '0.00', '145.73', '145.73', '0.00', '0.00', '', NULL, NULL),
('TEH¥', 'HORNITOS A¥EJO 750 ML.', 'TEQUI', 'ML', '', '750.00', '0.00', '10.00', '0.00', '173.04', '173.04', '0.00', '0.00', '', NULL, NULL),
('TEJ7', 'JIMADOR REP 700', 'TEQUI', 'ML', '', '700.00', '0.00', '10.00', '0.00', '108.11', '108.11', '16.00', '0.00', '', NULL, NULL),
('TEJA', 'DON JULIO A?EJO', 'TEQUI', 'ML', '', '750.00', '-0.36', '10.00', '0.00', '422.41', '422.41', '16.00', '0.00', '', NULL, NULL),
('TEJB', 'JIMADOR BCO', 'TEQUI', 'ML', '', '700.00', '0.00', '10.00', '0.00', '90.61', '90.61', '0.00', '0.00', '', NULL, NULL),
('TEJF', 'JIMADOR REP', 'TEQUI', 'ML', '', '700.00', '0.00', '10.00', '0.00', '1.00', '1.00', '0.00', '0.00', '', NULL, NULL),
('TEJI', 'JIMADOR LT.', 'TEQUI', 'ML', '', '950.00', '0.00', '10.00', '0.00', '109.53', '109.53', '0.00', '0.00', '', NULL, NULL),
('TEJJ', 'JIMADOR ANEJO', 'TEQUI', 'ML', '', '750.00', '0.00', '10.00', '0.00', '214.66', '214.66', '16.00', '0.00', '', NULL, NULL),
('TELA', 'LUNA AZUL', 'TEQUI', 'PZ', '', '355.00', '0.00', '2.00', '0.00', '7.25', '7.25', '0.00', '0.00', '', NULL, NULL),
('TELI', 'TECATE LIGHT', 'CERVE', 'PZ', '', '355.00', '0.00', '10.00', '0.00', '7.25', '7.26', '0.00', '0.00', '', NULL, NULL),
('TEMA', 'MAESTRO TEQ.A?EJO', 'TEQUI', 'ML', '', '750.00', '0.00', '10.00', '0.00', '404.31', '404.31', '16.00', '0.00', '', NULL, NULL),
('TEMB', 'MAESTRO TEQ.BCO', 'TEQUI', 'ML', '', '750.00', '0.00', '10.00', '0.00', '335.78', '335.78', '16.00', '0.00', '', NULL, NULL),
('TEMD', 'MAESTRO TEQ.DOB.DIAMANTE', 'TEQUI', 'ML', '', '750.00', '-0.24', '10.00', '0.00', '484.01', '484.01', '16.00', '0.00', '', NULL, NULL),
('TEME', 'MAESTRO TEQ.REP', 'TEQUI', 'ML', '', '750.00', '0.00', '10.00', '0.00', '217.24', '217.24', '16.00', '0.00', '', NULL, NULL),
('TEMP', 'MILAGRO PLATA', 'TEQUI', 'ML', '', '750.00', '0.00', '10.00', '0.00', '185.34', '185.34', '16.00', '0.00', '', NULL, NULL),
('TEMR', 'MAESTRO TEQ.REPOSADO', 'TEQUI', 'ML', '', '750.00', '0.00', '10.00', '0.00', '390.65', '390.65', '16.00', '0.00', '', NULL, NULL),
('TEOO', 'ORENDAIN OLLITAS', 'TEQUI', 'ML', '', '750.00', '0.00', '10.00', '0.00', '1.00', '1.00', '16.00', '0.00', '', NULL, NULL),
('TEOR', 'ORENDAIN REPOSADO', 'TEQUI', 'ML', '', '750.00', '0.00', '10.00', '0.00', '1.00', '1.00', '16.00', '0.00', '', NULL, NULL),
('TEPA', 'PATRON A?EJO', 'TEQUI', 'ML', '', '750.00', '0.00', '10.00', '0.00', '545.80', '545.80', '16.00', '0.00', '', NULL, NULL),
('TEPR', 'PATRON REPOSADO', 'TEQUI', 'ML', '', '750.00', '0.00', '10.00', '0.00', '1.00', '1.00', '0.00', '0.00', '', NULL, NULL),
('TEPS', 'PATRON SILVER', 'TEQUI', 'ML', '', '750.00', '0.00', '10.00', '0.00', '1.00', '1.00', '0.00', '0.00', '', NULL, NULL),
('TEPX', 'PATRON XO', 'TEQUI', 'ML', '', '750.00', '0.00', '10.00', '0.00', '1.00', '1.00', '0.00', '0.00', '', NULL, NULL),
('TERA', 'RESERVA FAMILIA A?EJO', 'TEQUI', 'ML', '', '750.00', '0.00', '10.00', '0.00', '1422.41', '1422.41', '16.00', '0.00', '', NULL, NULL),
('TERB', 'CASA DRAGONES BCO', 'TEQUI', 'ML', '', '750.00', '0.00', '10.00', '0.00', '948.28', '948.28', '16.00', '0.00', '', NULL, NULL),
('TERH', 'REAL HACIENDA', 'TEQUI', 'ML', '', '750.00', '0.00', '10.00', '0.00', '100.00', '100.00', '0.00', '0.00', '', NULL, NULL),
('TERJ', 'CASA DRAGONES JOVEN', 'TEQUI', 'ML', '', '750.00', '0.00', '10.00', '0.00', '1.00', '1.00', '0.00', '0.00', '', NULL, NULL),
('TERR', 'RESERVA FAM.REPOSADO', 'TEQUI', 'ML', '', '750.00', '0.00', '10.00', '0.00', '901.68', '901.68', '16.00', '0.00', '', NULL, NULL),
('TERS', 'RESERVA FAM PLATINO', 'TEQUI', 'ML', '', '750.00', '0.00', '10.00', '0.00', '490.52', '490.52', '16.00', '0.00', '', NULL, NULL),
('TESA', 'SUAVE 35 MANDARIN', 'TEQUI', 'ML', '', '750.00', '0.00', '10.00', '0.00', '1.00', '1.00', '0.00', '0.00', '', NULL, NULL),
('TESC', 'SUAVE 35 CITRUS', 'TEQUI', 'ML', '', '750.00', '0.00', '10.00', '0.00', '1.00', '1.00', '0.00', '0.00', '', NULL, NULL),
('TESH', 'SAUZA HORNITOS', 'TEQUI', 'ML', '', '684.00', '0.00', '10.00', '0.00', '117.39', '117.39', '0.00', '0.00', '', NULL, NULL),
('TESM', 'SUAVE 35 MANDARINE TEQ.', 'TEQUI', 'ML', '', '1000.00', '0.00', '10.00', '0.00', '155.65', '155.65', '0.00', '0.00', '', NULL, NULL),
('TESU', 'HERRAD.SUAVE', 'TEQUI', 'ML', '', '700.00', '0.00', '10.00', '0.00', '112.20', '112.20', '0.00', '0.00', '', NULL, NULL),
('TETB', 'TEZON BCO', 'TEQUI', 'ML', '', '750.00', '0.00', '10.00', '0.00', '1.00', '1.00', '0.00', '0.00', '', NULL, NULL),
('TETP', 'TRADICIONAL PLATA', 'TEQUI', 'ML', '', '695.00', '0.00', '10.00', '0.00', '232.59', '232.59', '16.00', '0.00', '', NULL, NULL),
('TETR', 'TEZON REPOSADO', 'TEQUI', 'ML', '', '750.00', '0.00', '10.00', '0.00', '1.00', '1.00', '0.00', '0.00', '', NULL, NULL),
('TEVR', 'VIUDA DE ROMERO', 'TEQUI', 'ML', '', '750.00', '0.00', '10.00', '0.00', '100.00', '0.00', '0.00', '0.00', '', NULL, NULL),
('TEVT', 'VOLCAN DE MI TIERRA', 'TEQUI', 'ML', '', '750.00', '0.00', '2.00', '0.00', '100.00', '100.00', '0.00', '0.00', '', NULL, NULL),
('TEZA', 'CAZADORES A?EJO 750 ML', 'TEQUI', 'ML', '', '750.00', '0.00', '10.00', '0.00', '247.83', '247.83', '0.00', '0.00', '', NULL, NULL),
('VBAM', 'ASTI MARTI', 'VINOS', 'ML', '', '750.00', '0.00', '10.00', '0.00', '206.90', '206.90', '16.00', '0.00', '', NULL, NULL),
('VBAN', 'ANDRE ESPUMOSO', 'VINOS', 'ML', '', '750.00', '0.00', '10.00', '0.00', '1.00', '1.00', '0.00', '0.00', '', NULL, NULL),
('VBAS', 'ASTI RICADONNA', 'VINOS', 'ML', '', '750.00', '0.00', '10.00', '0.00', '176.07', '176.07', '16.00', '0.00', '', NULL, NULL),
('VBCB', 'CRUZ BLANCA BLANCO 4 LTS.', 'VINOS', 'ML', '', '4000.00', '0.00', '10.00', '0.00', '17.94', '17.94', '0.00', '0.00', '', NULL, NULL),
('VBEC', 'ELENA CHARDONAY', 'VINOS', 'ML', '', '750.00', '0.00', '10.00', '0.00', '1.00', '1.00', '0.00', '0.00', '', NULL, NULL),
('VBGA', 'LA CETTO BLANCO 750 ML', 'VINOS', 'ML', '', '750.00', '0.00', '10.00', '0.00', '64.33', '64.33', '0.00', '0.00', '', NULL, NULL),
('VBKB', 'KORBEL BRUT', 'VINOS', 'ML', '', '750.00', '0.00', '10.00', '0.00', '1.00', '1.00', '0.00', '0.00', '', NULL, NULL),
('VBKO', 'KORBEL SWEET ROSE', 'VINOS', 'ML', '', '750.00', '0.00', '10.00', '0.00', '1.00', '1.00', '0.00', '0.00', '', NULL, NULL),
('VBME', 'MARTINI ESPUMOSO', 'VINOS', 'ML', '', '750.00', '0.00', '10.00', '0.00', '1.00', '1.00', '0.00', '0.00', '', NULL, NULL),
('VEGU', 'VELVET GUANABANA', 'REFRE', 'ML', '', '1.00', '0.00', '12.00', '0.00', '276.81', '276.81', '16.00', '0.00', '', NULL, NULL),
('VELY', 'VELVET LYCHEE', 'REFRE', 'ML', '', '1.00', '0.00', '12.00', '0.00', '1.00', '1.00', '0.00', '0.00', '', NULL, NULL),
('VEMM', 'MOSCATO MEDITERRANEO', 'VINOS', 'ML', '', '750.00', '0.00', '10.00', '0.00', '225.00', '225.00', '16.00', '0.00', '', NULL, NULL),
('VEPO', 'VELVET POMELO', 'REFRE', 'ML', '', '1.00', '0.00', '12.00', '0.00', '302.20', '302.20', '16.00', '0.00', '', NULL, NULL),
('VI01', 'SANTA ELENA VERNUS BLEND', 'VINOS', 'ML', '', '750.00', '0.00', '10.00', '0.00', '335.00', '335.00', '0.00', '0.00', '', NULL, NULL),
('VIBB', 'VINO BLANCO BATALLA', 'VINOS', 'ML', '', '1000.00', '0.00', '10.00', '0.00', '200.01', '200.01', '0.00', '0.00', '', NULL, NULL),
('VIC2', 'CASA M,ADERO 2V', 'VINOS', 'ML', '', '750.00', '0.00', '10.00', '0.00', '181.03', '181.03', '16.00', '0.00', '', NULL, NULL),
('VICC', 'CASA MADERO CAB. SAUV', 'VINOS', 'ML', '', '750.00', '-2.00', '10.00', '0.00', '249.37', '249.37', '16.00', '0.00', '', NULL, NULL),
('VICS', 'CASA MADERO SHIRAZ', 'VINOS', 'ML', '', '750.00', '0.00', '10.00', '0.00', '249.37', '249.37', '16.00', '0.00', '', NULL, NULL),
('VIMC', 'MATARROMERA CRIANZA', 'VINOS', 'ML', '', '750.00', '0.00', '10.00', '0.00', '486.84', '486.84', '16.00', '0.00', '', NULL, NULL),
('VIMM', 'CASA MADERO MERLOT', 'VINOS', 'ML', '', '750.00', '0.00', '10.00', '0.00', '229.82', '229.82', '16.00', '0.00', '', NULL, NULL),
('VIMO', 'MOSCATO ESP.PETALO', 'VINOS', 'ML', '', '750.00', '0.00', '10.00', '0.00', '179.35', '179.35', '16.00', '0.00', '', NULL, NULL),
('VOAB', 'ABSOLUT AZUL', 'VODKA', 'ML', '', '750.00', '0.00', '10.00', '0.00', '184.98', '184.98', '16.00', '0.00', '', NULL, NULL),
('VOAE', 'ABSOLUT PEARS', 'VODKA', 'ML', '', '750.00', '0.00', '10.00', '0.00', '184.98', '184.98', '16.00', '0.00', '', NULL, NULL),
('VOAG', 'ABSOLUT LIMA', 'VODKA', 'ML', '', '750.00', '0.00', '10.00', '0.00', '1.00', '1.00', '0.00', '0.00', '', NULL, NULL),
('VOAK', 'ABSOLUT KURANT', 'VODKA', 'ML', '', '750.00', '0.00', '10.00', '0.00', '175.00', '175.00', '0.00', '0.00', '', NULL, NULL),
('VOAM', 'ABSOLUT MANDARINE', 'VODKA', 'ML', '', '750.00', '-0.12', '10.00', '0.00', '184.98', '184.98', '16.00', '0.00', '', NULL, NULL),
('VOAP', 'ABSOLUT APEACH', 'VODKA', 'ML', '', '750.00', '0.00', '10.00', '0.00', '143.48', '143.48', '0.00', '0.00', '', NULL, NULL),
('VOAR', 'ABSOLUT RASPBERRY', 'VODKA', 'ML', '', '750.00', '-0.12', '10.00', '0.00', '184.98', '184.98', '16.00', '0.00', '', NULL, NULL),
('VOAV', 'ABSOLUT VAINILLA', 'VODKA', 'ML', '', '750.00', '0.00', '10.00', '0.00', '135.65', '135.65', '0.00', '0.00', '', NULL, NULL),
('VOBE', 'BELVEDERE', 'VODKA', 'ML', '', '700.00', '0.00', '10.00', '0.00', '482.37', '482.37', '16.00', '0.00', '', NULL, NULL),
('VOBR', 'BRISTOFF', 'VODKA', 'ML', '', '750.00', '0.00', '2.00', '0.00', '1.00', '1.00', '0.00', '0.00', '', NULL, NULL),
('VOCB', 'CIROC RED BERRY', 'VODKA', 'ML', '', '750.00', '0.00', '10.00', '0.00', '1.00', '1.00', '0.00', '0.00', '', NULL, NULL),
('VOCC', 'CIROC COCONUT', 'VODKA', 'ML', '', '750.00', '0.00', '10.00', '0.00', '1.00', '1.00', '0.00', '0.00', '', NULL, NULL),
('VOCI', 'ABSOLUT CITRON', 'VODKA', 'ML', '', '750.00', '0.00', '10.00', '0.00', '184.98', '184.98', '16.00', '0.00', '', NULL, NULL),
('VOCR', 'CIROC', 'VODKA', 'ML', '', '750.00', '0.00', '10.00', '0.00', '439.66', '439.66', '16.00', '0.00', '', NULL, NULL),
('VODA', 'DANZKA VODKA NATURAL', 'VODKA', 'ML', '', '750.00', '0.00', '10.00', '0.00', '113.05', '113.05', '0.00', '0.00', '', NULL, NULL),
('VODC', 'DANZKA CITRON VODKA', 'VODKA', 'ML', '', '750.00', '0.00', '10.00', '0.00', '126.09', '126.09', '0.00', '0.00', '', NULL, NULL),
('VOER', 'ERISTOFF', 'VODKA', 'ML', '', '700.00', '0.00', '10.00', '0.00', '67.83', '67.83', '0.00', '0.00', '', NULL, NULL),
('VOFC', 'FINLANDIA CRANBERRY', 'VODKA', 'ML', '', '750.00', '0.00', '10.00', '0.00', '1.00', '1.00', '0.00', '0.00', '', NULL, NULL),
('VOFI', 'FINLANDIA', 'VODKA', 'ML', '', '750.00', '0.00', '10.00', '0.00', '206.22', '206.22', '16.00', '0.00', '', NULL, NULL),
('VOFL', 'FINLANDIA LIMON', 'VODKA', 'ML', '', '750.00', '0.00', '10.00', '0.00', '1.00', '1.00', '0.00', '0.00', '', NULL, NULL),
('VOFM', 'FINLANDIA MANGO', 'VODKA', 'ML', '', '750.00', '0.00', '10.00', '0.00', '1.00', '1.00', '0.00', '0.00', '', NULL, NULL),
('VOGC', 'GREY GOOSE CITRON', 'VODKA', 'ML', '', '750.00', '0.00', '10.00', '0.00', '1.00', '1.00', '0.00', '0.00', '', NULL, NULL),
('VOGL', 'GREY GOOSE LA POIRE', 'VODKA', 'ML', '', '750.00', '0.00', '10.00', '0.00', '1.00', '1.00', '0.00', '0.00', '', NULL, NULL),
('VOGO', 'GOTLAND', 'VODKA', 'ML', '', '750.00', '0.00', '10.00', '0.00', '139.22', '139.22', '16.00', '0.00', '', NULL, NULL),
('VOGR', 'GREY GOOSE VODKA', 'VODKA', 'ML', '', '700.00', '0.00', '10.00', '0.00', '422.41', '422.41', '16.00', '0.00', '', NULL, NULL),
('VOKE', 'KETEL ONE', 'VODKA', 'ML', '', '750.00', '0.00', '10.00', '0.00', '250.00', '250.00', '16.00', '0.00', '', NULL, NULL),
('VOMA', 'ABSOLUT MANGO', 'VODKA', 'ML', '', '750.00', '0.00', '10.00', '0.00', '184.98', '184.98', '16.00', '0.00', '', NULL, NULL),
('VOPU', 'PUR VODKA ULTRA PRMIUM', 'VODKA', 'ML', '', '750.00', '0.00', '10.00', '0.00', '1.00', '1.00', '16.00', '0.00', '', NULL, NULL),
('VORR', 'ABSOLUT RUBY RED', 'VODKA', 'ML', '', '750.00', '0.00', '10.00', '0.00', '156.52', '156.52', '0.00', '0.00', '', NULL, NULL),
('VOSE', 'STOLICHNAYA ELITE', 'VODKA', 'ML', '', '750.00', '0.00', '10.00', '0.00', '738.74', '738.74', '16.00', '0.00', '', NULL, NULL),
('VOSK', 'SKYY', 'VODKA', 'ML', '', '750.00', '0.00', '10.00', '0.00', '125.17', '125.17', '16.00', '0.00', '', NULL, NULL),
('VOSM', 'SMIRNOF', 'VODKA', 'ML', '', '1000.00', '-0.09', '10.00', '0.00', '115.52', '115.52', '16.00', '0.00', '', NULL, NULL),
('VOSO', 'SMIRNOFF TAMARINDO', 'VODKA', 'ML', '', '750.00', '0.00', '10.00', '0.00', '182.63', '182.63', '16.00', '0.00', '', NULL, NULL),
('VOST', 'STOLICHNAYA NATURAL', 'VODKA', 'ML', '', '750.00', '-0.24', '10.00', '0.00', '240.98', '240.98', '16.00', '0.00', '', NULL, NULL),
('VOSZ', 'SMIRNOFF MANZANA ELEC', 'VODKA', 'ML', '', '750.00', '-0.12', '10.00', '0.00', '115.00', '115.00', '16.00', '0.00', '', NULL, NULL),
('VOTH', 'THREE OLIVES', 'VODKA', 'NM', '', '750.00', '0.00', '10.00', '0.00', '256.50', '256.50', '16.00', '0.00', '', NULL, NULL),
('VOWN', 'WYBOROWA NARANJA', 'VODKA', 'ML', '', '750.00', '0.00', '10.00', '0.00', '1.00', '0.00', '0.00', '0.00', '', NULL, NULL),
('VOWY', 'WYBOROWA NATURAL', 'VODKA', 'ML', '', '750.00', '0.00', '10.00', '0.00', '103.25', '103.25', '16.00', '0.00', '', NULL, NULL),
('VTC3', 'CASA MADERO 3V', 'VINOS', 'ML', '', '750.00', '0.00', '10.00', '0.00', '249.37', '249.37', '16.00', '0.00', '', NULL, NULL),
('VTC4', 'CALIFORNIA TTO 4 LTS', 'VINOS', 'ML', '', '4000.00', '0.00', '10.00', '0.00', '159.48', '159.48', '16.00', '0.00', '', NULL, NULL),
('VTCB', 'CRUZ BLANCA TINTO  4 LTS.', 'VINOS', 'ML', '', '4000.00', '0.00', '10.00', '0.00', '17.94', '17.94', '0.00', '0.00', '', NULL, NULL),
('VTCD', 'CASILLERO DEL DIABLO', 'VINOS', 'ML', '', '750.00', '0.00', '10.00', '0.00', '83.48', '83.48', '0.00', '0.00', '', NULL, NULL),
('VTCS', 'CABERNET SAVIGNON', 'VINOS', 'ML', '', '750.00', '0.00', '10.00', '0.00', '0.00', '0.00', '0.00', '0.00', '', NULL, NULL),
('VTCT', 'CASILLEROS DE TIEBAS', 'VINOS', 'ML', '', '750.00', '0.00', '10.00', '0.00', '25.00', '25.00', '0.00', '0.00', '', NULL, NULL),
('VTEV', 'ELENA VERNUS BLEND', 'VINOS', 'ML', '', '750.00', '0.00', '10.00', '0.00', '1.00', '1.00', '0.00', '0.00', '', NULL, NULL),
('VTFC', 'FINCA LA CELIA', 'VINOS', 'ML', '', '750.00', '0.00', '10.00', '0.00', '272.06', '272.06', '0.00', '0.00', '', NULL, NULL),
('VTFM', 'GRAFFIGNA MALBEC G.R', 'VINOS', 'ML', '', '750.00', '0.00', '10.00', '0.00', '284.48', '284.48', '0.00', '0.00', '', NULL, NULL),
('VTG4', 'XA DOMEC SAB SAU 375 M', 'VINOS', 'ML', '', '375.00', '0.00', '10.00', '0.00', '30.43', '30.43', '0.00', '0.00', '', NULL, NULL),
('VTGC', 'CASA GDE CABERNET', 'VINOS', 'ML', '', '750.00', '0.00', '10.00', '0.00', '468.65', '468.65', '16.00', '0.00', '', NULL, NULL),
('VTGN', 'LA CETTO CAB SAU 750 ML.', 'VINOS', 'ML', '', '750.00', '0.00', '10.00', '0.00', '65.22', '65.22', '0.00', '0.00', '', NULL, NULL),
('VTGR', 'GRAQFFINGA PINOT GRIGO', 'VINOS', 'ML', '', '750.00', '0.00', '10.00', '0.00', '161.17', '161.17', '0.00', '0.00', '', NULL, NULL),
('VTGS', 'GRAFFIGNA C.S.CENTENARIO', 'VINOS', 'ML', '', '750.00', '0.00', '10.00', '0.00', '162.87', '162.87', '0.00', '0.00', '', NULL, NULL),
('VTGT', 'GRAFIN SANTIAGO', 'VINOS', 'ML', '', '750.00', '0.00', '10.00', '0.00', '175.26', '175.26', '0.00', '0.00', '', NULL, NULL),
('VTMC', 'MARQUES CACERES TTO', 'VINOS', 'ML', '', '750.00', '0.00', '10.00', '0.00', '138.29', '138.29', '0.00', '0.00', '', NULL, NULL),
('VTMP', 'MARQUES PLUMA COSECHA', 'VINOS', 'ML', '', '750.00', '-2.00', '10.00', '0.00', '231.00', '231.00', '16.00', '0.00', '', NULL, NULL),
('VTMT', 'MARIA TINTO', 'VINOS', 'ML', '', '750.00', '0.00', '10.00', '0.00', '494.66', '494.66', '16.00', '0.00', '', NULL, NULL),
('VTRM', 'RESERVA MAGNA', 'VINOS', 'ML', '', '750.00', '0.00', '10.00', '0.00', '1.00', '1.00', '0.00', '0.00', '', NULL, NULL),
('VTRR', 'RESERVA REAL DOMECQ', 'VINOS', 'ML', '', '750.00', '0.00', '10.00', '0.00', '148.45', '148.45', '0.00', '0.00', '', NULL, NULL),
('VTSA', 'SUAVE GAUDINA', 'VINOS', 'ML', '', '750.00', '0.00', '10.00', '0.00', '225.00', '225.00', '0.00', '0.00', '', NULL, NULL),
('VTSG', 'CASA GDE SHIRAZ', 'VINOS', 'ML', '', '750.00', '0.00', '10.00', '0.00', '490.52', '490.52', '16.00', '0.00', '', NULL, NULL),
('VTSH', 'SANTA HELENA R.C.', 'VINOS', 'ML', '', '750.00', '0.00', '10.00', '0.00', '145.04', '145.04', '0.00', '0.00', '', NULL, NULL),
('VTSV', 'SANTA HELENA VARIETAL', 'VINOS', 'ML', '', '750.00', '0.00', '10.00', '0.00', '92.79', '92.79', '0.00', '0.00', '', NULL, NULL),
('VTTA', 'TERRAZAS ANDES MALBEC', 'VINOS', 'ML', '', '750.00', '0.00', '10.00', '0.00', '265.41', '265.41', '0.00', '0.00', '', NULL, NULL),
('VTVF', 'VI?A FLORA', 'VINOS', 'ML', '', '750.00', '0.00', '10.00', '0.00', '197.00', '197.00', '16.00', '0.00', '', NULL, NULL),
('WHB8', 'BUCHANNANS 18 A?OS', 'WHISK', 'ML', '', '750.00', '-0.12', '10.00', '0.00', '1120.69', '1120.69', '16.00', '0.00', '', NULL, NULL),
('WHBA', 'BALLANTINES 12 A?OS 750 M', 'WHISK', 'ML', '', '750.00', '0.00', '10.00', '0.00', '389.11', '389.11', '16.00', '0.00', '', NULL, NULL),
('WHBB', 'BLACK BUSH', 'WHISK', 'ML', '', '750.00', '0.00', '10.00', '0.00', '464.35', '464.35', '16.00', '0.00', '', NULL, NULL),
('WHBF', 'BALLANTINE FINE', 'WHISK', 'ML', '', '750.00', '-0.12', '10.00', '0.00', '175.86', '175.86', '16.00', '0.00', '', NULL, NULL),
('WHBL', 'BULLEIT', 'WHISK', 'ML', '', '750.00', '0.00', '10.00', '0.00', '305.25', '305.25', '16.00', '0.00', '', NULL, NULL),
('WHBM', 'BUCHANANS MASTER', 'WHISK', 'ML', '', '750.00', '0.00', '10.00', '0.00', '586.21', '586.21', '16.00', '0.00', '', NULL, NULL),
('WHBR', 'BUCHANANS RED SEAL', 'WHISK', 'ML', '', '750.00', '0.00', '10.00', '0.00', '2284.48', '2284.48', '16.00', '0.00', '', NULL, NULL),
('WHBS', 'BUSHMILLS BLACK BUSH', 'WHISK', 'ML', '', '750.00', '0.00', '10.00', '0.00', '1.00', '1.00', '0.00', '0.00', '', NULL, NULL),
('WHBU', 'BUCHANANS 12 A?OS', 'WHISK', 'ML', '', '750.00', '-1.12', '10.00', '0.00', '504.31', '504.31', '16.00', '0.00', '', NULL, NULL),
('WHBW', 'BLACK & WHITE', 'WHISK', 'ML', '', '700.00', '-0.48', '10.00', '0.00', '129.31', '129.31', '16.00', '0.00', '', NULL, NULL),
('WHC1', 'CHIVAS REGAL 21', 'WHISK', 'ML', '', '750.00', '0.00', '10.00', '0.00', '2309.47', '2309.47', '16.00', '0.00', '', NULL, NULL),
('WHC5', 'CHIVAS REGAL EXTRA', 'WHISK', 'ML', '', '750.00', '0.00', '10.00', '0.00', '1.00', '1.00', '0.00', '0.00', '', NULL, NULL),
('WHC8', 'CHIVAS REGAL 18 A?OS', 'WHISK', 'ML', '', '750.00', '0.00', '10.00', '0.00', '1159.48', '1159.48', '16.00', '0.00', '', NULL, NULL),
('WHCA', 'CARDHU SINGLE MALT', 'WHISK', 'ML', '', '750.00', '0.00', '10.00', '0.00', '538.79', '538.79', '16.00', '0.00', '', NULL, NULL),
('WHCL', 'CHIVAS MAGUM 1.5', 'WHISK', 'ML', '', '1500.00', '0.00', '10.00', '0.00', '1.00', '1.00', '0.00', '0.00', '', NULL, NULL),
('WHCM', 'CANADIAN MIST', 'WHISK', 'ML', '', '750.00', '0.00', '10.00', '0.00', '150.62', '150.62', '16.00', '0.00', '', NULL, NULL),
('WHCR', 'CHIVAS REGAL 12 A?OS', 'WHISK', 'ML', '', '750.00', '0.00', '10.00', '0.00', '474.13', '474.13', '16.00', '0.00', '', NULL, NULL),
('WHCV', 'COUVOISIER VS', 'COGNA', 'ML', '', '750.00', '0.00', '10.00', '0.00', '1.00', '1.00', '0.00', '0.00', '', NULL, NULL),
('WHD2', 'DALMORE 12', 'WHISK', 'ML', '', '700.00', '0.00', '10.00', '0.00', '922.97', '922.97', '16.00', '0.00', '', NULL, NULL),
('WHD5', 'DALMORE 15', 'WHISK', 'ML', '', '700.00', '0.00', '10.00', '0.00', '1658.41', '1658.41', '0.00', '0.00', '', NULL, NULL),
('WHD8', 'DEWARS 15 A?OS', 'WHISK', 'ML', '', '750.00', '0.00', '10.00', '0.00', '3105.81', '3105.81', '0.00', '0.00', '', NULL, NULL),
('WHDE', 'DEWARS 12 A?OS', 'WHISK', 'ML', '', '750.00', '0.00', '10.00', '0.00', '260.00', '260.00', '0.00', '0.00', '', NULL, NULL),
('WHDW', 'DEWARS 18 A?OS', 'WHISK', 'ML', '', '750.00', '0.00', '10.00', '0.00', '144.35', '144.35', '0.00', '0.00', '', NULL, NULL),
('WHEN', 'JW NEGRA', 'WHISK', 'ML', '', '750.00', '-3.24', '10.00', '0.00', '515.52', '515.52', '16.00', '0.00', '', NULL, NULL),
('WHER', 'JW ROJA', 'WHISK', 'ML', '', '700.00', '-2.60', '10.00', '0.00', '213.79', '213.79', '16.00', '0.00', '', NULL, NULL),
('WHET', 'EARLY TIMES', 'WHISK', 'ML', '', '750.00', '0.00', '10.00', '0.00', '123.56', '123.56', '16.00', '0.00', '', NULL, NULL),
('WHG1', 'GLENFIDICH 15', 'WHISK', 'ML', '', '750.00', '0.00', '10.00', '0.00', '918.10', '918.10', '16.00', '0.00', '', NULL, NULL),
('WHG5', 'GLENLIVET 15', 'WHISK', 'ML', '', '750.00', '0.00', '10.00', '0.00', '1.00', '1.00', '0.00', '0.00', '', NULL, NULL),
('WHG8', 'GLENFIDDICH FOUNDERS RES', 'WHISK', 'ML', '', '750.00', '0.00', '10.00', '0.00', '1482.76', '1482.76', '16.00', '0.00', '', NULL, NULL),
('WHGE', 'GLENFIDDISH 12', 'WHISK', 'ML', '', '750.00', '0.00', '10.00', '0.00', '581.90', '581.90', '16.00', '0.00', '', NULL, NULL),
('WHGG', 'GLEN GRANT', 'WHISK', 'ML', '', '750.00', '0.00', '10.00', '0.00', '228.45', '228.45', '16.00', '0.00', '', NULL, NULL),
('WHGL', 'GLENLIVET 12', 'WHISK', 'ML', '', '750.00', '0.00', '10.00', '0.00', '634.00', '634.00', '0.00', '0.00', '', NULL, NULL),
('WHGM', 'GLENMORANGIE ORIGINAL', 'WHISK', 'ML', '', '750.00', '0.00', '10.00', '0.00', '692.84', '692.84', '16.00', '0.00', '', NULL, NULL),
('WHGN', 'GENTLEMAN JACK', 'WHISK', 'ML', '', '750.00', '0.00', '10.00', '0.00', '495.69', '495.69', '16.00', '0.00', '', NULL, NULL),
('WHJ#', 'JIM BEAM', 'WHISK', 'ML', '', '750.00', '0.00', '10.00', '0.00', '1052.59', '1052.59', '0.00', '0.00', '', NULL, NULL),
('WHJ1', 'JURA ORIGIN 10', 'WHISK', 'ML', '', '700.00', '0.00', '10.00', '0.00', '724.21', '724.21', '0.00', '0.00', '', NULL, NULL),
('WHJ6', 'SINGLETON 12', 'WHISK', 'ML', '', '700.00', '0.00', '10.00', '0.00', '1127.58', '1127.58', '0.00', '0.00', '', NULL, NULL),
('WHJA', 'JAMESON', 'WHISK', 'ML', '', '750.00', '0.00', '10.00', '0.00', '265.52', '265.52', '16.00', '0.00', '', NULL, NULL),
('WHJB', 'J & B', 'WHISK', 'ML', '', '750.00', '0.00', '10.00', '0.00', '168.97', '168.97', '16.00', '0.00', '', NULL, NULL),
('WHJD', 'JACK DANIELS', 'WHISK', 'ML', '', '700.00', '-0.13', '10.00', '0.00', '273.28', '273.28', '16.00', '0.00', '', NULL, NULL),
('WHJH', 'JACK DANIELS HONEY', 'WHISK', 'ML', '', '700.00', '-0.60', '10.00', '0.00', '273.28', '273.28', '16.00', '0.00', '', NULL, NULL),
('WHJK', 'JW DOUBLE BLACK', 'WHISK', 'ML', '', '750.00', '0.00', '10.00', '0.00', '579.31', '579.31', '16.00', '0.00', '', NULL, NULL),
('WHJO', 'JW DORADA', 'WHISK', 'ML', '', '750.00', '0.00', '10.00', '0.00', '745.69', '745.69', '16.00', '0.00', '', NULL, NULL),
('WHJP', 'JURA PROPHECY SINGLE MALT', 'WHISK', 'ML', '', '700.00', '0.00', '10.00', '0.00', '1405.60', '1405.60', '0.00', '0.00', '', NULL, NULL),
('WHJR', 'JAMESON SP RESERVA', 'WHISK', 'ML', '', '750.00', '0.00', '10.00', '0.00', '1.00', '1.00', '0.00', '0.00', '', NULL, NULL),
('WHJS', 'JACK DANIELS SINGLE BARRE', 'WHISK', 'ML', '', '700.00', '0.00', '10.00', '0.00', '861.21', '861.21', '16.00', '0.00', '', NULL, NULL),
('WHJU', 'JURA SUPERSTITION', 'WHISK', 'ML', '', '700.00', '0.00', '10.00', '0.00', '898.35', '898.35', '16.00', '0.00', '', NULL, NULL),
('WHJV', 'JW VERDE', 'WHISK', 'ML', '', '750.00', '0.00', '10.00', '0.00', '850.00', '850.00', '16.00', '0.00', '', NULL, NULL),
('WHJZ', 'JW AZUL', 'WHISK', 'ML', '', '750.00', '0.00', '10.00', '0.00', '3232.76', '3232.76', '16.00', '0.00', '', NULL, NULL),
('WHM5', 'MACALLAN 15', 'WHISK', 'ML', '', '700.00', '0.00', '10.00', '0.00', '1.00', '1.00', '16.00', '0.00', '', NULL, NULL),
('WHM8', 'MACALLAN 18 A?OS', 'WHISK', 'ML', '', '750.00', '0.00', '10.00', '0.00', '1.00', '1.00', '0.00', '0.00', '', NULL, NULL),
('WHMA', 'MACALLAN AMBER', 'WHISK', 'ML', '', '700.00', '0.00', '10.00', '0.00', '1.00', '1.00', '16.00', '0.00', '', NULL, NULL),
('WHMC', 'MACALLAN 12 A?OS', 'WHISK', 'ML', '', '700.00', '-1.48', '10.00', '0.00', '853.45', '853.45', '16.00', '0.00', '', NULL, NULL),
('WHMK', 'MACALLAN RARE CASK', 'WHISK', 'ML', '', '700.00', '0.00', '10.00', '0.00', '1.00', '1.00', '16.00', '0.00', '', NULL, NULL),
('WHMR', 'MACALLAN RUBY', 'WHISK', 'ML', '', '750.00', '0.00', '10.00', '0.00', '4344.83', '4344.83', '16.00', '0.00', '', NULL, NULL),
('WHMX', 'MARKER MARK BOURBON', 'COGNA', 'ML', '', '750.00', '0.00', '10.00', '0.00', '1800.00', '1800.00', '0.00', '0.00', '', NULL, NULL),
('WHNO', 'NOMAD', 'WHISK', 'ML', '', '700.00', '0.00', '10.00', '0.00', '1.00', '1.00', '16.00', '0.00', '', NULL, NULL),
('WHOM', 'OLD PARR SMUGGLER', 'WHISK', 'ML', '', '750.00', '0.00', '10.00', '0.00', '88.79', '88.79', '16.00', '0.00', '', NULL, NULL),
('WHOP', 'OLD PARR', 'WHISK', 'ML', '', '700.00', '0.00', '10.00', '0.00', '409.48', '409.48', '16.00', '0.00', '', NULL, NULL),
('WHOS', 'OLD PARR SILVER', 'WHISK', 'ML', '', '750.00', '-0.24', '10.00', '0.00', '331.90', '331.90', '16.00', '0.00', '', NULL, NULL),
('WHPA', 'PASSPORT', 'WHISK', 'ML', '', '700.00', '0.00', '10.00', '0.00', '117.24', '117.24', '16.00', '0.00', '', NULL, NULL),
('WHSI', 'SINGLETON 12', 'WHISK', 'ML', '', '700.00', '0.00', '2.00', '0.00', '215.52', '215.52', '16.00', '0.00', '', NULL, NULL),
('WHWO', 'WOODFORD', 'WHISK', 'ML', '', '750.00', '0.00', '10.00', '0.00', '1.00', '1.00', '0.00', '0.00', '', NULL, NULL),
('WHWT', 'WILD TURKEY', 'WHISK', 'ML', '', '750.00', '0.00', '10.00', '0.00', '215.52', '209.60', '16.00', '0.00', '', NULL, NULL),
('XXAM', 'XX AMBAR 24/2 325 MLS', 'CERVE', 'PZ', '', '7800.00', '0.00', '10.00', '0.00', '8.44', '20.63', '0.00', '0.00', '', NULL, NULL),
('XXLA', 'XX LAGGER 1X24 BOT 325ML', 'CERVE', 'PZ', '', '7800.00', '0.00', '10.00', '0.00', '8.44', '8.44', '0.00', '0.00', '', NULL, NULL);

-- --------------------------------------------------------

--
-- Estructura de tabla para la tabla `usuario`
--

CREATE TABLE `usuario` (
  `id_user` int(10) NOT NULL,
  `username` varchar(30) NOT NULL,
  `password` varchar(25) NOT NULL,
  `cargo` varchar(30) NOT NULL,
  `nombre` varchar(30) NOT NULL,
  `email` varchar(50) NOT NULL
) ENGINE=InnoDB DEFAULT CHARSET=utf8;

--
-- Volcado de datos para la tabla `usuario`
--

INSERT INTO `usuario` (`id_user`, `username`, `password`, `cargo`, `nombre`, `email`) VALUES
(1, 'ivan', '12345', 'administrador', 'ivan colula', 'ivan_f789@hotmail.com'),
(2, 'paola', '12345', 'gerente1', 'paola paez', 'paola@gmail.com'),
(3, 'memo', '12345', 'cocina', 'julio', 'julio@gmail.com'),
(4, 'raul', '12345', 'barra', 'raul', 'raul@gmail.com'),
(5, 'Luis', '12345', 'barra', 'Luis sanchez', 'luis@gmail.com'),
(6, 'cocina', '12345', 'cocina', 'cocina', 'cocina@gmail.com'),
(8, 'raul', '12345', 'barra', 'raul rulo', 'raul@gmail.com'),
(9, 'jorge', 'jorge', 'no', 'jorgito', 'sada@dfs'),
(10, 'jose', '12345', 'cocina', 'Jose sanchez modificado', 'jose@gmail.com'),
(11, 'luis', '12345', 'cocina', 'luis lopez', 'luis@gmail.com'),
(12, '12345', '12345', 'barra', '12345', '');

--
-- Índices para tablas volcadas
--

--
-- Indices de la tabla `actualiza`
--
ALTER TABLE `actualiza`
  ADD PRIMARY KEY (`id_actualiza`),
  ADD UNIQUE KEY `id_actualiza` (`id_actualiza`);

--
-- Indices de la tabla `almacen`
--
ALTER TABLE `almacen`
  ADD PRIMARY KEY (`id_almacen`);

--
-- Indices de la tabla `familia`
--
ALTER TABLE `familia`
  ADD PRIMARY KEY (`cod_familia`),
  ADD UNIQUE KEY `cod_familia` (`cod_familia`);

--
-- Indices de la tabla `pedidos`
--
ALTER TABLE `pedidos`
  ADD PRIMARY KEY (`id_pedido`),
  ADD UNIQUE KEY `id_pedido` (`id_pedido`);

--
-- Indices de la tabla `pedido_producto`
--
ALTER TABLE `pedido_producto`
  ADD KEY `id_pedido` (`id_pedido`),
  ADD KEY `id_prod` (`codingre`);

--
-- Indices de la tabla `productos`
--
ALTER TABLE `productos`
  ADD PRIMARY KEY (`codingre`);

--
-- Indices de la tabla `usuario`
--
ALTER TABLE `usuario`
  ADD PRIMARY KEY (`id_user`),
  ADD UNIQUE KEY `user_id` (`id_user`);

--
-- AUTO_INCREMENT de las tablas volcadas
--

--
-- AUTO_INCREMENT de la tabla `actualiza`
--
ALTER TABLE `actualiza`
  MODIFY `id_actualiza` int(11) NOT NULL AUTO_INCREMENT, AUTO_INCREMENT=16;

--
-- AUTO_INCREMENT de la tabla `almacen`
--
ALTER TABLE `almacen`
  MODIFY `id_almacen` int(3) NOT NULL AUTO_INCREMENT, AUTO_INCREMENT=3;

--
-- AUTO_INCREMENT de la tabla `pedidos`
--
ALTER TABLE `pedidos`
  MODIFY `id_pedido` int(10) NOT NULL AUTO_INCREMENT;

--
-- AUTO_INCREMENT de la tabla `usuario`
--
ALTER TABLE `usuario`
  MODIFY `id_user` int(10) NOT NULL AUTO_INCREMENT, AUTO_INCREMENT=13;

--
-- Restricciones para tablas volcadas
--

--
-- Filtros para la tabla `pedido_producto`
--
ALTER TABLE `pedido_producto`
  ADD CONSTRAINT `pedido_producto_ibfk_1` FOREIGN KEY (`codingre`) REFERENCES `productos` (`codingre`),
  ADD CONSTRAINT `pedido_producto_ibfk_2` FOREIGN KEY (`id_pedido`) REFERENCES `pedidos` (`id_pedido`);
COMMIT;

/*!40101 SET CHARACTER_SET_CLIENT=@OLD_CHARACTER_SET_CLIENT */;
/*!40101 SET CHARACTER_SET_RESULTS=@OLD_CHARACTER_SET_RESULTS */;
/*!40101 SET COLLATION_CONNECTION=@OLD_COLLATION_CONNECTION */;
