-- phpMyAdmin SQL Dump
-- version 4.8.5
-- https://www.phpmyadmin.net/
--
-- Servidor: 127.0.0.1
-- Tiempo de generación: 28-02-2019 a las 19:30:32
-- Versión del servidor: 10.1.38-MariaDB
-- Versión de PHP: 7.3.2

SET SQL_MODE = "NO_AUTO_VALUE_ON_ZERO";
SET AUTOCOMMIT = 0;
START TRANSACTION;
SET time_zone = "+00:00";


/*!40101 SET @OLD_CHARACTER_SET_CLIENT=@@CHARACTER_SET_CLIENT */;
/*!40101 SET @OLD_CHARACTER_SET_RESULTS=@@CHARACTER_SET_RESULTS */;
/*!40101 SET @OLD_COLLATION_CONNECTION=@@COLLATION_CONNECTION */;
/*!40101 SET NAMES utf8mb4 */;

--
-- Base de datos: `almacen`
--

-- --------------------------------------------------------

--
-- Estructura de tabla para la tabla `almacen`
--

CREATE TABLE `almacen` (
  `id_almacen` int(3) NOT NULL,
  `nom_almacen` varchar(60) NOT NULL,
  `estado` varchar(25) NOT NULL,
  `gerente` varchar(30) NOT NULL,
  `direccion` varchar(300) NOT NULL,
  `tel` varchar(10) NOT NULL
) ENGINE=InnoDB DEFAULT CHARSET=utf8;

--
-- Volcado de datos para la tabla `almacen`
--

INSERT INTO `almacen` (`id_almacen`, `nom_almacen`, `estado`, `gerente`, `direccion`, `tel`) VALUES
(1, 'piacevole', 'puebla', 'paola', 'angelopolis', '2222222222'),
(2, 'tercera ronda', 'puebla', 'paola', 'angelopolis', '2222222222');

-- --------------------------------------------------------

--
-- Estructura de tabla para la tabla `familia`
--

CREATE TABLE `familia` (
  `cod_familia` varchar(20) NOT NULL,
  `descripcion` varchar(50) NOT NULL
) ENGINE=InnoDB DEFAULT CHARSET=utf8;

--
-- Volcado de datos para la tabla `familia`
--

INSERT INTO `familia` (`cod_familia`, `descripcion`) VALUES
('ABARR', 'Abarrote'),
('BEBID', 'Bebida'),
('BRAND', 'Brandy'),
('CARNE', 'Carne'),
('CERVE', 'Cerveza'),
('CHAMP', 'champagne'),
('CIGAR', 'Cigarro'),
('COGNA', 'Cogna'),
('CONGE', 'Congelado'),
('EMBUT', 'Embutido'),
('ENERG', 'Energ'),
('GINEB', 'Gineb'),
('HIELO', 'Hielo'),
('IMPOR', 'Importado'),
('JEREZ', 'Jerez'),
('LACTE', 'Lacteo'),
('LICOR', 'Licor'),
('MARIS', 'Marisco'),
('MEZCA', 'Mezcal'),
('PRODU', 'Producto'),
('REFRE', 'Refresco'),
('RONNN', 'Ron'),
('SULI', 'Suli'),
('SURES', 'Sures'),
('TEQUI', 'Tequila'),
('VERDU', 'Verdura'),
('VINOS', 'Vino'),
('VODKA', 'vodka'),
('WHISK', 'Whisky');

-- --------------------------------------------------------

--
-- Estructura de tabla para la tabla `pedidos`
--

CREATE TABLE `pedidos` (
  `id_pedido` int(10) NOT NULL,
  `fecha` date NOT NULL,
  `hora` time NOT NULL,
  `autoriza` varchar(30) DEFAULT NULL,
  `solicita` varchar(30) NOT NULL,
  `estado` varchar(20) NOT NULL,
  `observaciones` varchar(150) DEFAULT NULL,
  `unidad_medida` varchar(10) NOT NULL,
  `total_prod` float NOT NULL,
  `costo_total` float NOT NULL
) ENGINE=InnoDB DEFAULT CHARSET=utf8;

--
-- Volcado de datos para la tabla `pedidos`
--

INSERT INTO `pedidos` (`id_pedido`, `fecha`, `hora`, `autoriza`, `solicita`, `estado`, `observaciones`, `unidad_medida`, `total_prod`, `costo_total`) VALUES
(1, '2019-02-14', '02:52:25', '', 'ivan', 'no surtido', 'no hay', 'pieza', 3, 14655.7),
(2, '2019-02-14', '03:03:46', NULL, 'ivan', 'no surtido', NULL, 'pieza', 3, 14655.7),
(3, '2019-02-14', '03:08:46', NULL, 'ivan', 'no surtido', NULL, 'pieza', 3, 14655.7),
(4, '2019-02-14', '04:45:46', NULL, 'ivan colula', 'autorizado', NULL, 'pieza', 3, 14655.7),
(5, '2019-02-14', '04:46:56', NULL, 'raul', 'autorizado', NULL, 'pieza', 3, 14655.7),
(6, '2019-02-14', '06:13:58', NULL, 'ivan colula', 'autorizado', NULL, '', 3, 14655.7),
(7, '2019-02-14', '06:17:05', NULL, 'ivan colula', 'autorizado', NULL, '', 3, 14655.7),
(8, '2019-02-14', '06:26:24', NULL, 'ivan colula', 'autorizado', NULL, '', 16, -13620),
(9, '2019-02-14', '06:32:49', NULL, 'ivan colula', 'autorizado', NULL, '', 3, 14655.7),
(10, '2019-02-14', '06:34:00', NULL, 'ivan colula', 'cancelado', NULL, '', 3, 15788),
(11, '2019-02-14', '06:34:48', NULL, 'ivan colula', 'autorizado', NULL, '', 3, 116),
(12, '2019-02-14', '06:40:39', NULL, 'ivan colula', 'autorizado', NULL, '', 3, 14655.7),
(13, '2019-02-14', '06:47:00', NULL, 'ivan colula', 'cancelado', NULL, '', 3, 14655.7),
(14, '2019-02-14', '06:48:37', NULL, 'ivan colula', 'cancelado', NULL, '', 3, 14655.7),
(15, '2019-02-14', '06:50:32', NULL, 'ivan colula', 'autorizado', NULL, '', 62, -5978.11),
(16, '2019-02-14', '08:10:44', NULL, 'ivan colula', 'autorizado', NULL, '', 3, 14655.7),
(17, '2019-02-15', '11:02:14', NULL, 'ivan colula', 'autorizado', NULL, '', 3, 14655.7),
(18, '2019-02-15', '03:30:52', NULL, 'memo', 'autorizado', NULL, '', 20, -11859),
(19, '2019-02-15', '03:32:54', NULL, 'memo', 'cancelado', NULL, '', 3, 16625),
(20, '2019-02-15', '03:35:19', NULL, 'ivan colula', 'cancelado', NULL, '', 3, 14655.7),
(21, '2019-02-15', '04:04:01', NULL, 'ivan colula', 'cancelado', NULL, '', 62, -5978.11),
(22, '2019-02-15', '04:05:28', NULL, 'ivan colula', 'cancelado', NULL, '', 3, 14655.7),
(23, '2019-02-15', '04:13:39', NULL, 'memo', 'cancelado', NULL, '', 62, -5978.11),
(24, '2019-02-15', '04:14:51', NULL, 'memo', 'cancelado', NULL, '', 20, -12102.6),
(25, '2019-02-15', '04:16:00', NULL, 'memo', 'cancelado', NULL, '', 20, -12102.6),
(26, '2019-02-15', '04:22:50', NULL, 'memo', 'cancelado', NULL, '', 62, -5332),
(27, '2019-02-15', '04:23:34', NULL, 'memo', 'cancelado', NULL, '', 62, -5332),
(28, '2019-02-15', '04:24:07', NULL, 'memo', 'cancelado', NULL, '', 62, -5782),
(29, '2019-02-15', '04:24:59', NULL, 'ivan colula', 'cancelado', NULL, '', 62, -5782),
(30, '2019-02-15', '04:27:06', NULL, 'memo', 'cancelado', NULL, '', 3, 15788),
(31, '2019-02-15', '04:37:14', NULL, 'memo', 'cancelado', NULL, '', 3, 15788),
(32, '2019-02-15', '04:37:44', NULL, 'memo', 'cancelado', NULL, '', 62, -5754),
(33, '2019-02-15', '04:38:58', NULL, 'memo', 'cancelado', NULL, '', 62, -5978.11),
(34, '2019-02-15', '04:39:03', NULL, 'memo', 'cancelado', NULL, '', 62, -5978.11),
(35, '2019-02-15', '04:52:11', NULL, 'memo', 'autorizado', NULL, '', 3, 14655.7),
(36, '2019-02-15', '04:52:47', NULL, 'memo', 'cancelado', NULL, '', 3, 14655.7),
(37, '2019-02-15', '04:53:33', NULL, 'memo', 'cancelado', NULL, '', 3, 15788),
(38, '2019-02-15', '04:54:38', NULL, 'memo', 'autorizado', NULL, '', 3, 16625),
(39, '2019-02-15', '04:55:10', NULL, 'memo', 'autorizado', NULL, '', 3, 116),
(40, '2019-02-15', '05:33:22', NULL, 'memo', 'autorizado', NULL, '', 3, 14655.7),
(41, '2019-02-15', '05:40:48', NULL, 'ivan colula', 'autorizado', NULL, '', 0, 0),
(42, '2019-02-15', '05:55:00', NULL, 'memo', 'autorizado', NULL, '', 3, 14655.7),
(43, '2019-02-15', '06:04:10', NULL, 'memo', 'autorizado', NULL, '', 1, 773.5),
(44, '2019-02-15', '06:05:23', NULL, 'ivan colula', 'autorizado', NULL, '', 1, 773.5),
(45, '2019-02-15', '07:02:19', NULL, 'memo', 'autorizado', NULL, '', 1, 773.5),
(46, '2019-02-15', '07:02:24', NULL, 'ivan colula', 'autorizado', NULL, '', 1, 773.5),
(47, '2019-02-15', '07:03:09', NULL, 'memo', 'autorizado', NULL, '', 1, 596),
(48, '2019-02-15', '07:04:43', NULL, 'ivan colula', 'autorizado', NULL, '', 1, 773.5),
(49, '2019-02-15', '07:05:41', NULL, 'ivan colula', 'autorizado', NULL, '', 1, 596),
(50, '2019-02-15', '07:11:23', NULL, 'ivan colula', 'autorizado', NULL, '', 1, 6009),
(51, '2019-02-15', '07:13:19', NULL, 'ivan colula', 'autorizado', NULL, '', 1, 5950),
(52, '2019-02-15', '07:15:05', NULL, 'ivan colula', 'cancelado', NULL, '', 1, 5950),
(53, '2019-02-15', '07:16:20', NULL, 'ivan colula', 'cancelado', NULL, '', 1, 6009),
(54, '2019-02-15', '07:17:03', NULL, 'ivan colula', 'cancelado', NULL, '', 1, 8925),
(55, '2019-02-15', '07:17:05', NULL, 'ivan colula', 'cancelado', NULL, '', 1, 5950),
(56, '2019-02-15', '07:17:36', NULL, 'ivan colula', 'autorizado', NULL, '', 1, 6723),
(57, '2019-02-15', '07:18:42', NULL, 'ivan colula', 'cancelado', NULL, '', 1, 7794),
(58, '2019-02-15', '07:18:47', NULL, 'ivan colula', 'cancelado', NULL, '', 1, 8925),
(59, '2019-02-15', '07:19:15', NULL, 'ivan colula', 'cancelado', NULL, '', 1, 8925),
(60, '2019-02-15', '07:19:18', NULL, 'ivan colula', 'cancelado', NULL, '', 1, 7735),
(61, '2019-02-15', '07:22:10', NULL, 'memo', 'cancelado', NULL, '', 1, 6545),
(62, '2019-02-15', '07:26:23', NULL, 'memo', 'cancelado', NULL, '', 1, 0),
(63, '2019-02-15', '07:37:37', NULL, 'memo', 'autorizado', NULL, '', 1, 773.5),
(64, '2019-02-15', '07:46:27', NULL, 'memo', 'autorizado', NULL, '', 1, 773.5),
(65, '2019-02-15', '07:56:03', NULL, 'memo', 'autorizado', NULL, '', 1, 773.5),
(66, '2019-02-15', '07:58:33', NULL, 'memo', 'autorizado', NULL, '', 1, 773.5),
(67, '2019-02-15', '08:01:04', NULL, 'memo', 'autorizado', NULL, '', 1, 773.5),
(68, '2019-02-15', '08:02:04', NULL, 'memo', 'autorizado', NULL, '', 1, 773.5),
(69, '2019-02-15', '08:09:21', NULL, 'ivan colula', 'autorizado', NULL, '', 1, 773.5),
(70, '2019-02-15', '08:10:15', NULL, 'ivan colula', 'autorizado', NULL, '', 1, 773.5),
(71, '2019-02-15', '08:10:17', NULL, 'memo', 'autorizado', NULL, '', 1, 773.5),
(72, '2019-02-15', '08:11:59', NULL, 'ivan colula', 'autorizado', NULL, '', 1, 773.5),
(73, '2019-02-15', '08:12:13', NULL, 'memo', 'autorizado', NULL, '', 1, 773.5),
(74, '2019-02-15', '08:12:47', NULL, 'ivan colula', 'autorizado', NULL, '', 1, 773.5),
(75, '2019-02-16', '12:31:48', NULL, 'ivan colula', 'cancelado', NULL, '', 1, 773.5),
(76, '2019-02-16', '12:32:19', NULL, 'ivan colula', 'cancelado', NULL, '', 1, 773.5),
(77, '2019-02-16', '12:33:04', NULL, 'ivan colula', 'cancelado', NULL, '', 1, 773.5),
(78, '2019-02-16', '04:32:44', NULL, 'ivan colula', 'autorizado', NULL, '', 1, 773.5),
(79, '2019-02-16', '04:52:31', NULL, 'ivan colula', 'cancelado', NULL, '', 1, 773.5),
(80, '2019-02-16', '05:05:52', 'ivan colula', 'ivan colula', 'cancelado', NULL, '', 1, 773.5),
(81, '2019-02-16', '05:28:47', 'ivan colula', 'ivan colula', 'cancelado', NULL, '', 1, 119),
(82, '2019-02-17', '09:29:31', NULL, 'ivan colula', 'autorizado', NULL, '', 1, 773.5),
(83, '2019-02-18', '02:23:30', 'ivan colula', 'ivan colula', 'autorizado', NULL, '', 3, 69),
(84, '2019-02-18', '02:45:14', 'ivan colula', 'memo', 'autorizado', NULL, '', 3, 953.5),
(85, '2019-02-18', '03:01:13', 'paola paez', 'ivan colula', 'cancelado', NULL, '', 3, 953.5),
(86, '2019-02-18', '03:01:54', 'paola paez', 'ivan colula', 'cancelado', NULL, '', 3, 953.5),
(87, '2019-02-18', '03:02:01', 'paola paez', 'ivan colula', 'cancelado', NULL, '', 3, 953.5),
(88, '2019-02-18', '03:10:15', 'paola paez', 'ivan colula', 'cancelado', NULL, '', 3, 953.5),
(89, '2019-02-18', '03:11:17', 'paola paez', 'ivan colula', 'cancelado', NULL, '', 3, 953.5),
(90, '2019-02-18', '03:12:11', 'paola paez', 'ivan colula', 'cancelado', NULL, '', 3, 953.5),
(91, '2019-02-18', '03:15:18', 'paola paez', 'ivan colula', 'autorizado', NULL, '', 3, 953.5),
(92, '2019-02-18', '03:19:08', 'paola paez', 'ivan colula', 'cancelado', NULL, '', 3, 953.5),
(93, '2019-02-18', '03:19:19', 'paola paez', 'ivan colula', 'autorizado', NULL, '', 3, 1013),
(94, '2019-02-18', '03:20:53', 'paola paez', 'ivan colula', 'autorizado', NULL, '', 3, 1013),
(95, '2019-02-18', '03:21:03', 'paola paez', 'ivan colula', 'cancelado', NULL, '', 3, 953.5),
(96, '2019-02-18', '03:22:08', 'ivan colula', 'ivan colula', 'cancelado', NULL, '', 3, 953.5),
(97, '2019-02-18', '03:22:17', 'paola paez', 'ivan colula', 'autorizado', NULL, '', 3, 953.5),
(98, '2019-02-18', '03:29:03', 'paola paez', 'ivan colula', 'autorizado', NULL, '', 3, 953.5),
(99, '2019-02-18', '03:29:41', 'paola paez', 'ivan colula', 'cancelado', NULL, '', 3, 953.5),
(100, '2019-02-18', '03:29:49', 'paola paez', 'ivan colula', 'cancelado', NULL, '', 3, 953.5),
(101, '2019-02-18', '03:29:58', 'paola paez', 'ivan colula', 'cancelado', NULL, '', 3, 953.5),
(102, '2019-02-18', '03:31:54', 'paola paez', 'ivan colula', 'cancelado', NULL, '', 3, 953.5),
(103, '2019-02-18', '03:34:37', 'paola paez', 'ivan colula', 'autorizado', NULL, '', 3, 953.5),
(104, '2019-02-18', '03:35:35', 'paola paez', 'ivan colula', 'cancelado', NULL, '', 3, 953.5),
(105, '2019-02-18', '03:35:43', 'paola paez', 'ivan colula', 'autorizado', NULL, '', 3, 953.5),
(106, '2019-02-18', '03:37:14', 'paola paez', 'ivan colula', 'cancelado', NULL, '', 3, 953.5),
(107, '2019-02-18', '03:38:35', 'paola paez', 'ivan colula', 'cancelado', NULL, '', 3, 953.5),
(108, '2019-02-18', '03:40:48', 'paola paez', 'ivan colula', 'cancelado', NULL, '', 3, 953.5),
(109, '2019-02-18', '03:43:35', 'paola paez', 'ivan colula', 'cancelado', NULL, '', 3, 953.5),
(110, '2019-02-18', '03:45:23', 'ivan colula', 'ivan colula', 'autorizado', NULL, '', 3, 953.5),
(111, '2019-02-18', '03:48:41', 'ivan colula', 'ivan colula', 'autorizado', NULL, '', 3, 953.5),
(112, '2019-02-18', '03:49:49', 'ivan colula', 'ivan colula', 'autorizado', NULL, '', 3, 953.5),
(113, '2019-02-18', '03:52:09', 'ivan colula', 'ivan colula', 'autorizado', NULL, '', 3, 953.5),
(114, '2019-02-18', '10:07:29', 'ivan colula', 'memo', 'cancelado', NULL, '', 64, 16418),
(115, '2019-02-18', '10:18:06', 'ivan colula', 'ivan colula', 'autorizado', NULL, '', 3, 953.5),
(116, '2019-02-18', '10:34:34', 'ivan colula', 'ivan colula', 'cancelado', NULL, '', 64, -4905.61),
(117, '2019-02-18', '10:38:14', 'ivan colula', 'ivan colula', 'autorizado', NULL, '', 1, 5.96),
(118, '2019-02-18', '10:48:27', 'ivan colula', 'ivan colula', 'autorizado', NULL, '', 3, 953.5),
(119, '2019-02-18', '10:54:13', 'ivan colula', 'ivan colula', 'cancelado', NULL, '', 64, -4905.61),
(120, '2019-02-18', '10:54:48', 'ivan colula', 'ivan colula', 'cancelado', NULL, '', 3, 953.5),
(121, '2019-02-18', '10:57:34', 'ivan colula', 'memo', 'cancelado', NULL, '', 3, 953.5),
(122, '2019-02-18', '11:00:59', 'ivan colula', 'memo', 'cancelado', NULL, '', 3, 953.5),
(123, '2019-02-18', '11:01:19', NULL, 'memo', 'autorizado', NULL, '', 3, 953.5),
(124, '2019-02-18', '11:02:47', 'ivan colula', 'ivan colula', 'cancelado', NULL, '', 64, -4905.61),
(125, '2019-02-18', '11:05:04', 'ivan colula', 'ivan colula', 'cancelado', NULL, '', 3, 953.5),
(126, '2019-02-19', '09:18:19', 'ivan colula', 'memo', 'cancelado', NULL, '', 3, 1939),
(127, '2019-02-19', '09:18:57', 'paola paez', 'memo', 'autorizado', NULL, '', 3, 953.5),
(128, '2019-02-19', '10:01:44', 'ivan colula', 'memo', 'cancelado', NULL, '', 3, 1251),
(129, '2019-02-19', '02:35:05', 'ivan colula', 'ivan colula', 'cancelado', NULL, '', 3, 69),
(130, '2019-02-19', '02:40:22', 'ivan colula', 'ivan colula', 'autorizado', NULL, '', 3, 953.5),
(131, '2019-02-19', '02:59:59', 'ivan colula', 'ivan colula', 'cancelado', NULL, '', 3, 953.5),
(132, '2019-02-19', '05:17:51', 'paola paez', 'memo', 'autorizado', NULL, '', 3, 239),
(133, '2019-02-20', '10:59:30', 'ivan colula', 'ivan colula', 'autorizado', NULL, '', 3, 953.5),
(134, '2019-02-20', '03:19:55', 'paola paez', 'memo', 'cancelado', NULL, '', 3, 953.5),
(135, '2019-02-20', '06:15:29', 'ivan colula', 'ivan colula', 'autorizado', NULL, '', 3, 953.5),
(136, '2019-02-20', '06:20:54', 'paola paez', 'memo', 'cancelado', NULL, '', 3, 953.5),
(137, '2019-02-20', '06:35:16', 'paola paez', 'memo', 'cancelado', NULL, '', 3, 953.5),
(138, '2019-02-20', '07:55:49', 'ivan colula', 'cocina', 'autorizado', NULL, '', 3, 953.5),
(139, '2019-02-21', '10:04:50', 'paola paez', 'cocina', 'autorizado', NULL, '', 3, 953.5),
(140, '2019-02-21', '10:05:58', 'paola paez', 'cocina', 'cancelado', NULL, '', 3, 953.5),
(141, '2019-02-21', '10:42:53', 'paola paez', 'paola paez', 'autorizado', NULL, '', 3, 953.5),
(142, '2019-02-21', '10:44:16', 'paola paez', 'paola paez', 'cancelado', NULL, '', 3, 953.5),
(143, '2019-02-21', '11:03:29', 'paola paez', 'paola paez', 'cancelado', NULL, '', 3, 953.5),
(144, '2019-02-21', '11:04:57', 'paola paez', 'paola paez', 'cancelado', NULL, '', 3, 953.5),
(145, '2019-02-21', '01:45:31', 'paola paez', 'paola paez', 'cancelado', NULL, '', 3, 953.5),
(146, '2019-02-21', '01:50:59', 'paola paez', 'paola paez', 'autorizado', NULL, '', 3, 953.5),
(147, '2019-02-21', '06:10:29', 'paola paez', 'paola paez', 'autorizado', NULL, '', 3, 953.5),
(148, '2019-02-21', '06:10:40', 'paola paez', 'paola paez', 'cancelado', NULL, '', 3, 953.5),
(149, '2019-02-21', '07:05:26', 'paola paez', 'memo', 'autorizado', NULL, '', 3, 953.5),
(150, '2019-02-21', '07:36:47', 'paola paez', 'paola paez', 'autorizado', NULL, '', 3, 953.5),
(151, '2019-02-22', '09:35:30', 'paola paez', 'memo', 'autorizado', NULL, '', 3, 953.5),
(152, '2019-02-22', '09:46:03', 'paola paez', 'memo', 'autorizado', NULL, '', 3, 169.5),
(153, '2019-02-25', '10:37:52', 'paola paez', 'memo', 'autorizado', NULL, '', 9, 9524.92),
(154, '2019-02-25', '11:25:10', 'paola paez', 'memo', 'autorizado', NULL, '', 9, 9524.92),
(155, '2019-02-25', '11:30:22', 'paola paez', 'memo', 'autorizado', NULL, '', 9, 9524.92),
(156, '2019-02-25', '11:33:50', 'paola paez', 'memo', 'autorizado', NULL, '', 9, 9524.92),
(157, '2019-02-25', '11:38:17', 'paola paez', 'paola paez', 'autorizado', NULL, '', 9, 9524.92),
(158, '2019-02-25', '12:31:27', 'paola paez', 'paola paez', 'cancelado', NULL, '', 9, 9524.92),
(159, '2019-02-25', '12:34:51', 'paola paez', 'paola paez', 'autorizado', NULL, '', 9, 9524.92),
(160, '2019-02-25', '12:38:04', 'paola paez', 'paola paez', 'autorizado', NULL, '', 9, 9524.92),
(161, '2019-02-26', '02:37:59', NULL, 'paola paez', 'pedido', NULL, '', 9, 9524.92),
(162, '2019-02-26', '05:16:00', 'Ivan Colula Medel', 'Jose', 'autorizado', 'sin observaciones', 'litros', 12, 500),
(163, '2019-02-26', '06:19:59', NULL, 'raul', 'pedido', NULL, '', 1, 596),
(164, '2019-02-26', '06:23:50', NULL, 'raul', 'pedido', NULL, '', 1, 596),
(165, '2019-02-26', '06:26:59', NULL, 'raul', 'pedido', NULL, '', 1, 596),
(166, '2019-02-26', '06:49:34', NULL, 'raul', 'pedido', NULL, '', 1, 596),
(167, '2019-02-26', '06:55:39', NULL, 'memo', 'pedido', NULL, '', 9, 9524.92),
(168, '2019-02-26', '06:58:10', NULL, 'memo', 'pedido', NULL, '', 9, 9524.92),
(169, '2019-02-26', '06:58:26', NULL, 'raul', 'pedido', NULL, '', 1, 596),
(170, '2019-02-26', '07:01:01', NULL, 'memo', 'pedido', NULL, '', 9, 9524.92),
(171, '2019-02-26', '07:01:18', NULL, 'raul', 'pedido', NULL, '', 1, 596),
(172, '2019-02-26', '07:13:18', NULL, 'raul', 'pedido', NULL, '', 1, 596),
(173, '2019-02-26', '07:14:10', NULL, 'raul', 'pedido', NULL, '', 1, 596),
(174, '2019-02-26', '07:15:32', NULL, 'raul', 'pedido', NULL, '', 1, 596),
(175, '2019-02-26', '07:26:59', NULL, 'raul', 'pedido', NULL, '', 1, 596),
(176, '2019-02-27', '10:17:05', NULL, 'raul', 'pedido', NULL, '', 1, 596),
(177, '2019-02-27', '02:44:42', NULL, 'raul', 'pedido', NULL, '', 1, 596),
(178, '2019-02-27', '02:45:05', NULL, 'raul', 'pedido', NULL, '', 1, 596),
(179, '2019-02-27', '04:47:27', NULL, 'raul', 'pedido', NULL, '', 1, 596),
(180, '2019-02-27', '05:50:04', NULL, 'raul', 'pedido', NULL, '', 1, 596),
(181, '2019-02-27', '06:35:59', 'paola paez', 'memo', 'autorizado', NULL, '', 9, 9524.92),
(182, '2019-02-28', '07:18:00', NULL, 'memo', 'pedido', NULL, '', 9, 9524.92);

-- --------------------------------------------------------

--
-- Estructura de tabla para la tabla `pedido_producto`
--

CREATE TABLE `pedido_producto` (
  `id_pedido` int(10) NOT NULL,
  `codingre` varchar(10) NOT NULL,
  `fecha_pedido` date NOT NULL,
  `hora_pedido` time NOT NULL,
  `num_prod` float NOT NULL,
  `estado_prod` varchar(20) DEFAULT NULL,
  `observacion` varchar(150) DEFAULT NULL
) ENGINE=InnoDB DEFAULT CHARSET=utf8;

--
-- Volcado de datos para la tabla `pedido_producto`
--

INSERT INTO `pedido_producto` (`id_pedido`, `codingre`, `fecha_pedido`, `hora_pedido`, `num_prod`, `estado_prod`, `observacion`) VALUES
(2, 'CG01', '2019-02-14', '03:03:46', 0, 'no surtido', NULL),
(2, 'CG02', '2019-02-14', '03:03:46', 0, 'no surtido', NULL),
(2, 'CIMR', '2019-02-14', '03:03:46', 0, 'no surtido', NULL),
(3, 'CG01', '2019-02-14', '03:08:46', 0, 'no surtido', NULL),
(3, 'CG02', '2019-02-14', '03:08:46', 0, 'no surtido', NULL),
(3, 'CIMR', '2019-02-14', '03:08:46', 0, 'no surtido', NULL),
(4, 'CG01', '2019-02-14', '04:45:46', 0, 'no surtido', NULL),
(4, 'CG02', '2019-02-14', '04:45:46', 0, 'no surtido', NULL),
(4, 'CIMR', '2019-02-14', '04:45:46', 0, 'no surtido', NULL),
(5, 'CG01', '2019-02-14', '04:46:56', 0, 'no surtido', NULL),
(5, 'CG02', '2019-02-14', '04:46:56', 0, 'no surtido', NULL),
(5, 'CIMR', '2019-02-14', '04:46:56', 0, 'no surtido', NULL),
(6, 'CG01', '2019-02-14', '06:13:58', 0, 'pedido', NULL),
(6, 'CG02', '2019-02-14', '06:13:58', 0, 'pedido', NULL),
(6, 'CIMR', '2019-02-14', '06:13:58', 0, 'pedido', NULL),
(7, 'CG01', '2019-02-14', '06:17:05', 0, 'pedido', NULL),
(7, 'CG02', '2019-02-14', '06:17:05', 0, 'pedido', NULL),
(7, 'CIMR', '2019-02-14', '06:17:05', 0, 'pedido', NULL),
(8, 'CEMS', '2019-02-14', '06:26:24', 10, 'pedido', NULL),
(9, 'CG01', '2019-02-14', '06:32:49', 0, 'pedido', NULL),
(9, 'CG02', '2019-02-14', '06:32:49', 0, 'pedido', NULL),
(9, 'CIMR', '2019-02-14', '06:32:49', 0, 'pedido', NULL),
(10, 'CG01', '2019-02-14', '06:34:00', 1, 'pedido', NULL),
(11, 'CG01', '2019-02-14', '06:34:48', 1, 'pedido', NULL),
(11, 'CG02', '2019-02-14', '06:34:48', 1, 'pedido', NULL),
(11, 'CIMR', '2019-02-14', '06:34:48', 1, 'pedido', NULL),
(12, 'CG01', '2019-02-14', '06:40:39', 0, 'pedido', NULL),
(12, 'CG02', '2019-02-14', '06:40:39', 0, 'pedido', NULL),
(12, 'CIMR', '2019-02-14', '06:40:39', 0, 'pedido', NULL),
(13, 'CG01', '2019-02-14', '06:47:00', -22, 'pedido', NULL),
(13, 'CG02', '2019-02-14', '06:47:00', -16, 'pedido', NULL),
(13, 'CIMR', '2019-02-14', '06:47:00', 99.9999, 'pedido', NULL),
(14, 'CG01', '2019-02-14', '06:48:37', 100, 'pedido', NULL),
(14, 'CG02', '2019-02-14', '06:48:37', 100, 'pedido', NULL),
(14, 'CIMR', '2019-02-14', '06:48:37', 100, 'pedido', NULL),
(15, 'A005', '2019-02-14', '06:50:32', 0, 'pedido', NULL),
(15, 'A006', '2019-02-14', '06:50:32', -0.49, 'pedido', NULL),
(15, 'A008', '2019-02-14', '06:50:32', -2, 'pedido', NULL),
(15, 'A009', '2019-02-14', '06:50:32', 0, 'pedido', NULL),
(15, 'A015', '2019-02-14', '06:50:32', -2, 'pedido', NULL),
(15, 'A017', '2019-02-14', '06:50:32', 0, 'pedido', NULL),
(15, 'A018', '2019-02-14', '06:50:32', -1, 'pedido', NULL),
(15, 'A019', '2019-02-14', '06:50:32', 0, 'pedido', NULL),
(15, 'A021', '2019-02-14', '06:50:32', -1.5, 'pedido', NULL),
(15, 'A028', '2019-02-14', '06:50:32', 0, 'pedido', NULL),
(15, 'A029', '2019-02-14', '06:50:32', 0, 'pedido', NULL),
(15, 'A030', '2019-02-14', '06:50:32', -2, 'pedido', NULL),
(15, 'A038', '2019-02-14', '06:50:32', 0, 'pedido', NULL),
(15, 'A040', '2019-02-14', '06:50:32', 0, 'pedido', NULL),
(15, 'A041', '2019-02-14', '06:50:32', -1, 'pedido', NULL),
(15, 'A043', '2019-02-14', '06:50:32', 0, 'pedido', NULL),
(15, 'A045', '2019-02-14', '06:50:32', -1, 'pedido', NULL),
(15, 'A048', '2019-02-14', '06:50:32', 0, 'pedido', NULL),
(15, 'A050', '2019-02-14', '06:50:32', 0, 'pedido', NULL),
(15, 'A051', '2019-02-14', '06:50:32', 0, 'pedido', NULL),
(15, 'A052', '2019-02-14', '06:50:32', 0, 'pedido', NULL),
(15, 'A053', '2019-02-14', '06:50:32', 0, 'pedido', NULL),
(15, 'A054', '2019-02-14', '06:50:32', 0, 'pedido', NULL),
(15, 'A056', '2019-02-14', '06:50:32', -3, 'pedido', NULL),
(15, 'A057', '2019-02-14', '06:50:32', 0, 'pedido', NULL),
(15, 'A059', '2019-02-14', '06:50:32', -1, 'pedido', NULL),
(15, 'A061', '2019-02-14', '06:50:32', 0, 'pedido', NULL),
(15, 'A065', '2019-02-14', '06:50:32', 0, 'pedido', NULL),
(15, 'A066', '2019-02-14', '06:50:32', 0, 'pedido', NULL),
(15, 'A067', '2019-02-14', '06:50:32', 0, 'pedido', NULL),
(15, 'A068', '2019-02-14', '06:50:32', 0, 'pedido', NULL),
(15, 'A071', '2019-02-14', '06:50:32', -1.4, 'pedido', NULL),
(15, 'A072', '2019-02-14', '06:50:32', 0, 'pedido', NULL),
(15, 'A073', '2019-02-14', '06:50:32', 0, 'pedido', NULL),
(15, 'A074', '2019-02-14', '06:50:32', -0.5, 'pedido', NULL),
(15, 'A075', '2019-02-14', '06:50:32', 0, 'pedido', NULL),
(15, 'A076', '2019-02-14', '06:50:32', 0, 'pedido', NULL),
(15, 'A079', '2019-02-14', '06:50:32', -2.75, 'pedido', NULL),
(15, 'A080', '2019-02-14', '06:50:32', -1.5, 'pedido', NULL),
(15, 'A081', '2019-02-14', '06:50:32', -0.85, 'pedido', NULL),
(15, 'A083', '2019-02-14', '06:50:32', 0, 'pedido', NULL),
(15, 'A084', '2019-02-14', '06:50:32', -1, 'pedido', NULL),
(15, 'A085', '2019-02-14', '06:50:32', -1, 'pedido', NULL),
(15, 'A086', '2019-02-14', '06:50:32', 0.18, 'pedido', NULL),
(15, 'A087', '2019-02-14', '06:50:32', -1, 'pedido', NULL),
(15, 'A089', '2019-02-14', '06:50:32', 0, 'pedido', NULL),
(15, 'A092', '2019-02-14', '06:50:32', 0, 'pedido', NULL),
(15, 'A105', '2019-02-14', '06:50:32', -1, 'pedido', NULL),
(15, 'A106', '2019-02-14', '06:50:32', -4, 'pedido', NULL),
(15, 'A109', '2019-02-14', '06:50:32', 0, 'pedido', NULL),
(15, 'A110', '2019-02-14', '06:50:32', 0, 'pedido', NULL),
(15, 'A112', '2019-02-14', '06:50:32', -3, 'pedido', NULL),
(15, 'A114', '2019-02-14', '06:50:32', -3, 'pedido', NULL),
(15, 'A119', '2019-02-14', '06:50:32', 0, 'pedido', NULL),
(15, 'A121', '2019-02-14', '06:50:32', -0.81, 'pedido', NULL),
(15, 'A123', '2019-02-14', '06:50:32', 0, 'pedido', NULL),
(15, 'A124', '2019-02-14', '06:50:32', 0, 'pedido', NULL),
(15, 'A125', '2019-02-14', '06:50:32', 0, 'pedido', NULL),
(15, 'A128', '2019-02-14', '06:50:32', -1.75, 'pedido', NULL),
(15, 'A129', '2019-02-14', '06:50:32', -1, 'pedido', NULL),
(15, 'A131', '2019-02-14', '06:50:32', 0, 'pedido', NULL),
(15, 'A132', '2019-02-14', '06:50:32', 0, 'pedido', NULL),
(15, 'A133', '2019-02-14', '06:50:32', 0, 'pedido', NULL),
(15, 'A134', '2019-02-14', '06:50:32', -4, 'pedido', NULL),
(15, 'A136', '2019-02-14', '06:50:32', 0, 'pedido', NULL),
(15, 'A137', '2019-02-14', '06:50:32', 0, 'pedido', NULL),
(15, 'A138', '2019-02-14', '06:50:32', -1, 'pedido', NULL),
(15, 'A139', '2019-02-14', '06:50:32', 0, 'pedido', NULL),
(15, 'A140', '2019-02-14', '06:50:32', 0, 'pedido', NULL),
(15, 'A141', '2019-02-14', '06:50:32', 0, 'pedido', NULL),
(15, 'A143', '2019-02-14', '06:50:32', -2, 'pedido', NULL),
(15, 'A144', '2019-02-14', '06:50:32', 0, 'pedido', NULL),
(15, 'A145', '2019-02-14', '06:50:32', 0, 'pedido', NULL),
(15, 'A146', '2019-02-14', '06:50:32', -2, 'pedido', NULL),
(15, 'A147', '2019-02-14', '06:50:32', 0.14, 'pedido', NULL),
(15, 'A151', '2019-02-14', '06:50:32', 0, 'pedido', NULL),
(15, 'A152', '2019-02-14', '06:50:32', 0, 'pedido', NULL),
(15, 'A154', '2019-02-14', '06:50:32', 0, 'pedido', NULL),
(15, 'A156', '2019-02-14', '06:50:32', 0, 'pedido', NULL),
(15, 'A162', '2019-02-14', '06:50:32', -3.71, 'pedido', NULL),
(15, 'A163', '2019-02-14', '06:50:32', 0, 'pedido', NULL),
(15, 'A164', '2019-02-14', '06:50:32', -1, 'pedido', NULL),
(15, 'A173', '2019-02-14', '06:50:32', 0, 'pedido', NULL),
(15, 'A175', '2019-02-14', '06:50:32', 0, 'pedido', NULL),
(15, 'A176', '2019-02-14', '06:50:32', -6, 'pedido', NULL),
(15, 'A180', '2019-02-14', '06:50:32', 0, 'pedido', NULL),
(15, 'A181', '2019-02-14', '06:50:32', 0, 'pedido', NULL),
(15, 'A182', '2019-02-14', '06:50:32', 0, 'pedido', NULL),
(15, 'A183', '2019-02-14', '06:50:32', 0, 'pedido', NULL),
(15, 'A187', '2019-02-14', '06:50:32', 0, 'pedido', NULL),
(15, 'A193', '2019-02-14', '06:50:32', 0, 'pedido', NULL),
(15, 'A195', '2019-02-14', '06:50:32', -1.65, 'pedido', NULL),
(15, 'A197', '2019-02-14', '06:50:32', 0, 'pedido', NULL),
(15, 'A198', '2019-02-14', '06:50:32', -1, 'pedido', NULL),
(15, 'A199', '2019-02-14', '06:50:32', 0, 'pedido', NULL),
(15, 'A200', '2019-02-14', '06:50:32', 0, 'pedido', NULL),
(15, 'A201', '2019-02-14', '06:50:32', 0, 'pedido', NULL),
(15, 'A202', '2019-02-14', '06:50:32', 0, 'pedido', NULL),
(15, 'A203', '2019-02-14', '06:50:32', 0, 'pedido', NULL),
(15, 'A204', '2019-02-14', '06:50:32', 0, 'pedido', NULL),
(15, 'A205', '2019-02-14', '06:50:32', 0, 'pedido', NULL),
(15, 'A206', '2019-02-14', '06:50:32', -0.17, 'pedido', NULL),
(15, 'A207', '2019-02-14', '06:50:32', 0, 'pedido', NULL),
(15, 'A208', '2019-02-14', '06:50:32', -0.8, 'pedido', NULL),
(15, 'A209', '2019-02-14', '06:50:32', 0, 'pedido', NULL),
(15, 'A210', '2019-02-14', '06:50:32', 0, 'pedido', NULL),
(15, 'A211', '2019-02-14', '06:50:32', 0, 'pedido', NULL),
(15, 'A212', '2019-02-14', '06:50:32', 0, 'pedido', NULL),
(15, 'A213', '2019-02-14', '06:50:32', -1, 'pedido', NULL),
(15, 'A215', '2019-02-14', '06:50:32', 0, 'pedido', NULL),
(15, 'A216', '2019-02-14', '06:50:32', -0.7, 'pedido', NULL),
(15, 'A217', '2019-02-14', '06:50:32', 0, 'pedido', NULL),
(15, 'A218', '2019-02-14', '06:50:32', -0.49, 'pedido', NULL),
(15, 'A219', '2019-02-14', '06:50:32', 0, 'pedido', NULL),
(15, 'A220', '2019-02-14', '06:50:32', 0, 'pedido', NULL),
(15, 'A221', '2019-02-14', '06:50:32', 0, 'pedido', NULL),
(15, 'A222', '2019-02-14', '06:50:32', -0.22, 'pedido', NULL),
(15, 'A223', '2019-02-14', '06:50:32', -4.4, 'pedido', NULL),
(15, 'A224', '2019-02-14', '06:50:32', 0, 'pedido', NULL),
(15, 'A225', '2019-02-14', '06:50:32', -5, 'pedido', NULL),
(15, 'A226', '2019-02-14', '06:50:32', 0, 'pedido', NULL),
(15, 'A227', '2019-02-14', '06:50:32', 0, 'pedido', NULL),
(15, 'A228', '2019-02-14', '06:50:32', 0, 'pedido', NULL),
(15, 'A229', '2019-02-14', '06:50:32', 0.05, 'pedido', NULL),
(15, 'A230', '2019-02-14', '06:50:32', 0, 'pedido', NULL),
(15, 'A231', '2019-02-14', '06:50:32', -0.5, 'pedido', NULL),
(15, 'A232', '2019-02-14', '06:50:32', 0, 'pedido', NULL),
(15, 'A233', '2019-02-14', '06:50:32', -0.5, 'pedido', NULL),
(15, 'A234', '2019-02-14', '06:50:32', 0, 'pedido', NULL),
(15, 'A235', '2019-02-14', '06:50:32', -0.9, 'pedido', NULL),
(15, 'A236', '2019-02-14', '06:50:32', 0, 'pedido', NULL),
(15, 'A237', '2019-02-14', '06:50:32', 0, 'pedido', NULL),
(15, 'A238', '2019-02-14', '06:50:32', 0, 'pedido', NULL),
(15, 'A239', '2019-02-14', '06:50:32', 0, 'pedido', NULL),
(15, 'A240', '2019-02-14', '06:50:32', 0, 'pedido', NULL),
(15, 'A241', '2019-02-14', '06:50:32', 0, 'pedido', NULL),
(15, 'A242', '2019-02-14', '06:50:32', 0, 'pedido', NULL),
(15, 'A243', '2019-02-14', '06:50:32', 0, 'pedido', NULL),
(15, 'A244', '2019-02-14', '06:50:32', 0, 'pedido', NULL),
(15, 'A245', '2019-02-14', '06:50:32', 0, 'pedido', NULL),
(15, 'A246', '2019-02-14', '06:50:32', 0, 'pedido', NULL),
(15, 'A247', '2019-02-14', '06:50:32', 0, 'pedido', NULL),
(15, 'A248', '2019-02-14', '06:50:32', 0, 'pedido', NULL),
(15, 'A249', '2019-02-14', '06:50:32', 0, 'pedido', NULL),
(15, 'A250', '2019-02-14', '06:50:32', 0, 'pedido', NULL),
(15, 'A251', '2019-02-14', '06:50:32', 0, 'pedido', NULL),
(15, 'A252', '2019-02-14', '06:50:32', 0, 'pedido', NULL),
(15, 'A253', '2019-02-14', '06:50:32', 0, 'pedido', NULL),
(15, 'A254', '2019-02-14', '06:50:32', 0.12, 'pedido', NULL),
(15, 'A255', '2019-02-14', '06:50:32', 0, 'pedido', NULL),
(15, 'A256', '2019-02-14', '06:50:32', 0, 'pedido', NULL),
(15, 'A257', '2019-02-14', '06:50:32', 0, 'pedido', NULL),
(15, 'A258', '2019-02-14', '06:50:32', 0, 'pedido', NULL),
(15, 'A259', '2019-02-14', '06:50:32', 0, 'pedido', NULL),
(15, 'A260', '2019-02-14', '06:50:32', 0, 'pedido', NULL),
(15, 'A261', '2019-02-14', '06:50:32', -1, 'pedido', NULL),
(15, 'A262', '2019-02-14', '06:50:32', -2, 'pedido', NULL),
(15, 'A263', '2019-02-14', '06:50:32', 0.05, 'pedido', NULL),
(15, 'A264', '2019-02-14', '06:50:32', 0, 'pedido', NULL),
(15, 'A265', '2019-02-14', '06:50:32', -0.75, 'pedido', NULL),
(15, 'A266', '2019-02-14', '06:50:32', -0.04, 'pedido', NULL),
(15, 'A267', '2019-02-14', '06:50:32', 0, 'pedido', NULL),
(15, 'A268', '2019-02-14', '06:50:32', 0, 'pedido', NULL),
(15, 'A269', '2019-02-14', '06:50:32', 0, 'pedido', NULL),
(15, 'A271', '2019-02-14', '06:50:32', 0, 'pedido', NULL),
(15, 'A272', '2019-02-14', '06:50:32', 0, 'pedido', NULL),
(15, 'A273', '2019-02-14', '06:50:32', -2, 'pedido', NULL),
(15, 'A274', '2019-02-14', '06:50:32', 0, 'pedido', NULL),
(15, 'A275', '2019-02-14', '06:50:32', 0, 'pedido', NULL),
(15, 'A276', '2019-02-14', '06:50:32', 0, 'pedido', NULL),
(15, 'A280', '2019-02-14', '06:50:32', 0, 'pedido', NULL),
(15, 'A283', '2019-02-14', '06:50:32', 0, 'pedido', NULL),
(15, 'A284', '2019-02-14', '06:50:32', 0, 'pedido', NULL),
(15, 'A285', '2019-02-14', '06:50:32', -1, 'pedido', NULL),
(15, 'A286', '2019-02-14', '06:50:32', -1.8, 'pedido', NULL),
(15, 'A287', '2019-02-14', '06:50:32', -1, 'pedido', NULL),
(15, 'A288', '2019-02-14', '06:50:32', 1, 'pedido', NULL),
(15, 'A403', '2019-02-14', '06:50:32', 0, 'pedido', NULL),
(15, 'A408', '2019-02-14', '06:50:32', 0, 'pedido', NULL),
(15, 'A411', '2019-02-14', '06:50:32', 0.01, 'pedido', NULL),
(15, 'A413', '2019-02-14', '06:50:32', 0, 'pedido', NULL),
(15, 'A414', '2019-02-14', '06:50:32', 0, 'pedido', NULL),
(15, 'A415', '2019-02-14', '06:50:32', 0, 'pedido', NULL),
(15, 'L043', '2019-02-14', '06:50:32', -1, 'pedido', NULL),
(15, 'L045', '2019-02-14', '06:50:32', 0, 'pedido', NULL),
(15, 'L046', '2019-02-14', '06:50:32', 0, 'pedido', NULL),
(15, 'L047', '2019-02-14', '06:50:32', -0.6, 'pedido', NULL),
(15, 'SR75', '2019-02-14', '06:50:32', 0, 'pedido', NULL),
(16, 'CG01', '2019-02-14', '08:10:44', -22, 'pedido', NULL),
(16, 'CG02', '2019-02-14', '08:10:44', -16, 'pedido', NULL),
(16, 'CIMR', '2019-02-14', '08:10:44', 99.9999, 'pedido', NULL),
(17, 'CG01', '2019-02-15', '11:02:14', -22, 'pedido', NULL),
(17, 'CG02', '2019-02-15', '11:02:14', -16, 'pedido', NULL),
(17, 'CIMR', '2019-02-15', '11:02:14', 99.9999, 'pedido', NULL),
(18, 'C014', '2019-02-15', '03:30:52', 2, 'pedido', NULL),
(19, 'CG01', '2019-02-15', '03:32:54', 1, 'pedido', NULL),
(19, 'CG02', '2019-02-15', '03:32:54', 1, 'pedido', NULL),
(20, 'CG01', '2019-02-15', '03:35:19', -22, 'pedido', NULL),
(20, 'CG02', '2019-02-15', '03:35:19', -16, 'pedido', NULL),
(20, 'CIMR', '2019-02-15', '03:35:19', 99.9999, 'pedido', NULL),
(21, 'A005', '2019-02-15', '04:04:01', 0, 'pedido', NULL),
(21, 'A006', '2019-02-15', '04:04:01', -0.49, 'pedido', NULL),
(21, 'A008', '2019-02-15', '04:04:01', -2, 'pedido', NULL),
(21, 'A009', '2019-02-15', '04:04:01', 0, 'pedido', NULL),
(21, 'A015', '2019-02-15', '04:04:01', -2, 'pedido', NULL),
(21, 'A017', '2019-02-15', '04:04:01', 0, 'pedido', NULL),
(21, 'A018', '2019-02-15', '04:04:01', -1, 'pedido', NULL),
(21, 'A019', '2019-02-15', '04:04:01', 0, 'pedido', NULL),
(21, 'A021', '2019-02-15', '04:04:01', -1.5, 'pedido', NULL),
(21, 'A028', '2019-02-15', '04:04:01', 0, 'pedido', NULL),
(21, 'A029', '2019-02-15', '04:04:01', 0, 'pedido', NULL),
(21, 'A030', '2019-02-15', '04:04:01', -2, 'pedido', NULL),
(21, 'A038', '2019-02-15', '04:04:01', 0, 'pedido', NULL),
(21, 'A040', '2019-02-15', '04:04:01', 0, 'pedido', NULL),
(21, 'A041', '2019-02-15', '04:04:01', -1, 'pedido', NULL),
(21, 'A043', '2019-02-15', '04:04:01', 0, 'pedido', NULL),
(21, 'A045', '2019-02-15', '04:04:01', -1, 'pedido', NULL),
(21, 'A048', '2019-02-15', '04:04:01', 0, 'pedido', NULL),
(21, 'A050', '2019-02-15', '04:04:01', 0, 'pedido', NULL),
(21, 'A051', '2019-02-15', '04:04:01', 0, 'pedido', NULL),
(21, 'A052', '2019-02-15', '04:04:01', 0, 'pedido', NULL),
(21, 'A053', '2019-02-15', '04:04:01', 0, 'pedido', NULL),
(21, 'A054', '2019-02-15', '04:04:01', 0, 'pedido', NULL),
(21, 'A056', '2019-02-15', '04:04:01', -3, 'pedido', NULL),
(21, 'A057', '2019-02-15', '04:04:01', 0, 'pedido', NULL),
(21, 'A059', '2019-02-15', '04:04:01', -1, 'pedido', NULL),
(21, 'A061', '2019-02-15', '04:04:01', 0, 'pedido', NULL),
(21, 'A065', '2019-02-15', '04:04:01', 0, 'pedido', NULL),
(21, 'A066', '2019-02-15', '04:04:01', 0, 'pedido', NULL),
(21, 'A067', '2019-02-15', '04:04:01', 0, 'pedido', NULL),
(21, 'A068', '2019-02-15', '04:04:01', 0, 'pedido', NULL),
(21, 'A071', '2019-02-15', '04:04:01', -1.4, 'pedido', NULL),
(21, 'A072', '2019-02-15', '04:04:01', 0, 'pedido', NULL),
(21, 'A073', '2019-02-15', '04:04:01', 0, 'pedido', NULL),
(21, 'A074', '2019-02-15', '04:04:01', -0.5, 'pedido', NULL),
(21, 'A075', '2019-02-15', '04:04:01', 0, 'pedido', NULL),
(21, 'A076', '2019-02-15', '04:04:01', 0, 'pedido', NULL),
(21, 'A079', '2019-02-15', '04:04:01', -2.75, 'pedido', NULL),
(21, 'A080', '2019-02-15', '04:04:01', -1.5, 'pedido', NULL),
(21, 'A081', '2019-02-15', '04:04:01', -0.85, 'pedido', NULL),
(21, 'A083', '2019-02-15', '04:04:01', 0, 'pedido', NULL),
(21, 'A084', '2019-02-15', '04:04:01', -1, 'pedido', NULL),
(21, 'A085', '2019-02-15', '04:04:01', -1, 'pedido', NULL),
(21, 'A086', '2019-02-15', '04:04:01', 0.18, 'pedido', NULL),
(21, 'A087', '2019-02-15', '04:04:01', -1, 'pedido', NULL),
(21, 'A089', '2019-02-15', '04:04:01', 0, 'pedido', NULL),
(21, 'A092', '2019-02-15', '04:04:01', 0, 'pedido', NULL),
(21, 'A105', '2019-02-15', '04:04:01', -1, 'pedido', NULL),
(21, 'A106', '2019-02-15', '04:04:01', -4, 'pedido', NULL),
(21, 'A109', '2019-02-15', '04:04:01', 0, 'pedido', NULL),
(21, 'A110', '2019-02-15', '04:04:01', 0, 'pedido', NULL),
(21, 'A112', '2019-02-15', '04:04:01', -3, 'pedido', NULL),
(21, 'A114', '2019-02-15', '04:04:01', -3, 'pedido', NULL),
(21, 'A119', '2019-02-15', '04:04:01', 0, 'pedido', NULL),
(21, 'A121', '2019-02-15', '04:04:01', -0.81, 'pedido', NULL),
(21, 'A123', '2019-02-15', '04:04:01', 0, 'pedido', NULL),
(21, 'A124', '2019-02-15', '04:04:01', 0, 'pedido', NULL),
(21, 'A125', '2019-02-15', '04:04:01', 0, 'pedido', NULL),
(21, 'A128', '2019-02-15', '04:04:01', -1.75, 'pedido', NULL),
(21, 'A129', '2019-02-15', '04:04:01', -1, 'pedido', NULL),
(21, 'A131', '2019-02-15', '04:04:01', 0, 'pedido', NULL),
(21, 'A132', '2019-02-15', '04:04:01', 0, 'pedido', NULL),
(21, 'A133', '2019-02-15', '04:04:01', 0, 'pedido', NULL),
(21, 'A134', '2019-02-15', '04:04:01', -4, 'pedido', NULL),
(21, 'A136', '2019-02-15', '04:04:01', 0, 'pedido', NULL),
(21, 'A137', '2019-02-15', '04:04:01', 0, 'pedido', NULL),
(21, 'A138', '2019-02-15', '04:04:01', -1, 'pedido', NULL),
(21, 'A139', '2019-02-15', '04:04:01', 0, 'pedido', NULL),
(21, 'A140', '2019-02-15', '04:04:01', 0, 'pedido', NULL),
(21, 'A141', '2019-02-15', '04:04:01', 0, 'pedido', NULL),
(21, 'A143', '2019-02-15', '04:04:01', -2, 'pedido', NULL),
(21, 'A144', '2019-02-15', '04:04:01', 0, 'pedido', NULL),
(21, 'A145', '2019-02-15', '04:04:01', 0, 'pedido', NULL),
(21, 'A146', '2019-02-15', '04:04:01', -2, 'pedido', NULL),
(21, 'A147', '2019-02-15', '04:04:01', 0.14, 'pedido', NULL),
(21, 'A151', '2019-02-15', '04:04:01', 0, 'pedido', NULL),
(21, 'A152', '2019-02-15', '04:04:01', 0, 'pedido', NULL),
(21, 'A154', '2019-02-15', '04:04:01', 0, 'pedido', NULL),
(21, 'A156', '2019-02-15', '04:04:01', 0, 'pedido', NULL),
(21, 'A162', '2019-02-15', '04:04:01', -3.71, 'pedido', NULL),
(21, 'A163', '2019-02-15', '04:04:01', 0, 'pedido', NULL),
(21, 'A164', '2019-02-15', '04:04:01', -1, 'pedido', NULL),
(21, 'A173', '2019-02-15', '04:04:01', 0, 'pedido', NULL),
(21, 'A175', '2019-02-15', '04:04:01', 0, 'pedido', NULL),
(21, 'A176', '2019-02-15', '04:04:01', -6, 'pedido', NULL),
(21, 'A180', '2019-02-15', '04:04:01', 0, 'pedido', NULL),
(21, 'A181', '2019-02-15', '04:04:01', 0, 'pedido', NULL),
(21, 'A182', '2019-02-15', '04:04:01', 0, 'pedido', NULL),
(21, 'A183', '2019-02-15', '04:04:01', 0, 'pedido', NULL),
(21, 'A187', '2019-02-15', '04:04:01', 0, 'pedido', NULL),
(21, 'A193', '2019-02-15', '04:04:01', 0, 'pedido', NULL),
(21, 'A195', '2019-02-15', '04:04:01', -1.65, 'pedido', NULL),
(21, 'A197', '2019-02-15', '04:04:01', 0, 'pedido', NULL),
(21, 'A198', '2019-02-15', '04:04:01', -1, 'pedido', NULL),
(21, 'A199', '2019-02-15', '04:04:01', 0, 'pedido', NULL),
(21, 'A200', '2019-02-15', '04:04:01', 0, 'pedido', NULL),
(21, 'A201', '2019-02-15', '04:04:01', 0, 'pedido', NULL),
(21, 'A202', '2019-02-15', '04:04:01', 0, 'pedido', NULL),
(21, 'A203', '2019-02-15', '04:04:01', 0, 'pedido', NULL),
(21, 'A204', '2019-02-15', '04:04:01', 0, 'pedido', NULL),
(21, 'A205', '2019-02-15', '04:04:01', 0, 'pedido', NULL),
(21, 'A206', '2019-02-15', '04:04:01', -0.17, 'pedido', NULL),
(21, 'A207', '2019-02-15', '04:04:01', 0, 'pedido', NULL),
(21, 'A208', '2019-02-15', '04:04:01', -0.8, 'pedido', NULL),
(21, 'A209', '2019-02-15', '04:04:01', 0, 'pedido', NULL),
(21, 'A210', '2019-02-15', '04:04:01', 0, 'pedido', NULL),
(21, 'A211', '2019-02-15', '04:04:01', 0, 'pedido', NULL),
(21, 'A212', '2019-02-15', '04:04:01', 0, 'pedido', NULL),
(21, 'A213', '2019-02-15', '04:04:01', -1, 'pedido', NULL),
(21, 'A215', '2019-02-15', '04:04:01', 0, 'pedido', NULL),
(21, 'A216', '2019-02-15', '04:04:01', -0.7, 'pedido', NULL),
(21, 'A217', '2019-02-15', '04:04:01', 0, 'pedido', NULL),
(21, 'A218', '2019-02-15', '04:04:01', -0.49, 'pedido', NULL),
(21, 'A219', '2019-02-15', '04:04:01', 0, 'pedido', NULL),
(21, 'A220', '2019-02-15', '04:04:01', 0, 'pedido', NULL),
(21, 'A221', '2019-02-15', '04:04:01', 0, 'pedido', NULL),
(21, 'A222', '2019-02-15', '04:04:01', -0.22, 'pedido', NULL),
(21, 'A223', '2019-02-15', '04:04:01', -4.4, 'pedido', NULL),
(21, 'A224', '2019-02-15', '04:04:01', 0, 'pedido', NULL),
(21, 'A225', '2019-02-15', '04:04:01', -5, 'pedido', NULL),
(21, 'A226', '2019-02-15', '04:04:01', 0, 'pedido', NULL),
(21, 'A227', '2019-02-15', '04:04:01', 0, 'pedido', NULL),
(21, 'A228', '2019-02-15', '04:04:01', 0, 'pedido', NULL),
(21, 'A229', '2019-02-15', '04:04:01', 0.05, 'pedido', NULL),
(21, 'A230', '2019-02-15', '04:04:01', 0, 'pedido', NULL),
(21, 'A231', '2019-02-15', '04:04:01', -0.5, 'pedido', NULL),
(21, 'A232', '2019-02-15', '04:04:01', 0, 'pedido', NULL),
(21, 'A233', '2019-02-15', '04:04:01', -0.5, 'pedido', NULL),
(21, 'A234', '2019-02-15', '04:04:01', 0, 'pedido', NULL),
(21, 'A235', '2019-02-15', '04:04:01', -0.9, 'pedido', NULL),
(21, 'A236', '2019-02-15', '04:04:01', 0, 'pedido', NULL),
(21, 'A237', '2019-02-15', '04:04:01', 0, 'pedido', NULL),
(21, 'A238', '2019-02-15', '04:04:01', 0, 'pedido', NULL),
(21, 'A239', '2019-02-15', '04:04:01', 0, 'pedido', NULL),
(21, 'A240', '2019-02-15', '04:04:01', 0, 'pedido', NULL),
(21, 'A241', '2019-02-15', '04:04:01', 0, 'pedido', NULL),
(21, 'A242', '2019-02-15', '04:04:01', 0, 'pedido', NULL),
(21, 'A243', '2019-02-15', '04:04:01', 0, 'pedido', NULL),
(21, 'A244', '2019-02-15', '04:04:01', 0, 'pedido', NULL),
(21, 'A245', '2019-02-15', '04:04:01', 0, 'pedido', NULL),
(21, 'A246', '2019-02-15', '04:04:01', 0, 'pedido', NULL),
(21, 'A247', '2019-02-15', '04:04:01', 0, 'pedido', NULL),
(21, 'A248', '2019-02-15', '04:04:01', 0, 'pedido', NULL),
(21, 'A249', '2019-02-15', '04:04:01', 0, 'pedido', NULL),
(21, 'A250', '2019-02-15', '04:04:01', 0, 'pedido', NULL),
(21, 'A251', '2019-02-15', '04:04:01', 0, 'pedido', NULL),
(21, 'A252', '2019-02-15', '04:04:01', 0, 'pedido', NULL),
(21, 'A253', '2019-02-15', '04:04:01', 0, 'pedido', NULL),
(21, 'A254', '2019-02-15', '04:04:01', 0.12, 'pedido', NULL),
(21, 'A255', '2019-02-15', '04:04:01', 0, 'pedido', NULL),
(21, 'A256', '2019-02-15', '04:04:01', 0, 'pedido', NULL),
(21, 'A257', '2019-02-15', '04:04:01', 0, 'pedido', NULL),
(21, 'A258', '2019-02-15', '04:04:01', 0, 'pedido', NULL),
(21, 'A259', '2019-02-15', '04:04:01', 0, 'pedido', NULL),
(21, 'A260', '2019-02-15', '04:04:01', 0, 'pedido', NULL),
(21, 'A261', '2019-02-15', '04:04:01', -1, 'pedido', NULL),
(21, 'A262', '2019-02-15', '04:04:01', -2, 'pedido', NULL),
(21, 'A263', '2019-02-15', '04:04:01', 0.05, 'pedido', NULL),
(21, 'A264', '2019-02-15', '04:04:01', 0, 'pedido', NULL),
(21, 'A265', '2019-02-15', '04:04:01', -0.75, 'pedido', NULL),
(21, 'A266', '2019-02-15', '04:04:01', -0.04, 'pedido', NULL),
(21, 'A267', '2019-02-15', '04:04:01', 0, 'pedido', NULL),
(21, 'A268', '2019-02-15', '04:04:01', 0, 'pedido', NULL),
(21, 'A269', '2019-02-15', '04:04:01', 0, 'pedido', NULL),
(21, 'A271', '2019-02-15', '04:04:01', 0, 'pedido', NULL),
(21, 'A272', '2019-02-15', '04:04:01', 0, 'pedido', NULL),
(21, 'A273', '2019-02-15', '04:04:01', -2, 'pedido', NULL),
(21, 'A274', '2019-02-15', '04:04:01', 0, 'pedido', NULL),
(21, 'A275', '2019-02-15', '04:04:01', 0, 'pedido', NULL),
(21, 'A276', '2019-02-15', '04:04:01', 0, 'pedido', NULL),
(21, 'A280', '2019-02-15', '04:04:01', 0, 'pedido', NULL),
(21, 'A283', '2019-02-15', '04:04:01', 0, 'pedido', NULL),
(21, 'A284', '2019-02-15', '04:04:01', 0, 'pedido', NULL),
(21, 'A285', '2019-02-15', '04:04:01', -1, 'pedido', NULL),
(21, 'A286', '2019-02-15', '04:04:01', -1.8, 'pedido', NULL),
(21, 'A287', '2019-02-15', '04:04:01', -1, 'pedido', NULL),
(21, 'A288', '2019-02-15', '04:04:01', 1, 'pedido', NULL),
(21, 'A403', '2019-02-15', '04:04:01', 0, 'pedido', NULL),
(21, 'A408', '2019-02-15', '04:04:01', 0, 'pedido', NULL),
(21, 'A411', '2019-02-15', '04:04:01', 0.01, 'pedido', NULL),
(21, 'A413', '2019-02-15', '04:04:01', 0, 'pedido', NULL),
(21, 'A414', '2019-02-15', '04:04:01', 0, 'pedido', NULL),
(21, 'A415', '2019-02-15', '04:04:01', 0, 'pedido', NULL),
(21, 'L043', '2019-02-15', '04:04:01', -1, 'pedido', NULL),
(21, 'L045', '2019-02-15', '04:04:01', 0, 'pedido', NULL),
(21, 'L046', '2019-02-15', '04:04:01', 0, 'pedido', NULL),
(21, 'L047', '2019-02-15', '04:04:01', -0.6, 'pedido', NULL),
(21, 'SR75', '2019-02-15', '04:04:01', 0, 'pedido', NULL),
(22, 'CG01', '2019-02-15', '04:05:28', -22, 'pedido', NULL),
(22, 'CG02', '2019-02-15', '04:05:28', -16, 'pedido', NULL),
(22, 'CIMR', '2019-02-15', '04:05:28', 99.9999, 'pedido', NULL),
(23, 'A005', '2019-02-15', '04:13:39', 0, 'pedido', NULL),
(23, 'A006', '2019-02-15', '04:13:39', -0.49, 'pedido', NULL),
(23, 'A008', '2019-02-15', '04:13:39', -2, 'pedido', NULL),
(23, 'A009', '2019-02-15', '04:13:39', 0, 'pedido', NULL),
(23, 'A015', '2019-02-15', '04:13:39', -2, 'pedido', NULL),
(23, 'A017', '2019-02-15', '04:13:39', 0, 'pedido', NULL),
(23, 'A018', '2019-02-15', '04:13:39', -1, 'pedido', NULL),
(23, 'A019', '2019-02-15', '04:13:39', 0, 'pedido', NULL),
(23, 'A021', '2019-02-15', '04:13:39', -1.5, 'pedido', NULL),
(23, 'A028', '2019-02-15', '04:13:39', 0, 'pedido', NULL),
(23, 'A029', '2019-02-15', '04:13:39', 0, 'pedido', NULL),
(23, 'A030', '2019-02-15', '04:13:39', -2, 'pedido', NULL),
(23, 'A038', '2019-02-15', '04:13:39', 0, 'pedido', NULL),
(23, 'A040', '2019-02-15', '04:13:39', 0, 'pedido', NULL),
(23, 'A041', '2019-02-15', '04:13:39', -1, 'pedido', NULL),
(23, 'A043', '2019-02-15', '04:13:39', 0, 'pedido', NULL),
(23, 'A045', '2019-02-15', '04:13:39', -1, 'pedido', NULL),
(23, 'A048', '2019-02-15', '04:13:39', 0, 'pedido', NULL),
(23, 'A050', '2019-02-15', '04:13:39', 0, 'pedido', NULL),
(23, 'A051', '2019-02-15', '04:13:39', 0, 'pedido', NULL),
(23, 'A052', '2019-02-15', '04:13:39', 0, 'pedido', NULL),
(23, 'A053', '2019-02-15', '04:13:39', 0, 'pedido', NULL),
(23, 'A054', '2019-02-15', '04:13:39', 0, 'pedido', NULL),
(23, 'A056', '2019-02-15', '04:13:39', -3, 'pedido', NULL),
(23, 'A057', '2019-02-15', '04:13:39', 0, 'pedido', NULL),
(23, 'A059', '2019-02-15', '04:13:39', -1, 'pedido', NULL),
(23, 'A061', '2019-02-15', '04:13:39', 0, 'pedido', NULL),
(23, 'A065', '2019-02-15', '04:13:39', 0, 'pedido', NULL),
(23, 'A066', '2019-02-15', '04:13:39', 0, 'pedido', NULL),
(23, 'A067', '2019-02-15', '04:13:39', 0, 'pedido', NULL),
(23, 'A068', '2019-02-15', '04:13:39', 0, 'pedido', NULL),
(23, 'A071', '2019-02-15', '04:13:39', -1.4, 'pedido', NULL),
(23, 'A072', '2019-02-15', '04:13:39', 0, 'pedido', NULL),
(23, 'A073', '2019-02-15', '04:13:39', 0, 'pedido', NULL),
(23, 'A074', '2019-02-15', '04:13:39', -0.5, 'pedido', NULL),
(23, 'A075', '2019-02-15', '04:13:39', 0, 'pedido', NULL),
(23, 'A076', '2019-02-15', '04:13:39', 0, 'pedido', NULL),
(23, 'A079', '2019-02-15', '04:13:39', -2.75, 'pedido', NULL),
(23, 'A080', '2019-02-15', '04:13:39', -1.5, 'pedido', NULL),
(23, 'A081', '2019-02-15', '04:13:39', -0.85, 'pedido', NULL),
(23, 'A083', '2019-02-15', '04:13:39', 0, 'pedido', NULL),
(23, 'A084', '2019-02-15', '04:13:39', -1, 'pedido', NULL),
(23, 'A085', '2019-02-15', '04:13:39', -1, 'pedido', NULL),
(23, 'A086', '2019-02-15', '04:13:39', 0.18, 'pedido', NULL),
(23, 'A087', '2019-02-15', '04:13:39', -1, 'pedido', NULL),
(23, 'A089', '2019-02-15', '04:13:39', 0, 'pedido', NULL),
(23, 'A092', '2019-02-15', '04:13:39', 0, 'pedido', NULL),
(23, 'A105', '2019-02-15', '04:13:39', -1, 'pedido', NULL),
(23, 'A106', '2019-02-15', '04:13:39', -4, 'pedido', NULL),
(23, 'A109', '2019-02-15', '04:13:39', 0, 'pedido', NULL),
(23, 'A110', '2019-02-15', '04:13:39', 0, 'pedido', NULL),
(23, 'A112', '2019-02-15', '04:13:39', -3, 'pedido', NULL),
(23, 'A114', '2019-02-15', '04:13:39', -3, 'pedido', NULL),
(23, 'A119', '2019-02-15', '04:13:39', 0, 'pedido', NULL),
(23, 'A121', '2019-02-15', '04:13:39', -0.81, 'pedido', NULL),
(23, 'A123', '2019-02-15', '04:13:39', 0, 'pedido', NULL),
(23, 'A124', '2019-02-15', '04:13:39', 0, 'pedido', NULL),
(23, 'A125', '2019-02-15', '04:13:39', 0, 'pedido', NULL),
(23, 'A128', '2019-02-15', '04:13:39', -1.75, 'pedido', NULL),
(23, 'A129', '2019-02-15', '04:13:39', -1, 'pedido', NULL),
(23, 'A131', '2019-02-15', '04:13:39', 0, 'pedido', NULL),
(23, 'A132', '2019-02-15', '04:13:39', 0, 'pedido', NULL),
(23, 'A133', '2019-02-15', '04:13:39', 0, 'pedido', NULL),
(23, 'A134', '2019-02-15', '04:13:39', -4, 'pedido', NULL),
(23, 'A136', '2019-02-15', '04:13:39', 0, 'pedido', NULL),
(23, 'A137', '2019-02-15', '04:13:39', 0, 'pedido', NULL),
(23, 'A138', '2019-02-15', '04:13:39', -1, 'pedido', NULL),
(23, 'A139', '2019-02-15', '04:13:39', 0, 'pedido', NULL),
(23, 'A140', '2019-02-15', '04:13:39', 0, 'pedido', NULL),
(23, 'A141', '2019-02-15', '04:13:39', 0, 'pedido', NULL),
(23, 'A143', '2019-02-15', '04:13:39', -2, 'pedido', NULL),
(23, 'A144', '2019-02-15', '04:13:39', 0, 'pedido', NULL),
(23, 'A145', '2019-02-15', '04:13:39', 0, 'pedido', NULL),
(23, 'A146', '2019-02-15', '04:13:39', -2, 'pedido', NULL),
(23, 'A147', '2019-02-15', '04:13:39', 0.14, 'pedido', NULL),
(23, 'A151', '2019-02-15', '04:13:39', 0, 'pedido', NULL),
(23, 'A152', '2019-02-15', '04:13:39', 0, 'pedido', NULL),
(23, 'A154', '2019-02-15', '04:13:39', 0, 'pedido', NULL),
(23, 'A156', '2019-02-15', '04:13:39', 0, 'pedido', NULL),
(23, 'A162', '2019-02-15', '04:13:39', -3.71, 'pedido', NULL),
(23, 'A163', '2019-02-15', '04:13:39', 0, 'pedido', NULL),
(23, 'A164', '2019-02-15', '04:13:39', -1, 'pedido', NULL),
(23, 'A173', '2019-02-15', '04:13:39', 0, 'pedido', NULL),
(23, 'A175', '2019-02-15', '04:13:39', 0, 'pedido', NULL),
(23, 'A176', '2019-02-15', '04:13:39', -6, 'pedido', NULL),
(23, 'A180', '2019-02-15', '04:13:39', 0, 'pedido', NULL),
(23, 'A181', '2019-02-15', '04:13:39', 0, 'pedido', NULL),
(23, 'A182', '2019-02-15', '04:13:39', 0, 'pedido', NULL),
(23, 'A183', '2019-02-15', '04:13:39', 0, 'pedido', NULL),
(23, 'A187', '2019-02-15', '04:13:39', 0, 'pedido', NULL),
(23, 'A193', '2019-02-15', '04:13:39', 0, 'pedido', NULL),
(23, 'A195', '2019-02-15', '04:13:39', -1.65, 'pedido', NULL),
(23, 'A197', '2019-02-15', '04:13:39', 0, 'pedido', NULL),
(23, 'A198', '2019-02-15', '04:13:39', -1, 'pedido', NULL),
(23, 'A199', '2019-02-15', '04:13:39', 0, 'pedido', NULL),
(23, 'A200', '2019-02-15', '04:13:39', 0, 'pedido', NULL),
(23, 'A201', '2019-02-15', '04:13:39', 0, 'pedido', NULL),
(23, 'A202', '2019-02-15', '04:13:39', 0, 'pedido', NULL),
(23, 'A203', '2019-02-15', '04:13:39', 0, 'pedido', NULL),
(23, 'A204', '2019-02-15', '04:13:39', 0, 'pedido', NULL),
(23, 'A205', '2019-02-15', '04:13:39', 0, 'pedido', NULL),
(23, 'A206', '2019-02-15', '04:13:39', -0.17, 'pedido', NULL),
(23, 'A207', '2019-02-15', '04:13:39', 0, 'pedido', NULL),
(23, 'A208', '2019-02-15', '04:13:39', -0.8, 'pedido', NULL),
(23, 'A209', '2019-02-15', '04:13:39', 0, 'pedido', NULL),
(23, 'A210', '2019-02-15', '04:13:39', 0, 'pedido', NULL),
(23, 'A211', '2019-02-15', '04:13:39', 0, 'pedido', NULL),
(23, 'A212', '2019-02-15', '04:13:39', 0, 'pedido', NULL),
(23, 'A213', '2019-02-15', '04:13:39', -1, 'pedido', NULL),
(23, 'A215', '2019-02-15', '04:13:39', 0, 'pedido', NULL),
(23, 'A216', '2019-02-15', '04:13:39', -0.7, 'pedido', NULL),
(23, 'A217', '2019-02-15', '04:13:39', 0, 'pedido', NULL),
(23, 'A218', '2019-02-15', '04:13:39', -0.49, 'pedido', NULL),
(23, 'A219', '2019-02-15', '04:13:39', 0, 'pedido', NULL),
(23, 'A220', '2019-02-15', '04:13:39', 0, 'pedido', NULL),
(23, 'A221', '2019-02-15', '04:13:39', 0, 'pedido', NULL),
(23, 'A222', '2019-02-15', '04:13:39', -0.22, 'pedido', NULL),
(23, 'A223', '2019-02-15', '04:13:39', -4.4, 'pedido', NULL),
(23, 'A224', '2019-02-15', '04:13:39', 0, 'pedido', NULL),
(23, 'A225', '2019-02-15', '04:13:39', -5, 'pedido', NULL),
(23, 'A226', '2019-02-15', '04:13:39', 0, 'pedido', NULL),
(23, 'A227', '2019-02-15', '04:13:39', 0, 'pedido', NULL),
(23, 'A228', '2019-02-15', '04:13:39', 0, 'pedido', NULL),
(23, 'A229', '2019-02-15', '04:13:39', 0.05, 'pedido', NULL),
(23, 'A230', '2019-02-15', '04:13:39', 0, 'pedido', NULL),
(23, 'A231', '2019-02-15', '04:13:39', -0.5, 'pedido', NULL),
(23, 'A232', '2019-02-15', '04:13:39', 0, 'pedido', NULL),
(23, 'A233', '2019-02-15', '04:13:39', -0.5, 'pedido', NULL),
(23, 'A234', '2019-02-15', '04:13:39', 0, 'pedido', NULL),
(23, 'A235', '2019-02-15', '04:13:39', -0.9, 'pedido', NULL),
(23, 'A236', '2019-02-15', '04:13:39', 0, 'pedido', NULL),
(23, 'A237', '2019-02-15', '04:13:39', 0, 'pedido', NULL),
(23, 'A238', '2019-02-15', '04:13:39', 0, 'pedido', NULL),
(23, 'A239', '2019-02-15', '04:13:39', 0, 'pedido', NULL),
(23, 'A240', '2019-02-15', '04:13:39', 0, 'pedido', NULL),
(23, 'A241', '2019-02-15', '04:13:39', 0, 'pedido', NULL),
(23, 'A242', '2019-02-15', '04:13:39', 0, 'pedido', NULL),
(23, 'A243', '2019-02-15', '04:13:39', 0, 'pedido', NULL),
(23, 'A244', '2019-02-15', '04:13:39', 0, 'pedido', NULL),
(23, 'A245', '2019-02-15', '04:13:39', 0, 'pedido', NULL),
(23, 'A246', '2019-02-15', '04:13:39', 0, 'pedido', NULL),
(23, 'A247', '2019-02-15', '04:13:39', 0, 'pedido', NULL),
(23, 'A248', '2019-02-15', '04:13:39', 0, 'pedido', NULL),
(23, 'A249', '2019-02-15', '04:13:39', 0, 'pedido', NULL),
(23, 'A250', '2019-02-15', '04:13:39', 0, 'pedido', NULL),
(23, 'A251', '2019-02-15', '04:13:39', 0, 'pedido', NULL),
(23, 'A252', '2019-02-15', '04:13:39', 0, 'pedido', NULL),
(23, 'A253', '2019-02-15', '04:13:39', 0, 'pedido', NULL),
(23, 'A254', '2019-02-15', '04:13:39', 0.12, 'pedido', NULL),
(23, 'A255', '2019-02-15', '04:13:39', 0, 'pedido', NULL),
(23, 'A256', '2019-02-15', '04:13:39', 0, 'pedido', NULL),
(23, 'A257', '2019-02-15', '04:13:39', 0, 'pedido', NULL),
(23, 'A258', '2019-02-15', '04:13:39', 0, 'pedido', NULL),
(23, 'A259', '2019-02-15', '04:13:39', 0, 'pedido', NULL),
(23, 'A260', '2019-02-15', '04:13:39', 0, 'pedido', NULL),
(23, 'A261', '2019-02-15', '04:13:39', -1, 'pedido', NULL),
(23, 'A262', '2019-02-15', '04:13:39', -2, 'pedido', NULL),
(23, 'A263', '2019-02-15', '04:13:39', 0.05, 'pedido', NULL),
(23, 'A264', '2019-02-15', '04:13:39', 0, 'pedido', NULL),
(23, 'A265', '2019-02-15', '04:13:39', -0.75, 'pedido', NULL),
(23, 'A266', '2019-02-15', '04:13:39', -0.04, 'pedido', NULL),
(23, 'A267', '2019-02-15', '04:13:39', 0, 'pedido', NULL),
(23, 'A268', '2019-02-15', '04:13:39', 0, 'pedido', NULL),
(23, 'A269', '2019-02-15', '04:13:39', 0, 'pedido', NULL),
(23, 'A271', '2019-02-15', '04:13:39', 0, 'pedido', NULL),
(23, 'A272', '2019-02-15', '04:13:39', 0, 'pedido', NULL),
(23, 'A273', '2019-02-15', '04:13:39', -2, 'pedido', NULL),
(23, 'A274', '2019-02-15', '04:13:39', 0, 'pedido', NULL),
(23, 'A275', '2019-02-15', '04:13:39', 0, 'pedido', NULL),
(23, 'A276', '2019-02-15', '04:13:39', 0, 'pedido', NULL),
(23, 'A280', '2019-02-15', '04:13:39', 0, 'pedido', NULL),
(23, 'A283', '2019-02-15', '04:13:39', 0, 'pedido', NULL),
(23, 'A284', '2019-02-15', '04:13:39', 0, 'pedido', NULL),
(23, 'A285', '2019-02-15', '04:13:39', -1, 'pedido', NULL),
(23, 'A286', '2019-02-15', '04:13:39', -1.8, 'pedido', NULL),
(23, 'A287', '2019-02-15', '04:13:39', -1, 'pedido', NULL),
(23, 'A288', '2019-02-15', '04:13:39', 1, 'pedido', NULL),
(23, 'A403', '2019-02-15', '04:13:39', 0, 'pedido', NULL),
(23, 'A408', '2019-02-15', '04:13:39', 0, 'pedido', NULL),
(23, 'A411', '2019-02-15', '04:13:39', 0.01, 'pedido', NULL),
(23, 'A413', '2019-02-15', '04:13:39', 0, 'pedido', NULL),
(23, 'A414', '2019-02-15', '04:13:39', 0, 'pedido', NULL),
(23, 'A415', '2019-02-15', '04:13:39', 0, 'pedido', NULL),
(23, 'L043', '2019-02-15', '04:13:39', -1, 'pedido', NULL),
(23, 'L045', '2019-02-15', '04:13:39', 0, 'pedido', NULL),
(23, 'L046', '2019-02-15', '04:13:39', 0, 'pedido', NULL),
(23, 'L047', '2019-02-15', '04:13:39', -0.6, 'pedido', NULL),
(23, 'SR75', '2019-02-15', '04:13:39', 0, 'pedido', NULL),
(24, 'C001', '2019-02-15', '04:14:51', 0, 'pedido', NULL),
(24, 'C002', '2019-02-15', '04:14:51', -5.58, 'pedido', NULL),
(24, 'C003', '2019-02-15', '04:14:51', 0, 'pedido', NULL),
(24, 'C004', '2019-02-15', '04:14:51', 0, 'pedido', NULL),
(24, 'C005', '2019-02-15', '04:14:51', 0, 'pedido', NULL),
(24, 'C006', '2019-02-15', '04:14:51', 0, 'pedido', NULL),
(24, 'C007', '2019-02-15', '04:14:51', 0, 'pedido', NULL),
(24, 'C008', '2019-02-15', '04:14:51', 0, 'pedido', NULL),
(24, 'C009', '2019-02-15', '04:14:51', 0, 'pedido', NULL),
(24, 'C010', '2019-02-15', '04:14:51', 0, 'pedido', NULL),
(24, 'C011', '2019-02-15', '04:14:51', 0, 'pedido', NULL),
(24, 'C012', '2019-02-15', '04:14:51', -0.1, 'pedido', NULL),
(24, 'C013', '2019-02-15', '04:14:51', -2.16, 'pedido', NULL),
(24, 'C014', '2019-02-15', '04:14:51', 0.01, 'pedido', NULL),
(24, 'C015', '2019-02-15', '04:14:51', 0, 'pedido', NULL),
(24, 'C016', '2019-02-15', '04:14:51', 0, 'pedido', NULL),
(24, 'C017', '2019-02-15', '04:14:51', -3.48, 'pedido', NULL),
(24, 'C018', '2019-02-15', '04:14:51', 0, 'pedido', NULL),
(24, 'C019', '2019-02-15', '04:14:51', 0, 'pedido', NULL),
(24, 'C020', '2019-02-15', '04:14:51', 0, 'pedido', NULL),
(24, 'C021', '2019-02-15', '04:14:51', 0, 'pedido', NULL),
(24, 'C022', '2019-02-15', '04:14:51', -1.05, 'pedido', NULL),
(24, 'C023', '2019-02-15', '04:14:51', -0.9, 'pedido', NULL),
(24, 'C024', '2019-02-15', '04:14:51', 0, 'pedido', NULL),
(24, 'C026', '2019-02-15', '04:14:51', 0, 'pedido', NULL),
(24, 'C027', '2019-02-15', '04:14:51', 0, 'pedido', NULL),
(24, 'C028', '2019-02-15', '04:14:51', 0, 'pedido', NULL),
(24, 'C029', '2019-02-15', '04:14:51', 0.24, 'pedido', NULL),
(24, 'C030', '2019-02-15', '04:14:51', -5.52, 'pedido', NULL),
(24, 'C031', '2019-02-15', '04:14:51', 0.2, 'pedido', NULL),
(24, 'C032', '2019-02-15', '04:14:51', 0, 'pedido', NULL),
(24, 'C033', '2019-02-15', '04:14:51', 0, 'pedido', NULL),
(24, 'C034', '2019-02-15', '04:14:51', 0, 'pedido', NULL),
(24, 'C035', '2019-02-15', '04:14:51', 0, 'pedido', NULL),
(24, 'C036', '2019-02-15', '04:14:51', 0, 'pedido', NULL),
(24, 'C037', '2019-02-15', '04:14:51', 0, 'pedido', NULL),
(24, 'C038', '2019-02-15', '04:14:51', 0, 'pedido', NULL),
(24, 'C039', '2019-02-15', '04:14:51', 0, 'pedido', NULL),
(24, 'C040', '2019-02-15', '04:14:51', 0, 'pedido', NULL),
(24, 'C041', '2019-02-15', '04:14:51', 0, 'pedido', NULL),
(24, 'C042', '2019-02-15', '04:14:51', 0, 'pedido', NULL),
(24, 'C043', '2019-02-15', '04:14:51', 0, 'pedido', NULL),
(24, 'C044', '2019-02-15', '04:14:51', -1.58, 'pedido', NULL),
(24, 'C046', '2019-02-15', '04:14:51', -5.32, 'pedido', NULL),
(24, 'C047', '2019-02-15', '04:14:51', -1, 'pedido', NULL),
(24, 'C048', '2019-02-15', '04:14:51', 0.3, 'pedido', NULL),
(24, 'C049', '2019-02-15', '04:14:51', 0, 'pedido', NULL),
(24, 'C050', '2019-02-15', '04:14:51', 0, 'pedido', NULL),
(24, 'C051', '2019-02-15', '04:14:51', 0, 'pedido', NULL),
(24, 'C052', '2019-02-15', '04:14:51', 0, 'pedido', NULL),
(24, 'C053', '2019-02-15', '04:14:51', -0.77, 'pedido', NULL),
(24, 'C057', '2019-02-15', '04:14:51', -3.38, 'pedido', NULL),
(24, 'C061', '2019-02-15', '04:14:51', -1.89, 'pedido', NULL),
(24, 'C063', '2019-02-15', '04:14:51', -1.35, 'pedido', NULL),
(24, 'C064', '2019-02-15', '04:14:51', 0, 'pedido', NULL),
(24, 'C065', '2019-02-15', '04:14:51', 0, 'pedido', NULL),
(24, 'C066', '2019-02-15', '04:14:51', 0, 'pedido', NULL),
(24, 'C067', '2019-02-15', '04:14:51', 0, 'pedido', NULL),
(24, 'C068', '2019-02-15', '04:14:51', 0, 'pedido', NULL),
(24, 'C069', '2019-02-15', '04:14:51', 0, 'pedido', NULL),
(24, 'C070', '2019-02-15', '04:14:51', -0.64, 'pedido', NULL),
(24, 'C071', '2019-02-15', '04:14:51', 0, 'pedido', NULL),
(24, 'C072', '2019-02-15', '04:14:51', 0, 'pedido', NULL),
(24, 'C080', '2019-02-15', '04:14:51', 0, 'pedido', NULL),
(24, 'C100', '2019-02-15', '04:14:51', 0, 'pedido', NULL),
(24, 'C101', '2019-02-15', '04:14:51', -3.96, 'pedido', NULL),
(25, 'C001', '2019-02-15', '04:16:00', 0, 'pedido', NULL),
(25, 'C002', '2019-02-15', '04:16:00', -5.58, 'pedido', NULL),
(25, 'C003', '2019-02-15', '04:16:00', 0, 'pedido', NULL),
(25, 'C004', '2019-02-15', '04:16:00', 0, 'pedido', NULL),
(25, 'C005', '2019-02-15', '04:16:00', 0, 'pedido', NULL),
(25, 'C006', '2019-02-15', '04:16:00', 0, 'pedido', NULL),
(25, 'C007', '2019-02-15', '04:16:00', 0, 'pedido', NULL),
(25, 'C008', '2019-02-15', '04:16:00', 0, 'pedido', NULL),
(25, 'C009', '2019-02-15', '04:16:00', 0, 'pedido', NULL),
(25, 'C010', '2019-02-15', '04:16:00', 0, 'pedido', NULL),
(25, 'C011', '2019-02-15', '04:16:00', 0, 'pedido', NULL),
(25, 'C012', '2019-02-15', '04:16:00', -0.1, 'pedido', NULL),
(25, 'C013', '2019-02-15', '04:16:00', -2.16, 'pedido', NULL),
(25, 'C014', '2019-02-15', '04:16:00', 0.01, 'pedido', NULL),
(25, 'C015', '2019-02-15', '04:16:00', 0, 'pedido', NULL),
(25, 'C016', '2019-02-15', '04:16:00', 0, 'pedido', NULL),
(25, 'C017', '2019-02-15', '04:16:00', -3.48, 'pedido', NULL),
(25, 'C018', '2019-02-15', '04:16:00', 0, 'pedido', NULL),
(25, 'C019', '2019-02-15', '04:16:00', 0, 'pedido', NULL),
(25, 'C020', '2019-02-15', '04:16:00', 0, 'pedido', NULL),
(25, 'C021', '2019-02-15', '04:16:00', 0, 'pedido', NULL),
(25, 'C022', '2019-02-15', '04:16:00', -1.05, 'pedido', NULL),
(25, 'C023', '2019-02-15', '04:16:00', -0.9, 'pedido', NULL),
(25, 'C024', '2019-02-15', '04:16:00', 0, 'pedido', NULL),
(25, 'C026', '2019-02-15', '04:16:00', 0, 'pedido', NULL),
(25, 'C027', '2019-02-15', '04:16:00', 0, 'pedido', NULL),
(25, 'C028', '2019-02-15', '04:16:00', 0, 'pedido', NULL),
(25, 'C029', '2019-02-15', '04:16:00', 0.24, 'pedido', NULL),
(25, 'C030', '2019-02-15', '04:16:00', -5.52, 'pedido', NULL),
(25, 'C031', '2019-02-15', '04:16:00', 0.2, 'pedido', NULL),
(25, 'C032', '2019-02-15', '04:16:00', 0, 'pedido', NULL),
(25, 'C033', '2019-02-15', '04:16:00', 0, 'pedido', NULL),
(25, 'C034', '2019-02-15', '04:16:00', 0, 'pedido', NULL),
(25, 'C035', '2019-02-15', '04:16:00', 0, 'pedido', NULL),
(25, 'C036', '2019-02-15', '04:16:00', 0, 'pedido', NULL),
(25, 'C037', '2019-02-15', '04:16:00', 0, 'pedido', NULL),
(25, 'C038', '2019-02-15', '04:16:00', 0, 'pedido', NULL),
(25, 'C039', '2019-02-15', '04:16:00', 0, 'pedido', NULL),
(25, 'C040', '2019-02-15', '04:16:00', 0, 'pedido', NULL),
(25, 'C041', '2019-02-15', '04:16:00', 0, 'pedido', NULL),
(25, 'C042', '2019-02-15', '04:16:00', 0, 'pedido', NULL),
(25, 'C043', '2019-02-15', '04:16:00', 0, 'pedido', NULL),
(25, 'C044', '2019-02-15', '04:16:00', -1.58, 'pedido', NULL),
(25, 'C046', '2019-02-15', '04:16:00', -5.32, 'pedido', NULL),
(25, 'C047', '2019-02-15', '04:16:00', -1, 'pedido', NULL),
(25, 'C048', '2019-02-15', '04:16:00', 0.3, 'pedido', NULL),
(25, 'C049', '2019-02-15', '04:16:00', 0, 'pedido', NULL),
(25, 'C050', '2019-02-15', '04:16:00', 0, 'pedido', NULL),
(25, 'C051', '2019-02-15', '04:16:00', 0, 'pedido', NULL),
(25, 'C052', '2019-02-15', '04:16:00', 0, 'pedido', NULL),
(25, 'C053', '2019-02-15', '04:16:00', -0.77, 'pedido', NULL),
(25, 'C057', '2019-02-15', '04:16:00', -3.38, 'pedido', NULL),
(25, 'C061', '2019-02-15', '04:16:00', -1.89, 'pedido', NULL),
(25, 'C063', '2019-02-15', '04:16:00', -1.35, 'pedido', NULL),
(25, 'C064', '2019-02-15', '04:16:00', 0, 'pedido', NULL),
(25, 'C065', '2019-02-15', '04:16:00', 0, 'pedido', NULL),
(25, 'C066', '2019-02-15', '04:16:00', 0, 'pedido', NULL),
(25, 'C067', '2019-02-15', '04:16:00', 0, 'pedido', NULL),
(25, 'C068', '2019-02-15', '04:16:00', 0, 'pedido', NULL),
(25, 'C069', '2019-02-15', '04:16:00', 0, 'pedido', NULL),
(25, 'C070', '2019-02-15', '04:16:00', -0.64, 'pedido', NULL),
(25, 'C071', '2019-02-15', '04:16:00', 0, 'pedido', NULL),
(25, 'C072', '2019-02-15', '04:16:00', 0, 'pedido', NULL),
(25, 'C080', '2019-02-15', '04:16:00', 0, 'pedido', NULL),
(25, 'C100', '2019-02-15', '04:16:00', 0, 'pedido', NULL),
(25, 'C101', '2019-02-15', '04:16:00', -3.96, 'pedido', NULL),
(26, 'A006', '2019-02-15', '04:22:50', 1, 'pedido', NULL),
(27, 'A006', '2019-02-15', '04:23:34', 1, 'pedido', NULL),
(28, 'A008', '2019-02-15', '04:24:07', 1, 'pedido', NULL),
(29, 'A008', '2019-02-15', '04:24:59', 1, 'pedido', NULL),
(30, 'CG01', '2019-02-15', '04:27:06', 1, 'pedido', NULL),
(31, 'CG01', '2019-02-15', '04:37:14', 1, 'pedido', NULL),
(32, 'A006', '2019-02-15', '04:37:44', 0, 'pedido', NULL),
(33, 'A005', '2019-02-15', '04:38:58', 0, 'pedido', NULL),
(33, 'A006', '2019-02-15', '04:38:58', -0.49, 'pedido', NULL),
(33, 'A008', '2019-02-15', '04:38:58', -2, 'pedido', NULL),
(33, 'A009', '2019-02-15', '04:38:58', 0, 'pedido', NULL),
(33, 'A015', '2019-02-15', '04:38:58', -2, 'pedido', NULL),
(33, 'A017', '2019-02-15', '04:38:58', 0, 'pedido', NULL),
(33, 'A018', '2019-02-15', '04:38:58', -1, 'pedido', NULL),
(33, 'A019', '2019-02-15', '04:38:58', 0, 'pedido', NULL),
(33, 'A021', '2019-02-15', '04:38:58', -1.5, 'pedido', NULL),
(33, 'A028', '2019-02-15', '04:38:58', 0, 'pedido', NULL),
(33, 'A029', '2019-02-15', '04:38:58', 0, 'pedido', NULL),
(33, 'A030', '2019-02-15', '04:38:58', -2, 'pedido', NULL),
(33, 'A038', '2019-02-15', '04:38:58', 0, 'pedido', NULL),
(33, 'A040', '2019-02-15', '04:38:58', 0, 'pedido', NULL),
(33, 'A041', '2019-02-15', '04:38:58', -1, 'pedido', NULL),
(33, 'A043', '2019-02-15', '04:38:58', 0, 'pedido', NULL),
(33, 'A045', '2019-02-15', '04:38:58', -1, 'pedido', NULL),
(33, 'A048', '2019-02-15', '04:38:58', 0, 'pedido', NULL),
(33, 'A050', '2019-02-15', '04:38:58', 0, 'pedido', NULL),
(33, 'A051', '2019-02-15', '04:38:58', 0, 'pedido', NULL),
(33, 'A052', '2019-02-15', '04:38:58', 0, 'pedido', NULL),
(33, 'A053', '2019-02-15', '04:38:58', 0, 'pedido', NULL),
(33, 'A054', '2019-02-15', '04:38:58', 0, 'pedido', NULL),
(33, 'A056', '2019-02-15', '04:38:58', -3, 'pedido', NULL),
(33, 'A057', '2019-02-15', '04:38:58', 0, 'pedido', NULL),
(33, 'A059', '2019-02-15', '04:38:58', -1, 'pedido', NULL),
(33, 'A061', '2019-02-15', '04:38:58', 0, 'pedido', NULL),
(33, 'A065', '2019-02-15', '04:38:58', 0, 'pedido', NULL),
(33, 'A066', '2019-02-15', '04:38:58', 0, 'pedido', NULL),
(33, 'A067', '2019-02-15', '04:38:58', 0, 'pedido', NULL),
(33, 'A068', '2019-02-15', '04:38:58', 0, 'pedido', NULL),
(33, 'A071', '2019-02-15', '04:38:58', -1.4, 'pedido', NULL),
(33, 'A072', '2019-02-15', '04:38:58', 0, 'pedido', NULL),
(33, 'A073', '2019-02-15', '04:38:58', 0, 'pedido', NULL),
(33, 'A074', '2019-02-15', '04:38:58', -0.5, 'pedido', NULL),
(33, 'A075', '2019-02-15', '04:38:58', 0, 'pedido', NULL),
(33, 'A076', '2019-02-15', '04:38:58', 0, 'pedido', NULL),
(33, 'A079', '2019-02-15', '04:38:58', -2.75, 'pedido', NULL),
(33, 'A080', '2019-02-15', '04:38:58', -1.5, 'pedido', NULL),
(33, 'A081', '2019-02-15', '04:38:58', -0.85, 'pedido', NULL),
(33, 'A083', '2019-02-15', '04:38:58', 0, 'pedido', NULL),
(33, 'A084', '2019-02-15', '04:38:58', -1, 'pedido', NULL),
(33, 'A085', '2019-02-15', '04:38:58', -1, 'pedido', NULL),
(33, 'A086', '2019-02-15', '04:38:58', 0.18, 'pedido', NULL),
(33, 'A087', '2019-02-15', '04:38:58', -1, 'pedido', NULL),
(33, 'A089', '2019-02-15', '04:38:58', 0, 'pedido', NULL),
(33, 'A092', '2019-02-15', '04:38:58', 0, 'pedido', NULL),
(33, 'A105', '2019-02-15', '04:38:58', -1, 'pedido', NULL),
(33, 'A106', '2019-02-15', '04:38:58', -4, 'pedido', NULL),
(33, 'A109', '2019-02-15', '04:38:58', 0, 'pedido', NULL),
(33, 'A110', '2019-02-15', '04:38:58', 0, 'pedido', NULL),
(33, 'A112', '2019-02-15', '04:38:58', -3, 'pedido', NULL),
(33, 'A114', '2019-02-15', '04:38:58', -3, 'pedido', NULL),
(33, 'A119', '2019-02-15', '04:38:58', 0, 'pedido', NULL),
(33, 'A121', '2019-02-15', '04:38:58', -0.81, 'pedido', NULL),
(33, 'A123', '2019-02-15', '04:38:58', 0, 'pedido', NULL),
(33, 'A124', '2019-02-15', '04:38:58', 0, 'pedido', NULL),
(33, 'A125', '2019-02-15', '04:38:58', 0, 'pedido', NULL),
(33, 'A128', '2019-02-15', '04:38:58', -1.75, 'pedido', NULL),
(33, 'A129', '2019-02-15', '04:38:58', -1, 'pedido', NULL),
(33, 'A131', '2019-02-15', '04:38:58', 0, 'pedido', NULL),
(33, 'A132', '2019-02-15', '04:38:58', 0, 'pedido', NULL),
(33, 'A133', '2019-02-15', '04:38:58', 0, 'pedido', NULL),
(33, 'A134', '2019-02-15', '04:38:58', -4, 'pedido', NULL),
(33, 'A136', '2019-02-15', '04:38:58', 0, 'pedido', NULL),
(33, 'A137', '2019-02-15', '04:38:58', 0, 'pedido', NULL),
(33, 'A138', '2019-02-15', '04:38:58', -1, 'pedido', NULL),
(33, 'A139', '2019-02-15', '04:38:58', 0, 'pedido', NULL),
(33, 'A140', '2019-02-15', '04:38:58', 0, 'pedido', NULL),
(33, 'A141', '2019-02-15', '04:38:58', 0, 'pedido', NULL),
(33, 'A143', '2019-02-15', '04:38:58', -2, 'pedido', NULL),
(33, 'A144', '2019-02-15', '04:38:58', 0, 'pedido', NULL),
(33, 'A145', '2019-02-15', '04:38:58', 0, 'pedido', NULL),
(33, 'A146', '2019-02-15', '04:38:58', -2, 'pedido', NULL),
(33, 'A147', '2019-02-15', '04:38:58', 0.14, 'pedido', NULL),
(33, 'A151', '2019-02-15', '04:38:58', 0, 'pedido', NULL),
(33, 'A152', '2019-02-15', '04:38:58', 0, 'pedido', NULL),
(33, 'A154', '2019-02-15', '04:38:58', 0, 'pedido', NULL),
(33, 'A156', '2019-02-15', '04:38:58', 0, 'pedido', NULL),
(33, 'A162', '2019-02-15', '04:38:58', -3.71, 'pedido', NULL),
(33, 'A163', '2019-02-15', '04:38:58', 0, 'pedido', NULL),
(33, 'A164', '2019-02-15', '04:38:58', -1, 'pedido', NULL),
(33, 'A173', '2019-02-15', '04:38:58', 0, 'pedido', NULL),
(33, 'A175', '2019-02-15', '04:38:58', 0, 'pedido', NULL),
(33, 'A176', '2019-02-15', '04:38:58', -6, 'pedido', NULL),
(33, 'A180', '2019-02-15', '04:38:58', 0, 'pedido', NULL),
(33, 'A181', '2019-02-15', '04:38:58', 0, 'pedido', NULL),
(33, 'A182', '2019-02-15', '04:38:58', 0, 'pedido', NULL),
(33, 'A183', '2019-02-15', '04:38:58', 0, 'pedido', NULL),
(33, 'A187', '2019-02-15', '04:38:58', 0, 'pedido', NULL),
(33, 'A193', '2019-02-15', '04:38:58', 0, 'pedido', NULL),
(33, 'A195', '2019-02-15', '04:38:58', -1.65, 'pedido', NULL),
(33, 'A197', '2019-02-15', '04:38:58', 0, 'pedido', NULL),
(33, 'A198', '2019-02-15', '04:38:58', -1, 'pedido', NULL),
(33, 'A199', '2019-02-15', '04:38:58', 0, 'pedido', NULL),
(33, 'A200', '2019-02-15', '04:38:58', 0, 'pedido', NULL),
(33, 'A201', '2019-02-15', '04:38:58', 0, 'pedido', NULL),
(33, 'A202', '2019-02-15', '04:38:58', 0, 'pedido', NULL),
(33, 'A203', '2019-02-15', '04:38:58', 0, 'pedido', NULL),
(33, 'A204', '2019-02-15', '04:38:58', 0, 'pedido', NULL),
(33, 'A205', '2019-02-15', '04:38:58', 0, 'pedido', NULL),
(33, 'A206', '2019-02-15', '04:38:58', -0.17, 'pedido', NULL),
(33, 'A207', '2019-02-15', '04:38:58', 0, 'pedido', NULL),
(33, 'A208', '2019-02-15', '04:38:58', -0.8, 'pedido', NULL),
(33, 'A209', '2019-02-15', '04:38:58', 0, 'pedido', NULL),
(33, 'A210', '2019-02-15', '04:38:58', 0, 'pedido', NULL),
(33, 'A211', '2019-02-15', '04:38:58', 0, 'pedido', NULL),
(33, 'A212', '2019-02-15', '04:38:58', 0, 'pedido', NULL),
(33, 'A213', '2019-02-15', '04:38:58', -1, 'pedido', NULL);
INSERT INTO `pedido_producto` (`id_pedido`, `codingre`, `fecha_pedido`, `hora_pedido`, `num_prod`, `estado_prod`, `observacion`) VALUES
(33, 'A215', '2019-02-15', '04:38:58', 0, 'pedido', NULL),
(33, 'A216', '2019-02-15', '04:38:58', -0.7, 'pedido', NULL),
(33, 'A217', '2019-02-15', '04:38:58', 0, 'pedido', NULL),
(33, 'A218', '2019-02-15', '04:38:58', -0.49, 'pedido', NULL),
(33, 'A219', '2019-02-15', '04:38:58', 0, 'pedido', NULL),
(33, 'A220', '2019-02-15', '04:38:58', 0, 'pedido', NULL),
(33, 'A221', '2019-02-15', '04:38:58', 0, 'pedido', NULL),
(33, 'A222', '2019-02-15', '04:38:58', -0.22, 'pedido', NULL),
(33, 'A223', '2019-02-15', '04:38:58', -4.4, 'pedido', NULL),
(33, 'A224', '2019-02-15', '04:38:58', 0, 'pedido', NULL),
(33, 'A225', '2019-02-15', '04:38:58', -5, 'pedido', NULL),
(33, 'A226', '2019-02-15', '04:38:58', 0, 'pedido', NULL),
(33, 'A227', '2019-02-15', '04:38:58', 0, 'pedido', NULL),
(33, 'A228', '2019-02-15', '04:38:58', 0, 'pedido', NULL),
(33, 'A229', '2019-02-15', '04:38:58', 0.05, 'pedido', NULL),
(33, 'A230', '2019-02-15', '04:38:58', 0, 'pedido', NULL),
(33, 'A231', '2019-02-15', '04:38:58', -0.5, 'pedido', NULL),
(33, 'A232', '2019-02-15', '04:38:58', 0, 'pedido', NULL),
(33, 'A233', '2019-02-15', '04:38:58', -0.5, 'pedido', NULL),
(33, 'A234', '2019-02-15', '04:38:58', 0, 'pedido', NULL),
(33, 'A235', '2019-02-15', '04:38:58', -0.9, 'pedido', NULL),
(33, 'A236', '2019-02-15', '04:38:58', 0, 'pedido', NULL),
(33, 'A237', '2019-02-15', '04:38:58', 0, 'pedido', NULL),
(33, 'A238', '2019-02-15', '04:38:58', 0, 'pedido', NULL),
(33, 'A239', '2019-02-15', '04:38:58', 0, 'pedido', NULL),
(33, 'A240', '2019-02-15', '04:38:58', 0, 'pedido', NULL),
(33, 'A241', '2019-02-15', '04:38:58', 0, 'pedido', NULL),
(33, 'A242', '2019-02-15', '04:38:58', 0, 'pedido', NULL),
(33, 'A243', '2019-02-15', '04:38:58', 0, 'pedido', NULL),
(33, 'A244', '2019-02-15', '04:38:58', 0, 'pedido', NULL),
(33, 'A245', '2019-02-15', '04:38:58', 0, 'pedido', NULL),
(33, 'A246', '2019-02-15', '04:38:58', 0, 'pedido', NULL),
(33, 'A247', '2019-02-15', '04:38:58', 0, 'pedido', NULL),
(33, 'A248', '2019-02-15', '04:38:58', 0, 'pedido', NULL),
(33, 'A249', '2019-02-15', '04:38:58', 0, 'pedido', NULL),
(33, 'A250', '2019-02-15', '04:38:58', 0, 'pedido', NULL),
(33, 'A251', '2019-02-15', '04:38:58', 0, 'pedido', NULL),
(33, 'A252', '2019-02-15', '04:38:58', 0, 'pedido', NULL),
(33, 'A253', '2019-02-15', '04:38:58', 0, 'pedido', NULL),
(33, 'A254', '2019-02-15', '04:38:58', 0.12, 'pedido', NULL),
(33, 'A255', '2019-02-15', '04:38:58', 0, 'pedido', NULL),
(33, 'A256', '2019-02-15', '04:38:58', 0, 'pedido', NULL),
(33, 'A257', '2019-02-15', '04:38:58', 0, 'pedido', NULL),
(33, 'A258', '2019-02-15', '04:38:58', 0, 'pedido', NULL),
(33, 'A259', '2019-02-15', '04:38:58', 0, 'pedido', NULL),
(33, 'A260', '2019-02-15', '04:38:58', 0, 'pedido', NULL),
(33, 'A261', '2019-02-15', '04:38:58', -1, 'pedido', NULL),
(33, 'A262', '2019-02-15', '04:38:58', -2, 'pedido', NULL),
(33, 'A263', '2019-02-15', '04:38:58', 0.05, 'pedido', NULL),
(33, 'A264', '2019-02-15', '04:38:58', 0, 'pedido', NULL),
(33, 'A265', '2019-02-15', '04:38:58', -0.75, 'pedido', NULL),
(33, 'A266', '2019-02-15', '04:38:58', -0.04, 'pedido', NULL),
(33, 'A267', '2019-02-15', '04:38:58', 0, 'pedido', NULL),
(33, 'A268', '2019-02-15', '04:38:58', 0, 'pedido', NULL),
(33, 'A269', '2019-02-15', '04:38:58', 0, 'pedido', NULL),
(33, 'A271', '2019-02-15', '04:38:58', 0, 'pedido', NULL),
(33, 'A272', '2019-02-15', '04:38:58', 0, 'pedido', NULL),
(33, 'A273', '2019-02-15', '04:38:58', -2, 'pedido', NULL),
(33, 'A274', '2019-02-15', '04:38:58', 0, 'pedido', NULL),
(33, 'A275', '2019-02-15', '04:38:58', 0, 'pedido', NULL),
(33, 'A276', '2019-02-15', '04:38:58', 0, 'pedido', NULL),
(33, 'A280', '2019-02-15', '04:38:58', 0, 'pedido', NULL),
(33, 'A283', '2019-02-15', '04:38:58', 0, 'pedido', NULL),
(33, 'A284', '2019-02-15', '04:38:58', 0, 'pedido', NULL),
(33, 'A285', '2019-02-15', '04:38:58', -1, 'pedido', NULL),
(33, 'A286', '2019-02-15', '04:38:58', -1.8, 'pedido', NULL),
(33, 'A287', '2019-02-15', '04:38:58', -1, 'pedido', NULL),
(33, 'A288', '2019-02-15', '04:38:58', 1, 'pedido', NULL),
(33, 'A403', '2019-02-15', '04:38:58', 0, 'pedido', NULL),
(33, 'A408', '2019-02-15', '04:38:58', 0, 'pedido', NULL),
(33, 'A411', '2019-02-15', '04:38:58', 0.01, 'pedido', NULL),
(33, 'A413', '2019-02-15', '04:38:58', 0, 'pedido', NULL),
(33, 'A414', '2019-02-15', '04:38:58', 0, 'pedido', NULL),
(33, 'A415', '2019-02-15', '04:38:58', 0, 'pedido', NULL),
(33, 'L043', '2019-02-15', '04:38:58', -1, 'pedido', NULL),
(33, 'L045', '2019-02-15', '04:38:58', 0, 'pedido', NULL),
(33, 'L046', '2019-02-15', '04:38:58', 0, 'pedido', NULL),
(33, 'L047', '2019-02-15', '04:38:58', -0.6, 'pedido', NULL),
(33, 'SR75', '2019-02-15', '04:38:58', 0, 'pedido', NULL),
(34, 'A005', '2019-02-15', '04:39:03', 0, 'pedido', NULL),
(34, 'A006', '2019-02-15', '04:39:03', -0.49, 'pedido', NULL),
(34, 'A008', '2019-02-15', '04:39:03', -2, 'pedido', NULL),
(34, 'A009', '2019-02-15', '04:39:03', 0, 'pedido', NULL),
(34, 'A015', '2019-02-15', '04:39:03', -2, 'pedido', NULL),
(34, 'A017', '2019-02-15', '04:39:03', 0, 'pedido', NULL),
(34, 'A018', '2019-02-15', '04:39:03', -1, 'pedido', NULL),
(34, 'A019', '2019-02-15', '04:39:03', 0, 'pedido', NULL),
(34, 'A021', '2019-02-15', '04:39:03', -1.5, 'pedido', NULL),
(34, 'A028', '2019-02-15', '04:39:03', 0, 'pedido', NULL),
(34, 'A029', '2019-02-15', '04:39:03', 0, 'pedido', NULL),
(34, 'A030', '2019-02-15', '04:39:03', -2, 'pedido', NULL),
(34, 'A038', '2019-02-15', '04:39:03', 0, 'pedido', NULL),
(34, 'A040', '2019-02-15', '04:39:03', 0, 'pedido', NULL),
(34, 'A041', '2019-02-15', '04:39:03', -1, 'pedido', NULL),
(34, 'A043', '2019-02-15', '04:39:03', 0, 'pedido', NULL),
(34, 'A045', '2019-02-15', '04:39:03', -1, 'pedido', NULL),
(34, 'A048', '2019-02-15', '04:39:03', 0, 'pedido', NULL),
(34, 'A050', '2019-02-15', '04:39:03', 0, 'pedido', NULL),
(34, 'A051', '2019-02-15', '04:39:03', 0, 'pedido', NULL),
(34, 'A052', '2019-02-15', '04:39:03', 0, 'pedido', NULL),
(34, 'A053', '2019-02-15', '04:39:03', 0, 'pedido', NULL),
(34, 'A054', '2019-02-15', '04:39:03', 0, 'pedido', NULL),
(34, 'A056', '2019-02-15', '04:39:03', -3, 'pedido', NULL),
(34, 'A057', '2019-02-15', '04:39:03', 0, 'pedido', NULL),
(34, 'A059', '2019-02-15', '04:39:03', -1, 'pedido', NULL),
(34, 'A061', '2019-02-15', '04:39:03', 0, 'pedido', NULL),
(34, 'A065', '2019-02-15', '04:39:03', 0, 'pedido', NULL),
(34, 'A066', '2019-02-15', '04:39:03', 0, 'pedido', NULL),
(34, 'A067', '2019-02-15', '04:39:03', 0, 'pedido', NULL),
(34, 'A068', '2019-02-15', '04:39:03', 0, 'pedido', NULL),
(34, 'A071', '2019-02-15', '04:39:03', -1.4, 'pedido', NULL),
(34, 'A072', '2019-02-15', '04:39:03', 0, 'pedido', NULL),
(34, 'A073', '2019-02-15', '04:39:03', 0, 'pedido', NULL),
(34, 'A074', '2019-02-15', '04:39:03', -0.5, 'pedido', NULL),
(34, 'A075', '2019-02-15', '04:39:03', 0, 'pedido', NULL),
(34, 'A076', '2019-02-15', '04:39:03', 0, 'pedido', NULL),
(34, 'A079', '2019-02-15', '04:39:03', -2.75, 'pedido', NULL),
(34, 'A080', '2019-02-15', '04:39:03', -1.5, 'pedido', NULL),
(34, 'A081', '2019-02-15', '04:39:03', -0.85, 'pedido', NULL),
(34, 'A083', '2019-02-15', '04:39:03', 0, 'pedido', NULL),
(34, 'A084', '2019-02-15', '04:39:03', -1, 'pedido', NULL),
(34, 'A085', '2019-02-15', '04:39:03', -1, 'pedido', NULL),
(34, 'A086', '2019-02-15', '04:39:03', 0.18, 'pedido', NULL),
(34, 'A087', '2019-02-15', '04:39:03', -1, 'pedido', NULL),
(34, 'A089', '2019-02-15', '04:39:03', 0, 'pedido', NULL),
(34, 'A092', '2019-02-15', '04:39:03', 0, 'pedido', NULL),
(34, 'A105', '2019-02-15', '04:39:03', -1, 'pedido', NULL),
(34, 'A106', '2019-02-15', '04:39:03', -4, 'pedido', NULL),
(34, 'A109', '2019-02-15', '04:39:03', 0, 'pedido', NULL),
(34, 'A110', '2019-02-15', '04:39:03', 0, 'pedido', NULL),
(34, 'A112', '2019-02-15', '04:39:03', -3, 'pedido', NULL),
(34, 'A114', '2019-02-15', '04:39:03', -3, 'pedido', NULL),
(34, 'A119', '2019-02-15', '04:39:03', 0, 'pedido', NULL),
(34, 'A121', '2019-02-15', '04:39:03', -0.81, 'pedido', NULL),
(34, 'A123', '2019-02-15', '04:39:03', 0, 'pedido', NULL),
(34, 'A124', '2019-02-15', '04:39:03', 0, 'pedido', NULL),
(34, 'A125', '2019-02-15', '04:39:03', 0, 'pedido', NULL),
(34, 'A128', '2019-02-15', '04:39:03', -1.75, 'pedido', NULL),
(34, 'A129', '2019-02-15', '04:39:03', -1, 'pedido', NULL),
(34, 'A131', '2019-02-15', '04:39:03', 0, 'pedido', NULL),
(34, 'A132', '2019-02-15', '04:39:03', 0, 'pedido', NULL),
(34, 'A133', '2019-02-15', '04:39:03', 0, 'pedido', NULL),
(34, 'A134', '2019-02-15', '04:39:03', -4, 'pedido', NULL),
(34, 'A136', '2019-02-15', '04:39:03', 0, 'pedido', NULL),
(34, 'A137', '2019-02-15', '04:39:03', 0, 'pedido', NULL),
(34, 'A138', '2019-02-15', '04:39:03', -1, 'pedido', NULL),
(34, 'A139', '2019-02-15', '04:39:03', 0, 'pedido', NULL),
(34, 'A140', '2019-02-15', '04:39:03', 0, 'pedido', NULL),
(34, 'A141', '2019-02-15', '04:39:03', 0, 'pedido', NULL),
(34, 'A143', '2019-02-15', '04:39:03', -2, 'pedido', NULL),
(34, 'A144', '2019-02-15', '04:39:03', 0, 'pedido', NULL),
(34, 'A145', '2019-02-15', '04:39:03', 0, 'pedido', NULL),
(34, 'A146', '2019-02-15', '04:39:03', -2, 'pedido', NULL),
(34, 'A147', '2019-02-15', '04:39:03', 0.14, 'pedido', NULL),
(34, 'A151', '2019-02-15', '04:39:03', 0, 'pedido', NULL),
(34, 'A152', '2019-02-15', '04:39:03', 0, 'pedido', NULL),
(34, 'A154', '2019-02-15', '04:39:03', 0, 'pedido', NULL),
(34, 'A156', '2019-02-15', '04:39:03', 0, 'pedido', NULL),
(34, 'A162', '2019-02-15', '04:39:03', -3.71, 'pedido', NULL),
(34, 'A163', '2019-02-15', '04:39:03', 0, 'pedido', NULL),
(34, 'A164', '2019-02-15', '04:39:03', -1, 'pedido', NULL),
(34, 'A173', '2019-02-15', '04:39:03', 0, 'pedido', NULL),
(34, 'A175', '2019-02-15', '04:39:03', 0, 'pedido', NULL),
(34, 'A176', '2019-02-15', '04:39:03', -6, 'pedido', NULL),
(34, 'A180', '2019-02-15', '04:39:03', 0, 'pedido', NULL),
(34, 'A181', '2019-02-15', '04:39:03', 0, 'pedido', NULL),
(34, 'A182', '2019-02-15', '04:39:03', 0, 'pedido', NULL),
(34, 'A183', '2019-02-15', '04:39:03', 0, 'pedido', NULL),
(34, 'A187', '2019-02-15', '04:39:03', 0, 'pedido', NULL),
(34, 'A193', '2019-02-15', '04:39:03', 0, 'pedido', NULL),
(34, 'A195', '2019-02-15', '04:39:03', -1.65, 'pedido', NULL),
(34, 'A197', '2019-02-15', '04:39:03', 0, 'pedido', NULL),
(34, 'A198', '2019-02-15', '04:39:03', -1, 'pedido', NULL),
(34, 'A199', '2019-02-15', '04:39:03', 0, 'pedido', NULL),
(34, 'A200', '2019-02-15', '04:39:03', 0, 'pedido', NULL),
(34, 'A201', '2019-02-15', '04:39:03', 0, 'pedido', NULL),
(34, 'A202', '2019-02-15', '04:39:03', 0, 'pedido', NULL),
(34, 'A203', '2019-02-15', '04:39:03', 0, 'pedido', NULL),
(34, 'A204', '2019-02-15', '04:39:03', 0, 'pedido', NULL),
(34, 'A205', '2019-02-15', '04:39:03', 0, 'pedido', NULL),
(34, 'A206', '2019-02-15', '04:39:03', -0.17, 'pedido', NULL),
(34, 'A207', '2019-02-15', '04:39:03', 0, 'pedido', NULL),
(34, 'A208', '2019-02-15', '04:39:03', -0.8, 'pedido', NULL),
(34, 'A209', '2019-02-15', '04:39:03', 0, 'pedido', NULL),
(34, 'A210', '2019-02-15', '04:39:03', 0, 'pedido', NULL),
(34, 'A211', '2019-02-15', '04:39:03', 0, 'pedido', NULL),
(34, 'A212', '2019-02-15', '04:39:03', 0, 'pedido', NULL),
(34, 'A213', '2019-02-15', '04:39:03', -1, 'pedido', NULL),
(34, 'A215', '2019-02-15', '04:39:03', 0, 'pedido', NULL),
(34, 'A216', '2019-02-15', '04:39:03', -0.7, 'pedido', NULL),
(34, 'A217', '2019-02-15', '04:39:03', 0, 'pedido', NULL),
(34, 'A218', '2019-02-15', '04:39:03', -0.49, 'pedido', NULL),
(34, 'A219', '2019-02-15', '04:39:03', 0, 'pedido', NULL),
(34, 'A220', '2019-02-15', '04:39:03', 0, 'pedido', NULL),
(34, 'A221', '2019-02-15', '04:39:03', 0, 'pedido', NULL),
(34, 'A222', '2019-02-15', '04:39:03', -0.22, 'pedido', NULL),
(34, 'A223', '2019-02-15', '04:39:03', -4.4, 'pedido', NULL),
(34, 'A224', '2019-02-15', '04:39:03', 0, 'pedido', NULL),
(34, 'A225', '2019-02-15', '04:39:03', -5, 'pedido', NULL),
(34, 'A226', '2019-02-15', '04:39:03', 0, 'pedido', NULL),
(34, 'A227', '2019-02-15', '04:39:03', 0, 'pedido', NULL),
(34, 'A228', '2019-02-15', '04:39:03', 0, 'pedido', NULL),
(34, 'A229', '2019-02-15', '04:39:03', 0.05, 'pedido', NULL),
(34, 'A230', '2019-02-15', '04:39:03', 0, 'pedido', NULL),
(34, 'A231', '2019-02-15', '04:39:03', -0.5, 'pedido', NULL),
(34, 'A232', '2019-02-15', '04:39:03', 0, 'pedido', NULL),
(34, 'A233', '2019-02-15', '04:39:03', -0.5, 'pedido', NULL),
(34, 'A234', '2019-02-15', '04:39:03', 0, 'pedido', NULL),
(34, 'A235', '2019-02-15', '04:39:03', -0.9, 'pedido', NULL),
(34, 'A236', '2019-02-15', '04:39:03', 0, 'pedido', NULL),
(34, 'A237', '2019-02-15', '04:39:03', 0, 'pedido', NULL),
(34, 'A238', '2019-02-15', '04:39:03', 0, 'pedido', NULL),
(34, 'A239', '2019-02-15', '04:39:03', 0, 'pedido', NULL),
(34, 'A240', '2019-02-15', '04:39:03', 0, 'pedido', NULL),
(34, 'A241', '2019-02-15', '04:39:03', 0, 'pedido', NULL),
(34, 'A242', '2019-02-15', '04:39:03', 0, 'pedido', NULL),
(34, 'A243', '2019-02-15', '04:39:03', 0, 'pedido', NULL),
(34, 'A244', '2019-02-15', '04:39:03', 0, 'pedido', NULL),
(34, 'A245', '2019-02-15', '04:39:03', 0, 'pedido', NULL),
(34, 'A246', '2019-02-15', '04:39:03', 0, 'pedido', NULL),
(34, 'A247', '2019-02-15', '04:39:03', 0, 'pedido', NULL),
(34, 'A248', '2019-02-15', '04:39:03', 0, 'pedido', NULL),
(34, 'A249', '2019-02-15', '04:39:03', 0, 'pedido', NULL),
(34, 'A250', '2019-02-15', '04:39:03', 0, 'pedido', NULL),
(34, 'A251', '2019-02-15', '04:39:03', 0, 'pedido', NULL),
(34, 'A252', '2019-02-15', '04:39:03', 0, 'pedido', NULL),
(34, 'A253', '2019-02-15', '04:39:03', 0, 'pedido', NULL),
(34, 'A254', '2019-02-15', '04:39:03', 0.12, 'pedido', NULL),
(34, 'A255', '2019-02-15', '04:39:03', 0, 'pedido', NULL),
(34, 'A256', '2019-02-15', '04:39:03', 0, 'pedido', NULL),
(34, 'A257', '2019-02-15', '04:39:03', 0, 'pedido', NULL),
(34, 'A258', '2019-02-15', '04:39:03', 0, 'pedido', NULL),
(34, 'A259', '2019-02-15', '04:39:03', 0, 'pedido', NULL),
(34, 'A260', '2019-02-15', '04:39:03', 0, 'pedido', NULL),
(34, 'A261', '2019-02-15', '04:39:03', -1, 'pedido', NULL),
(34, 'A262', '2019-02-15', '04:39:03', -2, 'pedido', NULL),
(34, 'A263', '2019-02-15', '04:39:03', 0.05, 'pedido', NULL),
(34, 'A264', '2019-02-15', '04:39:03', 0, 'pedido', NULL),
(34, 'A265', '2019-02-15', '04:39:03', -0.75, 'pedido', NULL),
(34, 'A266', '2019-02-15', '04:39:03', -0.04, 'pedido', NULL),
(34, 'A267', '2019-02-15', '04:39:03', 0, 'pedido', NULL),
(34, 'A268', '2019-02-15', '04:39:03', 0, 'pedido', NULL),
(34, 'A269', '2019-02-15', '04:39:03', 0, 'pedido', NULL),
(34, 'A271', '2019-02-15', '04:39:03', 0, 'pedido', NULL),
(34, 'A272', '2019-02-15', '04:39:03', 0, 'pedido', NULL),
(34, 'A273', '2019-02-15', '04:39:03', -2, 'pedido', NULL),
(34, 'A274', '2019-02-15', '04:39:03', 0, 'pedido', NULL),
(34, 'A275', '2019-02-15', '04:39:03', 0, 'pedido', NULL),
(34, 'A276', '2019-02-15', '04:39:03', 0, 'pedido', NULL),
(34, 'A280', '2019-02-15', '04:39:03', 0, 'pedido', NULL),
(34, 'A283', '2019-02-15', '04:39:03', 0, 'pedido', NULL),
(34, 'A284', '2019-02-15', '04:39:03', 0, 'pedido', NULL),
(34, 'A285', '2019-02-15', '04:39:03', -1, 'pedido', NULL),
(34, 'A286', '2019-02-15', '04:39:03', -1.8, 'pedido', NULL),
(34, 'A287', '2019-02-15', '04:39:03', -1, 'pedido', NULL),
(34, 'A288', '2019-02-15', '04:39:03', 1, 'pedido', NULL),
(34, 'A403', '2019-02-15', '04:39:03', 0, 'pedido', NULL),
(34, 'A408', '2019-02-15', '04:39:03', 0, 'pedido', NULL),
(34, 'A411', '2019-02-15', '04:39:03', 0.01, 'pedido', NULL),
(34, 'A413', '2019-02-15', '04:39:03', 0, 'pedido', NULL),
(34, 'A414', '2019-02-15', '04:39:03', 0, 'pedido', NULL),
(34, 'A415', '2019-02-15', '04:39:03', 0, 'pedido', NULL),
(34, 'L043', '2019-02-15', '04:39:03', -1, 'pedido', NULL),
(34, 'L045', '2019-02-15', '04:39:03', 0, 'pedido', NULL),
(34, 'L046', '2019-02-15', '04:39:03', 0, 'pedido', NULL),
(34, 'L047', '2019-02-15', '04:39:03', -0.6, 'pedido', NULL),
(34, 'SR75', '2019-02-15', '04:39:03', 0, 'pedido', NULL),
(35, 'CG01', '2019-02-15', '04:52:11', -22, 'pedido', NULL),
(35, 'CG02', '2019-02-15', '04:52:11', -16, 'pedido', NULL),
(35, 'CIMR', '2019-02-15', '04:52:11', 99.9999, 'pedido', NULL),
(36, 'CG01', '2019-02-15', '04:52:47', -22, 'pedido', NULL),
(36, 'CG02', '2019-02-15', '04:52:47', -16, 'pedido', NULL),
(36, 'CIMR', '2019-02-15', '04:52:47', 99.9999, 'pedido', NULL),
(37, 'CG01', '2019-02-15', '04:53:33', 1, 'pedido', NULL),
(38, 'CG01', '2019-02-15', '04:54:38', 1, 'pedido', NULL),
(38, 'CG02', '2019-02-15', '04:54:38', 1, 'pedido', NULL),
(39, 'CG01', '2019-02-15', '04:55:10', 1, 'pedido', NULL),
(39, 'CG02', '2019-02-15', '04:55:10', 1, 'pedido', NULL),
(39, 'CIMR', '2019-02-15', '04:55:10', 1, 'pedido', NULL),
(40, 'CG01', '2019-02-15', '05:33:22', -22, 'pedido', NULL),
(40, 'CG02', '2019-02-15', '05:33:22', -16, 'pedido', NULL),
(40, 'CIMR', '2019-02-15', '05:33:22', 99.9999, 'pedido', NULL),
(41, 'CG01', '2019-02-15', '05:40:48', -22, 'pedido', NULL),
(41, 'CG02', '2019-02-15', '05:40:48', -16, 'pedido', NULL),
(41, 'CIMR', '2019-02-15', '05:40:48', 99.9999, 'pedido', NULL),
(42, 'CG01', '2019-02-15', '05:55:00', -22, 'pedido', NULL),
(42, 'CG02', '2019-02-15', '05:55:00', -16, 'pedido', NULL),
(42, 'CIMR', '2019-02-15', '05:55:00', 99.9999, 'pedido', NULL),
(43, 'A005', '2019-02-15', '06:04:10', 0, 'pedido', NULL),
(43, 'A006', '2019-02-15', '06:04:10', -0.49, 'pedido', NULL),
(43, 'A008', '2019-02-15', '06:04:10', 13, 'pedido', NULL),
(43, 'A009', '2019-02-15', '06:04:10', 0, 'pedido', NULL),
(43, 'A015', '2019-02-15', '06:04:10', -2, 'pedido', NULL),
(43, 'A017', '2019-02-15', '06:04:10', 0, 'pedido', NULL),
(43, 'A018', '2019-02-15', '06:04:10', -1, 'pedido', NULL),
(43, 'A019', '2019-02-15', '06:04:10', 0, 'pedido', NULL),
(43, 'A021', '2019-02-15', '06:04:10', -1.5, 'pedido', NULL),
(43, 'A028', '2019-02-15', '06:04:10', 0, 'pedido', NULL),
(43, 'A029', '2019-02-15', '06:04:10', 0, 'pedido', NULL),
(43, 'A030', '2019-02-15', '06:04:10', -2, 'pedido', NULL),
(43, 'A038', '2019-02-15', '06:04:10', 0, 'pedido', NULL),
(43, 'A040', '2019-02-15', '06:04:10', 0, 'pedido', NULL),
(43, 'A041', '2019-02-15', '06:04:10', -1, 'pedido', NULL),
(43, 'A043', '2019-02-15', '06:04:10', 0, 'pedido', NULL),
(43, 'A045', '2019-02-15', '06:04:10', -1, 'pedido', NULL),
(43, 'A048', '2019-02-15', '06:04:10', 0, 'pedido', NULL),
(43, 'A050', '2019-02-15', '06:04:10', 0, 'pedido', NULL),
(43, 'A051', '2019-02-15', '06:04:10', 0, 'pedido', NULL),
(43, 'A052', '2019-02-15', '06:04:10', 0, 'pedido', NULL),
(43, 'A053', '2019-02-15', '06:04:10', 0, 'pedido', NULL),
(43, 'A054', '2019-02-15', '06:04:10', 0, 'pedido', NULL),
(43, 'A056', '2019-02-15', '06:04:10', -3, 'pedido', NULL),
(43, 'A057', '2019-02-15', '06:04:10', 0, 'pedido', NULL),
(43, 'A059', '2019-02-15', '06:04:10', -1, 'pedido', NULL),
(43, 'A061', '2019-02-15', '06:04:10', 0, 'pedido', NULL),
(43, 'A065', '2019-02-15', '06:04:10', 0, 'pedido', NULL),
(43, 'A066', '2019-02-15', '06:04:10', 0, 'pedido', NULL),
(43, 'A067', '2019-02-15', '06:04:10', 0, 'pedido', NULL),
(43, 'A068', '2019-02-15', '06:04:10', 0, 'pedido', NULL),
(43, 'A071', '2019-02-15', '06:04:10', -1.4, 'pedido', NULL),
(43, 'A072', '2019-02-15', '06:04:10', 0, 'pedido', NULL),
(43, 'A073', '2019-02-15', '06:04:10', 0, 'pedido', NULL),
(43, 'A074', '2019-02-15', '06:04:10', -0.5, 'pedido', NULL),
(43, 'A075', '2019-02-15', '06:04:10', 0, 'pedido', NULL),
(43, 'A076', '2019-02-15', '06:04:10', 0, 'pedido', NULL),
(43, 'A079', '2019-02-15', '06:04:10', -2.75, 'pedido', NULL),
(43, 'A080', '2019-02-15', '06:04:10', -1.5, 'pedido', NULL),
(43, 'A081', '2019-02-15', '06:04:10', -0.85, 'pedido', NULL),
(43, 'A083', '2019-02-15', '06:04:10', 0, 'pedido', NULL),
(43, 'A084', '2019-02-15', '06:04:10', -1, 'pedido', NULL),
(43, 'A085', '2019-02-15', '06:04:10', -1, 'pedido', NULL),
(43, 'A086', '2019-02-15', '06:04:10', 0.18, 'pedido', NULL),
(43, 'A087', '2019-02-15', '06:04:10', -1, 'pedido', NULL),
(43, 'A089', '2019-02-15', '06:04:10', 0, 'pedido', NULL),
(43, 'A092', '2019-02-15', '06:04:10', 0, 'pedido', NULL),
(43, 'A105', '2019-02-15', '06:04:10', -1, 'pedido', NULL),
(43, 'A106', '2019-02-15', '06:04:10', -4, 'pedido', NULL),
(43, 'A109', '2019-02-15', '06:04:10', 0, 'pedido', NULL),
(43, 'A110', '2019-02-15', '06:04:10', 0, 'pedido', NULL),
(43, 'A112', '2019-02-15', '06:04:10', -3, 'pedido', NULL),
(43, 'A114', '2019-02-15', '06:04:10', -3, 'pedido', NULL),
(43, 'A119', '2019-02-15', '06:04:10', 0, 'pedido', NULL),
(43, 'A121', '2019-02-15', '06:04:10', -0.81, 'pedido', NULL),
(43, 'A123', '2019-02-15', '06:04:10', 0, 'pedido', NULL),
(43, 'A124', '2019-02-15', '06:04:10', 0, 'pedido', NULL),
(43, 'A125', '2019-02-15', '06:04:10', 0, 'pedido', NULL),
(43, 'A128', '2019-02-15', '06:04:10', -1.75, 'pedido', NULL),
(43, 'A129', '2019-02-15', '06:04:10', -1, 'pedido', NULL),
(43, 'A131', '2019-02-15', '06:04:10', 0, 'pedido', NULL),
(43, 'A132', '2019-02-15', '06:04:10', 0, 'pedido', NULL),
(43, 'A133', '2019-02-15', '06:04:10', 0, 'pedido', NULL),
(43, 'A134', '2019-02-15', '06:04:10', -4, 'pedido', NULL),
(43, 'A136', '2019-02-15', '06:04:10', 0, 'pedido', NULL),
(43, 'A137', '2019-02-15', '06:04:10', 0, 'pedido', NULL),
(43, 'A138', '2019-02-15', '06:04:10', -1, 'pedido', NULL),
(43, 'A139', '2019-02-15', '06:04:10', 0, 'pedido', NULL),
(43, 'A140', '2019-02-15', '06:04:10', 0, 'pedido', NULL),
(43, 'A141', '2019-02-15', '06:04:10', 0, 'pedido', NULL),
(43, 'A143', '2019-02-15', '06:04:10', -2, 'pedido', NULL),
(43, 'A144', '2019-02-15', '06:04:10', 0, 'pedido', NULL),
(43, 'A145', '2019-02-15', '06:04:10', 0, 'pedido', NULL),
(43, 'A146', '2019-02-15', '06:04:10', -2, 'pedido', NULL),
(43, 'A147', '2019-02-15', '06:04:10', 0.14, 'pedido', NULL),
(43, 'A151', '2019-02-15', '06:04:10', 0, 'pedido', NULL),
(43, 'A152', '2019-02-15', '06:04:10', 0, 'pedido', NULL),
(43, 'A154', '2019-02-15', '06:04:10', 0, 'pedido', NULL),
(43, 'A156', '2019-02-15', '06:04:10', 0, 'pedido', NULL),
(43, 'A162', '2019-02-15', '06:04:10', -3.71, 'pedido', NULL),
(43, 'A163', '2019-02-15', '06:04:10', 0, 'pedido', NULL),
(43, 'A164', '2019-02-15', '06:04:10', -1, 'pedido', NULL),
(43, 'A173', '2019-02-15', '06:04:10', 0, 'pedido', NULL),
(43, 'A175', '2019-02-15', '06:04:10', 0, 'pedido', NULL),
(43, 'A176', '2019-02-15', '06:04:10', -6, 'pedido', NULL),
(43, 'A180', '2019-02-15', '06:04:10', 0, 'pedido', NULL),
(43, 'A181', '2019-02-15', '06:04:10', 0, 'pedido', NULL),
(43, 'A182', '2019-02-15', '06:04:10', 0, 'pedido', NULL),
(43, 'A183', '2019-02-15', '06:04:10', 0, 'pedido', NULL),
(43, 'A187', '2019-02-15', '06:04:10', 0, 'pedido', NULL),
(43, 'A193', '2019-02-15', '06:04:10', 0, 'pedido', NULL),
(43, 'A195', '2019-02-15', '06:04:10', -1.65, 'pedido', NULL),
(43, 'A197', '2019-02-15', '06:04:10', 0, 'pedido', NULL),
(43, 'A198', '2019-02-15', '06:04:10', -1, 'pedido', NULL),
(43, 'A199', '2019-02-15', '06:04:10', 0, 'pedido', NULL),
(43, 'A200', '2019-02-15', '06:04:10', 0, 'pedido', NULL),
(43, 'A201', '2019-02-15', '06:04:10', 0, 'pedido', NULL),
(43, 'A202', '2019-02-15', '06:04:10', 0, 'pedido', NULL),
(43, 'A203', '2019-02-15', '06:04:10', 0, 'pedido', NULL),
(43, 'A204', '2019-02-15', '06:04:10', 0, 'pedido', NULL),
(43, 'A205', '2019-02-15', '06:04:10', 0, 'pedido', NULL),
(43, 'A206', '2019-02-15', '06:04:10', -0.17, 'pedido', NULL),
(43, 'A207', '2019-02-15', '06:04:10', 0, 'pedido', NULL),
(43, 'A208', '2019-02-15', '06:04:10', -0.8, 'pedido', NULL),
(43, 'A209', '2019-02-15', '06:04:10', 0, 'pedido', NULL),
(43, 'A210', '2019-02-15', '06:04:10', 0, 'pedido', NULL),
(43, 'A211', '2019-02-15', '06:04:10', 0, 'pedido', NULL),
(43, 'A212', '2019-02-15', '06:04:10', 0, 'pedido', NULL),
(43, 'A213', '2019-02-15', '06:04:10', -1, 'pedido', NULL),
(43, 'A215', '2019-02-15', '06:04:10', 0, 'pedido', NULL),
(43, 'A216', '2019-02-15', '06:04:10', -0.7, 'pedido', NULL),
(43, 'A217', '2019-02-15', '06:04:10', 0, 'pedido', NULL),
(43, 'A218', '2019-02-15', '06:04:10', -0.49, 'pedido', NULL),
(43, 'A219', '2019-02-15', '06:04:10', 0, 'pedido', NULL),
(43, 'A220', '2019-02-15', '06:04:10', 0, 'pedido', NULL),
(43, 'A221', '2019-02-15', '06:04:10', 0, 'pedido', NULL),
(43, 'A222', '2019-02-15', '06:04:10', -0.22, 'pedido', NULL),
(43, 'A223', '2019-02-15', '06:04:10', -4.4, 'pedido', NULL),
(43, 'A224', '2019-02-15', '06:04:10', 0, 'pedido', NULL),
(43, 'A225', '2019-02-15', '06:04:10', -5, 'pedido', NULL),
(43, 'A226', '2019-02-15', '06:04:10', 0, 'pedido', NULL),
(43, 'A227', '2019-02-15', '06:04:10', 0, 'pedido', NULL),
(43, 'A228', '2019-02-15', '06:04:10', 0, 'pedido', NULL),
(43, 'A229', '2019-02-15', '06:04:10', 0.05, 'pedido', NULL),
(43, 'A230', '2019-02-15', '06:04:10', 0, 'pedido', NULL),
(43, 'A231', '2019-02-15', '06:04:10', -0.5, 'pedido', NULL),
(43, 'A232', '2019-02-15', '06:04:10', 0, 'pedido', NULL),
(43, 'A233', '2019-02-15', '06:04:10', -0.5, 'pedido', NULL),
(43, 'A234', '2019-02-15', '06:04:10', 0, 'pedido', NULL),
(43, 'A235', '2019-02-15', '06:04:10', -0.9, 'pedido', NULL),
(43, 'A236', '2019-02-15', '06:04:10', 0, 'pedido', NULL),
(43, 'A237', '2019-02-15', '06:04:10', 0, 'pedido', NULL),
(43, 'A238', '2019-02-15', '06:04:10', 0, 'pedido', NULL),
(43, 'A239', '2019-02-15', '06:04:10', 0, 'pedido', NULL),
(43, 'A240', '2019-02-15', '06:04:10', 0, 'pedido', NULL),
(43, 'A241', '2019-02-15', '06:04:10', 0, 'pedido', NULL),
(43, 'A242', '2019-02-15', '06:04:10', 0, 'pedido', NULL),
(43, 'A243', '2019-02-15', '06:04:10', 0, 'pedido', NULL),
(43, 'A244', '2019-02-15', '06:04:10', 0, 'pedido', NULL),
(43, 'A245', '2019-02-15', '06:04:10', 0, 'pedido', NULL),
(43, 'A246', '2019-02-15', '06:04:10', 0, 'pedido', NULL),
(43, 'A247', '2019-02-15', '06:04:10', 0, 'pedido', NULL),
(43, 'A248', '2019-02-15', '06:04:10', 0, 'pedido', NULL),
(43, 'A249', '2019-02-15', '06:04:10', 0, 'pedido', NULL),
(43, 'A250', '2019-02-15', '06:04:10', 0, 'pedido', NULL),
(43, 'A251', '2019-02-15', '06:04:10', 0, 'pedido', NULL),
(43, 'A252', '2019-02-15', '06:04:10', 0, 'pedido', NULL),
(43, 'A253', '2019-02-15', '06:04:10', 0, 'pedido', NULL),
(43, 'A254', '2019-02-15', '06:04:10', 0.12, 'pedido', NULL),
(43, 'A255', '2019-02-15', '06:04:10', 0, 'pedido', NULL),
(43, 'A256', '2019-02-15', '06:04:10', 0, 'pedido', NULL),
(43, 'A257', '2019-02-15', '06:04:10', 0, 'pedido', NULL),
(43, 'A258', '2019-02-15', '06:04:10', 0, 'pedido', NULL),
(43, 'A259', '2019-02-15', '06:04:10', 0, 'pedido', NULL),
(43, 'A260', '2019-02-15', '06:04:10', 0, 'pedido', NULL),
(43, 'A261', '2019-02-15', '06:04:10', -1, 'pedido', NULL),
(43, 'A262', '2019-02-15', '06:04:10', -2, 'pedido', NULL),
(43, 'A263', '2019-02-15', '06:04:10', 0.05, 'pedido', NULL),
(43, 'A264', '2019-02-15', '06:04:10', 0, 'pedido', NULL),
(43, 'A265', '2019-02-15', '06:04:10', -0.75, 'pedido', NULL),
(43, 'A266', '2019-02-15', '06:04:10', -0.04, 'pedido', NULL),
(43, 'A267', '2019-02-15', '06:04:10', 0, 'pedido', NULL),
(43, 'A268', '2019-02-15', '06:04:10', 0, 'pedido', NULL),
(43, 'A269', '2019-02-15', '06:04:10', 0, 'pedido', NULL),
(43, 'A271', '2019-02-15', '06:04:10', 0, 'pedido', NULL),
(43, 'A272', '2019-02-15', '06:04:10', 0, 'pedido', NULL),
(43, 'A273', '2019-02-15', '06:04:10', -2, 'pedido', NULL),
(43, 'A274', '2019-02-15', '06:04:10', 0, 'pedido', NULL),
(43, 'A275', '2019-02-15', '06:04:10', 0, 'pedido', NULL),
(43, 'A276', '2019-02-15', '06:04:10', 0, 'pedido', NULL),
(43, 'A280', '2019-02-15', '06:04:10', 0, 'pedido', NULL),
(43, 'A283', '2019-02-15', '06:04:10', 0, 'pedido', NULL),
(43, 'A284', '2019-02-15', '06:04:10', 0, 'pedido', NULL),
(43, 'A285', '2019-02-15', '06:04:10', -1, 'pedido', NULL),
(43, 'A286', '2019-02-15', '06:04:10', -1.8, 'pedido', NULL),
(43, 'A287', '2019-02-15', '06:04:10', -1, 'pedido', NULL),
(43, 'A288', '2019-02-15', '06:04:10', 1, 'pedido', NULL),
(43, 'A403', '2019-02-15', '06:04:10', 0, 'pedido', NULL),
(43, 'A408', '2019-02-15', '06:04:10', 0, 'pedido', NULL),
(43, 'A411', '2019-02-15', '06:04:10', 0.01, 'pedido', NULL),
(43, 'A413', '2019-02-15', '06:04:10', 0, 'pedido', NULL),
(43, 'A414', '2019-02-15', '06:04:10', 0, 'pedido', NULL),
(43, 'A415', '2019-02-15', '06:04:10', 0, 'pedido', NULL),
(43, 'L043', '2019-02-15', '06:04:10', -1, 'pedido', NULL),
(43, 'L045', '2019-02-15', '06:04:10', 0, 'pedido', NULL),
(43, 'L046', '2019-02-15', '06:04:10', 0, 'pedido', NULL),
(43, 'L047', '2019-02-15', '06:04:10', -0.6, 'pedido', NULL),
(43, 'SR75', '2019-02-15', '06:04:10', 0, 'pedido', NULL),
(44, 'A005', '2019-02-15', '06:05:23', 0, 'pedido', NULL),
(44, 'A006', '2019-02-15', '06:05:23', -0.49, 'pedido', NULL),
(44, 'A008', '2019-02-15', '06:05:23', 13, 'pedido', NULL),
(44, 'A009', '2019-02-15', '06:05:23', 0, 'pedido', NULL),
(44, 'A015', '2019-02-15', '06:05:23', -2, 'pedido', NULL),
(44, 'A017', '2019-02-15', '06:05:23', 0, 'pedido', NULL),
(44, 'A018', '2019-02-15', '06:05:23', -1, 'pedido', NULL),
(44, 'A019', '2019-02-15', '06:05:23', 0, 'pedido', NULL),
(44, 'A021', '2019-02-15', '06:05:23', -1.5, 'pedido', NULL),
(44, 'A028', '2019-02-15', '06:05:23', 0, 'pedido', NULL),
(44, 'A029', '2019-02-15', '06:05:23', 0, 'pedido', NULL),
(44, 'A030', '2019-02-15', '06:05:23', -2, 'pedido', NULL),
(44, 'A038', '2019-02-15', '06:05:23', 0, 'pedido', NULL),
(44, 'A040', '2019-02-15', '06:05:23', 0, 'pedido', NULL),
(44, 'A041', '2019-02-15', '06:05:23', -1, 'pedido', NULL),
(44, 'A043', '2019-02-15', '06:05:23', 0, 'pedido', NULL),
(44, 'A045', '2019-02-15', '06:05:23', -1, 'pedido', NULL),
(44, 'A048', '2019-02-15', '06:05:23', 0, 'pedido', NULL),
(44, 'A050', '2019-02-15', '06:05:23', 0, 'pedido', NULL),
(44, 'A051', '2019-02-15', '06:05:23', 0, 'pedido', NULL),
(44, 'A052', '2019-02-15', '06:05:23', 0, 'pedido', NULL),
(44, 'A053', '2019-02-15', '06:05:23', 0, 'pedido', NULL),
(44, 'A054', '2019-02-15', '06:05:23', 0, 'pedido', NULL),
(44, 'A056', '2019-02-15', '06:05:23', -3, 'pedido', NULL),
(44, 'A057', '2019-02-15', '06:05:23', 0, 'pedido', NULL),
(44, 'A059', '2019-02-15', '06:05:23', -1, 'pedido', NULL),
(44, 'A061', '2019-02-15', '06:05:23', 0, 'pedido', NULL),
(44, 'A065', '2019-02-15', '06:05:23', 0, 'pedido', NULL),
(44, 'A066', '2019-02-15', '06:05:23', 0, 'pedido', NULL),
(44, 'A067', '2019-02-15', '06:05:23', 0, 'pedido', NULL),
(44, 'A068', '2019-02-15', '06:05:23', 0, 'pedido', NULL),
(44, 'A071', '2019-02-15', '06:05:23', -1.4, 'pedido', NULL),
(44, 'A072', '2019-02-15', '06:05:23', 0, 'pedido', NULL),
(44, 'A073', '2019-02-15', '06:05:23', 0, 'pedido', NULL),
(44, 'A074', '2019-02-15', '06:05:23', -0.5, 'pedido', NULL),
(44, 'A075', '2019-02-15', '06:05:23', 0, 'pedido', NULL),
(44, 'A076', '2019-02-15', '06:05:23', 0, 'pedido', NULL),
(44, 'A079', '2019-02-15', '06:05:23', -2.75, 'pedido', NULL),
(44, 'A080', '2019-02-15', '06:05:23', -1.5, 'pedido', NULL),
(44, 'A081', '2019-02-15', '06:05:23', -0.85, 'pedido', NULL),
(44, 'A083', '2019-02-15', '06:05:23', 0, 'pedido', NULL),
(44, 'A084', '2019-02-15', '06:05:23', -1, 'pedido', NULL),
(44, 'A085', '2019-02-15', '06:05:23', -1, 'pedido', NULL),
(44, 'A086', '2019-02-15', '06:05:23', 0.18, 'pedido', NULL),
(44, 'A087', '2019-02-15', '06:05:23', -1, 'pedido', NULL),
(44, 'A089', '2019-02-15', '06:05:23', 0, 'pedido', NULL),
(44, 'A092', '2019-02-15', '06:05:23', 0, 'pedido', NULL),
(44, 'A105', '2019-02-15', '06:05:23', -1, 'pedido', NULL),
(44, 'A106', '2019-02-15', '06:05:23', -4, 'pedido', NULL),
(44, 'A109', '2019-02-15', '06:05:23', 0, 'pedido', NULL),
(44, 'A110', '2019-02-15', '06:05:23', 0, 'pedido', NULL),
(44, 'A112', '2019-02-15', '06:05:23', -3, 'pedido', NULL),
(44, 'A114', '2019-02-15', '06:05:23', -3, 'pedido', NULL),
(44, 'A119', '2019-02-15', '06:05:23', 0, 'pedido', NULL),
(44, 'A121', '2019-02-15', '06:05:23', -0.81, 'pedido', NULL),
(44, 'A123', '2019-02-15', '06:05:23', 0, 'pedido', NULL),
(44, 'A124', '2019-02-15', '06:05:23', 0, 'pedido', NULL),
(44, 'A125', '2019-02-15', '06:05:23', 0, 'pedido', NULL),
(44, 'A128', '2019-02-15', '06:05:23', -1.75, 'pedido', NULL),
(44, 'A129', '2019-02-15', '06:05:23', -1, 'pedido', NULL),
(44, 'A131', '2019-02-15', '06:05:23', 0, 'pedido', NULL),
(44, 'A132', '2019-02-15', '06:05:23', 0, 'pedido', NULL),
(44, 'A133', '2019-02-15', '06:05:23', 0, 'pedido', NULL),
(44, 'A134', '2019-02-15', '06:05:23', -4, 'pedido', NULL),
(44, 'A136', '2019-02-15', '06:05:23', 0, 'pedido', NULL),
(44, 'A137', '2019-02-15', '06:05:23', 0, 'pedido', NULL),
(44, 'A138', '2019-02-15', '06:05:23', -1, 'pedido', NULL),
(44, 'A139', '2019-02-15', '06:05:23', 0, 'pedido', NULL),
(44, 'A140', '2019-02-15', '06:05:23', 0, 'pedido', NULL),
(44, 'A141', '2019-02-15', '06:05:23', 0, 'pedido', NULL),
(44, 'A143', '2019-02-15', '06:05:23', -2, 'pedido', NULL),
(44, 'A144', '2019-02-15', '06:05:23', 0, 'pedido', NULL),
(44, 'A145', '2019-02-15', '06:05:23', 0, 'pedido', NULL),
(44, 'A146', '2019-02-15', '06:05:23', -2, 'pedido', NULL),
(44, 'A147', '2019-02-15', '06:05:23', 0.14, 'pedido', NULL),
(44, 'A151', '2019-02-15', '06:05:23', 0, 'pedido', NULL),
(44, 'A152', '2019-02-15', '06:05:23', 0, 'pedido', NULL),
(44, 'A154', '2019-02-15', '06:05:23', 0, 'pedido', NULL),
(44, 'A156', '2019-02-15', '06:05:23', 0, 'pedido', NULL),
(44, 'A162', '2019-02-15', '06:05:23', -3.71, 'pedido', NULL),
(44, 'A163', '2019-02-15', '06:05:23', 0, 'pedido', NULL),
(44, 'A164', '2019-02-15', '06:05:23', -1, 'pedido', NULL),
(44, 'A173', '2019-02-15', '06:05:23', 0, 'pedido', NULL),
(44, 'A175', '2019-02-15', '06:05:23', 0, 'pedido', NULL),
(44, 'A176', '2019-02-15', '06:05:23', -6, 'pedido', NULL),
(44, 'A180', '2019-02-15', '06:05:23', 0, 'pedido', NULL),
(44, 'A181', '2019-02-15', '06:05:23', 0, 'pedido', NULL),
(44, 'A182', '2019-02-15', '06:05:23', 0, 'pedido', NULL),
(44, 'A183', '2019-02-15', '06:05:23', 0, 'pedido', NULL),
(44, 'A187', '2019-02-15', '06:05:23', 0, 'pedido', NULL),
(44, 'A193', '2019-02-15', '06:05:23', 0, 'pedido', NULL),
(44, 'A195', '2019-02-15', '06:05:23', -1.65, 'pedido', NULL),
(44, 'A197', '2019-02-15', '06:05:23', 0, 'pedido', NULL),
(44, 'A198', '2019-02-15', '06:05:23', -1, 'pedido', NULL),
(44, 'A199', '2019-02-15', '06:05:23', 0, 'pedido', NULL),
(44, 'A200', '2019-02-15', '06:05:23', 0, 'pedido', NULL),
(44, 'A201', '2019-02-15', '06:05:23', 0, 'pedido', NULL),
(44, 'A202', '2019-02-15', '06:05:23', 0, 'pedido', NULL),
(44, 'A203', '2019-02-15', '06:05:23', 0, 'pedido', NULL),
(44, 'A204', '2019-02-15', '06:05:23', 0, 'pedido', NULL),
(44, 'A205', '2019-02-15', '06:05:23', 0, 'pedido', NULL),
(44, 'A206', '2019-02-15', '06:05:23', -0.17, 'pedido', NULL),
(44, 'A207', '2019-02-15', '06:05:23', 0, 'pedido', NULL),
(44, 'A208', '2019-02-15', '06:05:23', -0.8, 'pedido', NULL),
(44, 'A209', '2019-02-15', '06:05:23', 0, 'pedido', NULL),
(44, 'A210', '2019-02-15', '06:05:23', 0, 'pedido', NULL),
(44, 'A211', '2019-02-15', '06:05:23', 0, 'pedido', NULL),
(44, 'A212', '2019-02-15', '06:05:23', 0, 'pedido', NULL),
(44, 'A213', '2019-02-15', '06:05:23', -1, 'pedido', NULL),
(44, 'A215', '2019-02-15', '06:05:23', 0, 'pedido', NULL),
(44, 'A216', '2019-02-15', '06:05:23', -0.7, 'pedido', NULL),
(44, 'A217', '2019-02-15', '06:05:23', 0, 'pedido', NULL),
(44, 'A218', '2019-02-15', '06:05:23', -0.49, 'pedido', NULL),
(44, 'A219', '2019-02-15', '06:05:23', 0, 'pedido', NULL),
(44, 'A220', '2019-02-15', '06:05:23', 0, 'pedido', NULL),
(44, 'A221', '2019-02-15', '06:05:23', 0, 'pedido', NULL),
(44, 'A222', '2019-02-15', '06:05:23', -0.22, 'pedido', NULL),
(44, 'A223', '2019-02-15', '06:05:23', -4.4, 'pedido', NULL),
(44, 'A224', '2019-02-15', '06:05:23', 0, 'pedido', NULL),
(44, 'A225', '2019-02-15', '06:05:23', -5, 'pedido', NULL),
(44, 'A226', '2019-02-15', '06:05:23', 0, 'pedido', NULL),
(44, 'A227', '2019-02-15', '06:05:23', 0, 'pedido', NULL),
(44, 'A228', '2019-02-15', '06:05:23', 0, 'pedido', NULL),
(44, 'A229', '2019-02-15', '06:05:23', 0.05, 'pedido', NULL),
(44, 'A230', '2019-02-15', '06:05:23', 0, 'pedido', NULL),
(44, 'A231', '2019-02-15', '06:05:23', -0.5, 'pedido', NULL),
(44, 'A232', '2019-02-15', '06:05:23', 0, 'pedido', NULL),
(44, 'A233', '2019-02-15', '06:05:23', -0.5, 'pedido', NULL),
(44, 'A234', '2019-02-15', '06:05:23', 0, 'pedido', NULL),
(44, 'A235', '2019-02-15', '06:05:23', -0.9, 'pedido', NULL),
(44, 'A236', '2019-02-15', '06:05:23', 0, 'pedido', NULL),
(44, 'A237', '2019-02-15', '06:05:23', 0, 'pedido', NULL),
(44, 'A238', '2019-02-15', '06:05:23', 0, 'pedido', NULL),
(44, 'A239', '2019-02-15', '06:05:23', 0, 'pedido', NULL),
(44, 'A240', '2019-02-15', '06:05:23', 0, 'pedido', NULL),
(44, 'A241', '2019-02-15', '06:05:23', 0, 'pedido', NULL),
(44, 'A242', '2019-02-15', '06:05:23', 0, 'pedido', NULL),
(44, 'A243', '2019-02-15', '06:05:23', 0, 'pedido', NULL),
(44, 'A244', '2019-02-15', '06:05:23', 0, 'pedido', NULL),
(44, 'A245', '2019-02-15', '06:05:23', 0, 'pedido', NULL),
(44, 'A246', '2019-02-15', '06:05:23', 0, 'pedido', NULL),
(44, 'A247', '2019-02-15', '06:05:23', 0, 'pedido', NULL),
(44, 'A248', '2019-02-15', '06:05:23', 0, 'pedido', NULL),
(44, 'A249', '2019-02-15', '06:05:23', 0, 'pedido', NULL),
(44, 'A250', '2019-02-15', '06:05:23', 0, 'pedido', NULL),
(44, 'A251', '2019-02-15', '06:05:23', 0, 'pedido', NULL),
(44, 'A252', '2019-02-15', '06:05:23', 0, 'pedido', NULL),
(44, 'A253', '2019-02-15', '06:05:23', 0, 'pedido', NULL),
(44, 'A254', '2019-02-15', '06:05:23', 0.12, 'pedido', NULL),
(44, 'A255', '2019-02-15', '06:05:23', 0, 'pedido', NULL),
(44, 'A256', '2019-02-15', '06:05:23', 0, 'pedido', NULL),
(44, 'A257', '2019-02-15', '06:05:23', 0, 'pedido', NULL),
(44, 'A258', '2019-02-15', '06:05:23', 0, 'pedido', NULL),
(44, 'A259', '2019-02-15', '06:05:23', 0, 'pedido', NULL),
(44, 'A260', '2019-02-15', '06:05:23', 0, 'pedido', NULL),
(44, 'A261', '2019-02-15', '06:05:23', -1, 'pedido', NULL),
(44, 'A262', '2019-02-15', '06:05:23', -2, 'pedido', NULL),
(44, 'A263', '2019-02-15', '06:05:23', 0.05, 'pedido', NULL),
(44, 'A264', '2019-02-15', '06:05:23', 0, 'pedido', NULL),
(44, 'A265', '2019-02-15', '06:05:23', -0.75, 'pedido', NULL),
(44, 'A266', '2019-02-15', '06:05:23', -0.04, 'pedido', NULL),
(44, 'A267', '2019-02-15', '06:05:23', 0, 'pedido', NULL),
(44, 'A268', '2019-02-15', '06:05:23', 0, 'pedido', NULL),
(44, 'A269', '2019-02-15', '06:05:23', 0, 'pedido', NULL),
(44, 'A271', '2019-02-15', '06:05:23', 0, 'pedido', NULL),
(44, 'A272', '2019-02-15', '06:05:23', 0, 'pedido', NULL),
(44, 'A273', '2019-02-15', '06:05:23', -2, 'pedido', NULL),
(44, 'A274', '2019-02-15', '06:05:23', 0, 'pedido', NULL),
(44, 'A275', '2019-02-15', '06:05:23', 0, 'pedido', NULL),
(44, 'A276', '2019-02-15', '06:05:23', 0, 'pedido', NULL),
(44, 'A280', '2019-02-15', '06:05:23', 0, 'pedido', NULL),
(44, 'A283', '2019-02-15', '06:05:23', 0, 'pedido', NULL),
(44, 'A284', '2019-02-15', '06:05:23', 0, 'pedido', NULL),
(44, 'A285', '2019-02-15', '06:05:23', -1, 'pedido', NULL),
(44, 'A286', '2019-02-15', '06:05:23', -1.8, 'pedido', NULL),
(44, 'A287', '2019-02-15', '06:05:23', -1, 'pedido', NULL),
(44, 'A288', '2019-02-15', '06:05:23', 1, 'pedido', NULL),
(44, 'A403', '2019-02-15', '06:05:23', 0, 'pedido', NULL),
(44, 'A408', '2019-02-15', '06:05:23', 0, 'pedido', NULL),
(44, 'A411', '2019-02-15', '06:05:23', 0.01, 'pedido', NULL),
(44, 'A413', '2019-02-15', '06:05:23', 0, 'pedido', NULL),
(44, 'A414', '2019-02-15', '06:05:23', 0, 'pedido', NULL),
(44, 'A415', '2019-02-15', '06:05:23', 0, 'pedido', NULL),
(44, 'L043', '2019-02-15', '06:05:23', -1, 'pedido', NULL),
(44, 'L045', '2019-02-15', '06:05:23', 0, 'pedido', NULL),
(44, 'L046', '2019-02-15', '06:05:23', 0, 'pedido', NULL),
(44, 'L047', '2019-02-15', '06:05:23', -0.6, 'pedido', NULL),
(44, 'SR75', '2019-02-15', '06:05:23', 0, 'pedido', NULL),
(45, 'A008', '2019-02-15', '07:02:19', 13, 'pedido', NULL),
(46, 'A008', '2019-02-15', '07:02:24', 13, 'pedido', NULL),
(47, 'B002', '2019-02-15', '07:03:09', 99.9999, 'pedido', NULL),
(48, 'A008', '2019-02-15', '07:04:43', 13, 'pedido', NULL),
(49, 'B002', '2019-02-15', '07:05:41', 99.9999, 'pedido', NULL),
(50, 'A008', '2019-02-15', '07:11:23', 99.9999, 'pedido', NULL),
(51, 'A008', '2019-02-15', '07:13:19', 99.9999, 'pedido', NULL),
(52, 'A008', '2019-02-15', '07:15:05', 100, 'pedido', NULL),
(53, 'A008', '2019-02-15', '07:16:20', 101, 'pedido', NULL),
(54, 'A008', '2019-02-15', '07:17:03', 150, 'pedido', NULL),
(55, 'A008', '2019-02-15', '07:17:05', 100, 'pedido', NULL),
(56, 'A008', '2019-02-15', '07:17:36', 113, 'pedido', NULL),
(57, 'A008', '2019-02-15', '07:18:42', 131, 'pedido', NULL),
(58, 'A008', '2019-02-15', '07:18:47', 150, 'pedido', NULL),
(59, 'A008', '2019-02-15', '07:19:15', 150, 'pedido', NULL),
(60, 'A008', '2019-02-15', '07:19:18', 130, 'pedido', NULL),
(61, 'A008', '2019-02-15', '07:22:10', 110, 'pedido', NULL),
(62, 'A008', '2019-02-15', '07:26:23', 0, 'pedido', NULL),
(63, 'A008', '2019-02-15', '07:37:37', 13, 'pedido', NULL),
(64, 'A008', '2019-02-15', '07:46:27', 13, 'pedido', NULL),
(65, 'A008', '2019-02-15', '07:56:03', 13, 'pedido', NULL),
(66, 'A008', '2019-02-15', '07:58:33', 13, 'pedido', NULL),
(67, 'A008', '2019-02-15', '08:01:04', 13, 'pedido', NULL),
(68, 'A008', '2019-02-15', '08:02:04', 13, 'pedido', NULL),
(69, 'A008', '2019-02-15', '08:09:21', 13, 'pedido', NULL),
(70, 'A008', '2019-02-15', '08:10:15', 13, 'pedido', NULL),
(71, 'A008', '2019-02-15', '08:10:17', 13, 'pedido', NULL),
(72, 'A008', '2019-02-15', '08:11:59', 13, 'pedido', NULL),
(73, 'A008', '2019-02-15', '08:12:13', 13, 'pedido', NULL),
(74, 'A008', '2019-02-15', '08:12:47', 13, 'pedido', NULL),
(75, 'A008', '2019-02-16', '12:31:48', 13, 'pedido', NULL),
(76, 'A008', '2019-02-16', '12:32:19', 13, 'pedido', NULL),
(77, 'A008', '2019-02-16', '12:33:04', 120, 'pedido', NULL),
(78, 'A008', '2019-02-16', '04:32:44', 13, 'pedido', NULL),
(79, 'A008', '2019-02-16', '04:52:31', 13, 'pedido', NULL),
(80, 'A008', '2019-02-16', '05:05:52', 13, 'pedido', NULL),
(81, 'A008', '2019-02-16', '05:28:47', 2, 'pedido', NULL),
(82, 'A008', '2019-02-17', '09:29:31', 14, 'pedido', NULL),
(83, 'A008', '2019-02-18', '02:23:30', 1, 'pedido', NULL),
(83, 'A243', '2019-02-18', '02:23:30', 1, 'pedido', NULL),
(83, 'A244', '2019-02-18', '02:23:30', 19, 'pedido', NULL),
(84, 'A008', '2019-02-18', '02:45:14', 13, 'pedido', NULL),
(84, 'A243', '2019-02-18', '02:45:14', 18, 'pedido', NULL),
(84, 'A244', '2019-02-18', '02:45:14', 19, 'pedido', NULL),
(108, 'A008', '2019-02-18', '03:40:48', 13, 'pedido', NULL),
(108, 'A243', '2019-02-18', '03:40:48', 18, 'pedido', NULL),
(108, 'A244', '2019-02-18', '03:40:48', 19, 'pedido', NULL),
(109, 'A008', '2019-02-18', '03:43:35', 13, 'pedido', NULL),
(109, 'A243', '2019-02-18', '03:43:35', 18, 'pedido', NULL),
(109, 'A244', '2019-02-18', '03:43:35', 19, 'pedido', NULL),
(110, 'A008', '2019-02-18', '03:45:23', 13, 'pedido', NULL),
(110, 'A243', '2019-02-18', '03:45:23', 18, 'pedido', NULL),
(110, 'A244', '2019-02-18', '03:45:23', 19, 'pedido', NULL),
(111, 'A008', '2019-02-18', '03:48:41', 13, 'pedido', 'hello'),
(111, 'A243', '2019-02-18', '03:48:41', 18, 'pedido', 'hello'),
(111, 'A244', '2019-02-18', '03:48:41', 19, 'pedido', 'hello'),
(112, 'A008', '2019-02-18', '03:49:49', 13, 'pedido', 'hello'),
(112, 'A243', '2019-02-18', '03:49:49', 18, 'pedido', 'hello'),
(112, 'A244', '2019-02-18', '03:49:49', 19, 'pedido', 'hello'),
(113, 'A008', '2019-02-18', '03:52:09', 13, 'pedido', 'ivan'),
(113, 'A243', '2019-02-18', '03:52:09', 18, 'pedido', 'ivan'),
(113, 'A244', '2019-02-18', '03:52:09', 19, 'pedido', 'ivan'),
(115, 'A008', '2019-02-18', '10:18:06', 13, 'pedido', 'ivan'),
(115, 'A243', '2019-02-18', '10:18:06', 18, 'pedido', 'ivan'),
(115, 'A244', '2019-02-18', '10:18:06', 19, 'pedido', 'ivan'),
(117, 'B002', '2019-02-18', '10:38:14', 1, 'pedido', 'ivan'),
(118, 'A008', '2019-02-18', '10:48:27', 13, 'pedido', 'ivan'),
(118, 'A243', '2019-02-18', '10:48:27', 18, 'pedido', 'ivan'),
(118, 'A244', '2019-02-18', '10:48:27', 19, 'pedido', 'ivan'),
(120, 'A008', '2019-02-18', '10:54:48', 13, 'pedido', 'ivan'),
(120, 'A243', '2019-02-18', '10:54:48', 18, 'pedido', 'ivan'),
(120, 'A244', '2019-02-18', '10:54:48', 19, 'pedido', 'ivan'),
(121, 'A008', '2019-02-18', '10:57:34', 13, 'pedido', 'ivan'),
(121, 'A243', '2019-02-18', '10:57:34', 18, 'pedido', 'ivan'),
(121, 'A244', '2019-02-18', '10:57:34', 19, 'pedido', 'ivan'),
(122, 'A008', '2019-02-18', '11:00:59', 13, 'pedido', 'ivan'),
(122, 'A243', '2019-02-18', '11:00:59', 18, 'pedido', 'ivan'),
(122, 'A244', '2019-02-18', '11:00:59', 19, 'pedido', 'ivan'),
(123, 'A008', '2019-02-18', '11:01:19', 13, 'pedido', 'ivan'),
(123, 'A243', '2019-02-18', '11:01:19', 18, 'pedido', 'ivan'),
(123, 'A244', '2019-02-18', '11:01:19', 19, 'pedido', 'ivan'),
(125, 'A008', '2019-02-18', '11:05:04', 13, 'pedido', 'ivan'),
(125, 'A243', '2019-02-18', '11:05:04', 18, 'pedido', 'ivan'),
(125, 'A244', '2019-02-18', '11:05:04', 19, 'pedido', 'ivan'),
(126, 'A008', '2019-02-19', '09:18:19', 1, 'pedido', 'ivan'),
(126, 'A243', '2019-02-19', '09:18:19', 188, 'pedido', 'ivan'),
(126, 'A244', '2019-02-19', '09:18:19', 19, 'pedido', 'ivan'),
(127, 'A008', '2019-02-19', '09:18:57', 13, 'pedido', 'ivan'),
(127, 'A243', '2019-02-19', '09:18:57', 18, 'pedido', 'ivan'),
(127, 'A244', '2019-02-19', '09:18:57', 19, 'pedido', 'ivan'),
(128, 'A008', '2019-02-19', '10:01:44', 18, 'pedido', 'ivan'),
(128, 'A243', '2019-02-19', '10:01:44', 18, 'pedido', 'ivan'),
(128, 'A244', '2019-02-19', '10:01:44', 19, 'pedido', 'ivan'),
(129, 'A008', '2019-02-19', '02:35:05', 1, 'pedido', 'ivan'),
(129, 'A243', '2019-02-19', '02:35:05', 1, 'pedido', 'ivan'),
(129, 'A244', '2019-02-19', '02:35:05', 12, 'pedido', 'ivan'),
(130, 'A008', '2019-02-19', '02:40:22', 13, 'pedido', 'ivan'),
(130, 'A243', '2019-02-19', '02:40:22', 18, 'pedido', 'ivan'),
(130, 'A244', '2019-02-19', '02:40:22', 19, 'pedido', 'ivan'),
(131, 'A008', '2019-02-19', '02:59:59', 13, 'pedido', 'ivan'),
(131, 'A243', '2019-02-19', '02:59:59', 18, 'pedido', 'ivan'),
(131, 'A244', '2019-02-19', '02:59:59', 19, 'pedido', 'ivan'),
(132, 'A008', '2019-02-19', '05:17:51', 1, 'pedido', 'ivan'),
(132, 'A243', '2019-02-19', '05:17:51', 18, 'pedido', 'ivan'),
(132, 'A244', '2019-02-19', '05:17:51', 19, 'pedido', 'ivan'),
(133, 'A008', '2019-02-20', '10:59:30', 13, 'pedido', 'ivan'),
(133, 'A243', '2019-02-20', '10:59:30', 18, 'pedido', 'ivan'),
(133, 'A244', '2019-02-20', '10:59:30', 19, 'pedido', 'ivan'),
(134, 'A008', '2019-02-20', '03:19:55', 13, 'pedido', 'ivan'),
(134, 'A243', '2019-02-20', '03:19:55', 18, 'pedido', 'ivan'),
(134, 'A244', '2019-02-20', '03:19:55', 19, 'pedido', 'ivan'),
(135, 'A008', '2019-02-20', '06:15:29', 13, 'pedido', 'ivan'),
(135, 'A243', '2019-02-20', '06:15:29', 18, 'pedido', 'ivan'),
(135, 'A244', '2019-02-20', '06:15:29', 19, 'pedido', 'ivan'),
(136, 'A008', '2019-02-20', '06:20:54', 13, 'pedido', 'ivan'),
(136, 'A243', '2019-02-20', '06:20:54', 18, 'pedido', 'ivan'),
(136, 'A244', '2019-02-20', '06:20:54', 19, 'pedido', 'ivan'),
(137, 'A008', '2019-02-20', '06:35:16', 13, 'pedido', 'ivan'),
(137, 'A243', '2019-02-20', '06:35:16', 18, 'pedido', 'ivan'),
(137, 'A244', '2019-02-20', '06:35:16', 19, 'pedido', 'ivan'),
(138, 'A008', '2019-02-20', '07:55:49', 13, 'pedido', 'ivan'),
(138, 'A243', '2019-02-20', '07:55:49', 18, 'pedido', 'ivan'),
(138, 'A244', '2019-02-20', '07:55:49', 19, 'pedido', 'ivan'),
(139, 'A008', '2019-02-21', '10:04:50', 13, 'pedido', 'ivan'),
(139, 'A243', '2019-02-21', '10:04:50', 18, 'pedido', 'ivan'),
(139, 'A244', '2019-02-21', '10:04:50', 19, 'pedido', 'ivan'),
(140, 'A008', '2019-02-21', '10:05:58', 13, 'pedido', 'ivan'),
(140, 'A243', '2019-02-21', '10:05:58', 18, 'pedido', 'ivan'),
(140, 'A244', '2019-02-21', '10:05:58', 19, 'pedido', 'ivan'),
(141, 'A008', '2019-02-21', '10:42:53', 13, 'pedido', 'ivan'),
(141, 'A243', '2019-02-21', '10:42:53', 18, 'pedido', 'ivan'),
(141, 'A244', '2019-02-21', '10:42:53', 19, 'pedido', 'ivan'),
(142, 'A008', '2019-02-21', '10:44:16', 13, 'pedido', 'ivan'),
(142, 'A243', '2019-02-21', '10:44:16', 18, 'pedido', 'ivan'),
(142, 'A244', '2019-02-21', '10:44:16', 19, 'pedido', 'ivan'),
(143, 'A008', '2019-02-21', '11:03:29', 13, 'pedido', 'ivan'),
(143, 'A243', '2019-02-21', '11:03:29', 18, 'pedido', 'ivan'),
(143, 'A244', '2019-02-21', '11:03:29', 19, 'pedido', 'ivan'),
(144, 'A008', '2019-02-21', '11:04:57', 13, 'pedido', 'ivan'),
(144, 'A243', '2019-02-21', '11:04:57', 18, 'pedido', 'ivan'),
(144, 'A244', '2019-02-21', '11:04:57', 19, 'pedido', 'ivan'),
(145, 'A008', '2019-02-21', '01:45:31', 13, 'pedido', 'ivan'),
(145, 'A243', '2019-02-21', '01:45:31', 18, 'pedido', 'ivan'),
(145, 'A244', '2019-02-21', '01:45:31', 19, 'pedido', 'ivan'),
(146, 'A008', '2019-02-21', '01:50:59', 13, 'pedido', 'ivan'),
(146, 'A243', '2019-02-21', '01:50:59', 18, 'pedido', 'ivan'),
(146, 'A244', '2019-02-21', '01:50:59', 19, 'pedido', 'ivan'),
(147, 'A008', '2019-02-21', '06:10:29', 13, 'pedido', 'ivan'),
(147, 'A243', '2019-02-21', '06:10:29', 18, 'pedido', 'ivan'),
(147, 'A244', '2019-02-21', '06:10:29', 19, 'pedido', 'ivan'),
(148, 'A008', '2019-02-21', '06:10:40', 13, 'pedido', 'ivan'),
(148, 'A243', '2019-02-21', '06:10:40', 18, 'pedido', 'ivan'),
(148, 'A244', '2019-02-21', '06:10:40', 19, 'pedido', 'ivan'),
(149, 'A008', '2019-02-21', '07:05:26', 13, 'pedido', 'ivan'),
(149, 'A243', '2019-02-21', '07:05:26', 18, 'pedido', 'ivan'),
(149, 'A244', '2019-02-21', '07:05:26', 19, 'pedido', 'ivan'),
(150, 'A008', '2019-02-21', '07:36:47', 13, 'pedido', 'ivan'),
(150, 'A243', '2019-02-21', '07:36:47', 18, 'pedido', 'ivan'),
(150, 'A244', '2019-02-21', '07:36:47', 19, 'pedido', 'ivan'),
(151, 'A008', '2019-02-22', '09:35:30', 13, 'pedido', 'ivan'),
(151, 'A243', '2019-02-22', '09:35:30', 18, 'pedido', 'ivan'),
(151, 'A244', '2019-02-22', '09:35:30', 19, 'pedido', 'ivan'),
(152, 'A008', '2019-02-22', '09:46:03', 1, 'pedido', 'ivan'),
(152, 'A243', '2019-02-22', '09:46:03', 11, 'pedido', 'ivan'),
(152, 'A244', '2019-02-22', '09:46:03', 56, 'pedido', 'ivan'),
(153, 'A005', '2019-02-25', '10:37:52', 10, 'pedido', 'ivan'),
(153, 'A006', '2019-02-25', '10:37:52', 9.51, 'pedido', 'ivan'),
(153, 'A008', '2019-02-25', '10:37:52', 13, 'pedido', 'ivan'),
(153, 'A009', '2019-02-25', '10:37:52', 10, 'pedido', 'ivan'),
(153, 'A015', '2019-02-25', '10:37:52', 8, 'pedido', 'ivan'),
(153, 'A017', '2019-02-25', '10:37:52', 10, 'pedido', 'ivan'),
(153, 'A018', '2019-02-25', '10:37:52', 9, 'pedido', 'ivan'),
(153, 'A243', '2019-02-25', '10:37:52', 18, 'pedido', 'ivan'),
(153, 'A244', '2019-02-25', '10:37:52', 19, 'pedido', 'ivan'),
(154, 'A005', '2019-02-25', '11:25:10', 10, 'pedido', 'ivan'),
(154, 'A006', '2019-02-25', '11:25:10', 9.51, 'pedido', 'ivan'),
(154, 'A008', '2019-02-25', '11:25:10', 13, 'pedido', 'ivan'),
(154, 'A009', '2019-02-25', '11:25:10', 10, 'pedido', 'ivan'),
(154, 'A015', '2019-02-25', '11:25:10', 8, 'pedido', 'ivan'),
(154, 'A017', '2019-02-25', '11:25:10', 10, 'pedido', 'ivan'),
(154, 'A018', '2019-02-25', '11:25:10', 9, 'pedido', 'ivan'),
(154, 'A243', '2019-02-25', '11:25:10', 18, 'pedido', 'ivan'),
(154, 'A244', '2019-02-25', '11:25:10', 19, 'pedido', 'ivan'),
(155, 'A005', '2019-02-25', '11:30:22', 10, 'pedido', 'ivan'),
(155, 'A006', '2019-02-25', '11:30:22', 9.51, 'pedido', 'ivan'),
(155, 'A008', '2019-02-25', '11:30:22', 13, 'pedido', 'ivan'),
(155, 'A009', '2019-02-25', '11:30:22', 10, 'pedido', 'ivan'),
(155, 'A015', '2019-02-25', '11:30:22', 8, 'pedido', 'ivan'),
(155, 'A017', '2019-02-25', '11:30:22', 10, 'pedido', 'ivan'),
(155, 'A018', '2019-02-25', '11:30:22', 9, 'pedido', 'ivan');
INSERT INTO `pedido_producto` (`id_pedido`, `codingre`, `fecha_pedido`, `hora_pedido`, `num_prod`, `estado_prod`, `observacion`) VALUES
(155, 'A243', '2019-02-25', '11:30:22', 18, 'pedido', 'ivan'),
(155, 'A244', '2019-02-25', '11:30:22', 19, 'pedido', 'ivan'),
(156, 'A005', '2019-02-25', '11:33:50', 10, 'pedido', 'ivan'),
(156, 'A006', '2019-02-25', '11:33:50', 9.51, 'pedido', 'ivan'),
(156, 'A008', '2019-02-25', '11:33:50', 13, 'pedido', 'ivan'),
(156, 'A009', '2019-02-25', '11:33:50', 10, 'pedido', 'ivan'),
(156, 'A015', '2019-02-25', '11:33:50', 8, 'pedido', 'ivan'),
(156, 'A017', '2019-02-25', '11:33:50', 10, 'pedido', 'ivan'),
(156, 'A018', '2019-02-25', '11:33:50', 9, 'pedido', 'ivan'),
(156, 'A243', '2019-02-25', '11:33:50', 18, 'pedido', 'ivan'),
(156, 'A244', '2019-02-25', '11:33:50', 19, 'pedido', 'ivan'),
(157, 'A005', '2019-02-25', '11:38:17', 10, 'pedido', 'ivan'),
(157, 'A006', '2019-02-25', '11:38:17', 9.51, 'pedido', 'ivan'),
(157, 'A008', '2019-02-25', '11:38:17', 13, 'pedido', 'ivan'),
(157, 'A009', '2019-02-25', '11:38:17', 10, 'pedido', 'ivan'),
(157, 'A015', '2019-02-25', '11:38:17', 8, 'pedido', 'ivan'),
(157, 'A017', '2019-02-25', '11:38:17', 10, 'pedido', 'ivan'),
(157, 'A018', '2019-02-25', '11:38:17', 9, 'pedido', 'ivan'),
(157, 'A243', '2019-02-25', '11:38:17', 18, 'pedido', 'ivan'),
(157, 'A244', '2019-02-25', '11:38:17', 19, 'pedido', 'ivan'),
(158, 'A005', '2019-02-25', '12:31:27', 10, 'pedido', 'ivan'),
(158, 'A006', '2019-02-25', '12:31:27', 9.51, 'pedido', 'ivan'),
(158, 'A008', '2019-02-25', '12:31:27', 13, 'pedido', 'ivan'),
(158, 'A009', '2019-02-25', '12:31:27', 10, 'pedido', 'ivan'),
(158, 'A015', '2019-02-25', '12:31:27', 8, 'pedido', 'ivan'),
(158, 'A017', '2019-02-25', '12:31:27', 10, 'pedido', 'ivan'),
(158, 'A018', '2019-02-25', '12:31:27', 9, 'pedido', 'ivan'),
(158, 'A243', '2019-02-25', '12:31:27', 18, 'pedido', 'ivan'),
(158, 'A244', '2019-02-25', '12:31:27', 19, 'pedido', 'ivan'),
(159, 'A005', '2019-02-25', '12:34:51', 10, 'pedido', 'ivan'),
(160, 'A005', '2019-02-25', '12:38:04', 10, 'pedido', 'ivan'),
(160, 'A006', '2019-02-25', '12:38:04', 9.51, 'pedido', 'ivan'),
(160, 'A008', '2019-02-25', '12:38:04', 13, 'pedido', 'ivan'),
(160, 'A009', '2019-02-25', '12:38:04', 10, 'pedido', 'ivan'),
(160, 'A015', '2019-02-25', '12:38:04', 8, 'pedido', 'ivan'),
(160, 'A017', '2019-02-25', '12:38:04', 10, 'pedido', 'ivan'),
(160, 'A018', '2019-02-25', '12:38:04', 9, 'pedido', 'ivan'),
(160, 'A243', '2019-02-25', '12:38:04', 18, 'pedido', 'ivan'),
(160, 'A244', '2019-02-25', '12:38:04', 19, 'pedido', 'ivan'),
(161, 'A005', '2019-02-26', '02:37:59', 10, 'pedido', 'ivan'),
(161, 'A006', '2019-02-26', '02:37:59', 9.51, 'pedido', 'ivan'),
(161, 'A008', '2019-02-26', '02:37:59', 13, 'pedido', 'ivan'),
(161, 'A009', '2019-02-26', '02:37:59', 10, 'pedido', 'ivan'),
(161, 'A015', '2019-02-26', '02:37:59', 8, 'pedido', 'ivan'),
(161, 'A017', '2019-02-26', '02:37:59', 10, 'pedido', 'ivan'),
(161, 'A018', '2019-02-26', '02:37:59', 9, 'pedido', 'ivan'),
(161, 'A243', '2019-02-26', '02:37:59', 18, 'pedido', 'ivan'),
(161, 'A244', '2019-02-26', '02:37:59', 19, 'pedido', 'ivan'),
(162, 'A001', '2019-02-26', '02:02:00', 10, 'pedido', NULL),
(163, 'B002', '2019-02-26', '06:19:59', 100, 'pedido', 'ivan'),
(164, 'B002', '2019-02-26', '06:23:50', 100, 'pedido', 'ivan'),
(165, 'B002', '2019-02-26', '06:26:59', 100, 'pedido', 'ivan'),
(166, 'B002', '2019-02-26', '06:49:34', 100, 'pedido', 'ivan'),
(167, 'A005', '2019-02-26', '06:55:39', 10, 'pedido', 'ivan'),
(167, 'A006', '2019-02-26', '06:55:39', 9.51, 'pedido', 'ivan'),
(167, 'A008', '2019-02-26', '06:55:39', 13, 'pedido', 'ivan'),
(167, 'A009', '2019-02-26', '06:55:39', 10, 'pedido', 'ivan'),
(167, 'A015', '2019-02-26', '06:55:39', 8, 'pedido', 'ivan'),
(167, 'A017', '2019-02-26', '06:55:39', 10, 'pedido', 'ivan'),
(167, 'A018', '2019-02-26', '06:55:39', 9, 'pedido', 'ivan'),
(167, 'A243', '2019-02-26', '06:55:39', 18, 'pedido', 'ivan'),
(167, 'A244', '2019-02-26', '06:55:39', 19, 'pedido', 'ivan'),
(168, 'A005', '2019-02-26', '06:58:10', 10, 'pedido', 'ivan'),
(168, 'A006', '2019-02-26', '06:58:10', 9.51, 'pedido', 'ivan'),
(168, 'A008', '2019-02-26', '06:58:10', 13, 'pedido', 'ivan'),
(168, 'A009', '2019-02-26', '06:58:10', 10, 'pedido', 'ivan'),
(168, 'A015', '2019-02-26', '06:58:10', 8, 'pedido', 'ivan'),
(168, 'A017', '2019-02-26', '06:58:10', 10, 'pedido', 'ivan'),
(168, 'A018', '2019-02-26', '06:58:10', 9, 'pedido', 'ivan'),
(168, 'A243', '2019-02-26', '06:58:10', 18, 'pedido', 'ivan'),
(168, 'A244', '2019-02-26', '06:58:10', 19, 'pedido', 'ivan'),
(169, 'B002', '2019-02-26', '06:58:26', 100, 'pedido', 'ivan'),
(170, 'A005', '2019-02-26', '07:01:01', 10, 'pedido', 'ivan'),
(170, 'A006', '2019-02-26', '07:01:01', 9.51, 'pedido', 'ivan'),
(170, 'A008', '2019-02-26', '07:01:01', 13, 'pedido', 'ivan'),
(170, 'A009', '2019-02-26', '07:01:01', 10, 'pedido', 'ivan'),
(170, 'A015', '2019-02-26', '07:01:01', 8, 'pedido', 'ivan'),
(170, 'A017', '2019-02-26', '07:01:01', 10, 'pedido', 'ivan'),
(170, 'A018', '2019-02-26', '07:01:01', 9, 'pedido', 'ivan'),
(170, 'A243', '2019-02-26', '07:01:01', 18, 'pedido', 'ivan'),
(170, 'A244', '2019-02-26', '07:01:01', 19, 'pedido', 'ivan'),
(171, 'B002', '2019-02-26', '07:01:18', 100, 'pedido', 'ivan'),
(172, 'B002', '2019-02-26', '07:13:18', 100, 'pedido', '--'),
(173, 'B002', '2019-02-26', '07:14:10', 100, 'pedido', '--'),
(174, 'B002', '2019-02-26', '07:15:32', 100, 'pedido', '--'),
(175, 'B002', '2019-02-26', '07:26:59', 100, 'pedido', '--'),
(176, 'B002', '2019-02-27', '10:17:05', 100, 'pedido', '--'),
(177, 'B002', '2019-02-27', '02:44:42', 100, 'pedido', '--'),
(178, 'B002', '2019-02-27', '02:45:05', 100, 'pedido', '--'),
(179, 'B002', '2019-02-27', '04:47:27', 100, 'pedido', '--'),
(180, 'B002', '2019-02-27', '05:50:04', 100, 'pedido', '--'),
(181, 'A005', '2019-02-27', '06:35:59', 10, 'pedido', ''),
(181, 'A006', '2019-02-27', '06:35:59', 9.51, 'pedido', ''),
(181, 'A008', '2019-02-27', '06:35:59', 13, 'pedido', ''),
(181, 'A009', '2019-02-27', '06:35:59', 10, 'pedido', ''),
(181, 'A015', '2019-02-27', '06:35:59', 8, 'pedido', ''),
(181, 'A017', '2019-02-27', '06:35:59', 10, 'pedido', ''),
(181, 'A018', '2019-02-27', '06:35:59', 9, 'pedido', ''),
(181, 'A243', '2019-02-27', '06:35:59', 18, 'pedido', ''),
(181, 'A244', '2019-02-27', '06:35:59', 19, 'pedido', ''),
(182, 'A005', '2019-02-28', '07:18:00', 10, 'pedido', ''),
(182, 'A006', '2019-02-28', '07:18:00', 9.51, 'pedido', ''),
(182, 'A008', '2019-02-28', '07:18:00', 13, 'pedido', ''),
(182, 'A009', '2019-02-28', '07:18:00', 10, 'pedido', ''),
(182, 'A015', '2019-02-28', '07:18:00', 8, 'pedido', ''),
(182, 'A017', '2019-02-28', '07:18:00', 10, 'pedido', ''),
(182, 'A018', '2019-02-28', '07:18:00', 9, 'pedido', ''),
(182, 'A243', '2019-02-28', '07:18:00', 18, 'pedido', ''),
(182, 'A244', '2019-02-28', '07:18:00', 19, 'pedido', '');

-- --------------------------------------------------------

--
-- Estructura de tabla para la tabla `productos`
--

CREATE TABLE `productos` (
  `codingre` varchar(10) NOT NULL,
  `descrip` varchar(35) NOT NULL,
  `familia` varchar(10) NOT NULL,
  `unidad` varchar(10) NOT NULL,
  `empaque` varchar(15) NOT NULL,
  `equivale` float NOT NULL,
  `inventa1` float NOT NULL,
  `stockmax` float NOT NULL,
  `stockmin` float NOT NULL,
  `ultcosto` float NOT NULL,
  `costoprome` float NOT NULL,
  `impuesto` float NOT NULL,
  `pedido` float NOT NULL,
  `status` varchar(20) DEFAULT NULL
) ENGINE=InnoDB DEFAULT CHARSET=utf8;

--
-- Volcado de datos para la tabla `productos`
--

INSERT INTO `productos` (`codingre`, `descrip`, `familia`, `unidad`, `empaque`, `equivale`, `inventa1`, `stockmax`, `stockmin`, `ultcosto`, `costoprome`, `impuesto`, `pedido`, `status`) VALUES
('A001', 'JARDIN', 'PRODU', 'gr', '', 1000, 0, 0, 0, 1.75, 5.38, 0, 0, NULL),
('A005', 'ACEITE OLIVO', 'ABARR', 'ml', 'BIDON', 3000, 0, 10, 0, 281.32, 281.33, 0, 10, 'pedido'),
('A006', 'ACEITE VEGETAL', 'ABARR', 'ml', 'LITRO', 20000, 0.49, 10, 0, 422, 422, 0, 9.51, 'pedido'),
('A008', 'ACEITUNA VERDE', 'ABARR', 'gr', '', 450, 2, 15, 0, 59.5, 59.51, 0, 13, 'pedido'),
('A009', 'ACHIOTE', 'ABARR', 'GR', '', 1000, 0, 10, 0, 48.6, 50.06, 0, 10, 'pedido'),
('A015', 'ALCAPARRA', 'ABARR', 'gr', '', 605, 2, 10, 0, 85, 70.93, 0, 8, 'pedido'),
('A017', 'ALMEJAS LATA', 'ABARR', 'gr', '', 396, 0, 10, 0, 30, 29.77, 0, 10, 'pedido'),
('A018', 'ANCHOAS', 'ABARR', 'gr', '', 80, 1, 10, 0, 31, 31, 0, 9, 'pedido'),
('A019', 'ARROZ', 'ABARR', 'gr', '', 1000, 0, 0, 0, 21.35, 21.33, 0, 0, NULL),
('A021', 'ATE DE MEMBRILLO', 'ABARR', 'GR', '', 700, 1.5, 0, 0, 25.78, 25.68, 0, 0, NULL),
('A028', 'AZUCAR MORENA', 'ABARR', 'gr', '', 1000, 0, 0, 0, 22.14, 17.66, 0, 0, NULL),
('A029', 'AZUCAR MOSCABADO', 'ABARR', 'gr', '', 1000, 0, 0, 0, 25, 22.8, 0, 0, NULL),
('A030', 'AZUCAR REFINADA', 'ABARR', 'gr', '', 5000, 2, 0, 0, 15.94, 15.95, 0, 0, NULL),
('A038', 'CAFE SOLUBLE', 'ABARR', 'gr', '', 300, 0, 0, 0, 96.66, 96.31, 0, 0, NULL),
('A040', 'CAJETA', 'ABARR', 'gr', '', 1200, 0, 0, 0, 79.1, 75.36, 0, 0, NULL),
('A041', 'CAJUN ESPECIAS', 'ABARR', 'gr', '', 1000, 1, 0, 0, 60, 59.96, 0, 0, NULL),
('A043', 'CAMARON SECO', 'ABARR', 'gr', '', 1000, 0, 0, 0, 235, 235.44, 0, 0, NULL),
('A045', 'CANELA POLVO', 'ABARR', 'gr', '', 510, 1, 0, 0, 83.58, 59.96, 0, 0, NULL),
('A048', 'CEBOLLITAS CAMBRAY EN VIN', 'ABARR', 'gr', '', 180, 0, 0, 0, 13, 6.5, 0, 0, NULL),
('A050', 'CEREZAS ALMIBAR', 'ABARR', 'gr', '', 950, 0, 0, 0, 142.2, 142.22, 0, 0, NULL),
('A051', 'CERVEZA COCINA LATA', 'ABARR', 'pz', '', 355, 0, 0, 0, 9.36, 7.02, 16, 0, NULL),
('A052', 'CHICHARRIN BOLSA', 'ABARR', 'pz', '', 1, 0, 0, 0, 20, 18.97, 0, 0, NULL),
('A053', 'CHILE CHIPOTLES LATA', 'ABARR', 'gr', '', 1680, 0, 0, 0, 118.83, 118.95, 0, 0, NULL),
('A054', 'CHILE MIGUELITO', 'ABARR', 'gr', '', 950, 0, 0, 0, 33.5, 16.75, 0, 0, NULL),
('A056', 'CHILE TAJIN', 'ABARR', 'gr', '', 142, 3, 0, 0, 32.9, 32.91, 0, 0, NULL),
('A057', 'CHILES LARGOS LATA', 'ABARR', 'gr', '', 220, 0, 0, 0, 20, 19.88, 0, 0, NULL),
('A059', 'CHOCOLATE ABUELITA', 'ABARR', 'gr', '', 540, 1, 0, 0, 54, 54, 0, 0, NULL),
('A061', 'CHOCOLATE COCOA HERSHEY', 'ABARR', 'gr', '', 226, 0, 0, 0, 63, 31.5, 0, 0, NULL),
('A065', 'CHOCOLATE KISSES', 'ABARR', 'gr', '', 850, 0, 0, 0, 153.93, 154.65, 0, 0, NULL),
('A066', 'CHOCOLATE LIQUIDO', 'ABARR', 'ml', '', 456, 0, 0, 0, 41, 38.35, 0, 0, NULL),
('A067', 'CHOCOLATE MYM BOTE', 'ABARR', 'gr', '', 287.4, 0, 0, 0, 52.56, 51.59, 0, 0, NULL),
('A068', 'CHOCOLATE POLVO', 'ABARR', 'gr', '', 400, 0, 0, 0, 23.15, 27.5, 0, 0, NULL),
('A071', 'CHOC.TURIN OSCURO', 'ABARR', 'GR', '', 1000, 1.4, 0, 0, 140, 140, 0, 0, NULL),
('A072', 'CHOCOLATES BITES', 'ABARR', 'gr', '', 150, 0, 0, 0, 16.5, 14.06, 0, 0, NULL),
('A073', 'CHONGOS ZAMORANOS', 'ABARR', 'gr', '', 350, 0, 0, 0, 75, 74.72, 0, 0, NULL),
('A074', 'CHURROS', 'ABARR', 'pz', '', 100, 0.5, 0, 0, 732.27, 732.28, 0, 0, NULL),
('A075', 'CLAVO MOLIDO', 'ABARR', 'gr', '', 80, 0, 0, 0, 0, 0, 0, 0, NULL),
('A076', 'COCO', 'ABARR', 'gr', '', 1000, 0, 0, 0, 26, 24.9, 0, 0, NULL),
('A079', 'CONCENT.CAMARON', 'ABARR', 'gr', '', 1600, 2.75, 0, 0, 249, 217.88, 0, 0, NULL),
('A080', 'CONCENT.POLLO', 'ABARR', 'gr', '', 2000, 1.5, 0, 0, 175.62, 174.31, 0, 0, NULL),
('A081', 'CONCENT.RES', 'ABARR', 'gr', '', 1600, 0.85, 0, 0, 225, 225, 0, 0, NULL),
('A083', 'CORAZON DE ALCACHOFA', 'ABARR', 'gr', '', 250, 0, 0, 0, 85, 0, 0, 0, NULL),
('A084', 'CREMA DE AVELLANA NUTELLA', 'ABARR', 'gr', '', 1000, 1, 0, 0, 126.75, 124.39, 0, 0, NULL),
('A085', 'CREMA DE CACAHUATE', 'ABARR', 'gr', '', 340, 1, 0, 0, 34.24, 50.22, 0, 0, NULL),
('A086', 'CREMA DE COCO CALAHUA', 'ABARR', 'ml', '', 1000, -0.18, 0, 0, 38.63, 38.62, 0, 0, NULL),
('A087', 'CROUTONES', 'ABARR', 'gr', '', 907, 1, 0, 0, 110.82, 106.29, 0, 0, NULL),
('A089', 'DEMI GLASS', 'ABARR', 'gr', '', 1200, 0, 0, 0, 250, 125, 0, 0, NULL),
('A092', 'DULCE COCADAS', 'ABARR', 'pz', '', 10, 0, 0, 0, 3.13, 3.13, 0, 0, NULL),
('A105', 'DURAZNO EN ALMIBAR', 'ABARR', 'gr', '', 480, 1, 0, 0, 32.69, 32.7, 0, 0, NULL),
('A106', 'ELOTE LATA', 'ABARR', 'gr', '', 1625, 4, 0, 0, 11.9, 13.52, 0, 0, NULL),
('A109', 'ESTRAGON', 'ABARR', 'gr', '', 1000, 0, 0, 0, 376, 376, 0, 0, NULL),
('A110', 'FCULA DE MAIZ MAIZENA', 'ABARR', 'gr', '', 750, 0, 0, 0, 36.63, 36.37, 0, 0, NULL),
('A112', 'FRIJOL NEGRO', 'ABARR', 'gr', '', 900, 3, 0, 0, 22.41, 22.51, 0, 0, NULL),
('A114', 'FRIJOL PINTO', 'ABARR', 'gr', '', 900, 3, 0, 0, 22.59, 22.6, 0, 0, NULL),
('A119', 'GALLETAS RITZ', 'ABARR', 'gr', '', 810, 0, 0, 0, 23.5, 83.75, 0, 0, NULL),
('A121', 'GALLETAS SALMAS', 'ABARR', 'pz', '', 36, 0.81, 0, 0, 64.82, 64.72, 0, 0, NULL),
('A123', 'GALLLETAS WAFERS', 'ABARR', 'pz', '', 300, 0, 0, 0, 19.9, 19.49, 0, 0, NULL),
('A124', 'GIN SEN CAPSULAS 10PZ', 'ABARR', 'pz', '', 10, 0, 0, 0, 69.9, 67.44, 0, 0, NULL),
('A125', 'GLUCOSA', 'ABARR', 'GR', '', 1000, 0, 0, 0, 36.5, 36.5, 0, 0, NULL),
('A128', 'HARINA DE MAIZ MASECA', 'ABARR', 'gr', '', 2000, 1.75, 0, 0, 11.5, 11.51, 0, 0, NULL),
('A129', 'HARINA DE TRIGO', 'ABARR', 'gr', '', 1000, 1, 0, 0, 8.5, 8.51, 0, 0, NULL),
('A131', 'HIERBAS FINAS', 'ABARR', 'gr', '', 30, 0, 0, 0, 32, 32, 0, 0, NULL),
('A132', 'HOJAS DE LAUREL FCO', 'ABARR', 'gr', '', 1, 0, 0, 0, 23, 23, 0, 0, NULL),
('A133', 'HUEVO DE CODORNIZ', 'ABARR', 'pz', '', 25, 0, 0, 0, 25, 25, 0, 0, NULL),
('A134', 'HUEVO PZA', 'ABARR', 'pz', '', 1, 4, 0, 0, 2.2, 2.2, 0, 0, NULL),
('A136', 'JARABE FRESA', 'ABARR', 'ml', '', 1000, 0, 0, 0, 60, 58.41, 0, 0, NULL),
('A137', 'JARABE MANGO', 'ABARR', 'ml', '', 1000, 0, 0, 0, 60, 60, 0, 0, NULL),
('A138', 'JARABE MARACUYA', 'ABARR', 'ml', '', 1000, 1, 0, 0, 55, 65.98, 0, 0, NULL),
('A139', 'JARABE TAMARINDO', 'ABARR', 'ml', '', 1000, 0, 0, 0, 34.5, 44.99, 0, 0, NULL),
('A140', 'JARABE ZARZAMORA', 'ABARR', 'ml', '', 1000, 0, 0, 0, 38.7, 19.35, 0, 0, NULL),
('A141', 'JEREZ TRES CORONAS', 'ABARR', 'ml', '', 1000, 0, 0, 0, 49.14, 53.07, 0, 0, NULL),
('A143', 'LECHE CONDENSADA LECHERA', 'ABARR', 'ml', '', 243, 2, 0, 0, 18.9, 19.22, 0, 0, NULL),
('A144', 'LECHE DESLACTOSADA', 'ABARR', 'ml', '', 1000, 0, 0, 0, 18.83, 18.63, 0, 0, NULL),
('A145', 'LECHE DESLACTOSADA LIGHT', 'ABARR', 'ml', '', 1000, 0, 0, 0, 17.75, 17.93, 0, 0, NULL),
('A146', 'LECHE ENTERA', 'ABARR', 'ml', '', 1000, 2, 0, 0, 17.75, 17.75, 0, 0, NULL),
('A147', 'LECHE EVAPORADA CARNATION', 'ABARR', 'ml', '', 1000, -0.14, 0, 0, 35.88, 34.06, 0, 0, NULL),
('A151', 'LICHI EN ALMIBAR', 'ABARR', 'gr', '', 255, 0, 0, 0, 56.5, 38.25, 0, 0, NULL),
('A152', 'LICOR AMARETTO', 'ABARR', 'ml', '', 750, 0, 0, 0, 136.21, 141.66, 0, 0, NULL),
('A154', 'MAIZ POZOLERO', 'ABARR', 'gr', '', 2150, 0, 0, 0, 16, 21.36, 0, 0, NULL),
('A156', 'MANGO EN ALMIBAR', 'ABARR', 'gr', '', 480, 0, 0, 0, 27.88, 27.89, 0, 0, NULL),
('A162', 'MASA AZUL', 'ABARR', 'gr', '', 1000, 3.71, 0, 0, 15, 7.5, 0, 0, NULL),
('A163', 'MASA BLANCA', 'ABARR', 'gr', '', 1000, 0, 0, 0, 10, 10, 0, 0, NULL),
('A164', 'MAYONESA', 'ABARR', 'gr', '', 3400, 1, 0, 0, 162.9, 162.9, 0, 0, NULL),
('A173', 'MOLE', 'ABARR', 'gr', '', 1000, 0, 0, 0, 168, 168, 0, 0, NULL),
('A175', 'MOSTAZA ANTIGUA', 'ABARR', 'gr', '', 210, 0, 0, 0, 79.7, 39.85, 0, 0, NULL),
('A176', 'MOSTAZA DIJON', 'ABARR', 'gr', '', 865, 6, 0, 0, 35, 45.6, 0, 0, NULL),
('A180', 'NUEZ MOSCADA ENTERA', 'ABARR', 'gr', '', 68, 0, 0, 0, 106, 106, 0, 0, NULL),
('A181', 'OPORTO FERREIRO', 'ABARR', 'ml', '', 750, 0, 0, 0, 320, 0, 0, 0, NULL),
('A182', 'OREGANO ENTERO', 'ABARR', 'gr', '', 1000, 0, 0, 0, 60, 60, 0, 0, NULL),
('A183', 'PALMITOS', 'ABARR', 'gr', '', 220, 0, 0, 0, 42, 41.91, 0, 0, NULL),
('A187', 'PAN BOLILLO', 'ABARR', 'pz', '', 1, 0, 0, 0, 2.5, 2.51, 0, 0, NULL),
('A193', 'PAN MOLIDO', 'ABARR', 'gr', '', 1000, 0, 0, 0, 16, 16, 0, 0, NULL),
('A195', 'PAPRIKA', 'ABARR', 'gr', '', 800, 1.65, 0, 0, 190, 166.25, 0, 0, NULL),
('A197', 'PASTA FETUCINI', 'ABARR', 'gr', '', 500, 0, 0, 0, 0, 0, 0, 0, NULL),
('A198', 'PASTA FIDEOS', 'ABARR', 'gr', '', 180, 1, 0, 0, 3.9, 3.9, 0, 0, NULL),
('A199', 'PASTA FIDEOS DE ARROZ', 'ABARR', 'gr', '', 300, 0, 0, 0, 25.2, 25.17, 0, 0, NULL),
('A200', 'PASTA FUSILI', 'ABARR', 'gr', '', 500, 0, 0, 0, 4.2, 2.1, 0, 0, NULL),
('A201', 'PASTA LINGUINI', 'ABARR', 'gr', '', 500, 0, 0, 0, 0, 0, 0, 0, NULL),
('A202', 'PASTA PENNE', 'ABARR', 'gr', '', 500, 0, 0, 0, 3.9, 3.9, 0, 0, NULL),
('A203', 'PASTA SPAGHETTI', 'ABARR', 'gr', '', 200, 0, 0, 0, 3.9, 3.9, 0, 0, NULL),
('A204', 'PEPINILLOS', 'ABARR', 'gr', '', 2040, 0, 0, 0, 75, 72.61, 0, 0, NULL),
('A205', 'PIMENTON DULCE', 'ABARR', 'gr', '', 1000, 0, 0, 0, 170, 170, 0, 0, NULL),
('A206', 'PIMIENTA BLANCA MOLIDA', 'ABARR', 'gr', '', 234, 0.17, 0, 0, 0, 0, 0, 0, NULL),
('A207', 'PIMIENTA GORDA', 'ABARR', 'gr', '', 1000, 0, 0, 0, 195, 185, 0, 0, NULL),
('A208', 'PIMIENTA LIMON', 'ABARR', 'gr', '', 737, 0.8, 0, 0, 152.43, 152.44, 0, 0, NULL),
('A209', 'PIMIENTA NGRA ENTERA', 'ABARR', 'gr', '', 1000, 0, 0, 0, 285, 142.5, 0, 0, NULL),
('A210', 'PIMIENTA NGRA MOLIDA', 'ABARR', 'gr', '', 1000, 0, 0, 0, 191.3, 198.77, 0, 0, NULL),
('A211', 'PIMIENTA ROSA', 'ABARR', 'gr', '', 32, 0, 0, 0, 80, 80, 0, 0, NULL),
('A212', 'PI¥A EN ALMIBAR', 'ABARR', 'gr', '', 480, 0, 0, 0, 34.47, 34.46, 0, 0, NULL),
('A213', 'POLVO PARA HORNEAR ROYAL', 'ABARR', 'gr', '', 454, 1, 0, 0, 39, 39, 0, 0, NULL),
('A215', 'PURE TOMATE', 'ABARR', 'gr', '', 3000, 0, 0, 0, 74.73, 70.85, 0, 0, NULL),
('A216', 'ROMPOPE', 'ABARR', 'ml', '', 900, 0.7, 0, 0, 86.4, 86.39, 0, 0, NULL),
('A217', 'ROMPOPE PI¥ON', 'ABARR', 'ml', '', 900, 0, 0, 0, 150, 150, 0, 0, NULL),
('A218', 'SAL', 'ABARR', 'gr', '', 1000, 0.49, 0, 0, 10.77, 10.77, 0, 0, NULL),
('A219', 'SAL AHUMADA', 'ABARR', 'gr', '', 150, 0, 0, 0, 41, 40.99, 0, 0, NULL),
('A220', 'SAL AMARILLA', 'ABARR', 'gr', '', 1000, 0, 0, 0, 85, 84.21, 0, 0, NULL),
('A221', 'SAL DE JAMAICA', 'ABARR', 'gr', '', 1, 0, 0, 0, 160, 160, 0, 0, NULL),
('A222', 'SAL DE MAR', 'ABARR', 'gr', '', 3000, 0.22, 0, 0, 54.6, 52.86, 0, 0, NULL),
('A223', 'SAL GRANO', 'ABARR', 'gr', '', 1000, 4.4, 0, 0, 4.52, 4.46, 0, 0, NULL),
('A224', 'SAL GUSANO', 'ABARR', 'gr', '', 1000, 0, 0, 0, 740, 733.02, 0, 0, NULL),
('A225', 'SAL ROSA HIMALAYA', 'ABARR', 'gr', '', 295, 5, 0, 0, 35, 17.5, 0, 0, NULL),
('A226', 'SALSA BBQ', 'ABARR', 'gr', '', 620, 0, 0, 0, 23.78, 23.66, 0, 0, NULL),
('A227', 'SALSA BRUJA', 'ABARR', 'gr', '', 800, 0, 0, 0, 60, 30, 0, 0, NULL),
('A228', 'SALSA BUFALO', 'ABARR', 'ml', '', 150, 0, 0, 0, 7.99, 8.15, 0, 0, NULL),
('A229', 'SALSA CATSUP', 'ABARR', 'gr', '', 396, -0.05, 0, 0, 18, 18, 0, 0, NULL),
('A230', 'SALSA CHAMOY', 'ABARR', 'gr', '', 1500, 0, 0, 0, 19.09, 18.46, 0, 0, NULL),
('A231', 'SALSA DE SOYA', 'ABARR', 'ml', '', 1800, 0.5, 0, 0, 362.8, 276.6, 0, 0, NULL),
('A232', 'SALSA HABANERO LOL-TUN', 'ABARR', 'ml', '', 150, 0, 0, 0, 13.01, 12.68, 0, 0, NULL),
('A233', 'SALSA INGLESA LT.', 'ABARR', 'ml', '', 1000, 0.5, 0, 0, 100, 100, 0, 0, NULL),
('A234', 'SALSA MAE PLOY', 'ABARR', 'gr', '', 920, 0, 0, 0, 87.5, 43.75, 0, 0, NULL),
('A235', 'SALSA MAGGI', 'ABARR', 'ml', '', 1000, 0.9, 0, 0, 133, 133, 0, 0, NULL),
('A236', 'SALSA RED HOT', 'ABARR', 'ml', '', 3780, 0, 0, 0, 203, 202, 0, 0, NULL),
('A237', 'SALSA SHIRASHA', 'ABARR', 'ml', '', 435, 0, 0, 0, 86, 43, 0, 0, NULL),
('A238', 'SALSA TABASCO', 'ABARR', 'ml', '', 355, 0, 0, 0, 154.6, 138.27, 0, 0, NULL),
('A239', 'SALSA TOMATE', 'ABARR', 'gr', '', 2800, 0, 0, 0, 93.6, 88.85, 0, 0, NULL),
('A240', 'SALSA VALENTINA', 'ABARR', 'ml', '', 370, 0, 0, 0, 19, 13.7, 0, 0, NULL),
('A241', 'SALSA YAKIZOBA', 'ABARR', 'ml', '', 4000, 0, 0, 0, 0, 0, 0, 0, NULL),
('A242', 'SALSA YUZU', 'ABARR', 'ml', '', 1000, 0, 0, 0, 99, 99, 0, 0, NULL),
('A243', 'SALSA ZAMBAL', 'ABARR', 'gr', '', 3859, 1, 19, 0, 10, 0, 0, 18, 'pedido'),
('A244', 'SAZONADOR MONTREAL DE POL', 'ABARR', 'gr', '', 652, 0, 19, 0, 0, 0, 0, 19, 'pedido'),
('A245', 'SAZONADOR MONTREAL DE RES', 'ABARR', 'gr', '', 822, 0, 0, 0, 0, 0, 0, 0, NULL),
('A246', 'SAZONADOR SABROSEADOR', 'ABARR', 'gr', '', 117, 0, 0, 0, 14.55, 15.54, 0, 0, NULL),
('A247', 'SIDRA', 'ABARR', 'ml', '', 680, 0, 0, 0, 41.55, 41.15, 0, 0, NULL),
('A248', 'STEVIA', 'ABARR', 'gr', '', 500, 0, 0, 0, 204.11, 102.06, 0, 0, NULL),
('A249', 'SUSTITUTO CREMA', 'ABARR', 'gr', '', 200, 0, 0, 0, 101.28, 100.11, 0, 0, NULL),
('A250', 'TABULE', 'ABARR', 'gr', '', 360, 0, 0, 0, 60, 59.84, 0, 0, NULL),
('A251', 'TANG', 'ABARR', 'pz', '', 8, 0, 0, 0, 2.67, 2.86, 0, 0, NULL),
('A252', 'TOMATE CORTADO', 'ABARR', 'gr', '', 1, 0, 0, 0, 12, 13.31, 0, 0, NULL),
('A253', 'TORTILLA BURRO', 'ABARR', 'gr', '', 1000, 0, 0, 0, 36, 35.97, 0, 0, NULL),
('A254', 'TORTILLA CHALUPA', 'ABARR', 'gr', '', 1000, -0.12, 0, 0, 17, 16.94, 0, 0, NULL),
('A255', 'TORTILLA HARINA', 'ABARR', 'gr', '', 325, 0, 0, 0, 22.5, 22.5, 0, 0, NULL),
('A256', 'TORTILLA MAIZ', 'ABARR', 'gr', '', 1000, 0, 0, 0, 13, 13, 0, 0, NULL),
('A257', 'TOSTADAS', 'ABARR', 'pz', '', 40, 0, 0, 0, 17, 15.88, 0, 0, NULL),
('A258', 'TOTOPOS TOSTACHOS', 'ABARR', 'gr', '', 3000, 0, 0, 0, 96.67, 100.8, 0, 0, NULL),
('A259', 'TURRON', 'ABARR', 'gr', '', 200, 0, 0, 0, 57, 56.84, 0, 0, NULL),
('A260', 'VAINILLA ESTRACTO', 'ABARR', 'ml', '', 1000, 0, 0, 0, 45, 35.63, 0, 0, NULL),
('A261', 'VINAGRE BALSAMICO', 'ABARR', 'ml', '', 500, 1, 0, 0, 50, 25, 0, 0, NULL),
('A262', 'VINAGRE BALSAMICO CREMA', 'ABARR', 'ml', '', 275, 2, 0, 0, 74, 73.95, 0, 0, NULL),
('A263', 'VINAGRE BLANCO', 'ABARR', 'ml', '', 3700, -0.05, 0, 0, 24.25, 24.82, 0, 0, NULL),
('A264', 'VINAGRE DE VINO TINTO', 'ABARR', 'ml', '', 500, 0, 0, 0, 40, 44.38, 0, 0, NULL),
('A265', 'VINO BLANCO', 'ABARR', 'ml', '', 4000, 0.75, 0, 0, 493.83, 353.12, 16, 0, NULL),
('A266', 'VINO TINTO', 'ABARR', 'ml', '', 4000, 0.04, 0, 0, 206, 171.97, 16, 0, NULL),
('A267', 'TELERA', 'ABARR', 'PZ', '', 1, 0, 0, 0, 1.5, 0, 0, 0, NULL),
('A268', 'PAN BIROTE', 'ABARR', 'PZ', '', 1, 0, 0, 0, 29, 16.38, 0, 0, NULL),
('A269', 'LENTEJAS', 'ABARR', 'gr', '', 1000, 0, 0, 0, 25, 26.09, 0, 0, NULL),
('A271', 'PASTA HOJALDRE', 'ABARR', 'gr', '', 1000, 0, 0, 0, 38.8, 19.4, 0, 0, NULL),
('A272', 'PASTA FILO', 'ABARR', '', '', 1000, 0, 0, 0, 0, 0, 0, 0, NULL),
('A273', 'RECADO NEGRO', 'ABARR', 'gr', '', 1000, 2, 0, 0, 0, 0, 0, 0, NULL),
('A274', 'REFRESCO COCA COLA COCINA', 'ABARR', 'ml', '', 2000, 0, 0, 0, 11.6, 9.28, 0, 0, NULL),
('A275', 'COCTAIL DE FRUTAS LATA', 'ABARR', 'gr', '', 1, 0, 0, 0, 24.8, 24.8, 0, 0, NULL),
('A276', 'CUPCAKES CUMPLEA¥OS', 'ABARR', 'pz', '', 1, 0, 0, 0, 2.5, 1.25, 0, 0, NULL),
('A280', 'BIZCOCHO DE GUANABANA', 'ABARR', 'PZ', '', 1, 0, 0, 0, 35, 0, 0, 0, NULL),
('A283', 'CHURROS', 'ABARR', 'PZ', '', 665.5, 0, 0, 0, 707.57, 403.79, 0, 0, NULL),
('A284', 'DULCE DE LECHE LATA', 'ABARR', 'GR', '', 380, 0, 0, 0, 8.9, 4.95, 0, 0, NULL),
('A285', 'GALLETA DE ANIMALITOS', 'ABARR', 'GR', '', 1000, 1, 0, 0, 25, 27.07, 0, 0, NULL),
('A286', 'GRENETINA', 'ABARR', 'GR', '', 1000, 1.8, 0, 0, 178, 136.35, 0, 0, NULL),
('A287', 'FECULA DE MAIZ MAIZENA', 'ABARR', 'GR', '', 750, 1, 0, 0, 41.42, 41.35, 0, 0, NULL),
('A288', 'TLAYUDA', 'ABARR', 'PZ', '', 1, -1, 0, 0, 7, 7.01, 0, 0, NULL),
('A304', 'LECHUGA SANGRIA', 'VERDU', 'GR', '', 1000, 1, 0, 0, 9, 8.51, 0, 0, NULL),
('A305', 'MAMEY', 'VERDU', 'GR', '', 1000, 0, 0, 0, 23.5, 30, 0, 0, NULL),
('A403', 'PAN PITA', 'ABARR', '', '', 1000, 0, 0, 0, 30, 0, 0, 0, NULL),
('A408', 'JENGIBRE', 'ABARR', 'GR', '', 1000, 0, 0, 0, 1, 0, 0, 0, NULL),
('A411', 'PULPA DE MAMEY', 'ABARR', 'GR', '', 1000, -0.01, 0, 0, 50, 49.88, 0, 0, NULL),
('A413', 'ADOBO EN PASTA', 'ABARR', 'GR', '', 1000, 0, 0, 0, 1, 0, 0, 0, NULL),
('A414', 'FRIJOL BAYO', 'ABARR', 'gr', '', 1000, 0, 0, 0, 23.3, 17.64, 0, 0, NULL),
('A415', 'PAPEL DE ESTRAZA', 'ABARR', 'PZ', '', 1, 0, 0, 0, 52.2, 46.15, 0, 0, NULL),
('ABEL', 'ABSOLUT ELYX', 'VODKA', 'ML', '', 750, 2.04, 0, 0, 410.26, 205.13, 16, 0, NULL),
('ABGM', 'GREY GOOSE 1.750', 'VODKA', 'ML', '', 1750, 0, 0, 0, 846.84, 844.2, 0, 0, NULL),
('AGCO', 'AGUA CORRIENTE', 'REFRE', 'ML', '', 19000, 0, 0, 0, 30.59, 25.94, 0, 0, NULL),
('B001', 'AGUA GARRAFON', 'BEBID', 'ml', '', 20000, 0, 0, 0, 27, 27, 0, 0, NULL),
('B002', 'AGUA MINERAL LATA', 'BEBID', 'PZ', '', 355, 251, 351, 0, 5.96, 5.96, 16, 0, 'pedido'),
('B003', 'AGUA MINERAL MINI', 'BEBID', 'ML', '', 250, 304, 0, 0, 5.53, 5.53, 16, 0, NULL),
('B004', 'AGUA MINERAL REFIL', 'BEBID', 'ML', '', 2000, 15, 0, 0, 12.07, 12.08, 16, 0, NULL),
('B006', 'AGUA NATURAL MINI', 'BEBID', 'ML', '', 355, 0, 0, 0, 7.76, 5.98, 16, 0, NULL),
('B007', 'AGUA PERRIER', 'BEBID', 'ML', '', 250, 46, 0, 0, 16.5, 16.51, 0, 0, NULL),
('B008', 'AGUA QUINA', 'BEBID', 'ML', '', 237, 85, 0, 0, 5.78, 5.78, 16, 0, NULL),
('B009', 'AGUA QUINA SCHWEPPES', 'BEBID', 'ML', '', 296, 32, 0, 0, 4.82, 4.83, 0, 0, NULL),
('B010', 'AGUA TONICA 1724', 'BEBID', 'ML', '', 200, 11, 0, 0, 38.5, 35.44, 0, 0, NULL),
('B011', 'AGUA TON.BUITONIC', 'BEBID', 'ML', '', 355, 21, 0, 0, 18.97, 455.17, 0, 0, NULL),
('B012', 'AGUA TON.FENTIMAS', 'BEBID', 'ML', '', 200, 21, 0, 0, 25, 600, 16, 0, NULL),
('B013', 'AGUA TON.VELVET SODA R', 'BEBID', 'ML', '', 275, 0, 0, 0, 17, 408, 16, 0, NULL),
('B014', 'AGUA TON.VICHY CATALAN', 'BEBID', 'ML', '', 275, 0, 0, 0, 22.91, 535, 16, 0, NULL),
('B017', 'NESPRESSO DOLCE AMER', 'BEBID', 'pz', '', 50, 1.26, 0, 0, 545, 476.88, 0, 0, NULL),
('B018', 'NESPRESSO DOLCE CAPU', 'BEBID', 'pz', '', 50, 1, 0, 0, 545, 272.5, 0, 0, NULL),
('B019', 'NESPRESSO DOLCE EXPR', 'BEBID', 'pz', '', 50, 2.5, 0, 0, 545, 530.67, 0, 0, NULL),
('B020', 'NESPRESSO EXPRESO FO', 'BEBID', 'pz', '', 50, 1.76, 0, 0, 545, 544.99, 0, 0, NULL),
('B021', 'NESPRESSO LUNGO DESC', 'BEBID', 'pz', '', 50, 0.8, 0, 0, 545, 476.88, 0, 0, NULL),
('B022', 'NESPRESSO LUNGO FORT', 'BEBID', 'pz', '', 50, 0.4, 0, 0, 545, 545, 0, 0, NULL),
('B023', 'NESPRESSO RISTRETTO', 'BEBID', 'pz', '', 50, 1.72, 0, 0, 545, 545, 0, 0, NULL),
('B025', 'CLAMATO', 'BEBID', 'ml', '', 1890, 10, 0, 0, 44.13, 44.14, 0, 0, NULL),
('B026', 'COCACOLA LATA', 'BEBID', 'ML', '', 355, 182, 0, 0, 9.16, 9.16, 16, 0, NULL),
('B027', 'COCACOLA LIGHT LATA', 'BEBID', 'ML', '', 355, 97, 0, 0, 9.16, 9.16, 16, 0, NULL),
('B028', 'COCACOLA LIGHT MINI', 'BEBID', 'ML', '', 250, 86, 0, 0, 6.32, 6.32, 16, 0, NULL),
('B029', 'COCACOLA MINI', 'BEBID', 'ML', '', 1, 159, 0, 0, 6.61, 6.61, 16, 0, NULL),
('B030', 'COCACOLA REFIL', 'BEBID', 'ML', '', 2000, 8, 0, 0, 19.21, 19.22, 16, 0, NULL),
('B031', 'COCACOLA ZERO LATA', 'BEBID', 'ML', '', 355, 78, 0, 0, 7.54, 7.54, 16, 0, NULL),
('B032', 'COCACOLA ZERO MINI', 'BEBID', 'ML', '', 250, 27, 0, 0, 5.32, 4.6, 16, 0, NULL),
('B033', 'DELAWARE LATA', 'BEBID', 'ML', '', 355, 29, 0, 0, 7.65, 7.64, 16, 0, NULL),
('B034', 'FANTA LATA', 'BEBID', 'ML', '', 355, 47, 0, 0, 7.65, 7.63, 16, 0, NULL),
('B035', 'FRESCA LATA', 'BEBID', 'ML', '', 355, 25, 0, 0, 7.65, 7.65, 16, 0, NULL),
('B036', 'FRESCA REFIL', 'BEBID', 'ML', '', 2000, 0, 0, 0, 12.18, 12.09, 16, 0, NULL),
('B037', 'GINGER', 'BEBID', 'pz', '', 355, 44, 0, 0, 4.74, 4.75, 16, 0, NULL),
('B038', 'GINGER FEVER TREES', 'BEBID', 'pz', '', 24, 0, 0, 0, 517.25, 517.25, 0, 0, NULL),
('B039', 'JARABE NATURAL', 'BEBID', 'ml', '', 1000, 0, 0, 0, 33.62, 33.63, 16, 0, NULL),
('B040', 'JUGO AMI MANZANA', 'BEBID', 'pz', '', 12, 0, 0, 0, 15.75, 11.82, 0, 0, NULL),
('B041', 'JUGO AMI NARANJA', 'BEBID', 'pz', '', 12, 0, 0, 0, 15, 13.41, 0, 0, NULL),
('B042', 'JUGO AMI PI¥A', 'BEBID', 'pz', '', 12, 0, 0, 0, 15.75, 7.88, 0, 0, NULL),
('B043', 'JUGO AMI UVA', 'BEBID', 'pz', '', 12, 0, 0, 0, 19.8, 20.15, 0, 0, NULL),
('B044', 'JUGO ARANDANO', 'BEBID', 'pz', '', 1000, 30, 0, 0, 18.52, 18.55, 0, 0, NULL),
('B045', 'JUGO BOING', 'BEBID', 'pz', '', 12, 0, 0, 0, 99.48, 99.86, 0, 0, NULL),
('B046', 'JUGO DURAZNO', 'BEBID', 'pz', '', 1000, 4, 0, 0, 16.58, 16.58, 0, 0, NULL),
('B047', 'JUGO GUAYABA', 'BEBID', 'pz', '', 1000, 0, 0, 0, 12.96, 12.09, 0, 0, NULL),
('B048', 'JUGO LIMON NATURAL', 'BEBID', 'ml', '', 4000, 0, 0, 0, 75, 75.01, 0, 0, NULL),
('B049', 'JUGO MANGO', 'BEBID', 'pz', '', 1000, 9, 0, 0, 16.58, 16.58, 0, 0, NULL),
('B050', 'JUGO MANZANA', 'BEBID', 'pz', '', 1000, 1, 0, 0, 16.58, 16.57, 0, 0, NULL),
('B051', 'JUGO NARANJA', 'BEBID', 'pz', '', 1000, 13, 0, 0, 16.88, 16.79, 0, 0, NULL),
('B052', 'JUGO NARANJA NATURAL', 'BEBID', 'ml', '', 4000, 0, 0, 0, 75, 75, 0, 0, NULL),
('B053', 'JUGO PI¥A', 'BEBID', 'pz', '', 1000, 12.73, 0, 0, 16.58, 16.61, 0, 0, NULL),
('B054', 'JUGO TOMATE', 'BEBID', 'pz', '', 1000, 10, 0, 0, 16.63, 16.16, 0, 0, NULL),
('B055', 'JUGO UVA', 'BEBID', 'pz', '', 1000, 17, 0, 0, 16.63, 16.62, 0, 0, NULL),
('B058', 'SIDRAL LATA', 'BEBID', 'ML', '', 355, 50, 0, 0, 7.65, 7.65, 16, 0, NULL),
('B059', 'SPRITE LATA', 'BEBID', 'ML', '', 355, 76, 0, 0, 7.65, 7.65, 16, 0, NULL),
('B060', 'SPRITE REFIL', 'BEBID', 'ML', '', 2000, 0, 0, 0, 12.18, 12, 16, 0, NULL),
('B061', 'SPRITE ZERO', 'BEBID', 'ML', '', 355, 41, 0, 0, 7.65, 7.27, 16, 0, NULL),
('B065', 'TE CHINE BLANC PASSION', 'BEBID', 'gr', '', 1000, 0, 0, 0, 2730, 2730, 0, 0, NULL),
('B066', 'TE CHINE JASMIN CHUNG HAO', 'BEBID', 'gr', '', 1000, 0, 0, 0, 2262, 1131, 0, 0, NULL),
('B067', 'TE CHINE LAPSANG SOUCHONG', 'BEBID', 'gr', '', 1000, 0, 0, 0, 975, 975, 0, 0, NULL),
('B068', 'TE CHINE YUNNAN VERT', 'BEBID', 'gr', '', 1000, 0, 0, 0, 1560, 1560, 0, 0, NULL),
('B069', 'TE COQUELICOT GOURDMAND', 'BEBID', 'gr', '', 1000, 0, 0, 0, 975, 975, 0, 0, NULL),
('B070', 'TE DARJEELING GFOP SUPERI', 'BEBID', 'gr', '', 1000, 0, 0, 0, 1560, 1560, 0, 0, NULL),
('B071', 'TE EARL GREY TIN ZHEN', 'BEBID', 'gr', '', 1000, 0, 0, 0, 1267.5, 1267.5, 0, 0, NULL),
('B072', 'TE FRUTOS ROJOS', 'BEBID', 'pz', '', 1, 0, 0, 0, 32, 46, 0, 0, NULL),
('B073', 'TE GOUT RUSSE DOUCHKA', 'BEBID', 'gr', '', 1000, 0, 0, 0, 1170, 1170, 0, 0, NULL),
('B074', 'TE HIERBA BUENA', 'BEBID', 'pz', '', 1, 0, 0, 0, 47.6, 0, 0, 0, NULL),
('B075', 'TE INF. FRUITS SAMBA', 'BEBID', 'gr', '', 1000, 0, 0, 0, 975, 975, 0, 0, NULL),
('B076', 'TE JARDIN BLEU', 'BEBID', 'gr', '', 1000, 0, 0, 0, 1170, 1170, 0, 0, NULL),
('B077', 'TE LIMON', 'BEBID', 'pz', '', 1, 0, 0, 0, 101.28, 50.64, 0, 0, NULL),
('B078', 'TE LORIENTAL', 'BEBID', 'gr', '', 1000, 0, 0, 0, 1170, 1170, 0, 0, NULL),
('B079', 'TE MANZANILLA', 'BEBID', 'pz', '', 1000, 0, 0, 0, 101.28, 50.64, 0, 0, NULL),
('B081', 'TE PIM LIMON TONES', 'BEBID', 'gr', '', 1000, 0, 0, 0, 101.28, 0, 0, 0, NULL),
('B082', 'TE POMME DAOUR', 'BEBID', 'gr', '', 1000, 0, 0, 0, 905.83, 905.83, 0, 0, NULL),
('B083', 'TE QUATRE FRUITS ROUGES', 'BEBID', 'gr', '', 1000, 0, 0, 0, 1131, 565.5, 0, 0, NULL),
('B084', 'TE ROOBBOIS CITRUS', 'BEBID', 'gr', '', 1000, 0, 0, 0, 1170, 1170, 0, 0, NULL),
('B085', 'TE SOLEIL VERT', 'BEBID', 'gr', '', 1000, 0, 0, 0, 1072.5, 1072.5, 0, 0, NULL),
('B086', 'TE STRONG BREAKFAST', 'BEBID', 'gr', '', 1000, 0, 0, 0, 1072.5, 1072.5, 0, 0, NULL),
('B087', 'TE TIEMPOS VIOLENTOS', 'BEBID', 'gr', '', 1000, 0, 0, 0, 1800, 1800, 0, 0, NULL),
('B088', 'TE TOUAREG', 'BEBID', 'gr', '', 1000, 0, 0, 0, 975, 975, 0, 0, NULL),
('B089', 'TE VERDE', 'BEBID', 'pz', '', 1, 0, 0, 0, 101.28, 50.64, 0, 0, NULL),
('B090', 'JUGO MANDARINA', 'BEBID', 'pz', '', 1000, 0, 0, 0, 9.27, 7.53, 0, 0, NULL),
('B091', 'JUGO TORONJA', 'BEBID', 'pz', '', 1000, 0, 0, 0, 80, 40, 0, 0, NULL),
('B100', 'ORANGE CRUSH', 'BEBID', 'PZ', '', 1, 0, 0, 0, 9.13, 8.99, 0, 0, NULL),
('B150', 'AGUA TONI.FERVER', 'BEBID', 'ML', '', 1, 16, 0, 0, 28, 242.13, 0, 0, NULL),
('BOOS', 'BOOST', 'REFRE', 'ML', '', 1, -767, 0, 0, 13.26, 13.26, 0, 0, NULL),
('BRAM', 'ALMA DE MAGNO', 'BRAND', 'ML', '', 750, 2.16, 0, 0, 289.66, 289.67, 16, 0, NULL),
('BRAZ', 'AZTECA DE ORO 750 ML', 'BRAND', 'ML', '', 750, 0, 0, 0, 108.62, 108.62, 16, 0, NULL),
('BRCI', 'CARLOS I', 'BRAND', 'ML', '', 750, 3.07, 0, 0, 482.76, 482.02, 16, 0, NULL),
('BRCM', 'CARDENAL DE MENDOZA', 'BRAND', 'ML', '', 750, 2, 0, 0, 761.77, 677.01, 16, 0, NULL),
('BRDA', 'DUQUE DE ALBA', 'BRAND', 'ML', '', 700, 0, 0, 0, 582.8, 291.4, 16, 0, NULL),
('BRFA', 'FERNANDO CASTILLA ANTIQUE', 'BRAND', '', '', 750, 0.09, 0, 0, 500, 0, 0, 0, NULL),
('BRFC', 'FERNANDO DE CASTILLA', 'BRAND', 'ML', '', 750, 0, 0, 0, 215.52, 107.76, 16, 0, NULL),
('BRFU', 'FUNDADOR', 'BRAND', 'ML', '', 700, 4.14, 0, 0, 150, 150, 16, 0, NULL),
('BRJI', 'JAIME I', 'BRAND', 'ML', '', 750, 2, 0, 0, 1, 0, 16, 0, NULL),
('BRMA', 'MAGNO', 'BRAND', 'ML', '', 750, 8.02, 0, 0, 170.69, 170.69, 16, 0, NULL),
('BRPR', 'PRESIDENTE', 'BRAND', 'ML', '', 940, 0, 0, 0, 68.7, 68.02, 0, 0, NULL),
('BRT1', 'TORRES 15', 'BRAND', 'ML', '', 750, 4.14, 0, 0, 366.38, 366.38, 16, 0, NULL),
('BRT5', 'TORRES 5 A¥OS', 'BRAND', 'ML', '', 750, 0, 0, 0, 129.79, 139.9, 0, 0, NULL),
('BRT9', 'TERRY 1900', 'BRAND', 'ML', '', 700, 0, 0, 0, 169.57, 157.89, 0, 0, NULL),
('BRTD', 'TORRES DIEZ', 'BRAND', 'ML', '', 750, 20.12, 0, 0, 197.41, 197.42, 16, 0, NULL),
('BRTE', 'TERRY CENTENARIO 750 ML.', 'BRAND', 'ML', '', 750, 8.08, 0, 0, 206.03, 206.03, 16, 0, NULL),
('BRTV', 'TORRES 20 A¥OS', 'BRAND', 'ML', '', 750, 2.03, 0, 0, 642.24, 641.23, 16, 0, NULL),
('C001', 'ALITAS NATURAL', 'CARNE', 'gr', '', 1000, 0, 0, 0, 650, 631.25, 0, 0, NULL),
('C002', 'ARRACHERA TEXANA', 'CARNE', 'gr', '', 1000, 5.58, 0, 0, 64.12, 68.93, 0, 0, NULL),
('C003', 'CABEZA DE FILETE', 'CARNE', 'gr', '', 1000, 0, 0, 0, 259, 249.57, 0, 0, NULL),
('C004', 'CABRERIA', 'CARNE', 'gr', '', 1000, 0, 0, 0, 205.85, 289.44, 0, 0, NULL),
('C005', 'CARNE MOLIDA', 'CARNE', 'gr', '', 1000, 0, 0, 0, 88, 100.79, 0, 0, NULL),
('C006', 'CARNE MOLIDA DE CERDO', 'CARNE', 'gr', '', 1000, 0, 0, 0, 84, 85.93, 0, 0, NULL),
('C007', 'CARNE MOLIDA DE RES', 'CARNE', 'gr', '', 1000, 0, 0, 0, 135, 135, 0, 0, NULL),
('C008', 'CARNE SECA', 'CARNE', 'gr', '', 1000, 0, 0, 0, 110, 110, 0, 0, NULL),
('C009', 'CARRILLERA', 'CARNE', 'gr', '', 1000, 0, 0, 0, 120, 119.77, 0, 0, NULL),
('C010', 'CHAMBERETE', 'CARNE', 'gr', '', 1000, 0, 0, 0, 98, 96.5, 0, 0, NULL),
('C011', 'CHAMORRO', 'CARNE', 'pz', '', 1000, 0, 0, 0, 55, 57.66, 0, 0, NULL),
('C012', 'CHAPULINES', 'CARNE', 'gr', '', 1000, 0.1, 0, 0, 700, 787.96, 0, 0, NULL),
('C013', 'CHICHARRON', 'CARNE', 'gr', '', 1000, 2.16, 0, 0, 110, 110.08, 0, 0, NULL),
('C014', 'CHICHARRON PRENSADO', 'CARNE', 'gr', '', 1000, -0.01, 0, 0, 120, 120, 0, 0, NULL),
('C015', 'CHISTORRA', 'CARNE', 'gr', '', 1000, 0, 0, 0, 105, 105.01, 0, 0, NULL),
('C016', 'CHULETON', 'CARNE', 'pz', '', 1, 0, 0, 0, 88, 87, 0, 0, NULL),
('C017', 'COSTILLA RES MARCADA', 'CARNE', 'pz', '', 1, 3.48, 0, 0, 260, 251.25, 0, 0, NULL),
('C018', 'COSTILLAS DE CERDO', 'CARNE', 'GR', '', 1000, 0, 0, 0, 88, 88, 0, 0, NULL),
('C019', 'COW BOY', 'CARNE', 'gr', '', 1000, 0, 0, 0, 360, 364.38, 0, 0, NULL),
('C020', 'DIEZMILLO', 'CARNE', 'gr', '', 1000, 0, 0, 0, 90, 89.3, 0, 0, NULL),
('C021', 'ESCAMOLES KG', 'CARNE', 'gr', '', 1000, 0, 0, 0, 1100, 962.5, 0, 0, NULL),
('C022', 'FALDA DE RES', 'CARNE', 'gr', '', 1000, 1.05, 0, 0, 135, 135, 0, 0, NULL),
('C023', 'FILETE RES', 'CARNE', 'gr', '', 1000, 0.9, 0, 0, 320, 320.45, 0, 0, NULL),
('C024', 'GUSANO DE MAGUEY KG', 'CARNE', 'gr', '', 1000, 0, 0, 0, 462, 461.94, 0, 0, NULL),
('C026', 'HUESO DE JAMON SERRANO', 'CARNE', 'gr', '', 1000, 0, 0, 0, 166.14, 165.66, 0, 0, NULL),
('C027', 'HUESO DE POLLO KG', 'CARNE', 'gr', '', 1000, 0, 0, 0, 369.72, 334.87, 0, 0, NULL),
('C028', 'HUESO DE TERNERA', 'CARNE', 'gr', '', 1000, 0, 0, 0, 20, 20, 0, 0, NULL),
('C029', 'HUESO TUETANO', 'CARNE', 'pz', '', 1000, -0.24, 0, 0, 55, 46.25, 0, 0, NULL),
('C030', 'LECHON 9 KG', 'CARNE', 'gr', '', 1000, 5.52, 0, 0, 1300, 1259.38, 0, 0, NULL),
('C031', 'LENGUA DE RES', 'CARNE', 'gr', '', 1000, -0.2, 0, 0, 250, 250.01, 0, 0, NULL),
('C032', 'LOMO AHUMADO', 'CARNE', 'gr', '', 1000, 0, 0, 0, 95, 71.25, 0, 0, NULL),
('C033', 'LOMO CANADIENSE', 'CARNE', 'gr', '', 1000, 0, 0, 0, 205, 205, 0, 0, NULL),
('C034', 'MACHACA', 'CARNE', 'gr', '', 1000, 0, 0, 0, 135, 135.09, 0, 0, NULL),
('C035', 'MEDALLONES DE FILETE', 'CARNE', 'pz', '', 1000, 0, 0, 0, 480.87, 480.87, 0, 0, NULL),
('C036', 'MEDULA', 'CARNE', 'gr', '', 1000, 0, 0, 0, 180, 174.2, 0, 0, NULL),
('C037', 'MILANESA POLLO', 'CARNE', 'gr', '', 1000, 0, 0, 0, 78, 78.01, 0, 0, NULL),
('C038', 'PANZA DE RES', 'CARNE', 'gr', '', 1000, 0, 0, 0, 65, 77.85, 0, 0, NULL),
('C039', 'PATO ENTERO', 'CARNE', 'gr', '', 1000, 0, 0, 0, 135, 135, 0, 0, NULL),
('C040', 'PECHUGA C/HUESO', 'CARNE', 'gr', '', 1000, 0, 0, 0, 45, 59.07, 0, 0, NULL),
('C041', 'PIERNA Y MUSLO', 'CARNE', 'gr', '', 1000, 0, 0, 0, 48, 48, 0, 0, NULL),
('C042', 'PRIME RIB', 'CARNE', 'gr', '', 1000, 0, 0, 0, 387.27, 364.41, 0, 0, NULL),
('C043', 'RETAZO DE POLLO', 'CARNE', 'gr', '', 1000, 0, 0, 0, 45, 45.01, 0, 0, NULL),
('C044', 'RIB EYE', 'CARNE', 'gr', '', 1000, 1.58, 0, 0, 163.76, 167.38, 0, 0, NULL),
('C046', 'RIB EYE ECO', 'CARNE', 'gr', '', 1000, 5.32, 0, 0, 250, 215.01, 0, 0, NULL),
('C047', 'SESOS DE CERDO', 'CARNE', 'gr', '', 1000, 1, 0, 0, 120, 120, 0, 0, NULL),
('C048', 'SHORT RIB EYE', 'CARNE', 'gr', '', 1000, -0.3, 0, 0, 379, 371.19, 0, 0, NULL),
('C049', 'SHOT LOIN', 'CARNE', 'gr', '', 1000, 0, 0, 0, 225.81, 219.86, 0, 0, NULL),
('C050', 'SIRLOIN', 'CARNE', 'gr', '', 1000, 0, 0, 0, 171.35, 178.54, 0, 0, NULL),
('C051', 'T- BONE', 'CARNE', 'gr', '', 1000, 0, 0, 0, 225.81, 221.93, 0, 0, NULL),
('C052', 'TABLITA DE LOMO', 'CARNE', 'gr', '', 1000, 0, 0, 0, 208.2, 208.2, 0, 0, NULL),
('C053', 'TLALITOS', 'CARNE', 'gr', '', 1000, 0.77, 0, 0, 120, 120, 0, 0, NULL),
('C057', 'CECINA NATURAL KG', 'CARNE', 'gr', '', 1001, 3.38, 0, 0, 174.43, 176.16, 0, 0, NULL),
('C061', 'PECHUGA DE POLLO', 'CARNE', 'gr', '', 1001, 1.89, 0, 0, 73, 73.01, 0, 0, NULL),
('C063', 'ASIENTO DE CHICHARRON', 'CARNE', 'GR', '', 1000, 1.35, 0, 0, 120, 120, 0, 0, NULL),
('C064', 'BISTECK DE CERDO', 'CARNE', 'GR', '', 1000, 0, 0, 0, 84, 85, 0, 0, NULL),
('C065', 'CHORIZO VERDE', 'CARNE', 'GR', '', 1000, 0, 0, 0, 95, 92.64, 0, 0, NULL),
('C066', 'MANTECA DE CERDO', 'CARNE', 'GR', '', 1000, 0, 0, 0, 45, 45.01, 0, 0, NULL),
('C067', 'PIERNA DE CERDO', 'CARNE', 'GR', '', 1000, 0, 0, 0, 84, 83.28, 0, 0, NULL),
('C068', 'RABO DE RES', 'CARNE', 'GR', '', 1000, 0, 0, 0, 70, 71.57, 0, 0, NULL),
('C069', 'ESPINAZO DE PUERCO', 'CARNE', 'GR', '', 1000, 0, 0, 0, 78, 77.37, 0, 0, NULL),
('C070', 'CENTRO DE TUETANO', 'CARNE', 'GR', '', 1000, 0.64, 0, 0, 350, 351.18, 0, 0, NULL),
('C071', 'LOMO DE CERDO', 'CARNE', 'GR', '', 1000, 0, 0, 0, 160, 126.25, 0, 0, NULL),
('C072', 'SUADERO', 'CARNE', 'GR', '', 1000, 0, 0, 0, 125, 126.31, 0, 0, NULL),
('C080', 'FALDA DE CERDO', 'CARNE', 'GR', '', 1000, 0, 0, 0, 84, 84.13, 0, 0, NULL),
('C100', 'CABEZA DE CERDE', 'CARNE', 'GR', '', 1000, 0, 0, 0, 48, 48.05, 0, 0, NULL),
('C101', 'MUSLO PERSONAL', 'CARNE', 'GR', '', 1000, 3.96, 0, 0, 48, 48.01, 0, 0, NULL),
('CEBA', 'BARRIL DE CERVEZA', 'CERVE', 'ML', '', 12000, 0, 0, 0, 853, 0, 16, 0, NULL),
('CEBN', 'BOCANEGRA', 'CERVE', 'ML', '', 355, 49, 0, 0, 18.28, 18.28, 16, 0, NULL),
('CEBO', 'BOHEMIA CLARA', 'CERVE', 'ML', '', 355, 0, 0, 0, 9.99, 9.87, 0, 0, NULL),
('CEBS', 'BOHEMIA OSCURA', 'CERVE', 'ML', '', 355, 0, 0, 0, 9.98, 9.99, 0, 0, NULL),
('CECL', 'CORONA LIGHT', 'CERVE', 'ML', '', 355, 129, 0, 0, 7.58, 7.58, 16, 0, NULL),
('CECO', 'TECATE', 'CERVE', 'ML', '', 325, 0, 0, 0, 7.24, 7.24, 0, 0, NULL),
('CECR', 'CORONA', 'CERVE', 'ML', '', 355, 122, 0, 0, 8.69, 8.7, 16, 0, NULL),
('CEGH', 'GOUSE ISL.HONKER', 'CERVE', 'ML', '', 355, 54, 0, 0, 1, 0, 16, 0, NULL),
('CEGS', 'GOUSE ISLAND SOFIE', 'CERVE', 'ML', '', 355, 46, 0, 0, 1, 0, 16, 0, NULL),
('CEHE', 'HEINEKEN', 'CERVE', 'ML', '', 355, 0, 0, 0, 13, 13, 0, 0, NULL),
('CEHO', 'HOOGARDEN', 'CERVE', 'ML', '', 355, 40, 0, 0, 29, 15, 0, 0, NULL),
('CELE', 'LEON NEGRA CERVEZA', 'CERVE', 'ML', '', 355, 366, 0, 0, 8.69, 8.71, 16, 0, NULL),
('CEML', 'MODELO LIGHT', 'CERVE', 'ML', '', 325, 0, 0, 0, 4.67, 4.67, 0, 0, NULL),
('CEMS', 'MODELO ESP.BOTELLA 355 ML', 'CERVE', 'ML', '', 355, 66, 0, 0, 9.45, 9.46, 16, 0, NULL),
('CENM', 'NEGRA MODELO', 'CERVE', 'ML', '', 355, 31, 0, 0, 9.45, 9.46, 16, 0, NULL),
('CEOL', 'ODULS', 'CERVE', 'ML', '', 355, 31, 0, 0, 9.89, 9.31, 16, 0, NULL),
('CEOS', 'OSADIA', 'CERVE', 'ML', '', 355, 15, 0, 0, 1, 0, 16, 0, NULL),
('CEPA', 'PACIFICO', 'CERVE', 'ML', '', 355, 229, 0, 0, 8.24, 8.25, 16, 0, NULL),
('CEQU', 'QUILMES', 'CERVE', 'ML', '', 355, 38, 0, 0, 25, 20.71, 0, 0, NULL),
('CESA', 'SAGA', 'CERVE', 'ML', '', 355, 20, 0, 0, 1, 0, 16, 0, NULL),
('CESE', 'STELLA', 'CERVE', 'PZ', '', 24, 107, 0, 0, 16.38, 27.76, 16, 0, NULL),
('CESL', 'SOL LIGTH', 'CERVE', 'ML', '', 355, 0, 0, 0, 5, 0, 0, 0, NULL),
('CESO', 'SOL CERVEZA', 'CERVE', 'ML', '', 355, 0, 0, 0, 7.25, 7.3, 0, 0, NULL),
('CEST', 'STRONGBOW GOLD', 'CERVE', 'ML', '', 355, 0, 0, 0, 1, 0, 0, 0, NULL),
('CEVI', 'VICTORIA', 'CERVE', 'ML', '', 355, 129, 0, 0, 8.69, 8.7, 16, 0, NULL),
('CEXY', 'XY REGEL', 'CERVE', 'ML', '', 355, 0, 0, 0, 1, 0, 0, 0, NULL),
('CG01', 'CIGARRO BLANCO', 'CIGAR', 'pz', '', 10, 22, 0, 0, 49.26, 49.26, 0, 0, NULL),
('CG02', 'CIGARRO ROJO', 'CIGAR', 'pz', '', 10, 16, 0, 0, 49.26, 49.26, 0, 0, NULL),
('CGCV', 'COURVOISIER VSOP', 'COGNA', 'ML', '', 700, 0, 0, 0, 286.96, 286.97, 0, 0, NULL),
('CGCX', 'COURVOISIER X.O.', 'COGNA', 'ML', '', 700, 0, 0, 0, 1182, 0, 0, 0, NULL),
('CGHV', 'HENNESY VSOP', 'COGNA', 'ML', '', 700, 2.09, 0, 0, 905.78, 887.25, 16, 0, NULL),
('CGMM', 'MARTEL V.S.O.P MEDALLON', 'COGNA', 'ML', '', 700, 4.15, 0, 0, 564.66, 564.04, 16, 0, NULL),
('CGRM', 'REMY MARTIN', 'COGNA', 'ML', '', 750, 0, 0, 0, 303.48, 303.48, 0, 0, NULL),
('CGVS', 'REMY MARTIN VS', 'COGNA', 'ML', '', 750, 0, 0, 0, 300, 242, 0, 0, NULL),
('CGXO', 'HENNESY XO', 'COGNA', 'ML', '', 750, 1.02, 0, 0, 2771.97, 1385.99, 16, 0, NULL),
('CHBB', 'MOET BABY BRUT', 'CHAMP', 'ML', '', 200, 0, 0, 0, 251.42, 252.94, 0, 0, NULL),
('CHBN', 'MOET BABY NECTAR', 'CHAMP', 'ML', '', 355, 0, 0, 0, 300, 0, 0, 0, NULL),
('CHBR', 'MOET BABY ROSE', 'CHAMP', 'ML', '', 355, 0, 0, 0, 300, 0, 0, 0, NULL),
('CHDL', 'DOM PERIGNON LUMINUS', 'CHAMP', 'ML', '', 750, 0, 0, 0, 1, 0, 0, 0, NULL),
('CHDM', 'DOM PERIGNON', 'CHAMP', 'ML', '', 750, 2, 0, 0, 3089.14, 2118.93, 16, 0, NULL),
('CHDR', 'DOM PERIGNON ROSE', 'CHAMP', 'ML', '', 750, 0, 0, 0, 700, 0, 0, 0, NULL),
('CHJB', 'JOUDE BLASON ROSE', 'CHAMP', 'ML', '', 750, 0, 0, 0, 1, 0, 0, 0, NULL),
('CHM1', 'MOET BRUT 1.5 LTS', 'CHAMP', 'ML', '', 1500, 0, 0, 0, 1383.34, 1190.68, 0, 0, NULL),
('CHM3', 'MOET CHANDON 3 LTS', 'CHAMP', 'ML', '', 3000, 0, 0, 0, 1, 0, 0, 0, NULL),
('CHM6', 'MOET CHANDON 6 LTS', 'CHAMP', 'ML', '', 6000, 0, 0, 0, 1, 0, 0, 0, NULL),
('CHMC', 'MOET BRUT', 'CHAMP', 'ML', '', 750, 3, 0, 0, 830.43, 826.13, 16, 0, NULL),
('CHMI', 'MOET CHANDON ICE', 'CHAMP', 'ML', '', 750, 2, 0, 0, 1006.5, 942.14, 16, 0, NULL),
('CHMR', 'MOET ROSE', 'CHAMP', 'ML', '', 750, 2, 0, 0, 1003.23, 916.27, 16, 0, NULL),
('CHMU', 'MUMM', 'CHAMP', 'ML', '', 750, 1, 0, 0, 535.72, 567.33, 0, 0, NULL),
('CHNE', 'MOET NECTAR', 'CHAMP', 'ML', '', 750, 2, 0, 0, 883.66, 808.68, 16, 0, NULL),
('CHNR', 'MOET NECTAR ROSE', 'CHAMP', 'ML', '', 750, 2, 0, 0, 897.41, 860.72, 16, 0, NULL),
('CHPB', 'PERRIER G.BRUT 750', 'CHAMP', 'ML', '', 750, 1, 0, 0, 566.86, 326.68, 0, 0, NULL),
('CHPJ', 'PERRIER JOUDE 200 ML', 'CHAMP', 'ML', '', 200, 0, 0, 0, 171.98, 86.49, 0, 0, NULL),
('CHVC', 'VEUVE CLICQUOT', 'CHAMP', 'ML', '', 750, 1, 0, 0, 700, 0, 0, 0, NULL),
('CHVP', 'VEUVE CLIQUOT PONSARDINI', 'CHAMP', 'ML', '', 750, 1, 0, 0, 1, 0, 0, 0, NULL),
('CIMR', 'CIGARRO', 'CIGAR', 'PZ', '', 1, -881, 0, 0, 18.76, 18.78, 0, 0, NULL),
('CIRO', 'CINZANO ROJO', 'VINOS', 'ML', '', 750, 0, 0, 0, 123.23, 129.67, 16, 0, NULL),
('CO01', 'ALITAS BUFALO', 'CONGE', 'gr', '', 1000, 0, 0, 0, 189.26, 188.41, 0, 0, NULL),
('CO02', 'ELOTE GRANO CONGELADO', 'CONGE', 'gr', '', 1000, 0, 0, 0, 64.45, 32.23, 0, 0, NULL),
('CO03', 'ELOTES ENTERO CONGELADO', 'CONGE', 'gr', '', 2000, 0, 0, 0, 14, 7, 0, 0, NULL),
('CO04', 'HELADO DE CHOCOLATE', 'CONGE', 'ml', '', 4730, 0, 0, 0, 97, 154.63, 0, 0, NULL),
('CO05', 'HELADO VAINILLA HAGGEN', 'CONGE', 'ml', '', 1650, -0.2, 0, 0, 264.96, 264.93, 0, 0, NULL),
('CO07', 'NUGGETS', 'CONGE', 'gr', '', 1300, 0.1, 0, 0, 138.1, 131.35, 0, 0, NULL),
('CO08', 'PALOMITA DE POLLO', 'CONGE', 'gr', '', 2500, 0, 0, 0, 162, 161.96, 0, 0, NULL),
('CO09', 'PAPA FRANCESA', 'CONGE', 'gr', '', 2270, -0.03, 0, 0, 80.33, 80.34, 0, 0, NULL),
('CO10', 'PAPA GAJO', 'CONGE', 'gr', '', 2270, 0, 0, 0, 102.33, 101.64, 0, 0, NULL),
('CO11', 'PAPA SARATOGA', 'CONGE', 'gr', '', 2270, -5.2, 0, 0, 101.29, 101.3, 0, 0, NULL),
('CO12', 'PAPA STEAK HOUSE', 'CONGE', 'gr', '', 2270, 0, 0, 0, 78.66, 80.04, 0, 0, NULL),
('CO13', 'HELADO CAJETA-MEZCAL', 'CONGE', 'ml', '', 5000, 0, 0, 0, 650, 0, 0, 0, NULL),
('CO14', 'HELADO CHOCOLATE-ALMENDRA', 'CONGE', 'ml', '', 5000, 0, 0, 0, 650, 0, 0, 0, NULL),
('CO15', 'HELADO CHOCOLATE-CANELA', 'CONGE', 'ml', '', 5000, 0, 0, 0, 500, 0, 0, 0, NULL),
('CO16', 'HELADO CIELO (CON AMARETT', 'CONGE', 'ml', '', 5000, 0, 0, 0, 650, 0, 0, 0, NULL),
('CO17', 'HELADO LIMàN-HIERBABUENA-', 'CONGE', 'ml', '', 5000, 0, 0, 0, 400, 0, 0, 0, NULL),
('CO18', 'HELADO MAZAPµN', 'CONGE', 'ml', '', 5000, 0, 0, 0, 400, 0, 0, 0, NULL),
('CO19', 'HELADO PERLA NEGRA', 'CONGE', 'ml', '', 5000, 0, 0, 0, 650, 0, 0, 0, NULL),
('CO20', 'HELADO RON-MAMEY', 'CONGE', 'ml', '', 5000, 0, 0, 0, 650, 0, 0, 0, NULL),
('codingre', 'descrip', 'familia', 'unidad', 'empaque', 0, 0, 0, 0, 0, 0, 0, 0, NULL),
('COHV', 'HENNESY VS', 'COGNA', 'ML', '', 750, 28.05, 0, 0, 550.95, 275.48, 16, 0, NULL),
('COMV', 'MARTELL V.S.', 'COGNA', 'ML', '', 750, 0, 0, 0, 100, 0, 0, 0, NULL),
('EM01', 'CHORIZO', 'EMBUT', 'gr', '', 1000, 0, 0, 0, 64, 64.12, 0, 0, NULL),
('EM02', 'JAMON AHUMADO', 'EMBUT', 'gr', '', 1000, 0, 0, 0, 47.63, 61.77, 0, 0, NULL),
('EM03', 'JAMON PAVO', 'EMBUT', 'gr', '', 1000, 0, 0, 0, 394.5, 394.62, 0, 0, NULL),
('EM04', 'JAMON SELVA NEGRA', 'EMBUT', 'gr', '', 1000, 0, 0, 0, 421.62, 408.01, 0, 0, NULL),
('EM05', 'JAMON SERRANO', 'EMBUT', 'gr', '', 1000, 2.51, 0, 0, 1443.77, 1224, 0, 0, NULL),
('EM06', 'PEPERONI', 'EMBUT', 'gr', '', 1000, 0, 0, 0, 59, 83.5, 0, 0, NULL),
('EM07', 'SALAMI', 'EMBUT', 'gr', '', 1000, 0, 0, 0, 49.5, 48.92, 0, 0, NULL),
('EM08', 'SALCHICHA', 'EMBUT', 'gr', '', 1000, 0, 0, 0, 42, 37.39, 0, 0, NULL),
('EM09', 'TOCINO', 'EMBUT', 'gr', '', 1000, 0.97, 0, 0, 120, 120, 0, 0, NULL),
('EN01', 'BOOST', 'ENERG', 'pz', '', 235, 0, 0, 0, 12.91, 0, 0, 0, NULL),
('EN02', 'RED BULL', 'ENERG', 'pz', '', 250, 0, 0, 0, 19.58, 19.59, 0, 0, NULL),
('EN03', 'RED BULL BLUE', 'ENERG', 'pz', '', 250, 3, 0, 0, 19.58, 19.84, 0, 0, NULL),
('EN04', 'RED BULL LIGHT', 'ENERG', 'pz', '', 250, 0, 0, 0, 33, 33.25, 0, 0, NULL),
('EN05', 'RED BULL RED', 'ENERG', 'pz', '', 250, 0, 0, 0, 23.75, 17.82, 0, 0, NULL),
('EN06', 'RED BULL SILVER', 'ENERG', 'pz', '', 250, 4, 0, 0, 23.75, 11.88, 0, 0, NULL),
('EN07', 'VIVE 100', 'ENERG', 'pz', '', 340, 18, 0, 0, 8.73, 8.73, 0, 0, NULL),
('EN08', 'RED BULL SUGAR FREE', 'ENERG', 'pz', '', 250, 0, 0, 0, 0, 0, 0, 0, NULL),
('GIB2', 'BEEFFATER 24', 'GINEB', 'ML', '', 750, 4.13, 0, 0, 473.28, 463.65, 16, 0, NULL),
('GIBE', 'BEEFEATER GIN. 750 ML.', 'GINEB', 'ML', '', 750, 4.12, 0, 0, 300.86, 300.86, 16, 0, NULL),
('GIBO', 'BOMBAY SAPPHIRE', 'GINEB', 'ML', '', 750, 3.14, 0, 0, 306.03, 306.04, 16, 0, NULL),
('GIBT', 'BOTANICA PREMIUM', 'GINEB', 'ML', '', 700, 2.13, 0, 0, 567.24, 545.17, 16, 0, NULL),
('GIBU', 'BULLDOG', 'GINEB', 'ML', '', 750, 2.12, 0, 0, 387.07, 385.13, 16, 0, NULL),
('GIHE', 'HENDRICKS', 'GINEB', 'ML', '', 750, 3.17, 0, 0, 493.97, 493.97, 16, 0, NULL),
('GIL1', 'LONDON # 1', 'GINEB', 'ML', '', 750, 3.04, 0, 0, 542.24, 540.86, 16, 0, NULL),
('GILD', 'LONDON DRY BOODLES', 'GINEB', 'ML', '', 750, 4.12, 0, 0, 325, 244, 16, 0, NULL),
('GIM7', 'MONKEY 47', 'GINEB', 'ML', '', 500, 2.1, 0, 0, 1181.03, 1045.93, 16, 0, NULL),
('GIMA', 'MARE GIN', 'GINEB', 'ML', '', 700, 2, 0, 0, 516.38, 502.78, 16, 0, NULL),
('GIMM', 'MARTIN MILLERS', 'GINEB', 'ML', '', 700, 2.16, 0, 0, 550.86, 275.93, 16, 0, NULL),
('GIMO', 'MOM GINEBRA', 'GINEB', 'ML', '', 700, 3.1, 0, 0, 381.03, 381.03, 16, 0, NULL),
('GION', 'OSO NEGRO GIN', 'GINEB', 'ML', '', 1000, 0, 0, 0, 60, 57.64, 0, 0, NULL),
('GIPA', 'PRINCIPE DE LOS APOSTOLES', 'GINEB', 'ML', '', 700, 0, 0, 0, 1, 0, 16, 0, NULL),
('GITA', 'TANQUERAY GIN', 'GINEB', 'ML', '', 750, 4.05, 0, 0, 254.31, 254.31, 16, 0, NULL),
('GITT', 'TANQUERAY TEN', 'GINEB', 'ML', '', 750, 4.15, 0, 0, 465.52, 465.52, 16, 0, NULL),
('HIEL', 'HIELO', 'HIELO', 'PZ', '', 1000, -3.40282e38, 0, 0, 33.5, 33.5, 0, 0, NULL),
('IM01', 'AJINOMOTO', 'IMPOR', 'gr', '', 100, 0, 0, 0, 98, 0, 0, 0, NULL),
('IM03', 'ARROZ IMPORTADO', 'IMPOR', 'gr', '', 1000, 0, 0, 0, 555, 602.5, 0, 0, NULL),
('IM04', 'ARROZ KOHUKO', 'IMPOR', 'gr', '', 1000, 0, 0, 0, 22.5, 34.12, 0, 0, NULL),
('IM05', 'EGG ROLL SKING', 'IMPOR', 'pz', '', 680.4, 0, 0, 0, 59.8, 27.19, 0, 0, NULL),
('IM06', 'FURIKAKE', 'IMPOR', 'gr', '', 55, 0.3, 0, 0, 90, 45, 0, 0, NULL),
('IM07', 'GARY', 'IMPOR', 'gr', '', 1, 0, 0, 0, 91, 95.38, 0, 0, NULL),
('IM08', 'GINKO BILOBA HOJA', 'IMPOR', 'pz', '', 1, 0, 0, 0, 600, 600, 0, 0, NULL),
('IM09', 'KATAKURIKO', 'IMPOR', 'gr', '', 2270, 0, 0, 0, 249.75, 248.13, 0, 0, NULL),
('IM12', 'PANKO', 'IMPOR', 'gr', '', 1, 0.22, 0, 0, 48, 46.75, 0, 0, NULL),
('IM13', 'SALSA ANGUILA', 'IMPOR', 'ml', '', 4000, 0, 0, 0, 250, 250, 0, 0, NULL),
('IM15', 'SALSA SOYA', 'IMPOR', 'ml', '', 18900, 0, 0, 0, 780, 480.7, 0, 0, NULL),
('IM17', 'SALSA TERIYAKI', 'IMPOR', 'ml', '', 4000, 0.3, 0, 0, 216.9, 218.52, 0, 0, NULL),
('IM19', 'PASTA WON TON', 'IMPOR', 'GR', '', 340, 19, 0, 0, 29.9, 29.84, 0, 0, NULL),
('IM20', 'SALSA TERIYAKI', 'IMPOR', 'ML', '', 4000, 0, 0, 0, 242.76, 252.42, 0, 0, NULL),
('INDI', 'INDIO PREMIER BOT 325 MLS', 'CERVE', 'ML', '', 3900, 0, 0, 0, 7.24, 7.39, 0, 0, NULL),
('JAGR', 'JARABE GRANADINA', 'LICOR', 'ML', '', 1000, 4, 0, 0, 33.62, 33.62, 16, 0, NULL),
('JANA', 'JARABE NATURAL', 'LICOR', 'ML', '', 1000, 10.87, 0, 0, 33.62, 33.62, 16, 0, NULL),
('JEDS', 'DRY SACK', 'JEREZ', 'ML', '', 750, -0.06, 0, 0, 237.07, 118.54, 0, 0, NULL),
('JELI', 'LA INA 750 ML', 'JEREZ', 'ML', '', 750, 2, 0, 0, 194.18, 0, 0, 0, NULL),
('JEOP', 'OPORTO FERREIRA', 'JEREZ', 'ML', '', 750, -0.06, 0, 0, 320, 160, 0, 0, NULL),
('JEOT', 'OPORTO FERREIRA TAWNY', 'JEREZ', 'ML', '', 750, 0, 0, 0, 1, 0, 0, 0, NULL),
('JEPO', 'POCHOLA', 'JEREZ', 'ML', '', 750, 0, 0, 0, 83.4, 0, 0, 0, NULL),
('JETP', 'TIO PEPE', 'JEREZ', 'ML', '', 750, 1.22, 0, 0, 229.31, 114.66, 16, 0, NULL),
('JWPL', 'JW PLATINUM 18', 'WHISK', 'ML', '', 750, 3, 0, 0, 1812.93, 1592.67, 16, 0, NULL),
('L001', 'CREMA BATIDA', 'LACTE', 'ml', '', 980, 1, 0, 0, 55, 53.89, 0, 0, NULL),
('L002', 'CREMA CHANTILLI', 'LACTE', 'gr', '', 184, 0, 0, 0, 29.3, 29.98, 0, 0, NULL),
('L003', 'CREMA PARA BATIR LINCONT', 'LACTE', 'ml', '', 900, 1, 0, 0, 69, 69.03, 0, 0, NULL),
('L004', 'CREMA NATURAL', 'LACTE', 'ml', '', 900, 5.18, 0, 0, 49, 44.51, 0, 0, NULL),
('L005', 'CREMA SABOR NATA', 'LACTE', 'ml', '', 1000, 0, 0, 0, 53, 51.71, 0, 0, NULL),
('L006', 'MANTEQUILLA', 'LACTE', 'gr', '', 1000, 0, 0, 0, 149, 149.01, 0, 0, NULL),
('L009', 'QUESO CABRA', 'LACTE', 'gr', '', 220, 0.5, 0, 0, 48.5, 48.5, 0, 0, NULL),
('L012', 'QUESO CHEDDAR NACHOS', 'LACTE', 'gr', '', 4000, 0, 0, 0, 20, 20, 0, 0, NULL),
('L014', 'QUESO CREMA PHILADELPHIA', 'LACTE', 'gr', '', 1900, 0.5, 0, 0, 205, 205.02, 0, 0, NULL),
('L019', 'QUESO GOUDA', 'LACTE', 'gr', '', 3000, 0, 0, 0, 378, 377.74, 0, 0, NULL),
('L021', 'QUESO MOZARELLA', 'LACTE', 'gr', '', 906, 0, 0, 0, 79, 39.5, 0, 0, NULL),
('L022', 'QUESILLO', 'LACTE', 'gr', '', 1000, -0.07, 0, 0, 85, 85.01, 0, 0, NULL),
('L023', 'QUESO PANELA', 'LACTE', 'gr', '', 400, 1, 0, 0, 42.5, 42.53, 0, 0, NULL),
('L024', 'QUESO PARMESANO', 'LACTE', 'gr', '', 1000, 0.55, 0, 0, 210, 210.01, 0, 0, NULL),
('L025', 'QUESO COTIJA/A¥EJO', 'LACTE', 'gr', '', 1000, -0.01, 0, 0, 90, 90, 0, 0, NULL),
('L026', 'QUESO REQUESON', 'LACTE', 'gr', '', 1000, 0.6, 0, 0, 38, 38.19, 0, 0, NULL),
('L043', 'QUESO PROVOLONE', 'ABARR', 'GR', '', 1000, 1, 0, 0, 183.15, 183.12, 0, 0, NULL),
('L045', 'QUESO GRUYERE', 'ABARR', 'GR', '', 1000, 0, 0, 0, 198, 213.5, 0, 0, NULL),
('L046', 'QUESO PARMESANO CHICO', 'ABARR', 'GR', '', 1000, 0, 0, 0, 188, 0, 0, 0, NULL),
('L047', 'QUESO REQUESON', 'ABARR', 'GR', '', 1000, 0.6, 0, 0, 40, 39.9, 0, 0, NULL),
('LI43', 'LICOR 43', 'LICOR', 'ML', '', 750, 4.18, 0, 0, 325.86, 325.86, 16, 0, NULL),
('LIAA', 'AMARGO ANGOSTURA 1L', 'LICOR', 'ML', '', 1000, 0, 0, 0, 23.7, 0, 0, 0, NULL),
('LIAB', 'ABSINTH', 'LICOR', 'ML', '', 750, 2, 0, 0, 512.07, 256.04, 16, 0, NULL),
('LIAC', 'LAS CADENAS 1L', 'LICOR', 'ML', '', 1000, 2.13, 0, 0, 275.86, 200.4, 16, 0, NULL),
('LIAD', 'AMARETTO DISARONO 700 ML', 'LICOR', 'ML', '', 700, 2, 0, 0, 287.93, 266.39, 16, 0, NULL),
('LIAM', 'DEL MONO DULCE 750 ML', 'LICOR', 'ML', '', 750, 2.01, 0, 0, 206.38, 103.19, 16, 0, NULL),
('LIAN', 'AMARETTO CONTI 750 ML', 'LICOR', 'ML', '', 750, 2.17, 0, 0, 144.83, 137.77, 16, 0, NULL),
('LIAP', 'PERNOD 700 ML.', 'LICOR', 'ML', '', 700, 1, 0, 0, 163.63, 0, 0, 0, NULL),
('LIAR', 'AMARULA', 'LICOR', 'ML', '', 750, 2.09, 0, 0, 189.98, 94.99, 16, 0, NULL),
('LIAS', 'DEL MONO SECO  750 ML', 'LICOR', 'ML', '', 750, 1.2, 0, 0, 186.2, 93.1, 16, 0, NULL),
('LIAU', 'COINTREAU 750 ML', 'LICOR', 'ML', '', 700, 2.15, 0, 0, 369.83, 184.92, 16, 0, NULL),
('LIAZ', 'LICOR AZUL CURACAO 7', 'LICOR', 'ML', '', 750, 2.2, 0, 0, 95.97, 94.11, 0, 0, NULL),
('LIBA', 'BAILEYS', 'LICOR', 'ML', '', 750, 3.16, 0, 0, 206.9, 206.91, 16, 0, NULL),
('LIBD', 'VERM.CINZANO BCO EXSE', 'LICOR', 'ML', '', 750, 2, 0, 0, 123.23, 61.62, 16, 0, NULL),
('LIBE', 'BENEDICTINE', 'LICOR', 'ML', '', 750, 0, 0, 0, 302.61, 0, 0, 0, NULL),
('LIBL', 'BAILEYS CARAMELO 750 ML.', 'LICOR', 'ML', '', 750, 1.03, 0, 0, 284.18, 142.09, 16, 0, NULL),
('LICA', 'CAROLANS', 'LICOR', 'ML', '', 750, 2, 0, 0, 1, 0, 16, 0, NULL),
('LICB', 'CACAO BLANCO', 'LICOR', 'ML', '', 750, 1.14, 0, 0, 95.97, 47.99, 16, 0, NULL),
('LICC', 'CHBACANO LICOR', 'LICOR', 'ML', '', 750, 0, 0, 0, 1, 0, 0, 0, NULL),
('LICE', 'LICOR FRESA FLAMINGO', 'LICOR', 'ML', '', 750, 2, 0, 0, 43, 0, 0, 0, NULL),
('LICH', 'CHAMBOARD', 'LICOR', 'ML', '', 750, 1, 0, 0, 1, 0, 0, 0, NULL),
('LICI', 'LICOR CIRUELA JAPONESA', 'LICOR', 'ML', '', 750, 0, 0, 0, 1, 0, 0, 0, NULL),
('LICL', 'CINZANO BCO DULCE', 'LICOR', 'ML', '', 750, 0, 0, 0, 123.23, 117.7, 0, 0, NULL),
('LICM', 'CAMPARI BITTER', 'LICOR', 'ML', '', 750, 5.2, 0, 0, 211.91, 185.43, 16, 0, NULL),
('LICN', 'CONTROY', 'LICOR', 'ML', '', 1000, 2.14, 0, 0, 113.79, 113.79, 16, 0, NULL),
('LICO', 'CACAO OBSCUR0', 'LICOR', 'ML', '', 750, 1, 0, 0, 66.09, 66.23, 0, 0, NULL),
('LICR', 'CHARTREUSE AMARILLO', 'LICOR', 'ML', '', 700, 2.13, 0, 0, 560.68, 280.34, 16, 0, NULL),
('LICS', 'CASIS SISCA', 'LICOR', 'ML', '', 750, 2.17, 0, 0, 358.71, 179.36, 16, 0, NULL),
('LICU', 'CURACAO', 'LICOR', 'ML', '', 750, 0, 0, 0, 102.59, 51.3, 16, 0, NULL),
('LICV', 'CHARTREUSE VERDE', 'LICOR', 'ML', '', 700, 2, 0, 0, 629.31, 561.81, 16, 0, NULL),
('LIDC', 'CHINCHON DULCE', 'LICOR', 'ML', '', 1000, 4.19, 0, 0, 184.48, 183.89, 16, 0, NULL),
('LIDD', 'DULCE DOMECQ', 'LICOR', 'ML', '', 750, 0, 0, 0, 155, 139.18, 0, 0, NULL),
('LIDP', 'KALHUA LICOR DE CAFE', 'LICOR', 'ML', '', 1000, 2.1, 0, 0, 118.97, 110.66, 16, 0, NULL),
('LIDR', 'DRAMBUIE', 'LICOR', 'ML', '', 750, 2.15, 0, 0, 399.57, 199.79, 16, 0, NULL),
('LIDU', 'DUBONET', 'LICOR', 'ML', '', 750, 0.16, 0, 0, 234.61, 117.31, 16, 0, NULL),
('LIDZ', 'LICOR DE DURAZNO/MELOCOTO', 'LICOR', 'ML', '', 750, 2.14, 0, 0, 89.66, 44.83, 16, 0, NULL),
('LIFD', 'LICOR DE FRUTAS DEKUYPER', 'LICOR', 'ML', '', 750, 0, 0, 0, 86.09, 88.7, 0, 0, NULL),
('LIFE', 'FERNET', 'LICOR', 'ML', '', 750, 4.1, 0, 0, 124.14, 116.06, 16, 0, NULL),
('LIFF', 'FRESA LICOR', 'LICOR', 'ML', '', 750, 0, 0, 0, 1, 0, 16, 0, NULL),
('LIFR', 'FRANGELICO', 'LICOR', 'ML', '', 700, 2.11, 0, 0, 254.31, 251.73, 16, 0, NULL),
('LIGA', 'GALLIANO', 'LICOR', 'ML', '', 500, 2.13, 0, 0, 192.45, 96.23, 16, 0, NULL),
('LIGR', 'GRAND MARNIER IMP.', 'LICOR', 'ML', '', 700, 2.13, 0, 0, 486.21, 243.11, 16, 0, NULL),
('LIHA', 'HPNOTIC HARMONIE', 'LICOR', 'ML', '', 750, 0, 0, 0, 341.3, 256.23, 0, 0, NULL),
('LIHP', 'HPNOTIQ', 'LICOR', 'ML', '', 750, 8.06, 0, 0, 421.41, 421.38, 16, 0, NULL),
('LIHU', 'HURACAN', 'LICOR', 'ML', '', 750, 0, 0, 0, 1, 0, 0, 0, NULL),
('LIII', 'AMOR LICOR', 'LICOR', 'ML', '', 750, 0, 0, 0, 1, 0, 0, 0, NULL),
('LIJA', 'JAGERMEISTER', 'LICOR', 'ML', '', 750, 8.15, 0, 0, 254.31, 254.31, 16, 0, NULL),
('LILI', 'LICOR LIMONCELLO', 'LICOR', 'ML', '', 750, 0, 0, 0, 1, 0, 0, 0, NULL),
('LIMB', 'MENTA BLANCA', 'LICOR', 'ML', '', 750, 0, 0, 0, 50, 0, 0, 0, NULL),
('LIMD', 'MARTINI BCO DULCE', 'LICOR', 'ML', '', 750, 2.11, 0, 0, 141.38, 108.18, 16, 0, NULL),
('LIME', 'LICOR DE MELON', 'LICOR', 'ML', '', 750, 2.14, 0, 0, 267.24, 197.35, 16, 0, NULL),
('LIMM', 'MELON MIDORI', 'LICOR', 'ML', '', 750, 2.16, 0, 0, 30, 36.58, 0, 0, NULL),
('LIMN', 'MANDARINE NAPOLEON', 'LICOR', 'ML', '', 750, 2.1, 0, 0, 423.37, 211.69, 16, 0, NULL),
('LIMR', 'MARTINI ROJO', 'LICOR', 'ML', '', 750, 2.02, 0, 0, 155.09, 77.55, 16, 0, NULL),
('LIMS', 'MARTINI BCO SECO', 'LICOR', 'ML', '', 750, 2.03, 0, 0, 155.09, 116.32, 16, 0, NULL),
('LIMV', 'MENTA VERDE', 'LICOR', 'ML', '', 750, 1.07, 0, 0, 70, 70.05, 16, 0, NULL),
('LIMZ', 'LICOR DE MANZANA DEKUYPER', 'LICOR', 'ML', '', 750, 2.21, 0, 0, 113.79, 56.9, 16, 0, NULL),
('LINU', 'NUVO', 'LICOR', 'ML', '', 750, 0, 0, 0, 1, 0, 0, 0, NULL),
('LIOR', 'LICOR ORUJO', 'LICOR', 'ML', '', 750, 0, 0, 0, 1, 0, 0, 0, NULL),
('LIPA', 'LICOR PASSOA', 'LICOR', 'ML', '', 750, 0, 0, 0, 40, 0, 0, 0, NULL),
('LIPL', 'LICOR DE PLATANO 750', 'LICOR', 'ML', '', 750, 2, 0, 0, 95.97, 95.92, 0, 0, NULL),
('LIPX', 'PACHARA BASARANA', 'LICOR', 'ML', '', 750, 0.14, 0, 0, 240.78, 120.39, 16, 0, NULL),
('LIRD', 'LICOR CINZANO ROJO D', 'LICOR', 'ML', '', 750, 2.03, 0, 0, 102.61, 107.31, 0, 0, NULL),
('LIRI', 'RICHARDS LICOR', 'LICOR', 'ML', '', 750, 0, 0, 0, 100, 0, 0, 0, NULL),
('LIRO', 'ROMPOPE', 'LICOR', 'ML', '', 900, 2, 0, 0, 93.3, 90.66, 0, 0, NULL),
('LISA', 'LICOR DE SANDIA DEKUYPER', 'LICOR', 'ML', '', 750, 2, 0, 0, 104.69, 104.65, 0, 0, NULL),
('LISC', 'CHINCHON SECO', 'LICOR', 'ML', '', 1000, 2.03, 0, 0, 184.48, 131.68, 16, 0, NULL),
('LISD', 'SECO DOMECQ', 'LICOR', 'ML', '', 750, 0, 0, 0, 60, 59.03, 0, 0, NULL),
('LISG', 'SAMBUCA BCO', 'LICOR', 'ML', '', 700, 2, 0, 0, 211.04, 156.45, 16, 0, NULL),
('LISN', 'SAMBUCA NEGRO', 'LICOR', 'ML', '', 700, 6, 0, 0, 228.45, 228.45, 16, 0, NULL),
('LISO', 'CITRIC SOUTH COMFOR', 'LICOR', 'ML', '', 750, 0, 0, 0, 1, 0, 0, 0, NULL),
('LIST', 'STREGA', 'LICOR', 'ML', '', 750, 2.17, 0, 0, 534.78, 466.36, 16, 0, NULL),
('LIVR', 'VERMOUNT', 'LICOR', 'ML', '', 750, 6.12, 0, 0, 113.79, 113.92, 16, 0, NULL),
('LSR!', 'SR.SALSA DE COCO', 'PRODU', '', '', 600, 0, 0, 0, 75.54, 75.54, 0, 0, NULL),
('LSR\",SR.AD', 'PRODU', '', '', '1000.00', 0, 0, 0, 26.08, 26.08, 0, 0, 0, NULL),
('LSR#', 'SR.PIPIAN ROJO', 'PRODU', '', '', 1500, -3.56, 0, 0, 95.64, 95.64, 0, 0, NULL);
INSERT INTO `productos` (`codingre`, `descrip`, `familia`, `unidad`, `empaque`, `equivale`, `inventa1`, `stockmax`, `stockmin`, `ultcosto`, `costoprome`, `impuesto`, `pedido`, `status`) VALUES
('LSR%', 'SR.NATILLA VAINILLA', 'PRODU', '', '', 700, 0, 0, 0, 66.29, 66.29, 0, 0, NULL),
('LSR&', 'SR.NATILLA MAMEY', 'PRODU', '', '', 700, 0, 0, 0, 43.91, 43.91, 0, 0, NULL),
('LSR\'', 'SR.SESOS AL EPAZOTE', 'PRODU', '', '', 1500, 0, 0, 0, 62.45, 62.45, 0, 0, NULL),
('LSR(', 'SR.SALSA ROMPOPE', 'PRODU', '', '', 700, -28.29, 0, 0, 67.54, 67.54, 0, 0, NULL),
('LSR)', 'SR.CALDO DE POLLO', 'PRODU', '', '', 1000, -65.27, 0, 0, 55.47, 55.47, 0, 0, NULL),
('LSR*', 'SR.SALSA FRUTOS ROJOS', 'PRODU', '', '', 800, -0.02, 0, 0, 43.45, 43.45, 0, 0, NULL),
('LSR+', 'SR.SOPES', 'PRODU', '', '', 3, 3, 0, 0, 3.22, 3.22, 0, 0, NULL),
('LSR.', 'SR.MOJO DE AJO', 'PRODU', '', '', 1000, -1.66, 0, 0, 0, 0, 0, 0, NULL),
('LSR0', 'SR.REQUESON EPAZOTE', 'PRODU', '', '', 250, -79.74, 0, 0, 3.51, 3.51, 0, 0, NULL),
('LSR1', 'SR.CEBOLLA CARAMELIZADA', 'PRODU', 'GR', '', 1000, -55.4, 0, 0, 17.39, 17.39, 0, 0, NULL),
('LSR2', 'SR.MAYO CHIPOTLE', 'PRODU', '', '', 1350, -62.49, 0, 0, 72.65, 72.65, 0, 0, NULL),
('LSR3', 'SR.FLOR CALABAZA', 'PRODU', '', '', 1000, 0, 0, 0, 38.97, 38.97, 0, 0, NULL),
('LSR4', 'SR.SHORT RIB', 'PRODU', '', '', 5000, -50.52, 0, 0, 863.18, 863.18, 0, 0, NULL),
('LSR5', 'SR.PICO GALLO', 'PRODU', '', '', 1600, -9.38, 0, 0, 28.12, 28.12, 0, 0, NULL),
('LSR6', 'SR.SALSA COCTELERA', 'PRODU', '', '', 1200, -7.4, 0, 0, 67.57, 67.57, 0, 0, NULL),
('LSR7', 'SR.CHILES VINAGRE', 'PRODU', '', '', 1500, 0, 0, 0, 17.45, 17.45, 0, 0, NULL),
('LSR8', 'SR.PICADILLO', 'PRODU', '', '', 1000, 0, 0, 0, 158.75, 158.75, 0, 0, NULL),
('LSR9', 'SR.ARROZ CREMOSO', 'PRODU', '', '', 1000, 0.1, 0, 0, 35.05, 35.05, 0, 0, NULL),
('LSR<', 'SR.CALDO POLLO AJILLO', 'PRODU', '', '', 1000, 0, 0, 0, 70.31, 70.31, 0, 0, NULL),
('LSR>', 'SR.SOYA 3 CHILES', 'PRODU', '', '', 1000, -3.28, 0, 0, 212.86, 212.86, 0, 0, NULL),
('LSR?', 'SR.ARROZ ROJO', 'PRODU', '', '', 1000, -39.65, 0, 0, 44.94, 44.94, 0, 0, NULL),
('LSR@', 'SR.PIPIAN VERDE', 'PRODU', '', '', 1000, -2.34, 0, 0, 50.99, 50.99, 0, 0, NULL),
('LSRA', 'SR.HUEVO ESTRELLADO', 'PRODU', '', '', 1, 0, 0, 0, 3.86, 3.86, 0, 0, NULL),
('LSRB', 'SR.RAJAS POBLANAS', 'PRODU', '', '', 1000, -32.47, 0, 0, 0, 0, 0, 0, NULL),
('LSRC', 'SR.AGUACHILE ROJO', 'PRODU', '', '', 1000, -10.85, 0, 0, 59.01, 59.01, 0, 0, NULL),
('LSRD', 'SR.SALSA ROJA', 'PRODU', '', '', 400, 0.66, 0, 0, 30.83, 30.83, 0, 0, NULL),
('LSRE', 'SR.SUADERO', 'PRODU', '', '', 1000, -129.41, 0, 0, 163.88, 163.88, 0, 0, NULL),
('LSRF', 'SR.SOPA DE TORTILLA', 'PRODU', '', '', 1500, 15, 0, 0, 20.64, 20.64, 0, 0, NULL),
('LSRG', 'SR.SALSA PONZU', 'PRODU', '', '', 850, -33.94, 0, 0, 83.47, 83.47, 0, 0, NULL),
('LSRH', 'SR.JUGO DE CARNE', 'PRODU', '', '', 1500, -12, 0, 0, 137.3, 137.3, 0, 0, NULL),
('LSRI', 'SR.CREMA ROJA CHAPULINES', 'PRODU', '', '', 600, -3.02, 0, 0, 180.55, 180.55, 0, 0, NULL),
('LSRJ', 'SR.LENGUA DE RES', 'PRODU', '', '', 800, 0, 0, 0, 257.87, 257.87, 0, 0, NULL),
('LSRK', 'SR.JARDIN', 'PRODU', '', '', 1000, -42.18, 0, 0, 1.41, 1.41, 0, 0, NULL),
('LSRL', 'SR.FRIJOLES REFRITOS', 'PRODU', '', '', 1000, -166.87, 0, 0, 31.41, 31.41, 0, 0, NULL),
('LSRM', 'SR.CALDILLO FRIJOL', 'PRODU', '', '', 1000, -4.09, 0, 0, 56.35, 56.35, 0, 0, NULL),
('LSRN', 'SR.AJO FRITO', 'PRODU', '', '', 400, -24.19, 0, 0, 44.16, 44.16, 0, 0, NULL),
('LSRO', 'SR.CHICHARRON GUAJILLO', 'PRODU', '', '', 1500, -2.52, 0, 0, 105.94, 105.94, 0, 0, NULL),
('LSRP', 'SR.SALSA HABAS HABANE', 'PRODU', '', '', 1000, -116.76, 0, 0, 1.95, 1.95, 0, 0, NULL),
('LSRQ', 'SR.TINGA RES', 'PRODU', '', '', 1000, 0, 0, 0, 112.82, 112.82, 0, 0, NULL),
('LSRR', 'SR.SALSA ROJA', 'PRODU', '', '', 400, -247.42, 0, 0, 30.83, 30.83, 0, 0, NULL),
('LSRS', 'SR.CREMOSO AGUACATE', 'PRODU', '', '', 1350, -110.04, 0, 0, 59.29, 59.29, 0, 0, NULL),
('LSRT', 'SR.SALPICON RES', 'PRODU', '', '', 1000, 0, 0, 0, 65.95, 65.95, 0, 0, NULL),
('LSRU', 'SR.MILANESA POLLO', 'PRODU', '', '', 1000, -28.2, 0, 0, 23, 23, 0, 0, NULL),
('LSRV', 'SR.ENSALADA', 'PRODU', '', '', 1, -4860, 0, 0, 2.2, 2.2, 0, 0, NULL),
('LSRW', 'SR.PIERNA HORNO', 'PRODU', '', '', 1000, -50.24, 0, 0, 120.21, 120.21, 0, 0, NULL),
('LSRX', 'SR.ENSALADA PAPAYA', 'PRODU', '', '', 1000, 0, 0, 0, 11.41, 11.41, 0, 0, NULL),
('LSRY', 'SR.CHILAQUILES NEGROS', 'PRODU', '', '', 1000, 0, 0, 0, 40.78, 40.78, 0, 0, NULL),
('LSRZ', 'SR.ENMOLADA', 'PRODU', '', '', 1000, -1.03, 0, 0, 6.48, 6.48, 0, 0, NULL),
('LSR[', 'SR.ADEREZO CILANTRO', 'PRODU', '', '', 1000, 0.4, 0, 0, 0, 0, 0, 0, NULL),
('LSR\\\",SR.C', 'PRODU', '', '', '350.00', 0, 0, 0, 61.62, 61.62, 0, 0, 0, NULL),
('LSR]', 'SR.TLACOYOS', 'PRODU', '', '', 1000, -25.86, 0, 0, 24.82, 24.82, 0, 0, NULL),
('LSR^', 'SR.NATILLA GUAYABA', 'PRODU', '', '', 700, 0, 0, 0, 39.57, 39.57, 0, 0, NULL),
('LSR_', 'SR.CEBOLLA ENCURTIDA', 'PRODU', '', '', 1000, -27.19, 0, 0, 30.56, 30.56, 0, 0, NULL),
('MARV', 'MARTELL VSOP', 'COGNA', '', '', 1, 0, 0, 0, 564.66, 564.66, 16, 0, NULL),
('ME4C', '400 CONEJOS ESPADIN BCO', 'MEZCA', 'ML', '', 750, 6.15, 0, 0, 354.61, 354.61, 16, 0, NULL),
('MEAA', 'ALIPUS SN ANDRES', 'MEZCA', 'ML', '', 750, 0.03, 0, 0, 499.57, 250.29, 16, 0, NULL),
('MEAJ', 'ALIPUS SN JUAN DEL RIO', 'MEZCA', 'ML', '', 750, 0.08, 0, 0, 418.1, 313.83, 16, 0, NULL),
('MEAL', 'ALACRAN', 'MEZCA', 'ML', '', 750, 0, 0, 0, 1, 0, 16, 0, NULL),
('MEAR', 'ALIPUS STANA RIO JOVEN', 'MEZCA', 'ML', '', 750, 0.11, 0, 0, 498.75, 407.04, 16, 0, NULL),
('MEAS', 'ALIPUS SAN BALTAZAR', 'MEZCA', 'ML', '', 750, 0.1, 0, 0, 499.57, 250.29, 16, 0, NULL),
('MEBE', 'BRUXO ESPADIN JOVEN', 'MEZCA', 'ML', '', 750, 2, 0, 0, 326.72, 305.06, 16, 0, NULL),
('MEBM', 'BRUXO ENSAMBLE', 'MEZCA', 'ML', '', 750, 2.1, 0, 0, 634.48, 557.01, 16, 0, NULL),
('MEBP', 'BRUXO PECHUGA', 'MEZCA', 'ML', '', 750, 2.06, 0, 0, 404.31, 403.93, 16, 0, NULL),
('MEDA', 'DANZANTES A¥EJO', 'MEZCA', 'ML', '', 750, 3.14, 0, 0, 1040.69, 933.18, 16, 0, NULL),
('MEDB', 'DANZANTES JOVEN', 'MEZCA', 'ML', '', 750, 3, 0, 0, 593.97, 589.49, 16, 0, NULL),
('MEDR', 'DANZANTES REPOSADO', 'MEZCA', 'ML', '', 750, 3.11, 0, 0, 775.86, 743.69, 16, 0, NULL),
('MEEJ', 'ESPIRITU LAU.JOVEN', 'MEZCA', 'ML', '', 750, 0.11, 0, 0, 427.59, 214.3, 16, 0, NULL),
('MEEP', 'ESPIRITU LAU.REP', 'MEZCA', 'ML', '', 750, 0.16, 0, 0, 541.38, 271.19, 16, 0, NULL),
('MEER', 'AMORES ESPADIN REP', 'MEZCA', 'ML', '', 750, 3.11, 0, 0, 473.28, 473.29, 16, 0, NULL),
('MEGA', 'GARRAFAS MEZCAL', 'MEZCA', 'ML', '', 750, 0.09, 0, 0, 1, 0, 16, 0, NULL),
('MEI5', 'IBA 55 MEZCAL', 'MEZCA', 'ML', '', 750, 0, 0, 0, 1, 0, 0, 0, NULL),
('MEIB', 'IBA MEZCAL', 'MEZCA', 'ML', '', 750, 0, 0, 0, 1, 0, 0, 0, NULL),
('MEJB', 'JARAL DE BERRIO BCO', 'MEZCA', 'ML', '', 750, 0, 0, 0, 1, 0, 0, 0, NULL),
('MEMM', 'MEXCALITO MARACUYA', 'MEZCA', 'ML', '', 750, 2.15, 0, 0, 297.42, 149.21, 16, 0, NULL),
('MEOX', 'OAXACA MEZCAL', 'MEZCA', 'ML', '', 750, 0, 0, 0, 1, 0, 0, 0, NULL),
('METO', 'TOBALA MEZCAL', 'MEZCA', 'ML', '', 750, 0, 0, 0, 1, 0, 0, 0, NULL),
('MEZS', 'ZIGNUM SILVER', 'MEZCA', 'ML', '', 750, 10.19, 0, 0, 214.66, 214.66, 16, 0, NULL),
('MXC!', 'MEXCALITO MINI COCO', 'MEZCA', 'ML', '', 124, 15, 0, 0, 60.35, 0, 0, 0, NULL),
('MXME', 'MEXCALITO ESPADIN', 'MEZCA', 'ML', '', 750, 1.1, 0, 0, 297.42, 0, 0, 0, NULL),
('MXMG', 'MEXCALITO GUAYABA', 'MEZCA', 'ML', '', 750, 2, 0, 0, 297.42, 0, 0, 0, NULL),
('MZM3', 'MEXCALITO MINI TAMARINDO', 'MEZCA', 'ML', '', 124, 18, 0, 0, 60.35, 0, 0, 0, NULL),
('MZM4', 'MEXCALITO MINI GUAYABA', 'MEZCA', 'ML', '', 124, 18, 0, 0, 60.35, 0, 0, 0, NULL),
('MZM5', 'MEXCALITO MINI ESPADIN', 'MEZCA', 'ML', '', 124, 15, 0, 0, 60.35, 0, 0, 0, NULL),
('MZM@', 'MEXCALITO MINI MARACUTYA', 'MEZCA', 'ML', '', 124, 21, 0, 0, 60.35, 0, 0, 0, NULL),
('MZMC', 'MEXCALITO COCO', 'MEZCA', 'ML', '', 750, 2, 0, 0, 297.42, 0, 0, 0, NULL),
('MZMT', 'MEXCALITO TAMARINDO', 'MEZCA', 'ML', '', 750, 2.1, 0, 0, 297.42, 297.42, 16, 0, NULL),
('PM04', 'ATUN MEDALLON', 'MARIS', 'pz', '', 1000, 3.38, 0, 0, 306, 306.05, 0, 0, NULL),
('PM05', 'BACALAO', 'MARIS', 'gr', '', 1000, 0, 0, 0, 350, 175, 0, 0, NULL),
('PM07', 'CAMARON 21/25', 'MARIS', 'gr', '', 2000, 0, 0, 0, 170, 177.37, 0, 0, NULL),
('PM08', 'CAMARON AGUACHILE', 'MARIS', 'gr', '', 2000, 3.84, 0, 0, 220, 221.5, 0, 0, NULL),
('PM09', 'CAMARON PACOTILLA', 'MARIS', 'gr', '', 1000, 0, 0, 0, 215, 214.26, 0, 0, NULL),
('PM10', 'CAMARON U10', 'MARIS', 'gr', '', 2000, 0, 0, 0, 560, 527.5, 0, 0, NULL),
('PM11', 'CAMARON U15', 'MARIS', 'gr', '', 2000, 1.2, 0, 0, 480, 480, 0, 0, NULL),
('PM17', 'MARLYN AHUMADO', 'MARIS', 'gr', '', 1000, 0, 0, 0, 175, 175, 0, 0, NULL),
('PM19', 'PULPA DE JAIBA', 'MARIS', 'gr', '', 1000, 0, 0, 0, 260, 259.3, 0, 0, NULL),
('PM20', 'PULPO', 'MARIS', 'gr', '', 1000, 0.86, 0, 0, 220, 220.93, 0, 0, NULL),
('PM21', 'PULPO PRECOCIDO', 'MARIS', 'gr', '', 1000, 0, 0, 0, 90, 0, 0, 0, NULL),
('PM22', 'ROBALO', 'MARIS', 'GR', '', 1000, 0, 0, 0, 420, 367.63, 0, 0, NULL),
('PM26', 'TENTACULO DE PULPO', 'MARIS', 'gr', '', 1000, 0, 0, 0, 80, 80, 0, 0, NULL),
('PM27', 'TINTA DE CALAMAR', 'MARIS', 'gr', '', 180, 1, 0, 0, 150, 147.19, 0, 0, NULL),
('PM30', 'LONJA DE PESCADO', 'MARIS', 'GR', '', 1000, 0, 0, 0, 300, 267, 0, 0, NULL),
('PULQ', 'PULQUE', 'TEQUI', 'ML', '', 1000, 0, 0, 0, 35, 36.14, 0, 0, NULL),
('RBPR', 'RED BUL PROMO', 'REFRE', 'PZ', '', 1, -4, 0, 0, 1, 0, 0, 0, NULL),
('REDB', 'RED BULL', 'ENERG', 'PZ', '', 1, 85, 0, 0, 23.75, 23.63, 0, 0, NULL),
('REDI', 'COCA LIGTH', 'REFRE', 'ML', '', 355, 0, 0, 0, 6.9, 3.45, 16, 0, NULL),
('RESF', 'RED BULL SUGAR FREE', 'REFRE', 'ML', '', 355, 0, 0, 0, 1, 0, 0, 0, NULL),
('RO10', 'BACARDI 101  700 ML', 'RONNN', 'ML', '', 700, 0, 0, 0, 99.13, 100.09, 0, 0, NULL),
('ROA1', 'APPLETON STATE 12', 'RONNN', 'ML', '', 750, 2.17, 0, 0, 387.93, 387.88, 16, 0, NULL),
('ROAB', 'APPLETON BCO 750 ML', 'RONNN', 'ML', '', 750, 8, 0, 0, 86.21, 86.19, 16, 0, NULL),
('ROAO', 'APPLETON ESPECIAL', 'RONNN', 'ML', '', 750, 4.12, 0, 0, 94.83, 94.83, 16, 0, NULL),
('ROAP', 'APPLETON STATE V/X 750 ML', 'RONNN', 'ML', '', 750, 6.08, 0, 0, 165.52, 165.52, 16, 0, NULL),
('ROB2', 'BOTRAN 12', 'RONNN', 'ML', '', 750, 2.04, 0, 0, 288.79, 288.8, 16, 0, NULL),
('ROB8', 'BACARDI 8', 'RONNN', 'ML', '', 750, 4.01, 0, 0, 284.48, 284.48, 16, 0, NULL),
('ROBA', 'BACARDI A¥EJO LTO.', 'RONNN', 'ML', '', 946, 0, 0, 0, 88.7, 87.99, 0, 0, NULL),
('ROBB', 'BACARDI BLANCO 750', 'RONNN', 'ML', '', 946, 22.75, 0, 0, 105, 104.11, 16, 0, NULL),
('ROBG', 'BOTRAN RESERVA 15', 'RONNN', 'ML', '', 750, 2.16, 0, 0, 383.62, 383.62, 16, 0, NULL),
('ROBM', 'BACARDI BCO MISIL', 'RONNN', 'ML', '', 3000, 0, 0, 0, 557.18, 557.13, 0, 0, NULL),
('ROBV', 'BOTRAN SOLERA G.RES', 'RONNN', 'ML', '', 750, 2.06, 0, 0, 530.17, 513.2, 16, 0, NULL),
('ROCB', 'CAPT.MORGAN BLACK', 'RONNN', 'mL', '', 750, 0, 0, 0, 172.79, 173.44, 0, 0, NULL),
('ROCM', 'CAPT.MORGAN', 'RONNN', 'ML', '', 750, 6.87, 0, 0, 111.21, 111.22, 16, 0, NULL),
('ROCW', 'CAPT.MORGAN WHITE', 'RONNN', 'ML', '', 750, 3.14, 0, 0, 112.07, 111.6, 16, 0, NULL),
('ROF1', 'FLOR CA¥A 12 A¥OS', 'RONNN', 'NM', '', 750, 3.08, 0, 0, 425, 425, 16, 0, NULL),
('ROF5', 'FLOR CA¥A 5 A¥OS', 'RONNN', 'ML', '', 750, 0, 0, 0, 1, 0, 0, 0, NULL),
('ROF7', 'FLOR CA¥A 7 A¥OS', 'RONNN', 'ML', '', 750, 3.14, 0, 0, 225.86, 225.86, 16, 0, NULL),
('ROH3', 'HAVANA 3 A¥OS A¥EJO ESP.', 'RONNN', 'ML', '', 750, 0, 0, 0, 106.88, 93.52, 16, 0, NULL),
('ROH7', 'HAVANA 7 A¥OS', 'RONNN', 'ML', '', 750, 11.06, 0, 0, 255.17, 255.17, 16, 0, NULL),
('ROHB', 'HAVANA BARREL PROFF', 'RONNN', 'ML', '', 750, 0, 0, 0, 1, 0, 0, 0, NULL),
('ROHC', 'HAVANA BLANCO', 'RONNN', 'ML', '', 750, 14.23, 0, 0, 112.93, 112.93, 16, 0, NULL),
('ROHG', 'HAVANA GRAN RESERVA', 'RONNN', 'ML', '', 750, 0, 0, 0, 1, 0, 0, 0, NULL),
('ROHM', 'HAVANA SELC.MAESTROS', 'RONNN', 'ML', '', 750, 1.04, 0, 0, 650.86, 325.43, 16, 0, NULL),
('ROHR', 'HAVANA RESERVA', 'RONNN', 'ML', '', 750, 0, 0, 0, 1, 0, 0, 0, NULL),
('ROHS', 'HAVANA SILVER', 'RONNN', 'ML', '', 750, 0, 0, 0, 1, 0, 0, 0, NULL),
('ROKG', 'KRAKEN GHOST', 'RONNN', 'ML', '', 750, 0.08, 0, 0, 117.33, 58.67, 16, 0, NULL),
('ROKR', 'KRAKEN', 'RONNN', 'ML', '', 750, 2.05, 0, 0, 126.72, 126.72, 16, 0, NULL),
('ROM1', 'MATUSALEM G.RES. 18 A¥OS', 'RONNN', 'ML', '', 750, 2.12, 0, 0, 418.49, 313.87, 16, 0, NULL),
('ROM3', 'MATUSALEM 23', 'RONNN', 'ML', '', 750, 1.09, 0, 0, 863.19, 647.65, 16, 0, NULL),
('ROMA', 'MALIBU COCO WHITE', 'RONNN', 'ML', '', 750, 3.14, 0, 0, 136.21, 136.21, 16, 0, NULL),
('ROMB', 'MALIBU BLACK', 'RONNN', 'ML', '', 750, 0, 0, 0, 141.68, 124.1, 0, 0, NULL),
('ROMC', 'MATUSALEM CLASICO', 'RONNN', 'ML', '', 750, 10, 0, 0, 133.21, 133.22, 16, 0, NULL),
('ROMG', 'MATUSALEM GRAN RESERVA', 'RONNN', 'ML', '', 750, 6.06, 0, 0, 233.97, 233.98, 16, 0, NULL),
('ROMP', 'MATUSALEM PLATINO', 'RONNN', 'ML', '', 750, 5.8, 0, 0, 105.73, 105.74, 16, 0, NULL),
('ROPL', 'RON BACARDI BIG APPLE 750', 'RONNN', 'ML', '', 750, 0, 0, 0, 94.78, 94.35, 0, 0, NULL),
('ROZ2', 'ZACAPA 23 A¥OS', 'RONNN', 'ML', '', 750, 8.1, 0, 0, 646.55, 646.55, 16, 0, NULL),
('ROZA', 'ZACAPA 15', 'RONNN', 'ML', '', 750, 0, 0, 0, 1, 0, 0, 0, NULL),
('ROZM', 'ZACAPA AMBER', 'RONNN', 'ML', '', 750, 4.02, 0, 0, 523.32, 523.33, 16, 0, NULL),
('ROZX', 'ZACAPA XO', 'RONNN', 'ML', '', 750, 1, 0, 0, 1612.07, 1410.57, 16, 0, NULL),
('SCDR', 'SODA CAN DRY', 'REFRE', 'ML', '', 1000, 0, 0, 0, 4.57, 3.67, 0, 0, NULL),
('SIDR', 'SIDRA KOPPARBERG 300 ML.', 'VINOS', 'ML', '', 300, 0, 0, 0, 23.8, 23.8, 0, 0, NULL),
('SL10', 'BOLSA DE 1 KG', 'SULI', 'RO', '', 1, 10, 0, 0, 52.2, 52.18, 0, 0, NULL),
('SL11', 'BOLSA 2 KG', 'SULI', 'RO', '', 1, 10, 0, 0, 46.4, 72.33, 0, 0, NULL),
('SL14', 'BOLSA 90X120', 'SULI', 'GR', '', 1000, 10, 0, 0, 23.2, 23.33, 0, 0, NULL),
('SL15', 'BOLSA DE 5 KG', 'SULI', 'GR', '', 1000, 10, 0, 0, 52.2, 50.75, 0, 0, NULL),
('SL16', 'BOLSA ASA', 'SURES', 'GR', '', 1000, 0, 0, 0, 52.2, 44.61, 0, 0, NULL),
('SL28', 'DETERGENTE LIQUIDO AXION', 'SULI', 'PZ', '', 1, 10, 0, 0, 22.04, 23.44, 0, 0, NULL),
('SL38', 'FIBRA ESPONJA', 'SULI', 'PZ', '', 1, 10, 0, 0, 14.5, 14.5, 0, 0, NULL),
('SOAE', 'GARRAFON DE AGUA', 'REFRE', 'ML', '', 19000, 0, 0, 0, 27, 26.16, 0, 0, NULL),
('SOAN', 'AGUA NATURAL', 'BEBID', 'ML', '', 600, 92, 0, 0, 4.21, 4.21, 0, 0, NULL),
('SODC', 'PEPSI LIGHT', 'REFRE', 'ML', '', 355, 0, 0, 0, 4.57, 4.56, 0, 0, NULL),
('SOGL', 'SEAGRAM\'S LATA/GINGER', 'REFRE', 'ML', '', 355, 0, 0, 0, 4.74, 4.74, 16, 0, NULL),
('SOSI', 'SIDRAL', 'BEBID', 'ML', '', 355, 16, 0, 0, 15.19, 15.2, 16, 0, NULL),
('SOSL', 'SODA SQUIRT LIGHT', 'REFRE', 'ML', '', 355, 0, 0, 0, 4.57, 4.56, 0, 0, NULL),
('SOSP', 'SPRITE', 'REFRE', 'ML', '', 355, -540.75, 0, 0, 14.13, 10.55, 0, 0, NULL),
('SOSQ', 'SODA SQUIRT TORONJA', 'REFRE', 'ML', '', 355, 0, 0, 0, 3.42, 3.47, 0, 0, NULL),
('SPEE', 'SPEED', 'REFRE', 'ML', '', 1, 0, 0, 0, 1, 0, 0, 0, NULL),
('SR01', 'AGITADORES PKT', 'SURES', 'PZ', '', 1, 0, 0, 0, 39, 38.99, 0, 0, NULL),
('SR12', 'CONTENEDOR 9X9', 'SURES', 'PZ', '', 1, 0, 0, 0, 2.09, 2.04, 0, 0, NULL),
('SR13', 'CONTENEDOR HAMBURGUESA', 'SURES', 'PZ', '', 1, 0, 0, 0, 1.74, 1.56, 0, 0, NULL),
('SR32', 'PALILLO CAJA INDIVIDUAL', 'SURES', 'PZ', '', 1, 0, 0, 0, 232, 224.07, 0, 0, NULL),
('SR38', 'PAPEL ALUMINIO', 'SURES', 'PZ', '', 1, 0, 0, 0, 220.4, 220.34, 0, 0, NULL),
('SR43', 'VITAFILM', 'SURES', 'PZ', '', 1, 0, 0, 0, 139.2, 139.2, 0, 0, NULL),
('SR44', 'HOJA POLIPAPEL', 'SURES', 'PZ', '', 1, 0, 0, 0, 1, 0, 0, 0, NULL),
('SR45', 'POPOTE ESTUCHADO', 'SURES', 'PZ', '', 1, 0, 0, 0, 241.2, 225.85, 0, 0, NULL),
('SR46', 'PAPEL VITAFILM', 'SURES', 'PZ', '', 1, 0, 0, 0, 116, 0, 0, 0, NULL),
('SR48', 'SERVILLETA', 'SURES', 'PZ', '', 1, 0, 0, 0, 313.2, 313.2, 0, 0, NULL),
('SR49', 'SERVILLETA COLOR', 'SURES', 'PZ', '', 1, 0, 0, 0, 351.47, 346.87, 0, 0, NULL),
('SR66', 'VASO 1 LT', 'SURES', 'PA', '', 1, 0, 0, 0, 110.2, 94.26, 0, 0, NULL),
('SR74', 'HILO CANAMO', 'SURES', 'PZ', '', 1, 0, 0, 0, 1, 0, 0, 0, NULL),
('SR75', 'HOJAS PARA MIXIOTE', 'ABARR', 'PZ', '', 1, 0, 0, 0, 0.61, 0.58, 0, 0, NULL),
('SR76', 'VASITOS DE COLORES', 'SURES', 'PZ', '', 1, 0, 0, 0, 696, 633.07, 0, 0, NULL),
('SR79', 'ALCOHOL SOLIDO CUBETA', 'SURES', 'PZ', '', 1, 0, 0, 0, 45, 267.51, 0, 0, NULL),
('SR85', 'CAJA VASO #12', 'SURES', 'PZ', '', 1, 0, 0, 0, 440.8, 440.8, 0, 0, NULL),
('SR99', 'CUBIERTO DESECHABLE', 'SURES', 'PZ', '', 1, 0, 0, 0, 33, 30.19, 0, 0, NULL),
('STAC', 'STA HELENA CHARDONAY', 'VINOS', '75', '', 750, 0, 0, 0, 211.21, 207.08, 0, 0, NULL),
('SUM2', 'CUCHARA NEVERA', 'SURES', 'PA', '', 1, 0, 0, 0, 42.92, 43.75, 0, 0, NULL),
('TE10', '100 A¥OS REP.VERDE 750 ML', 'TEQUI', 'ML', '', 750, 0, 0, 0, 120, 120.01, 0, 0, NULL),
('TE18', '1800 A¥EJO', 'TEQUI', 'ML', '', 700, 4.15, 0, 0, 420.13, 420.13, 16, 0, NULL),
('TE1C', '1800 CRISTALINO', 'TEQUI', 'ML', '', 700, 4.04, 0, 0, 487.28, 487.28, 16, 0, NULL),
('TE1R', '1800 REPOSADO', 'TEQUI', 'ML', '', 700, 4.01, 0, 0, 308.75, 308.75, 16, 0, NULL),
('TE3A', '3 GEN.A¥EJO', 'TEQUI', 'ML', '', 750, 2.15, 0, 0, 448.19, 434.12, 16, 0, NULL),
('TE3G', '3 GEN.REPOSADO', 'TEQUI', 'ML', '', 750, 0, 0, 0, 510, 0, 16, 0, NULL),
('TEAC', 'CENTENARIO AZUL', 'TEQUI', 'ML', '', 750, 8, 0, 0, 159.7, 159.7, 16, 0, NULL),
('TEAN', 'HERRAD.ANT.REP', 'TEQUI', 'ML', '', 750, 6, 0, 0, 185.34, 185.34, 16, 0, NULL),
('TEAZ', 'LOS AZULEJOS', 'TEQUI', 'ML', '', 750, 0, 0, 0, 276.52, 276.53, 0, 0, NULL),
('TEBL', 'CAZADORES BCO. LT.', 'TEQUI', 'ML', '', 950, 0, 0, 0, 173.04, 173.46, 0, 0, NULL),
('TEC3', 'CUERVO TRAD 3LTS', 'TEQUI', 'ML', '', 3000, 0, 0, 0, 763.47, 739.65, 0, 0, NULL),
('TECA', 'CAZADORES REP. 750', 'TEQUI', 'ML', '', 750, 0, 0, 0, 427.01, 364.57, 0, 0, NULL),
('TECE', 'CENTENARIO REP. 750 ML.', 'TEQUI', 'ML', '', 750, 2.06, 0, 0, 147.64, 147.65, 16, 0, NULL),
('TECJ', 'CORRALEJO REP. LTO.', 'TEQUI', 'ML', '', 999.99, 0, 0, 0, 152.17, 148.76, 0, 0, NULL),
('TECL', 'CUERVO TRAD.PLATA', 'TEQUI', 'ML', '', 750, 3.01, 0, 0, 171.55, 171.55, 16, 0, NULL),
('TECM', 'CAZADORES REP MISIL', 'TEQUI', 'ML', '', 750, 0, 0, 0, 427.01, 420.36, 0, 0, NULL),
('TECO', 'CONMEMORATIVO', 'TEQUI', 'ML', '', 940, 0, 0, 0, 160.87, 160.87, 0, 0, NULL),
('TECP', 'CENTENARIO PLATA 700 ML.', 'TEQUI', 'ML', '', 750, 0.89, 0, 0, 190, 190, 16, 0, NULL),
('TECR', 'CUERVO TRAD.', 'TEQUI', 'ML', '', 695, 11.95, 0, 0, 214.57, 214.57, 16, 0, NULL),
('TECS', 'CUERVO ESPECIAL 990', 'TEQUI', 'ML', '', 990, 0, 0, 0, 77.82, 77.82, 0, 0, NULL),
('TEC¥', 'CENTENARIO A¥EJO', 'TEQUI', 'ML', '', 750, 1.11, 0, 0, 386.55, 373.26, 16, 0, NULL),
('TED1', 'DON JULIO 70', 'TEQUI', 'ML', '', 750, 4.93, 0, 0, 482.72, 482.72, 16, 0, NULL),
('TED4', 'DON JULIO 1942', 'TEQUI', 'ML', '', 750, 1, 0, 0, 1120.69, 1044.79, 16, 0, NULL),
('TEDB', 'DON JULIO BLANCO 750', 'TEQUI', 'ML', '', 750, 4.08, 0, 0, 250, 250, 16, 0, NULL),
('TEDJ', 'DON JULIO REP. 750 ML.', 'TEQUI', 'ML', '', 750, 4.04, 0, 0, 306.03, 306.03, 16, 0, NULL),
('TEEB', 'ESPOLON BCO', 'TEQUI', 'ML', '', 750, 1, 0, 0, 208.02, 184.11, 16, 0, NULL),
('TEEC', 'ESPOLON COLORADO', 'TEQUI', 'ML', '', 750, 1.14, 0, 0, 268.62, 250.12, 16, 0, NULL),
('TEEM', 'ESPOLON MARANON', 'TEQUI', 'ML', '', 750, 1, 0, 0, 343.97, 294.58, 16, 0, NULL),
('TEHA', 'HERRAD.A¥EJO TEQ', 'TEQUI', 'ML', '', 750, 3.12, 0, 0, 394.83, 394.41, 16, 0, NULL),
('TEHB', 'HERRAD.BCO', 'TEQUI', 'ML', '', 950, 4.02, 0, 0, 249.91, 249.91, 16, 0, NULL),
('TEHD', 'HERRAD.BCO.DIRECTO ALAMBI', 'TEQUI', 'ML', '', 750, 2.1, 0, 0, 589.55, 294.78, 16, 0, NULL),
('TEHJ', 'HERRAD.ANT.ANEJO', 'TEQUI', 'ML', '', 750, 0, 0, 0, 0, 0, 0, 0, NULL),
('TEHL', 'HACIENDA BLACK', 'TEQUI', 'ML', '', 750, 0, 0, 0, 100, 0, 0, 0, NULL),
('TEHN', 'HERRAD.ANT.PLATA', 'TEQUI', 'ML', '', 750, 3.01, 0, 0, 192.46, 192.46, 16, 0, NULL),
('TEHP', 'HORNITOS PLATA 750 ML.', 'TEQUI', 'ML', '', 750, 0, 0, 0, 112.17, 0, 0, 0, NULL),
('TEHR', 'HERRAD.REPOSADO', 'TEQUI', 'ML', '', 950, 8.13, 0, 0, 287.88, 287.88, 16, 0, NULL),
('TEHS', 'SAUZA HDA.REP. 700 MLS.', 'TEQUI', 'ML', '', 700, 0, 0, 0, 107.83, 107.85, 0, 0, NULL),
('TEHT', 'HERRAD.PLATA', 'TEQUI', 'ML', '', 750, 1.16, 0, 0, 255.17, 255.18, 16, 0, NULL),
('TEHU', 'HERRAD.SEL.SUPREMA', 'TEQUI', 'ML', '', 750, 1, 0, 0, 2122.44, 1061.22, 16, 0, NULL),
('TEHX', 'HERRAD.ULTRA', 'TEQUI', 'ML', '', 750, 2.14, 0, 0, 443.97, 443.98, 16, 0, NULL),
('TEHZ', 'HERRAD.ANT.BCO', 'TEQUI', 'ML', '', 750, 0, 0, 0, 145.73, 109.55, 0, 0, NULL),
('TEH¥', 'HORNITOS A¥EJO 750 ML.', 'TEQUI', 'ML', '', 750, 0, 0, 0, 173.04, 0, 0, 0, NULL),
('TEJ7', 'JIMADOR REP 700', 'TEQUI', 'ML', '', 700, 15.13, 0, 0, 108.11, 108.12, 16, 0, NULL),
('TEJA', 'DON JULIO A¥EJO', 'TEQUI', 'ML', '', 750, 4.08, 0, 0, 422.41, 424.3, 16, 0, NULL),
('TEJB', 'JIMADOR BCO', 'TEQUI', 'ML', '', 750, 0, 0, 0, 90.61, 90.42, 0, 0, NULL),
('TEJF', 'JIMADOR FUEGO', 'TEQUI', 'ML', '', 750, 0, 0, 0, 1, 0, 0, 0, NULL),
('TEJI', 'JIMADOR LT.', 'TEQUI', 'ML', '', 950, 0, 0, 0, 109.53, 103.38, 0, 0, NULL),
('TEJJ', 'JIMADOR ANEJO', 'TEQUI', 'ML', '', 750, 2.11, 0, 0, 214.66, 207.64, 16, 0, NULL),
('TELI', 'TECATE LIGHT', 'CERVE', 'ML', '', 355, 0, 0, 0, 7.25, 7.26, 0, 0, NULL),
('TEMA', 'MAESTRO TEQ.A¥EJO', 'TEQUI', 'ML', '', 750, 3.12, 0, 0, 404.31, 302.56, 16, 0, NULL),
('TEMB', 'MAESTRO TEQ.BCO', 'TEQUI', 'ML', '', 750, 4.12, 0, 0, 335.78, 335.84, 16, 0, NULL),
('TEMD', 'MAESTRO TEQ.DOB.DIAMANTE', 'TEQUI', 'ML', '', 750, 4.01, 0, 0, 484.01, 484.01, 16, 0, NULL),
('TEME', 'MILAGRO REPOSADO', 'TEQUI', 'ML', '', 750, 2.1, 0, 0, 217.24, 190.65, 16, 0, NULL),
('TEMP', 'MILAGRO PLATA', 'TEQUI', 'ML', '', 750, 2.06, 0, 0, 185.34, 170.44, 16, 0, NULL),
('TEMR', 'MAESTRO TEQ.REPOSADO', 'TEQUI', 'ML', '', 750, 4, 0, 0, 390.65, 390.33, 16, 0, NULL),
('TEPA', 'PATRON A¥EJO', 'TEQUI', 'ML', '', 750, 0.1, 0, 0, 545.8, 474.52, 16, 0, NULL),
('TEPR', 'PATRON REPOSADO', 'TEQUI', 'ML', '', 750, 0, 0, 0, 1, 0, 0, 0, NULL),
('TEPS', 'PATRON SILVER', 'TEQUI', 'ML', '', 750, 0, 0, 0, 1, 0, 0, 0, NULL),
('TEPX', 'PATRON XO', 'TEQUI', 'ML', '', 750, 0, 0, 0, 1, 0, 0, 0, NULL),
('TERA', 'RESERVA FAMILIA A¥EJO', 'TEQUI', 'ML', '', 750, 2.16, 0, 0, 1422.41, 1380.77, 16, 0, NULL),
('TERB', 'CASA DRAGONES BCO', 'TEQUI', 'ML', '', 750, 0, 0, 0, 948.28, 711.46, 16, 0, NULL),
('TERH', 'REAL HACIENDA', 'TEQUI', 'ML', '', 750, 0, 0, 0, 100, 0, 0, 0, NULL),
('TERJ', 'CASA DRAGONES JOVEN', 'TEQUI', 'ML', '', 750, 0, 0, 0, 1, 0, 0, 0, NULL),
('TERS', 'RESERVA FAM PLATINO', 'TEQUI', 'ML', '', 750, 2.14, 0, 0, 490.52, 473.93, 16, 0, NULL),
('TESA', 'SUAVE 35 MANDARIN', 'TEQUI', 'ML', '', 750, 0, 0, 0, 1, 0, 0, 0, NULL),
('TESC', 'SUAVE 35 CITRUS', 'TEQUI', 'ML', '', 750, 0, 0, 0, 1, 0, 0, 0, NULL),
('TESH', 'SAUZA HORNITOS', 'TEQUI', 'ML', '', 684, 0, 0, 0, 117.39, 117.39, 0, 0, NULL),
('TESM', 'SUAVE 35 MANDARINE TEQ.', 'TEQUI', 'ML', '', 1000, 0, 0, 0, 155.65, 0, 0, 0, NULL),
('TESU', 'HERRAD.SUAVE', 'TEQUI', 'ML', '', 700, 0, 0, 0, 112.2, 111.55, 0, 0, NULL),
('TETB', 'TEZON BCO', 'TEQUI', 'ML', '', 750, 0, 0, 0, 1, 0, 0, 0, NULL),
('TETP', 'TRADICIONAL PLATA', 'TEQUI', 'ML', '', 750, 0, 0, 0, 232.59, 116.3, 16, 0, NULL),
('TETR', 'TEZON REPOSADO', 'TEQUI', 'ML', '', 750, 0, 0, 0, 1, 0, 0, 0, NULL),
('TEVR', 'VIUDA DE ROMERO', 'TEQUI', 'ML', '', 750, 0, 0, 0, 100, 0, 0, 0, NULL),
('TEZA', 'CAZADORES A¥EJO 750 ML', 'TEQUI', 'ML', '', 750, 0, 0, 0, 247.83, 0, 0, 0, NULL),
('U003', 'GUANTE CIRUJANO', 'SURES', '', '', 1, 0, 0, 0, 113.68, 79.17, 0, 0, NULL),
('V001', 'AJONJOLI BLANCO', 'VERDU', 'gr', '', 1000, 1.38, 0, 0, 55, 51.08, 0, 0, NULL),
('V002', 'AJONJOLI CARAMELIZADO', 'VERDU', 'gr', '', 1000, 0, 0, 0, 60, 44.5, 0, 0, NULL),
('V003', 'AJONJOLI NEGRO', 'VERDU', 'gr', '', 1000, 0, 0, 0, 60, 52.5, 0, 0, NULL),
('V004', 'ALMENDRA ENTERA', 'VERDU', 'gr', '', 1000, 0, 0, 0, 230, 215.96, 0, 0, NULL),
('V005', 'ALMENDRA FILETEADA', 'VERDU', 'gr', '', 1000, 0, 0, 0, 250, 249.03, 0, 0, NULL),
('V006', 'ALBERJON', 'VERDU', 'gr', '', 1000, 0, 0, 0, 14.5, 15.42, 0, 0, NULL),
('V007', 'AMARANTO', 'VERDU', 'gr', '', 1000, 0, 0, 0, 48, 24, 0, 0, NULL),
('V008', 'ANIS ESPE', 'VERDU', '', '', 1000, 0, 0, 0, 200, 165.25, 0, 0, NULL),
('V009', 'ARANDANOS DESHIDRATADOS', 'VERDU', 'gr', '', 1000, 0, 0, 0, 97, 96.28, 0, 0, NULL),
('V011', 'CACAHUATE', 'VERDU', 'gr', '', 1000, 0.33, 0, 0, 47, 49.94, 0, 0, NULL),
('V012', 'CANELA EN RAJA', 'VERDU', 'gr', '', 1000, 0, 0, 0, 390, 416.22, 0, 0, NULL),
('V013', 'CARDAMOMO RAIZ', 'VERDU', 'gr', '', 1000, 0, 0, 0, 1000, 638.38, 0, 0, NULL),
('V014', 'CHIA', 'VERDU', 'gr', '', 1000, 1.35, 0, 0, 80, 40, 0, 0, NULL),
('V015', 'CHILE ANAHEIM', 'VERDU', 'gr', '', 1000, 0, 0, 0, 29, 28.44, 0, 0, NULL),
('V016', 'CHICHARO CHINO', 'VERDU', 'GR', '', 1000, 0, 0, 0, 100, 99.13, 0, 0, NULL),
('V017', 'PAPA DE TIERRA', 'VERDU', 'GR', '', 1000, 3.67, 0, 0, 18, 18.26, 0, 0, NULL),
('V019', 'ELOTE GRANO', 'VERDU', 'gr', '', 1000, 0, 0, 0, 38, 37.88, 0, 0, NULL),
('V020', 'ENEBRO', 'VERDU', 'gr', '', 1000, 0, 0, 0, 260, 255, 0, 0, NULL),
('V021', 'ENELDO', 'VERDU', 'gr', '', 1000, 0, 0, 0, 90, 45, 0, 0, NULL),
('V022', 'GARBANZO', 'VERDU', 'gr', '', 1000, 0, 0, 0, 47, 48.91, 0, 0, NULL),
('V023', 'HOJA DE AGUACATE', 'VERDU', 'gr', '', 1000, 0, 0, 0, 27, 26.05, 0, 0, NULL),
('V024', 'HOJA DE JAMAICA', 'VERDU', 'gr', '', 1000, 0.15, 0, 0, 120, 89.87, 0, 0, NULL),
('V025', 'JENGIBRE', 'VERDU', 'gr', '', 1000, 0, 0, 0, 80, 80.97, 0, 0, NULL),
('V026', 'LIMON CON SEMILLA', 'VERDU', 'gr', '', 1000, 0, 0, 0, 14, 10.55, 0, 0, NULL),
('V027', 'NARANJA', 'VERDU', 'gr', '', 1000, 0.8, 0, 0, 6.5, 6.51, 0, 0, NULL),
('V030', 'NUEZ MACADAMIA', 'VERDU', 'gr', '', 1000, 0, 0, 0, 250, 250, 0, 0, NULL),
('V031', 'NUEZ QUEBRADA', 'VERDU', 'gr', '', 1000, 0.08, 0, 0, 305, 310.66, 0, 0, NULL),
('V032', 'PASAS', 'VERDU', 'gr', '', 1000, 0, 0, 0, 53, 52.98, 0, 0, NULL),
('V033', 'PEPITA', 'VERDU', 'gr', '', 1000, 0.54, 0, 0, 86, 84.58, 0, 0, NULL),
('V034', 'PEPITA DE CALABAZA', 'VERDU', 'gr', '', 1000, 0, 0, 0, 80, 58.75, 0, 0, NULL),
('V035', 'PILONCILLO', 'VERDU', 'gr', '', 1000, 0, 0, 0, 34, 31.32, 0, 0, NULL),
('V036', 'PISTACHE LIMPIO', 'VERDU', 'gr', '', 1000, 0, 0, 0, 480, 451.88, 0, 0, NULL),
('V037', 'SEMILLA DE HINOJO', 'VERDU', 'gr', '', 1000, 0, 0, 0, 80, 80, 0, 0, NULL),
('V038', 'SEMILLA DE GIRASOL', 'VERDU', 'gr', '', 1000, 0, 0, 0, 60, 58.1, 0, 0, NULL),
('V039', 'SEMILLA DE CILANTRO', 'VERDU', 'gr', '', 1000, 0, 0, 0, 76, 50.3, 0, 0, NULL),
('V040', 'VAINA DE VAINILLA', 'VERDU', 'pz', '', 1, 0, 0, 0, 22.38, 22.38, 0, 0, NULL),
('V041', 'VERDOLAGAS', 'VERDU', 'gr', '', 1000, 0, 0, 0, 27, 26.92, 0, 0, NULL),
('V042', 'XOCONOSTLE', 'VERDU', 'gr', '', 1000, 0, 0, 0, 0, 0, 0, 0, NULL),
('V043', 'ZANAHORIA', 'VERDU', 'gr', '', 1000, 1.72, 0, 0, 12, 12, 0, 0, NULL),
('V044', 'ZARZAMORA', 'VERDU', 'gr', '', 1000, 0, 0, 0, 30, 30.76, 0, 0, NULL),
('V046', 'AGUACATE', 'VERDU', 'gr', '', 1000, 6.77, 0, 0, 37, 37.5, 0, 0, NULL),
('V047', 'AJO', 'VERDU', 'gr', '', 1000, 1.46, 0, 0, 62, 64.31, 0, 0, NULL),
('V048', 'AJO MACHO', 'VERDU', 'gr', '', 1000, 0, 0, 0, 0, 0, 0, 0, NULL),
('V049', 'ALBAHACA', 'VERDU', 'gr', '', 1000, 0, 0, 0, 37, 25, 0, 0, NULL),
('V050', 'ALCACHOFAS', 'VERDU', 'gr', '', 1000, 0, 0, 0, 0, 0, 0, 0, NULL),
('V051', 'APIO', 'VERDU', 'gr', '', 1000, 0, 0, 0, 12, 12.26, 0, 0, NULL),
('V052', 'BETABEL', 'VERDU', 'gr', '', 1000, 0, 0, 0, 18, 13.94, 0, 0, NULL),
('V053', 'BLUEBERRY', 'VERDU', 'gr', '', 1000, 0, 0, 0, 47, 49.63, 0, 0, NULL),
('V054', 'CALABACITA', 'VERDU', 'gr', '', 1000, 4.29, 0, 0, 10, 9.01, 0, 0, NULL),
('V055', 'CHILE MECO', 'VERDU', 'GR', '', 1000, 0, 0, 0, 1, 0, 0, 0, NULL),
('V056', 'CEBOLLA BLANCA', 'VERDU', 'gr', '', 1000, 1.74, 0, 0, 11, 10.88, 0, 0, NULL),
('V057', 'CEBOLLA CAMBRAY', 'VERDU', 'gr', '', 1000, -0.01, 0, 0, 30, 25.98, 0, 0, NULL),
('V058', 'CEBOLLA MORADA', 'VERDU', 'gr', '', 1000, 0.79, 0, 0, 17, 17.76, 0, 0, NULL),
('V060', 'CHAMPI¥ONES', 'VERDU', 'gr', '', 1000, 0.3, 0, 0, 50, 50.14, 0, 0, NULL),
('V063', 'CHICHARO PELADO', 'VERDU', 'gr', '', 1000, 0, 0, 0, 70, 74.29, 0, 0, NULL),
('V065', 'CHILE ANCHO', 'VERDU', 'gr', '', 1000.01, 0.52, 0, 0, 99, 99.82, 0, 0, NULL),
('V066', 'CHILE CASCABEL', 'VERDU', 'gr', '', 1000, 1.8, 0, 0, 170, 151.04, 0, 0, NULL),
('V067', 'CHILE CHILTEPIN', 'VERDU', 'gr', '', 1000, 0.07, 0, 0, 390, 392.8, 0, 0, NULL),
('V068', 'CHILE CHIPOTLE SECO', 'VERDU', 'gr', '', 1000, 0.2, 0, 0, 85, 88.14, 0, 0, NULL),
('V069', 'CHILE DE ARBOL SECO', 'VERDU', 'gr', '', 1000, 0.33, 0, 0, 106, 106.77, 0, 0, NULL),
('V070', 'CHILE GUAJILLO', 'VERDU', 'gr', '', 1000, 0.22, 0, 0, 89, 89.26, 0, 0, NULL),
('V071', 'CHILE HABANERO', 'VERDU', 'gr', '', 1000, -0.01, 0, 0, 45, 44.5, 0, 0, NULL),
('V072', 'CHILE JALAPE¥O', 'VERDU', 'gr', '', 1000, 0.39, 0, 0, 10, 9.76, 0, 0, NULL),
('V073', 'CHILE MANZANO AMARILLO', 'VERDU', 'gr', '', 1000, 0.22, 0, 0, 53, 59.25, 0, 0, NULL),
('V074', 'CHILE MORITA', 'VERDU', 'gr', '', 1000, 0.63, 0, 0, 81, 81.71, 0, 0, NULL),
('V075', 'CHILE MULATO', 'VERDU', 'gr', '', 1000, 0, 0, 0, 170, 133.75, 0, 0, NULL),
('V076', 'CHILE PASILLA', 'VERDU', 'gr', '', 1000, 0.37, 0, 0, 97, 96.76, 0, 0, NULL),
('V077', 'CHILE POBLANO', 'VERDU', 'gr', '', 1000, 0.74, 0, 0, 17, 13.9, 0, 0, NULL),
('V078', 'CHILE SERRANO', 'VERDU', 'gr', '', 1000, 0.5, 0, 0, 27, 28, 0, 0, NULL),
('V079', 'CHILE TAMPICO', 'VERDU', 'gr', '', 1000, 0.59, 0, 0, 22, 22.27, 0, 0, NULL),
('V080', 'CILANTRO', 'VERDU', 'gr', '', 1000, -0.05, 0, 0, 55, 34.65, 0, 0, NULL),
('V081', 'CILANTRO RECIO', 'VERDU', 'gr', '', 1000, 0.89, 0, 0, 55, 34.77, 0, 0, NULL),
('V082', 'CLAVO DE OLOR', 'VERDU', 'gr', '', 1000, 0.71, 0, 0, 270, 194.4, 0, 0, NULL),
('V083', 'COCO RAYADO', 'VERDU', 'gr', '', 1000, 0, 0, 0, 50, 48.25, 0, 0, NULL),
('V085', 'COMINO', 'VERDU', 'gr', '', 1000, 0.94, 0, 0, 85, 42.5, 0, 0, NULL),
('V086', 'DURAZNO CRIOLLO', 'VERDU', 'gr', '', 1000, 0, 0, 0, 190, 108.88, 0, 0, NULL),
('V088', 'ELOTE', 'VERDU', 'gr', '', 1000, 0, 0, 0, 5, 5, 0, 0, NULL),
('V089', 'EPAZOTE VERDE', 'VERDU', 'gr', '', 1000, 0.2, 0, 0, 15, 14.26, 0, 0, NULL),
('V091', 'ESPINACA', 'VERDU', 'gr', '', 1000, 0, 0, 0, 100, 96.46, 0, 0, NULL),
('V092', 'FLOR DE CALABAZA', 'VERDU', 'gr', '', 1000, 1, 0, 0, 30, 29.98, 0, 0, NULL),
('V093', 'FLORES COMESTIBLES', 'VERDU', 'pz', '', 1000, 0, 0, 0, 100, 85.02, 0, 0, NULL),
('V094', 'FRAMBUESA', 'VERDU', 'gr', '', 1000, 0, 0, 0, 38, 38, 0, 0, NULL),
('V095', 'FRESA', 'VERDU', 'gr', '', 1000, 0, 0, 0, 42, 40.82, 0, 0, NULL),
('V096', 'GRANADA ROJA', 'VERDU', 'gr', '', 1000, 0, 0, 0, 38, 43.25, 0, 0, NULL),
('V097', 'GUAYABA', 'VERDU', 'gr', '', 1000, 0, 0, 0, 0, 0, 0, 0, NULL),
('V098', 'HIERBABUENA', 'VERDU', 'gr', '', 1000, 0, 0, 0, 44, 28.5, 0, 0, NULL),
('V101', 'HOJA DE MENTA', 'VERDU', 'gr', '', 1000, 0, 0, 0, 13, 13.51, 0, 0, NULL),
('V102', 'HOJA DE PLµTANO', 'VERDU', 'gr', '', 1000, 0, 0, 0, 28, 26.51, 0, 0, NULL),
('V103', 'HOJA SANTA', 'VERDU', 'gr', '', 1000, 0, 0, 0, 30, 25.04, 0, 0, NULL),
('V104', 'JITOMATE CHERRY', 'VERDU', 'gr', '', 1000, 1, 0, 0, 23, 25.12, 0, 0, NULL),
('V105', 'JITOMATE SALADET', 'VERDU', 'gr', '', 1000, 0.3, 0, 0, 18, 17.63, 0, 0, NULL),
('V106', 'LAUREL', 'VERDU', 'gr', '', 1000, 0.02, 0, 0, 18, 20.95, 0, 0, NULL),
('V107', 'LECHUGA ARUGULA', 'VERDU', 'pz', '', 1000, 0, 0, 0, 45, 55.75, 0, 0, NULL),
('V108', 'LECHUGA FRANCESA', 'VERDU', 'pz', '', 1000, 0, 0, 0, 9, 8.51, 0, 0, NULL),
('V109', 'LECHUGA ITALIANA', 'VERDU', 'pz', '', 1000, 1, 0, 0, 8, 8.01, 0, 0, NULL),
('V110', 'LECHUGA OREJONA', 'VERDU', 'pz', '', 1000, 0, 0, 0, 10, 9.76, 0, 0, NULL),
('V111', 'LECHUGA RADICCIO', 'VERDU', 'pz', '', 1000, 0, 0, 0, 40, 39.99, 0, 0, NULL),
('V112', 'LECHUGA ROMANA', 'VERDU', 'pz', '', 1000, 0, 0, 0, 10, 9.97, 0, 0, NULL),
('V113', 'LECHUGA SUCRINE', 'VERDU', 'pz', '', 1000, 0, 0, 0, 25, 12.5, 0, 0, NULL),
('V114', 'LOMàN AMARILLO EUREKA', 'VERDU', 'gr', '', 1000, 0, 0, 0, 0, 0, 0, 0, NULL),
('V115', 'LIMàN SIN SEMILLA', 'VERDU', 'gr', '', 1000, -0.37, 0, 0, 34, 33.57, 0, 0, NULL),
('V116', 'MANGO', 'VERDU', 'gr', '', 1000, 0, 0, 0, 31, 27.15, 0, 0, NULL),
('V122', 'NOPAL', 'VERDU', 'gr', '', 1000, 0.41, 0, 0, 23, 23.55, 0, 0, NULL),
('V123', 'NUEZ DE CASTILLA LIMPIA', 'VERDU', 'gr', '', 1000.01, 0, 0, 0, 420, 450.24, 0, 0, NULL),
('V125', 'NUEZ MOSCABADA', 'VERDU', 'gr', '', 1000, 0, 0, 0, 0, 0, 0, 0, NULL),
('V126', 'OREGANO SECO', 'VERDU', 'gr', '', 1000, 0.38, 0, 0, 75, 49.99, 0, 0, NULL),
('V127', 'PAPA ALFA', 'VERDU', 'gr', '', 1000, 0.91, 0, 0, 19, 19.01, 0, 0, NULL),
('V128', 'PAPA CAMBRAY', 'VERDU', 'gr', '', 1000, 0, 0, 0, 28, 22.94, 0, 0, NULL),
('V131', 'PENCA DE MAGUEY', 'VERDU', 'pz', '', 1, 0, 0, 0, 90, 75.95, 0, 0, NULL),
('V132', 'PEPINILLO FRESCO', 'VERDU', 'gr', '', 1000, 0, 0, 0, 42, 35.25, 0, 0, NULL),
('V133', 'PEPINO', 'VERDU', 'gr', '', 1000, -0.01, 0, 0, 20, 19.04, 0, 0, NULL),
('V136', 'PEREJIL LISO', 'VERDU', 'gr', '', 1000, 0, 0, 0, 17, 16.16, 0, 0, NULL),
('V139', 'PIMIENTA ROJA', 'VERDU', 'gr', '', 1000, 0.1, 0, 0, 0, 0, 0, 0, NULL),
('V140', 'PIMIENTO MORRàM AMARILLO', 'VERDU', 'gr', '', 1000, 0, 0, 0, 0, 0, 0, 0, NULL),
('V141', 'PIMIENTO MORRàN ROJO', 'VERDU', 'gr', '', 1000, 0.51, 0, 0, 34, 34.08, 0, 0, NULL),
('V142', 'PIMIENTO MORRàN VERDE', 'VERDU', 'gr', '', 1000, 0.3, 0, 0, 34, 34.08, 0, 0, NULL),
('V143', 'PI¥A', 'VERDU', 'gr', '', 1000, 0, 0, 0, 25, 27.62, 0, 0, NULL),
('V144', 'PE¥àN ROSA', 'VERDU', 'gr', '', 1000, 0, 0, 0, 0, 0, 0, 0, NULL),
('V145', 'PLµTANO MACHO', 'VERDU', 'gr', '', 1000, 0, 0, 0, 0, 0, 0, 0, NULL),
('V146', 'PLµTANO TABASCO', 'VERDU', 'gr', '', 1000, 0, 0, 0, 0, 0, 0, 0, NULL),
('V147', 'PORO', 'VERDU', 'gr', '', 1000, 0, 0, 0, 16, 15.38, 0, 0, NULL),
('V148', 'RµBANOS', 'VERDU', 'gr', '', 1000, 0, 0, 0, 0, 0, 0, 0, NULL),
('V149', 'ROMERO', 'VERDU', 'gr', '', 1000, 0.14, 0, 0, 13, 13, 0, 0, NULL),
('V151', 'SETAS', 'VERDU', 'gr', '', 1000, 0, 0, 0, 14, 19.46, 0, 0, NULL),
('V152', 'TOMATE', 'VERDU', 'gr', '', 1000, -0.06, 0, 0, 13, 13.12, 0, 0, NULL),
('V153', 'TOMILLO', 'VERDU', 'gr', '', 1000, 0.05, 0, 0, 22, 23.5, 0, 0, NULL),
('V154', 'TORONJA', 'VERDU', 'gr', '', 1000, 0, 0, 0, 10, 10.04, 0, 0, NULL),
('V155', 'UVA PASA', 'VERDU', 'gr', '', 1000, 0, 0, 0, 34, 31, 0, 0, NULL),
('V156', 'UVA VERDE', 'VERDU', 'gr', '', 1000, 0, 0, 0, 75, 77.01, 0, 0, NULL),
('V200', 'HUAZONTLES', 'VERDU', 'GR', '', 1000, 0, 0, 0, 30, 28.47, 0, 0, NULL),
('V201', 'PAPAYA', 'VERDU', 'GR', '', 1000, 0, 0, 0, 43, 33.29, 0, 0, NULL),
('V230', 'COL MORADA', 'VERDU', 'GR', '', 1000, 0, 0, 0, 28, 21.99, 0, 0, NULL),
('V249', 'MANZANILA', 'VERDU', 'GR', '', 1000, 0, 0, 0, 74, 47.5, 0, 0, NULL),
('V250', 'PERON GOLDEN AMERICANOGR', 'VERDU', 'GR', '', 1000, 0, 0, 0, 57, 64.02, 0, 0, NULL),
('V300', 'SANDIA', 'VERDU', 'GR', '', 1000, 0, 0, 0, 54, 48.8, 0, 0, NULL),
('V301', 'PLATANO MACHO', 'VERDU', 'GR', '', 1000, 0, 0, 0, 14, 15.84, 0, 0, NULL),
('V302', 'RABANO BABY', 'VERDU', 'GR', '', 1000, 0.8, 0, 0, 18, 19.02, 0, 0, NULL),
('V303', 'HABA SECA', 'VERDU', 'GR', '', 1000, 0, 0, 0, 36, 39, 0, 0, NULL),
('V307', 'LIMON AMARILLO EUREKA', 'VERDU', 'GR', '', 1000, 0, 0, 0, 75, 75.14, 0, 0, NULL),
('V312', 'HUITLACOCHE', 'VERDU', 'GR', '', 1000, 0.2, 0, 0, 27, 30.04, 0, 0, NULL),
('VBAM', 'ASTI MARTI', 'VINOS', 'ML', '', 750, 2, 0, 0, 206.9, 182.66, 16, 0, NULL),
('VBAN', 'ANDRE ESPUMOSO', 'VINOS', 'ML', '', 750, 0, 0, 0, 1, 0, 0, 0, NULL),
('VBAS', 'ASTI RICADONNA', 'VINOS', 'ML', '', 750, 0, 0, 0, 176.07, 139.76, 16, 0, NULL),
('VBCB', 'CRUZ BLANCA BLANCO 4 LTS.', 'VINOS', 'ML', '', 4000, 0, 0, 0, 17.94, 17.94, 0, 0, NULL),
('VBEC', 'ELENA CHARDONAY', 'VINOS', 'ML', '', 750, 0, 0, 0, 1, 0, 0, 0, NULL),
('VBGA', 'LA CETTO BLANCO 750 ML', 'VINOS', 'ML', '', 750, 0, 0, 0, 64.33, 64.33, 0, 0, NULL),
('VBKB', 'KORBEL BRUT', 'VINOS', 'ML', '', 750, 0, 0, 0, 1, 0, 0, 0, NULL),
('VBKO', 'KORBEL SWEET ROSE', 'VINOS', 'ML', '', 750, 0, 0, 0, 1, 0, 0, 0, NULL),
('VBME', 'MARTINI ESPUMOSO', 'VINOS', 'ML', '', 750, 0, 0, 0, 1, 0, 0, 0, NULL),
('VE50', 'BROCOLI', 'VERDU', 'GR', '', 1000, 0, 0, 0, 8.5, 6.75, 0, 0, NULL),
('VE80', 'COLIFLOR', 'VERDU', 'GR', '', 1000, 0, 0, 0, 27, 21.5, 0, 0, NULL),
('VEMM', 'MOSCATO MEDITERRANEO', 'VINOS', 'ML', '', 750, 0, 0, 0, 225, 225, 16, 0, NULL),
('VI01', 'SANTA ELENA VERNUS BLEND', 'VINOS', 'ML', '', 750, 0, 0, 0, 335, 0, 0, 0, NULL),
('VIBB', 'VINO BLANCO BATALLA', 'VINOS', 'ML', '', 1000, 0, 0, 0, 200.01, 100.01, 0, 0, NULL),
('VIC2', 'CASA M,ADERO 2V', 'VINOS', 'ML', '', 750, 5.02, 0, 0, 181.03, 180.99, 16, 0, NULL),
('VICC', 'CASA MADERO CAB. SAUV', 'VINOS', 'ML', '', 750, 5, 0, 0, 249.37, 246.48, 16, 0, NULL),
('VICS', 'CASA MADERO SHIRAZ', 'VINOS', 'ML', '', 750, 5, 0, 0, 249.37, 249.37, 16, 0, NULL),
('VIMC', 'MATARROMERA CRIANZA', 'VINOS', 'ML', '', 750, 3, 0, 0, 486.84, 485.16, 16, 0, NULL),
('VIMM', 'CASA MADERO MERLOT', 'VINOS', 'ML', '', 750, 4, 0, 0, 229.82, 229.82, 16, 0, NULL),
('VIMO', 'MOSCATO ESP.PETALO', 'VINOS', 'ML', '', 750, 2, 0, 0, 179.35, 171.45, 16, 0, NULL),
('VOAB', 'ABSOLUT AZUL 750 ML', 'VODKA', 'ML', '', 750, 12.04, 0, 0, 184.98, 184.98, 16, 0, NULL),
('VOAE', 'ABSOLUT PEARS', 'VODKA', 'ML', '', 750, 3.1, 0, 0, 184.98, 184.98, 16, 0, NULL),
('VOAG', 'ABSOLUT GRANADA', 'VODKA', 'ML', '', 750, 0, 0, 0, 1, 0, 0, 0, NULL),
('VOAK', 'ABSOLUT KURANT 750 M', 'VODKA', 'ML', '', 750, 0, 0, 0, 175, 0, 0, 0, NULL),
('VOAM', 'ABSOLUT MANDARINE 750 ML', 'VODKA', 'ML', '', 750, 4.04, 0, 0, 184.98, 184.98, 16, 0, NULL),
('VOAP', 'ABSOLUT APEACH 750 ML.', 'VODKA', 'ML', '', 750, 0, 0, 0, 143.48, 143.87, 0, 0, NULL),
('VOAR', 'ABSOLUT RASPBERRY 750 ML', 'VODKA', 'ML', '', 750, 6.08, 0, 0, 184.98, 184.98, 16, 0, NULL),
('VOAV', 'ABSOLUT VAINILLA', 'VODKA', 'ML', '', 750, 0, 0, 0, 135.65, 135.29, 0, 0, NULL),
('VOBE', 'BELVEDERE', 'VODKA', 'ML', '', 750, 3.12, 0, 0, 482.37, 481.71, 16, 0, NULL),
('VOCB', 'CIROC RED BERRY', 'VODKA', 'ML', '', 750, 0, 0, 0, 1, 0, 0, 0, NULL),
('VOCC', 'CIROC COCONUT', 'VODKA', 'ML', '', 750, 0, 0, 0, 1, 0, 0, 0, NULL),
('VOCI', 'ABSOLUT CITRON 750 ML', 'VODKA', 'ML', '', 750, 0, 0, 0, 184.98, 138.01, 16, 0, NULL),
('VOCR', 'CIROC', 'VODKA', 'ML', '', 750, 2.16, 0, 0, 439.66, 425.93, 16, 0, NULL),
('VODA', 'DANZKA VODKA NATURAL', 'VODKA', 'ML', '', 750, 0, 0, 0, 113.05, 113.71, 0, 0, NULL),
('VODC', 'DANZKA CITRON VODKA', 'VODKA', 'ML', '', 750, 0, 0, 0, 126.09, 133.92, 0, 0, NULL),
('VOER', 'ERISTOIF', 'VODKA', 'ML', '', 750, 0, 0, 0, 67.83, 67.83, 0, 0, NULL),
('VOFC', 'FINLANDIA CRANBERRY', 'VODKA', 'ML', '', 750, 0, 0, 0, 1, 0, 0, 0, NULL),
('VOFI', 'FINLANDIA', 'VODKA', 'ML', '', 750, 3.1, 0, 0, 206.22, 103.11, 16, 0, NULL),
('VOFL', 'FINLANDIA LIMON', 'VODKA', 'ML', '', 750, 0, 0, 0, 1, 0, 0, 0, NULL),
('VOFM', 'FINLANDIA MANGO', 'VODKA', 'ML', '', 750, 0, 0, 0, 1, 0, 0, 0, NULL),
('VOGC', 'GREY GOOSE CITRON', 'VODKA', 'ML', '', 750, 0, 0, 0, 1, 0, 0, 0, NULL),
('VOGL', 'GREY GOOSE LA POIRE', 'VODKA', 'ML', '', 750, 0, 0, 0, 1, 0, 0, 0, NULL),
('VOGO', 'GOTLAND', 'VODKA', 'ML', '', 750, 4.09, 0, 0, 139.22, 128.59, 16, 0, NULL),
('VOGR', 'GREY GOOSE VODKA 700 ML.', 'VODKA', 'ML', '', 700, 6.08, 0, 0, 422.41, 422.41, 16, 0, NULL),
('VOKE', 'KETEL ONE', 'VODKA', 'ML', '', 750, 2.02, 0, 0, 250, 182.55, 16, 0, NULL),
('VOMA', 'ABSOLUT MANGO', 'VODKA', 'ML', '', 750, 3.06, 0, 0, 184.98, 184.98, 16, 0, NULL),
('VORR', 'ABSOLUT RUBY RED 750 ML.', 'VODKA', 'ML', '', 750, 0, 0, 0, 156.52, 157.01, 0, 0, NULL),
('VOSE', 'STOLICHNAYA ELITE', 'VODKA', 'ML', '', 750, 2, 0, 0, 738.74, 646.4, 16, 0, NULL),
('VOSK', 'SKYY', 'VODKA', 'ML', '', 750, 4.09, 0, 0, 125.17, 124.54, 16, 0, NULL),
('VOSM', 'SMIRNOF', 'VODKA', 'ML', '', 1000, 8, 0, 0, 115.52, 115.52, 16, 0, NULL),
('VOST', 'STOLICHNAYA NATURAL 750', 'VODKA', 'ML', '', 750, 8.04, 0, 0, 240.98, 240.98, 16, 0, NULL),
('VOTH', 'THREE OLIVES', 'VODKA', 'NM', '', 750, 2, 0, 0, 256.5, 0, 16, 0, NULL),
('VOWN', 'WYBOROWA NARANJA', 'VODKA', 'ML', '', 750, 0, 0, 0, 1, 0, 0, 0, NULL),
('VOWY', 'WYBOROWA NATURAL', 'VODKA', 'ML', '', 750, 14.16, 0, 0, 103.25, 103.25, 16, 0, NULL),
('VTC3', 'CASA MADERO 3V', 'VINOS', 'ML', '', 750, 5.02, 0, 0, 249.37, 249.38, 16, 0, NULL),
('VTC4', 'CALIFORNIA TTO 4 LTS', 'VINOS', 'ML', '', 4000, 1, 0, 0, 159.48, 159.64, 16, 0, NULL),
('VTCB', 'CRUZ BLANCA TINTO  4 LTS.', 'VINOS', 'ML', '', 4000, 0, 0, 0, 17.94, 17.95, 0, 0, NULL),
('VTCD', 'CASILLERO DEL DIABLO', 'VINOS', 'ML', '', 750, 0, 0, 0, 83.48, 83.49, 0, 0, NULL),
('VTCS', 'CABERNET SAVIGNON', 'VINOS', 'ML', '', 750, 0, 0, 0, 0, 0, 0, 0, NULL),
('VTCT', 'CASILLEROS DE TIEBAS', 'VINOS', 'ML', '', 750, 0, 0, 0, 25, 0, 0, 0, NULL),
('VTEV', 'ELENA VERNUS BLEND', 'VINOS', 'ML', '', 750, 0, 0, 0, 1, 0, 0, 0, NULL),
('VTFC', 'FINCA LA CELIA', 'VINOS', 'ML', '', 750, 0, 0, 0, 272.06, 136.53, 0, 0, NULL),
('VTFM', 'GRAFFIGNA MALBEC G.R', 'VINOS', 'ML', '', 750, 0, 0, 0, 284.48, 257.54, 0, 0, NULL),
('VTG4', 'XA DOMEC SAB SAU 375 M', 'VINOS', 'ML', '', 375, 0, 0, 0, 30.43, 30.37, 0, 0, NULL),
('VTGC', 'CASA GDE CABERNET', 'VINOS', 'ML', '', 750, 5, 0, 0, 468.65, 234.83, 16, 0, NULL),
('VTGN', 'LA CETTO CAB SAU 750 ML.', 'VINOS', 'ML', '', 750, 0, 0, 0, 65.22, 65.22, 0, 0, NULL),
('VTGR', 'GRAQFFINGA PINOT GRIGO', 'VINOS', 'ML', '', 750, 0, 0, 0, 161.17, 161.97, 0, 0, NULL),
('VTGS', 'GRAFFIGNA C.S.CENTENARIO', 'VINOS', 'ML', '', 750, 0, 0, 0, 162.87, 162.78, 0, 0, NULL),
('VTGT', 'GRAFIN SANTIAGO', 'VINOS', 'ML', '', 750, 0, 0, 0, 175.26, 88.13, 0, 0, NULL),
('VTMC', 'MARQUES CACERES TTO', 'VINOS', 'ML', '', 750, 0, 0, 0, 138.29, 138.28, 0, 0, NULL),
('VTMP', 'MARQUES PLUMA COSECHA', 'VINOS', 'ML', '', 750, 0, 0, 0, 231, 231, 16, 0, NULL),
('VTRM', 'RESERVA MAGNA', 'VINOS', 'ML', '', 750, 0, 0, 0, 1, 0, 0, 0, NULL),
('VTRR', 'RESERVA REAL DOMECQ', 'VINOS', 'ML', '', 750, 0, 0, 0, 148.45, 149.02, 0, 0, NULL),
('VTSA', 'SUAVE GAUDINA', 'VINOS', 'ML', '', 750, 0, 0, 0, 225, 0, 0, 0, NULL),
('VTSG', 'CASA GDE SHIRAZ', 'VINOS', 'ML', '', 750, 5, 0, 0, 490.52, 361.71, 16, 0, NULL),
('VTSH', 'SANTA HELENA R.C.', 'VINOS', 'ML', '', 750, 0, 0, 0, 145.04, 109.03, 0, 0, NULL),
('VTSV', 'SANTA HELENA VARIETAL', 'VINOS', 'ML', '', 750, 0, 0, 0, 92.79, 81.32, 0, 0, NULL),
('VTTA', 'TERRAZAS ANDES MALBEC', 'VINOS', 'ML', '', 750, 0, 0, 0, 265.41, 278, 0, 0, NULL),
('VTVF', 'VI¥A FLORA', 'VINOS', 'ML', '', 750, 0, 0, 0, 197, 148, 16, 0, NULL),
('WHB8', 'BUCHANNANS 18 A¥OS', 'WHISK', 'ML', '', 750, 4.15, 0, 0, 1120.69, 1120.69, 16, 0, NULL),
('WHBA', 'BALLANTINES 12 A¥OS 750 M', 'WHISK', 'ML', '', 750, 2.15, 0, 0, 389.11, 387.17, 16, 0, NULL),
('WHBF', 'BALLANTINE FINE', 'WHISK', 'ML', '', 750, 2.13, 0, 0, 175.86, 175.86, 16, 0, NULL),
('WHBL', 'BULLEIT', 'WHISK', 'ML', '', 750, 2.04, 0, 0, 305.25, 304.72, 16, 0, NULL),
('WHBM', 'BUCHANANS MASTER', 'WHISK', 'ML', '', 750, 6, 0, 0, 586.21, 586.21, 16, 0, NULL),
('WHBR', 'BUCHANANS RED SEAL', 'WHISK', 'ML', '', 750, 2, 0, 0, 2284.48, 1677.8, 16, 0, NULL),
('WHBU', 'BUCHANANS 12 A¥OS', 'WHISK', 'ML', '', 750, 18.06, 0, 0, 504.31, 504.31, 16, 0, NULL),
('WHBW', 'BLACK & WHITE', 'WHISK', 'ML', '', 750, 2.02, 0, 0, 129.31, 129.31, 16, 0, NULL),
('WHC1', 'CHIVAS REGAL 21', 'WHISK', 'ML', '', 750, 1.06, 0, 0, 2309.47, 1154.74, 16, 0, NULL),
('WHC5', 'CHIVAS REGAL 25', 'WHISK', 'ML', '', 750, 1, 0, 0, 1, 0, 0, 0, NULL),
('WHC8', 'CHIVAS REGAL 18 A¥OS', 'WHISK', 'ML', '', 750, 3.02, 0, 0, 1159.48, 1159.62, 16, 0, NULL),
('WHCA', 'CARDHU SINGLE MALT', 'WHISK', 'ML', '', 750, 2.02, 0, 0, 538.79, 269.4, 16, 0, NULL),
('WHCL', 'CHIVAS MAGUM 1.5', 'WHISK', 'ML', '', 1500, 0, 0, 0, 1, 0, 0, 0, NULL),
('WHCM', 'CANADIAN MIST', 'WHISK', 'ML', '', 750, 2.12, 0, 0, 150.62, 115.02, 16, 0, NULL),
('WHCR', 'CHIVAS REGAL 12 A¥OS', 'WHISK', 'ML', '', 750, 7.16, 0, 0, 474.13, 474.14, 16, 0, NULL),
('WHCV', 'COUVOISIER VS', 'COGNA', 'ML', '', 750, 0, 0, 0, 1, 0, 0, 0, NULL),
('WHDE', 'DEWARS 12 A¥OS WHISKY', 'WHISK', 'ML', '', 750, 0, 0, 0, 260, 130, 0, 0, NULL),
('WHDW', 'DEWAR`S WHITE LABEL 750ML', 'WHISK', 'ML', '', 750, 0, 0, 0, 144.35, 144.35, 0, 0, NULL),
('WHEN', 'JW NEGRA', 'WHISK', 'ML', '', 750, 6.32, 0, 0, 515.52, 515.52, 16, 0, NULL),
('WHER', 'JW ROJA', 'WHISK', 'ML', '', 750, 18.11, 0, 0, 213.79, 213.79, 16, 0, NULL),
('WHET', 'EARLY TIMES', 'WHISK', 'ML', '', 750, 2.02, 0, 0, 123.56, 61.78, 16, 0, NULL),
('WHG5', 'GLENLIVET 15', 'WHISK', 'ML', '', 750, 0, 0, 0, 1, 0, 0, 0, NULL),
('WHG8', 'GLENFIDDICH 18', 'WHISK', 'ML', '', 750, 3, 0, 0, 1482.76, 1482.28, 16, 0, NULL),
('WHGE', 'GLENFIDDISH 12', 'WHISK', 'ML', '', 750, 3, 0, 0, 581.9, 581.91, 16, 0, NULL),
('WHGG', 'GLEN GRANT', 'WHISK', 'ML', '', 700, 1.01, 0, 0, 228.45, 224.98, 16, 0, NULL),
('WHGL', 'GLENLIVET 12', 'WHISK', 'ML', '', 750, 0.08, 0, 0, 634, 443.41, 0, 0, NULL),
('WHGM', 'GLENMORANGIE ORIGINAL', 'WHISK', 'ML', '', 750, 1.07, 0, 0, 692.84, 688.84, 16, 0, NULL),
('WHGN', 'GENTLEMAN JACK', 'WHISK', 'ML', '', 750, 1.04, 0, 0, 495.69, 425.14, 16, 0, NULL),
('WHJ#', 'JACK DANIELS 3 LTS', 'WHISK', 'ML', '', 750, 0, 0, 0, 1052.59, 1048.49, 0, 0, NULL),
('WHJA', 'JAMESON', 'WHISK', 'ML', '', 750, 6, 0, 0, 265.52, 265.05, 16, 0, NULL),
('WHJB', 'J & B', 'WHISK', 'ML', '', 750, 4.01, 0, 0, 168.97, 168.97, 16, 0, NULL),
('WHJD', 'JACK DANIELS', 'WHISK', 'ML', '', 700, 6.06, 0, 0, 273.28, 273.28, 16, 0, NULL),
('WHJH', 'JACK DANIELS HONEY', 'WHISK', 'ML', '', 750, 4.11, 0, 0, 273.28, 273.28, 16, 0, NULL),
('WHJK', 'JW DOUBLE BLACK', 'WHISK', 'ML', '', 750, 3.1, 0, 0, 579.31, 579.31, 16, 0, NULL),
('WHJO', 'JW DORADA', 'WHISK', 'ML', '', 750, 2, 0, 0, 745.69, 745.46, 16, 0, NULL),
('WHJR', 'JAMESON SP RESERVA', 'WHISK', 'ML', '', 750, 0, 0, 0, 1, 0, 0, 0, NULL),
('WHJS', 'JACK DANIELS SINGLE BARRE', 'WHISK', 'ML', '', 750, 1, 0, 0, 861.21, 660.68, 16, 0, NULL),
('WHJV', 'JW VERDE', 'WHISK', 'ML', '', 750, 1.15, 0, 0, 850, 849.07, 16, 0, NULL),
('WHJZ', 'JW AZUL', 'WHISK', 'ML', '', 750, 1, 0, 0, 3232.76, 3173.73, 16, 0, NULL),
('WHM8', 'MACALLAN 18 A¥OS', 'WHISK', 'ML', '', 750, 1, 0, 0, 1, 0, 0, 0, NULL),
('WHMC', 'MACALLAN 12 A¥OS', 'WHISK', 'ML', '', 750, 4.01, 0, 0, 853.45, 853.45, 16, 0, NULL),
('WHMR', 'MACALLAN RUBY', 'WHISK', 'ML', '', 750, 1.06, 0, 0, 4344.83, 2172.92, 16, 0, NULL),
('WHMX', 'MARTELL XO', 'COGNA', 'ML', '', 750, 1, 0, 0, 1800, 0, 0, 0, NULL),
('WHOM', 'OLD PARR SMUGGLER', 'WHISK', 'ML', '', 750, 3.12, 0, 0, 88.79, 66.6, 16, 0, NULL),
('WHOP', 'OLD PARR', 'WHISK', 'ML', '', 750, 3.08, 0, 0, 409.48, 409.48, 16, 0, NULL),
('WHOS', 'OLD PARR SILVER', 'WHISK', 'ML', '', 750, 3.13, 0, 0, 331.9, 331.9, 16, 0, NULL),
('WHPA', 'PASSPORT', 'WHISK', 'ML', '', 750, 10.11, 0, 0, 117.24, 117.24, 16, 0, NULL),
('WHWO', 'WOODFORD', 'WHISK', 'ML', '', 750, 1, 0, 0, 1, 0, 0, 0, NULL),
('WHWT', 'WILD TURKEY', 'WHISK', 'ML', '', 750, 2.12, 0, 0, 215.52, 209.6, 16, 0, NULL),
('XXAM', 'XX AMBAR 24/2 325 MLS', 'CERVE', 'ML', '', 7800, 0, 0, 0, 8.44, 20.63, 0, 0, NULL),
('XXLA', 'XX LAGGER 1X24 BOT 325ML', 'CERVE', '', '', 7800, 0, 0, 0, 8.44, 8.44, 0, 0, NULL);

-- --------------------------------------------------------

--
-- Estructura de tabla para la tabla `usuario`
--

CREATE TABLE `usuario` (
  `id_user` int(10) NOT NULL,
  `username` varchar(30) NOT NULL,
  `password` varchar(25) NOT NULL,
  `cargo` varchar(30) NOT NULL,
  `nombre` varchar(30) NOT NULL,
  `email` varchar(50) NOT NULL
) ENGINE=InnoDB DEFAULT CHARSET=utf8;

--
-- Volcado de datos para la tabla `usuario`
--

INSERT INTO `usuario` (`id_user`, `username`, `password`, `cargo`, `nombre`, `email`) VALUES
(1, 'ivan', '12345', 'administrador', 'ivan colula', 'ivan_f789@hotmail.com'),
(2, 'paola', '12345', 'gerente', 'paola paez', 'paola@gmail.com'),
(3, 'memo', '12345', 'cocina', 'memo', 'memo@gmail.com'),
(4, 'raul', '12345', 'barra', 'raul', 'raul@gmail.com'),
(5, 'Luis', '12345', 'barra', 'Luis sanchez', 'luis@gmail.com'),
(6, 'cocina', '12345', 'cocina', 'cocina', 'cocina@gmail.com'),
(8, 'raul', '12345', 'barra', 'raul rulo', 'raul@gmail.com'),
(9, 'jorge', 'jorge', 'no', 'jorgito', 'sada@dfs'),
(10, 'cha', '12', 'noas', 'asd', 'asd@as');

--
-- Índices para tablas volcadas
--

--
-- Indices de la tabla `almacen`
--
ALTER TABLE `almacen`
  ADD PRIMARY KEY (`id_almacen`);

--
-- Indices de la tabla `familia`
--
ALTER TABLE `familia`
  ADD PRIMARY KEY (`cod_familia`),
  ADD UNIQUE KEY `cod_familia` (`cod_familia`);

--
-- Indices de la tabla `pedidos`
--
ALTER TABLE `pedidos`
  ADD PRIMARY KEY (`id_pedido`),
  ADD UNIQUE KEY `id_pedido` (`id_pedido`);

--
-- Indices de la tabla `pedido_producto`
--
ALTER TABLE `pedido_producto`
  ADD KEY `id_pedido` (`id_pedido`),
  ADD KEY `id_prod` (`codingre`);

--
-- Indices de la tabla `productos`
--
ALTER TABLE `productos`
  ADD PRIMARY KEY (`codingre`);

--
-- Indices de la tabla `usuario`
--
ALTER TABLE `usuario`
  ADD PRIMARY KEY (`id_user`),
  ADD UNIQUE KEY `user_id` (`id_user`);

--
-- AUTO_INCREMENT de las tablas volcadas
--

--
-- AUTO_INCREMENT de la tabla `almacen`
--
ALTER TABLE `almacen`
  MODIFY `id_almacen` int(3) NOT NULL AUTO_INCREMENT, AUTO_INCREMENT=3;

--
-- AUTO_INCREMENT de la tabla `pedidos`
--
ALTER TABLE `pedidos`
  MODIFY `id_pedido` int(10) NOT NULL AUTO_INCREMENT, AUTO_INCREMENT=183;

--
-- AUTO_INCREMENT de la tabla `usuario`
--
ALTER TABLE `usuario`
  MODIFY `id_user` int(10) NOT NULL AUTO_INCREMENT, AUTO_INCREMENT=11;

--
-- Restricciones para tablas volcadas
--

--
-- Filtros para la tabla `pedido_producto`
--
ALTER TABLE `pedido_producto`
  ADD CONSTRAINT `pedido_producto_ibfk_1` FOREIGN KEY (`codingre`) REFERENCES `productos` (`codingre`),
  ADD CONSTRAINT `pedido_producto_ibfk_2` FOREIGN KEY (`id_pedido`) REFERENCES `pedidos` (`id_pedido`);
COMMIT;

/*!40101 SET CHARACTER_SET_CLIENT=@OLD_CHARACTER_SET_CLIENT */;
/*!40101 SET CHARACTER_SET_RESULTS=@OLD_CHARACTER_SET_RESULTS */;
/*!40101 SET COLLATION_CONNECTION=@OLD_COLLATION_CONNECTION */;
