-- phpMyAdmin SQL Dump
-- version 4.8.5
-- https://www.phpmyadmin.net/
--
-- Servidor: 127.0.0.1
-- Tiempo de generación: 08-05-2019 a las 23:02:17
-- Versión del servidor: 10.1.38-MariaDB
-- Versión de PHP: 7.3.2

SET SQL_MODE = "NO_AUTO_VALUE_ON_ZERO";
SET AUTOCOMMIT = 0;
START TRANSACTION;
SET time_zone = "+00:00";


/*!40101 SET @OLD_CHARACTER_SET_CLIENT=@@CHARACTER_SET_CLIENT */;
/*!40101 SET @OLD_CHARACTER_SET_RESULTS=@@CHARACTER_SET_RESULTS */;
/*!40101 SET @OLD_COLLATION_CONNECTION=@@COLLATION_CONNECTION */;
/*!40101 SET NAMES utf8mb4 */;

--
-- Base de datos: `almacen`
--

-- --------------------------------------------------------

--
-- Estructura de tabla para la tabla `actualiza`
--

CREATE TABLE `actualiza` (
  `id_actualiza` int(11) NOT NULL,
  `nombre_archivo` varchar(15) COLLATE utf8_bin NOT NULL,
  `hora` time NOT NULL,
  `fecha` date NOT NULL,
  `peso` float NOT NULL,
  `estado` varchar(15) COLLATE utf8_bin DEFAULT NULL
) ENGINE=InnoDB DEFAULT CHARSET=utf8 COLLATE=utf8_bin;

--
-- Volcado de datos para la tabla `actualiza`
--

INSERT INTO `actualiza` (`id_actualiza`, `nombre_archivo`, `hora`, `fecha`, `peso`, `estado`) VALUES
(9, 'OCOMPRA.CSV', '12:05:55', '2019-04-25', 53604, 'Listo'),
(10, 'OCOMPRA.CSV', '13:13:00', '2019-04-25', 82570, 'Listo'),
(11, 'OCOMPRA.CSV', '13:28:37', '2019-04-25', 53604, 'Listo'),
(13, 'OCOMPRA.CSV', '14:17:12', '2019-04-26', 84400, 'Listo'),
(14, 'OCOMPRA.CSV', '19:30:50', '2019-04-28', 84405, 'Listo'),
(15, 'OCOMPRA.CSV', '02:02:31', '2019-05-01', 84410, 'Listo'),
(16, 'OCOMPRA.CSV', '03:34:52', '2019-05-05', 84886, 'Listo'),
(24, 'OCOMPRA.CSV', '18:48:21', '2019-04-25', 54092, 'Listo');

-- --------------------------------------------------------

--
-- Estructura de tabla para la tabla `familia`
--

CREATE TABLE `familia` (
  `cod_familia` varchar(20) COLLATE utf8_bin NOT NULL,
  `descripcion` varchar(50) COLLATE utf8_bin NOT NULL,
  `area` varchar(15) COLLATE utf8_bin DEFAULT NULL
) ENGINE=InnoDB DEFAULT CHARSET=utf8 COLLATE=utf8_bin;

--
-- Volcado de datos para la tabla `familia`
--

INSERT INTO `familia` (`cod_familia`, `descripcion`, `area`) VALUES
('ABARR', 'Abarrotes', 'cocina'),
('ANISS', 'Anis', 'barra'),
('BAJAS', 'Bajas Cocina', 'cocina'),
('BAJB', 'Bajas Barra', 'barra'),
('BEBID', 'Bebidas', 'barra'),
('BRAND', 'Brandy', 'barra'),
('CAFEE', 'Cafe/Te', 'cocina'),
('CARNE', 'Carne', 'cocina'),
('CERVE', 'Cervezas', 'barra'),
('CHAMP', 'Champagne', 'barra'),
('CIGAR', 'Cigarros/Tabaco', 'barra'),
('COGNA', 'Cognacs', 'barra'),
('CONGE', 'Congelados', 'cocina'),
('EMBUT', 'Embutidos', 'cocina'),
('ENERG', 'Energeticos', 'cocina'),
('ESPEC', 'Especias', 'cocina'),
('FRUTA', 'Fruta', 'cocina'),
('GINEB', 'Ginebras', 'barra'),
('HIELO', 'Hielo', 'cocina'),
('IMPOR', 'Importados', 'cocina'),
('JEREZ', 'Jerez', 'barra'),
('JUGOS', 'Jugos', 'barra'),
('LACTE', 'Lacteos', 'cocina'),
('LICOR', 'Licores', 'barra'),
('MEZCA', 'Mezcal', 'barra'),
('PANTO', 'Pan y Tortillas', 'cocina'),
('PESCA', 'Pescado/Marisco', 'cocina'),
('PRODU', 'Produccion', 'cocina'),
('REFRE', 'Sodas', 'barra'),
('RONNN', 'Rones', 'barra'),
('TEQUI', 'Tequilas', 'barra'),
('TORTI', 'Tortilleria', 'cocina'),
('VERDU', 'Verdura', 'cocina'),
('VINOS', 'Vinos', 'barra'),
('VODKA', 'Vodkas', 'barra'),
('WHISK', 'Whiskey', 'barra');

-- --------------------------------------------------------

--
-- Estructura de tabla para la tabla `pedidos`
--

CREATE TABLE `pedidos` (
  `id_pedido` int(10) NOT NULL,
  `fecha_pedido` date NOT NULL,
  `fecha_autoriza_cancela` date DEFAULT NULL,
  `hora` time NOT NULL,
  `hora_autoriza_cancela` time DEFAULT NULL,
  `autoriza` varchar(30) COLLATE utf8_bin DEFAULT NULL,
  `solicita` varchar(30) COLLATE utf8_bin NOT NULL,
  `estado` varchar(20) COLLATE utf8_bin NOT NULL,
  `observaciones` varchar(150) COLLATE utf8_bin DEFAULT NULL,
  `unidad_medida` varchar(10) COLLATE utf8_bin NOT NULL,
  `total_prod` float NOT NULL,
  `costo_total` decimal(10,2) NOT NULL,
  `familia` char(10) COLLATE utf8_bin NOT NULL
) ENGINE=InnoDB DEFAULT CHARSET=utf8 COLLATE=utf8_bin;

--
-- Volcado de datos para la tabla `pedidos`
--

INSERT INTO `pedidos` (`id_pedido`, `fecha_pedido`, `fecha_autoriza_cancela`, `hora`, `hora_autoriza_cancela`, `autoriza`, `solicita`, `estado`, `observaciones`, `unidad_medida`, `total_prod`, `costo_total`, `familia`) VALUES
(1, '2019-04-15', '2019-05-07', '11:43:22', '04:32:48', 'gerente', 'administrador', 'autorizado', NULL, '', 32, '720426.00', ''),
(2, '2019-04-16', '2019-05-07', '10:13:11', '04:32:48', 'gerente', 'cocina', 'autorizado', NULL, '', 89, '18097.30', ''),
(3, '2019-05-07', '2019-05-07', '04:23:30', '04:32:47', 'gerente', 'gerente', 'autorizado', NULL, '', 90, '12128.99', ''),
(4, '2019-05-07', '2019-05-07', '04:23:58', '04:32:46', 'gerente', 'gerente', 'autorizado', NULL, '', 6, '2555.47', ''),
(5, '2019-05-07', '2019-05-07', '04:32:30', '04:32:44', 'gerente', 'gerente', 'autorizado', NULL, '', 90, '12128.99', ''),
(6, '2019-05-07', '2019-05-07', '04:39:15', '04:39:17', 'gerente', 'gerente', 'autorizado', NULL, '', 90, '12128.99', ''),
(7, '2019-05-07', '2019-05-07', '05:02:02', '05:02:03', 'gerente', 'gerente', 'autorizado', NULL, '', 90, '12128.99', ''),
(8, '2019-05-07', NULL, '06:43:41', NULL, NULL, 'cocina', 'pedido', NULL, '', 90, '12128.99', 'generica'),
(9, '2019-05-08', NULL, '10:06:00', NULL, NULL, 'cocina', 'pedido', NULL, '', 90, '12128.99', 'generica'),
(10, '2019-05-08', NULL, '10:11:31', NULL, NULL, 'cocina', 'pedido', NULL, '', 90, '12128.99', 'generica'),
(11, '2019-05-08', '2019-05-08', '10:11:55', '10:13:17', 'gerente', 'cocina', 'autorizado', NULL, '', 9, '1185.29', 'generica'),
(12, '2019-05-08', '2019-05-08', '10:12:17', '10:13:03', 'gerente', 'cocina', 'autorizado', NULL, '', 90, '12128.99', 'generica'),
(13, '2019-05-08', NULL, '11:20:05', NULL, NULL, 'gerente', 'pedido', NULL, '', 89, '12128.99', 'ABARR'),
(14, '2019-05-08', NULL, '11:28:34', NULL, NULL, 'gerente', 'pedido', NULL, '', 89, '12128.99', 'ABARR'),
(15, '2019-05-08', NULL, '11:39:10', NULL, NULL, 'gerente', 'pedido', NULL, '', 89, '12128.99', 'ABARR'),
(16, '2019-05-08', '2019-05-08', '11:39:55', '12:47:42', 'gerente', 'gerente', 'autorizado', NULL, '', 89, '12128.99', 'ABARR'),
(17, '2019-05-08', '2019-05-08', '11:46:11', '12:31:21', 'gerente', 'gerente', 'autorizado', NULL, '', 89, '12128.99', 'ABARR'),
(18, '2019-05-08', '2019-05-08', '11:46:38', '12:04:31', 'gerente', 'gerente', 'autorizado', NULL, '', 6, '2555.47', 'CAFEE'),
(19, '2019-05-08', '2019-05-08', '12:48:48', '12:48:52', 'gerente', 'gerente', 'cancelado', NULL, '', 12, '8322.94', 'BRAND'),
(20, '2019-05-08', '2019-05-08', '12:49:01', '12:49:03', 'gerente', 'gerente', 'autorizado', NULL, '', 12, '8322.94', 'BRAND'),
(21, '2019-05-08', NULL, '12:52:10', NULL, NULL, 'gerente', 'pedido', NULL, '', 89, '12128.99', 'ABARR'),
(22, '2019-05-08', '2019-05-08', '12:54:38', '01:07:28', 'gerente', 'gerente', 'autorizado', NULL, '', 89, '12128.99', 'ABARR'),
(23, '2019-05-08', '2019-05-08', '12:55:36', '12:56:22', 'gerente', 'gerente', 'autorizado', NULL, '', 28, '16262.24', 'CERVE'),
(24, '2019-05-08', '2019-05-08', '12:57:46', '12:57:53', 'gerente', 'gerente', 'autorizado', NULL, '', 37, '41703.75', 'BEBID'),
(25, '2019-05-08', '2019-05-08', '01:01:20', '01:05:39', 'gerente', 'gerente', 'autorizado', NULL, '', 13, '5496.62', 'MEZCA'),
(26, '2019-05-08', '2019-05-08', '01:02:22', '01:02:27', 'gerente', 'gerente', 'autorizado', NULL, '', 6, '543.02', 'JEREZ'),
(27, '2019-05-08', '2019-05-08', '01:09:43', '01:09:46', 'gerente', 'gerente', 'autorizado', NULL, '', 47, '30242.53', 'VINOS'),
(28, '2019-05-08', '2019-05-08', '01:13:01', '01:38:16', 'gerente', 'gerente', 'autorizado', NULL, '', 20, '12701.33', 'GINEB'),
(29, '2019-05-08', '2019-05-08', '01:13:23', '01:13:40', 'gerente', 'gerente', 'autorizado', NULL, '', 79, '9763.28', 'LICOR'),
(30, '2019-05-08', '2019-05-08', '01:25:20', '01:25:53', 'gerente', 'gerente', 'autorizado', NULL, '', 79, '9763.28', 'LICOR');

-- --------------------------------------------------------

--
-- Estructura de tabla para la tabla `pedido_producto`
--

CREATE TABLE `pedido_producto` (
  `id_pedido` int(10) NOT NULL,
  `codingre` varchar(10) COLLATE utf8_bin NOT NULL,
  `fecha_pedido` date NOT NULL,
  `hora_pedido` time NOT NULL,
  `num_prod` float NOT NULL,
  `estado_prod` varchar(20) COLLATE utf8_bin DEFAULT NULL,
  `observacion` varchar(150) COLLATE utf8_bin DEFAULT NULL
) ENGINE=InnoDB DEFAULT CHARSET=utf8 COLLATE=utf8_bin;

--
-- Volcado de datos para la tabla `pedido_producto`
--

INSERT INTO `pedido_producto` (`id_pedido`, `codingre`, `fecha_pedido`, `hora_pedido`, `num_prod`, `estado_prod`, `observacion`) VALUES
(1, 'CEBA', '2019-04-15', '11:43:22', 0.98, 'autorizado', ''),
(1, 'CEBN', '2019-04-15', '11:43:22', 4615, 'autorizado', ''),
(1, 'CECR', '2019-04-15', '11:43:22', 240, 'autorizado', ''),
(1, 'CECL', '2019-04-15', '11:43:22', 180, 'autorizado', ''),
(1, 'CECB', '2019-04-15', '11:43:22', 6, 'autorizado', ''),
(1, 'CEGH', '2019-04-15', '11:43:22', 15620, 'autorizado', ''),
(1, 'CEGS', '2019-04-15', '11:43:22', 2840, 'autorizado', ''),
(1, 'CEHO', '2019-04-15', '11:43:22', 19880, 'autorizado', ''),
(1, 'INDI', '2019-04-15', '11:43:22', 10, 'autorizado', ''),
(1, 'CELE', '2019-04-15', '11:43:22', 180, 'autorizado', ''),
(1, 'CEMS', '2019-04-15', '11:43:22', 300, 'autorizado', ''),
(1, 'CENM', '2019-04-15', '11:43:22', 300, 'autorizado', ''),
(1, 'CEOL', '2019-04-15', '11:43:22', 36, 'autorizado', ''),
(1, 'CEA9', '2019-04-15', '11:43:22', 10, 'autorizado', ''),
(1, 'CEOS', '2019-04-15', '11:43:22', 2130, 'autorizado', ''),
(1, 'CEPA', '2019-04-15', '11:43:22', 180, 'autorizado', ''),
(1, 'CEQU', '2019-04-15', '11:43:22', 710, 'autorizado', ''),
(1, 'CESA', '2019-04-15', '11:43:22', 3905, 'autorizado', ''),
(1, 'CESE', '2019-04-15', '11:43:22', 65, 'autorizado', ''),
(1, 'CEVI', '2019-04-15', '11:43:22', 300, 'autorizado', ''),
(2, '0005', '2019-04-16', '10:13:11', 3, 'autorizado', ''),
(2, '0011', '2019-04-16', '10:13:11', 4, 'autorizado', ''),
(2, '0018', '2019-04-16', '10:13:11', 3, 'autorizado', ''),
(2, '0025', '2019-04-16', '10:13:11', 1, 'autorizado', ''),
(2, '0007', '2019-04-16', '10:13:11', 1, 'autorizado', ''),
(2, '0080', '2019-04-16', '10:13:11', 0.5, 'autorizado', ''),
(2, '0082', '2019-04-16', '10:13:11', 4, 'autorizado', ''),
(2, '0012', '2019-04-16', '10:13:11', 0.56, 'autorizado', ''),
(2, '0026', '2019-04-16', '10:13:11', 15, 'autorizado', ''),
(2, '0073', '2019-04-16', '10:13:11', 3, 'autorizado', ''),
(2, '0027', '2019-04-16', '10:13:11', 1, 'autorizado', ''),
(2, '0028', '2019-04-16', '10:13:11', 15, 'autorizado', ''),
(2, '0086', '2019-04-16', '10:13:11', 1, 'autorizado', ''),
(2, '0029', '2019-04-16', '10:13:11', 1, 'autorizado', ''),
(2, '0016', '2019-04-16', '10:13:11', 1, 'autorizado', ''),
(2, '0030', '2019-04-16', '10:13:11', 5, 'autorizado', ''),
(2, '0081', '2019-04-16', '10:13:11', 2, 'autorizado', ''),
(2, '0031', '2019-04-16', '10:13:11', 0.75, 'autorizado', ''),
(2, '0032', '2019-04-16', '10:13:11', 0.2, 'autorizado', ''),
(2, '0003', '2019-04-16', '10:13:11', 1, 'autorizado', ''),
(2, '0079', '2019-04-16', '10:13:11', 3, 'autorizado', ''),
(2, '0033', '2019-04-16', '10:13:11', 1, 'autorizado', ''),
(2, '0036', '2019-04-16', '10:13:11', 10, 'autorizado', ''),
(2, '0037', '2019-04-16', '10:13:11', 1, 'autorizado', ''),
(2, '0077', '2019-04-16', '10:13:11', 1, 'autorizado', ''),
(2, '0038', '2019-04-16', '10:13:11', 4, 'autorizado', ''),
(2, '0039', '2019-04-16', '10:13:11', 5, 'autorizado', ''),
(2, '0009', '2019-04-16', '10:13:11', 1, 'autorizado', ''),
(2, '0083', '2019-04-16', '10:13:11', 1, 'autorizado', ''),
(2, '0076', '2019-04-16', '10:13:11', 4, 'autorizado', ''),
(2, '0040', '2019-04-16', '10:13:11', 1, 'autorizado', ''),
(2, '0074', '2019-04-16', '10:13:11', 15, 'autorizado', ''),
(2, '0041', '2019-04-16', '10:13:11', 15, 'autorizado', ''),
(2, '0042', '2019-04-16', '10:13:11', 1, 'autorizado', ''),
(2, '0078', '2019-04-16', '10:13:11', 1, 'autorizado', ''),
(2, '0065', '2019-04-16', '10:13:11', 8, 'autorizado', ''),
(2, '0043', '2019-04-16', '10:13:11', 2, 'autorizado', ''),
(2, '0044', '2019-04-16', '10:13:11', 1, 'autorizado', ''),
(2, '0045', '2019-04-16', '10:13:11', 1, 'autorizado', ''),
(2, '0046', '2019-04-16', '10:13:11', 6, 'autorizado', ''),
(2, '0067', '2019-04-16', '10:13:11', 10, 'autorizado', ''),
(2, '0010', '2019-04-16', '10:13:11', 1, 'autorizado', ''),
(2, '0047', '2019-04-16', '10:13:11', 1, 'autorizado', ''),
(2, '0004', '2019-04-16', '10:13:11', 2, 'autorizado', ''),
(2, '0017', '2019-04-16', '10:13:11', 1, 'autorizado', ''),
(2, '0049', '2019-04-16', '10:13:11', 4, 'autorizado', ''),
(2, '0075', '2019-04-16', '10:13:11', 8, 'autorizado', ''),
(2, '0072', '2019-04-16', '10:13:11', 8, 'autorizado', ''),
(2, '0021', '2019-04-16', '10:13:11', 3, 'autorizado', ''),
(2, '0050', '2019-04-16', '10:13:11', 1, 'autorizado', ''),
(2, '0051', '2019-04-16', '10:13:11', 3, 'autorizado', ''),
(2, '0052', '2019-04-16', '10:13:11', 1, 'autorizado', ''),
(2, '0013', '2019-04-16', '10:13:11', 3, 'autorizado', ''),
(2, '0053', '2019-04-16', '10:13:11', 2, 'autorizado', ''),
(2, '0002', '2019-04-16', '10:13:11', 2, 'autorizado', ''),
(2, '0054', '2019-04-16', '10:13:11', 3, 'autorizado', ''),
(2, '0055', '2019-04-16', '10:13:11', 1, 'autorizado', ''),
(2, '0056', '2019-04-16', '10:13:11', 1, 'autorizado', ''),
(2, '0057', '2019-04-16', '10:13:11', 1, 'autorizado', ''),
(2, '0058', '2019-04-16', '10:13:11', 2, 'autorizado', ''),
(2, '0084', '2019-04-16', '10:13:11', 2, 'autorizado', ''),
(2, '0087', '2019-04-16', '10:13:11', 3, 'autorizado', ''),
(2, '0059', '2019-04-16', '10:13:11', 6, 'autorizado', ''),
(2, '0019', '2019-04-16', '10:13:11', 10, 'autorizado', ''),
(2, '0088', '2019-04-16', '10:13:11', 1, 'autorizado', ''),
(2, '0068', '2019-04-16', '10:13:11', 6, 'autorizado', ''),
(2, '0022', '2019-04-16', '10:13:11', 5, 'autorizado', ''),
(2, '0014', '2019-04-16', '10:13:11', 2, 'autorizado', ''),
(2, '0006', '2019-04-16', '10:13:11', 2, 'autorizado', ''),
(2, '0015', '2019-04-16', '10:13:11', 2, 'autorizado', ''),
(2, '0061', '2019-04-16', '10:13:11', 1, 'autorizado', ''),
(2, '0085', '2019-04-16', '10:13:11', 14.6, 'autorizado', ''),
(2, '0243', '2019-04-16', '10:13:11', 15, 'autorizado', ''),
(2, '0020', '2019-04-16', '10:13:11', 15, 'autorizado', ''),
(2, '0062', '2019-04-16', '10:13:11', 1, 'autorizado', ''),
(2, '0023', '2019-04-16', '10:13:11', 2, 'autorizado', ''),
(2, '0063', '2019-04-16', '10:13:11', 2, 'autorizado', ''),
(2, '0008', '2019-04-16', '10:13:11', 1, 'autorizado', ''),
(2, '0064', '2019-04-16', '10:13:11', 1, 'autorizado', ''),
(3, '0005', '2019-05-07', '04:23:30', 3, 'autorizado', ''),
(3, '0011', '2019-05-07', '04:23:30', 4, 'autorizado', ''),
(3, '0018', '2019-05-07', '04:23:30', 2.04, 'autorizado', ''),
(3, '0285', '2019-05-07', '04:23:30', 2, 'autorizado', ''),
(3, '0080', '2019-05-07', '04:23:30', 0.5, 'autorizado', ''),
(3, '0082', '2019-05-07', '04:23:30', 4, 'autorizado', ''),
(3, '0026', '2019-05-07', '04:23:30', 15, 'autorizado', ''),
(3, 'O282', '2019-05-07', '04:23:30', 1, 'autorizado', ''),
(3, '0073', '2019-05-07', '04:23:30', 3, 'autorizado', ''),
(3, '0027', '2019-05-07', '04:23:30', 1, 'autorizado', ''),
(3, '0292', '2019-05-07', '04:23:30', 2, 'autorizado', ''),
(3, '0028', '2019-05-07', '04:23:30', 6.05, 'autorizado', ''),
(3, '0086', '2019-05-07', '04:23:30', 1, 'autorizado', ''),
(3, '0016', '2019-05-07', '04:23:30', 1, 'autorizado', ''),
(3, '0030', '2019-05-07', '04:23:30', 3, 'autorizado', ''),
(3, '0081', '2019-05-07', '04:23:30', 2, 'autorizado', ''),
(3, '0290', '2019-05-07', '04:23:30', 3, 'autorizado', ''),
(3, '0032', '2019-05-07', '04:23:30', 0.2, 'autorizado', ''),
(3, '0003', '2019-05-07', '04:23:30', 1, 'autorizado', ''),
(3, '0079', '2019-05-07', '04:23:30', 3, 'autorizado', ''),
(3, '0033', '2019-05-07', '04:23:30', 1, 'autorizado', ''),
(3, '0036', '2019-05-07', '04:23:30', 5, 'autorizado', ''),
(3, '0295', '2019-05-07', '04:23:30', 15, 'autorizado', ''),
(3, '0077', '2019-05-07', '04:23:30', 1, 'autorizado', ''),
(3, '0283', '2019-05-07', '04:23:30', 1, 'autorizado', ''),
(3, 'COFI', '2019-05-07', '04:23:30', 0, 'autorizado', ''),
(3, '0009', '2019-05-07', '04:23:30', 1, 'autorizado', ''),
(3, '0076', '2019-05-07', '04:23:30', 4, 'autorizado', ''),
(3, '0040', '2019-05-07', '04:23:30', 1, 'autorizado', ''),
(3, '0074', '2019-05-07', '04:23:30', 15, 'autorizado', ''),
(3, '0041', '2019-05-07', '04:23:30', 15, 'autorizado', ''),
(3, '0042', '2019-05-07', '04:23:30', 1, 'autorizado', ''),
(3, '0065', '2019-05-07', '04:23:30', 8, 'autorizado', ''),
(3, '0043', '2019-05-07', '04:23:30', 2, 'autorizado', ''),
(3, '0046', '2019-05-07', '04:23:30', 4.42, 'autorizado', ''),
(3, '0010', '2019-05-07', '04:23:30', 1, 'autorizado', ''),
(3, '0047', '2019-05-07', '04:23:30', 1, 'autorizado', ''),
(3, '0004', '2019-05-07', '04:23:30', 1, 'autorizado', ''),
(3, '0286', '2019-05-07', '04:23:30', 4, 'autorizado', ''),
(3, '0049', '2019-05-07', '04:23:30', 4, 'autorizado', ''),
(3, '0075', '2019-05-07', '04:23:30', 5, 'autorizado', ''),
(3, '0072', '2019-05-07', '04:23:30', 5.52, 'autorizado', ''),
(3, '0021', '2019-05-07', '04:23:30', 3, 'autorizado', ''),
(3, '0050', '2019-05-07', '04:23:30', 1, 'autorizado', ''),
(3, '0051', '2019-05-07', '04:23:30', 3, 'autorizado', ''),
(3, '0291', '2019-05-07', '04:23:30', 4, 'autorizado', ''),
(3, '0052', '2019-05-07', '04:23:30', 1, 'autorizado', ''),
(3, '0013', '2019-05-07', '04:23:30', 3, 'autorizado', ''),
(3, '0293', '2019-05-07', '04:23:30', 1, 'autorizado', ''),
(3, '0053', '2019-05-07', '04:23:30', 1, 'autorizado', ''),
(3, '0284', '2019-05-07', '04:23:30', 2, 'autorizado', ''),
(3, '0002', '2019-05-07', '04:23:30', 2, 'autorizado', ''),
(3, '0058', '2019-05-07', '04:23:30', 2, 'autorizado', ''),
(3, '0084', '2019-05-07', '04:23:30', 2, 'autorizado', ''),
(3, '0087', '2019-05-07', '04:23:30', 3, 'autorizado', ''),
(3, '0019', '2019-05-07', '04:23:30', 10, 'autorizado', ''),
(3, '0088', '2019-05-07', '04:23:30', 1, 'autorizado', ''),
(3, '0068', '2019-05-07', '04:23:30', 6, 'autorizado', ''),
(3, '0288', '2019-05-07', '04:23:30', 2, 'autorizado', ''),
(3, '0022', '2019-05-07', '04:23:30', 5.01, 'autorizado', ''),
(3, '0014', '2019-05-07', '04:23:30', 1, 'autorizado', ''),
(3, '0006', '2019-05-07', '04:23:30', 1, 'autorizado', ''),
(3, '0015', '2019-05-07', '04:23:30', 2, 'autorizado', ''),
(3, '0287', '2019-05-07', '04:23:30', 4, 'autorizado', ''),
(3, '0061', '2019-05-07', '04:23:30', 1, 'autorizado', ''),
(3, '0085', '2019-05-07', '04:23:30', 9.6, 'autorizado', ''),
(3, '0243', '2019-05-07', '04:23:30', 15, 'autorizado', ''),
(3, '0020', '2019-05-07', '04:23:30', 15, 'autorizado', ''),
(3, '0062', '2019-05-07', '04:23:30', 1, 'autorizado', ''),
(3, '0023', '2019-05-07', '04:23:30', 1, 'autorizado', ''),
(3, '0063', '2019-05-07', '04:23:30', 2, 'autorizado', ''),
(3, '0064', '2019-05-07', '04:23:30', 1, 'autorizado', ''),
(4, 'CC04', '2019-05-07', '04:23:58', 1, 'autorizado', ''),
(4, 'CC05', '2019-05-07', '04:23:58', 1, 'autorizado', ''),
(4, 'CC01', '2019-05-07', '04:23:58', 1, 'autorizado', ''),
(4, 'CC03', '2019-05-07', '04:23:58', 1, 'autorizado', ''),
(4, 'CC06', '2019-05-07', '04:23:58', 1, 'autorizado', ''),
(5, '0005', '2019-05-07', '04:32:30', 3, 'autorizado', ''),
(5, '0011', '2019-05-07', '04:32:30', 4, 'autorizado', ''),
(5, '0018', '2019-05-07', '04:32:30', 2.04, 'autorizado', ''),
(5, '0285', '2019-05-07', '04:32:30', 2, 'autorizado', ''),
(5, '0080', '2019-05-07', '04:32:30', 0.5, 'autorizado', ''),
(5, '0082', '2019-05-07', '04:32:30', 4, 'autorizado', ''),
(5, '0026', '2019-05-07', '04:32:30', 15, 'autorizado', ''),
(5, 'O282', '2019-05-07', '04:32:30', 1, 'autorizado', ''),
(5, '0073', '2019-05-07', '04:32:30', 3, 'autorizado', ''),
(5, '0027', '2019-05-07', '04:32:30', 1, 'autorizado', ''),
(5, '0292', '2019-05-07', '04:32:30', 2, 'autorizado', ''),
(5, '0028', '2019-05-07', '04:32:30', 6.05, 'autorizado', ''),
(5, '0086', '2019-05-07', '04:32:30', 1, 'autorizado', ''),
(5, '0016', '2019-05-07', '04:32:30', 1, 'autorizado', ''),
(5, '0030', '2019-05-07', '04:32:30', 3, 'autorizado', ''),
(5, '0081', '2019-05-07', '04:32:30', 2, 'autorizado', ''),
(5, '0290', '2019-05-07', '04:32:30', 3, 'autorizado', ''),
(5, '0032', '2019-05-07', '04:32:30', 0.2, 'autorizado', ''),
(5, '0003', '2019-05-07', '04:32:30', 1, 'autorizado', ''),
(5, '0079', '2019-05-07', '04:32:30', 3, 'autorizado', ''),
(5, '0033', '2019-05-07', '04:32:30', 1, 'autorizado', ''),
(5, '0036', '2019-05-07', '04:32:30', 5, 'autorizado', ''),
(5, '0295', '2019-05-07', '04:32:30', 15, 'autorizado', ''),
(5, '0077', '2019-05-07', '04:32:30', 1, 'autorizado', ''),
(5, '0283', '2019-05-07', '04:32:30', 1, 'autorizado', ''),
(5, 'COFI', '2019-05-07', '04:32:30', 0, 'autorizado', ''),
(5, '0009', '2019-05-07', '04:32:30', 1, 'autorizado', ''),
(5, '0076', '2019-05-07', '04:32:30', 4, 'autorizado', ''),
(5, '0040', '2019-05-07', '04:32:30', 1, 'autorizado', ''),
(5, '0074', '2019-05-07', '04:32:30', 15, 'autorizado', ''),
(5, '0041', '2019-05-07', '04:32:30', 15, 'autorizado', ''),
(5, '0042', '2019-05-07', '04:32:30', 1, 'autorizado', ''),
(5, '0065', '2019-05-07', '04:32:30', 8, 'autorizado', ''),
(5, '0043', '2019-05-07', '04:32:30', 2, 'autorizado', ''),
(5, '0046', '2019-05-07', '04:32:30', 4.42, 'autorizado', ''),
(5, '0010', '2019-05-07', '04:32:30', 1, 'autorizado', ''),
(5, '0047', '2019-05-07', '04:32:30', 1, 'autorizado', ''),
(5, '0004', '2019-05-07', '04:32:30', 1, 'autorizado', ''),
(5, '0286', '2019-05-07', '04:32:30', 4, 'autorizado', ''),
(5, '0049', '2019-05-07', '04:32:30', 4, 'autorizado', ''),
(5, '0075', '2019-05-07', '04:32:30', 5, 'autorizado', ''),
(5, '0072', '2019-05-07', '04:32:30', 5.52, 'autorizado', ''),
(5, '0021', '2019-05-07', '04:32:30', 3, 'autorizado', ''),
(5, '0050', '2019-05-07', '04:32:30', 1, 'autorizado', ''),
(5, '0051', '2019-05-07', '04:32:30', 3, 'autorizado', ''),
(5, '0291', '2019-05-07', '04:32:30', 4, 'autorizado', ''),
(5, '0052', '2019-05-07', '04:32:30', 1, 'autorizado', ''),
(5, '0013', '2019-05-07', '04:32:30', 3, 'autorizado', ''),
(5, '0293', '2019-05-07', '04:32:30', 1, 'autorizado', ''),
(5, '0053', '2019-05-07', '04:32:30', 1, 'autorizado', ''),
(5, '0284', '2019-05-07', '04:32:30', 2, 'autorizado', ''),
(5, '0002', '2019-05-07', '04:32:30', 2, 'autorizado', ''),
(5, '0058', '2019-05-07', '04:32:30', 2, 'autorizado', ''),
(5, '0084', '2019-05-07', '04:32:30', 2, 'autorizado', ''),
(5, '0087', '2019-05-07', '04:32:30', 3, 'autorizado', ''),
(5, '0019', '2019-05-07', '04:32:30', 10, 'autorizado', ''),
(5, '0088', '2019-05-07', '04:32:30', 1, 'autorizado', ''),
(5, '0068', '2019-05-07', '04:32:30', 6, 'autorizado', ''),
(5, '0288', '2019-05-07', '04:32:30', 2, 'autorizado', ''),
(5, '0022', '2019-05-07', '04:32:30', 5.01, 'autorizado', ''),
(5, '0014', '2019-05-07', '04:32:30', 1, 'autorizado', ''),
(5, '0006', '2019-05-07', '04:32:30', 1, 'autorizado', ''),
(5, '0015', '2019-05-07', '04:32:30', 2, 'autorizado', ''),
(5, '0287', '2019-05-07', '04:32:30', 4, 'autorizado', ''),
(5, '0061', '2019-05-07', '04:32:30', 1, 'autorizado', ''),
(5, '0085', '2019-05-07', '04:32:30', 9.6, 'autorizado', ''),
(5, '0243', '2019-05-07', '04:32:30', 15, 'autorizado', ''),
(5, '0020', '2019-05-07', '04:32:30', 15, 'autorizado', ''),
(5, '0062', '2019-05-07', '04:32:30', 1, 'autorizado', ''),
(5, '0023', '2019-05-07', '04:32:30', 1, 'autorizado', ''),
(5, '0063', '2019-05-07', '04:32:30', 2, 'autorizado', ''),
(5, '0064', '2019-05-07', '04:32:30', 1, 'autorizado', ''),
(6, '0005', '2019-05-07', '04:39:15', 3, 'autorizado', ''),
(6, '0011', '2019-05-07', '04:39:15', 4, 'autorizado', ''),
(6, '0018', '2019-05-07', '04:39:15', 2.04, 'autorizado', ''),
(6, '0285', '2019-05-07', '04:39:15', 2, 'autorizado', ''),
(6, '0080', '2019-05-07', '04:39:15', 0.5, 'autorizado', ''),
(6, '0082', '2019-05-07', '04:39:15', 4, 'autorizado', ''),
(6, '0026', '2019-05-07', '04:39:15', 15, 'autorizado', ''),
(6, 'O282', '2019-05-07', '04:39:15', 1, 'autorizado', ''),
(6, '0073', '2019-05-07', '04:39:15', 3, 'autorizado', ''),
(6, '0027', '2019-05-07', '04:39:15', 1, 'autorizado', ''),
(6, '0292', '2019-05-07', '04:39:15', 2, 'autorizado', ''),
(6, '0028', '2019-05-07', '04:39:15', 6.05, 'autorizado', ''),
(6, '0086', '2019-05-07', '04:39:15', 1, 'autorizado', ''),
(6, '0016', '2019-05-07', '04:39:15', 1, 'autorizado', ''),
(6, '0030', '2019-05-07', '04:39:15', 3, 'autorizado', ''),
(6, '0081', '2019-05-07', '04:39:15', 2, 'autorizado', ''),
(6, '0290', '2019-05-07', '04:39:15', 3, 'autorizado', ''),
(6, '0032', '2019-05-07', '04:39:15', 0.2, 'autorizado', ''),
(6, '0003', '2019-05-07', '04:39:15', 1, 'autorizado', ''),
(6, '0079', '2019-05-07', '04:39:15', 3, 'autorizado', ''),
(6, '0033', '2019-05-07', '04:39:15', 1, 'autorizado', ''),
(6, '0036', '2019-05-07', '04:39:15', 5, 'autorizado', ''),
(6, '0295', '2019-05-07', '04:39:15', 15, 'autorizado', ''),
(6, '0077', '2019-05-07', '04:39:15', 1, 'autorizado', ''),
(6, '0283', '2019-05-07', '04:39:15', 1, 'autorizado', ''),
(6, 'COFI', '2019-05-07', '04:39:15', 0, 'autorizado', ''),
(6, '0009', '2019-05-07', '04:39:15', 1, 'autorizado', ''),
(6, '0076', '2019-05-07', '04:39:15', 4, 'autorizado', ''),
(6, '0040', '2019-05-07', '04:39:15', 1, 'autorizado', ''),
(6, '0074', '2019-05-07', '04:39:15', 15, 'autorizado', ''),
(6, '0041', '2019-05-07', '04:39:15', 15, 'autorizado', ''),
(6, '0042', '2019-05-07', '04:39:15', 1, 'autorizado', ''),
(6, '0065', '2019-05-07', '04:39:15', 8, 'autorizado', ''),
(6, '0043', '2019-05-07', '04:39:15', 2, 'autorizado', ''),
(6, '0046', '2019-05-07', '04:39:15', 4.42, 'autorizado', ''),
(6, '0010', '2019-05-07', '04:39:15', 1, 'autorizado', ''),
(6, '0047', '2019-05-07', '04:39:15', 1, 'autorizado', ''),
(6, '0004', '2019-05-07', '04:39:15', 1, 'autorizado', ''),
(6, '0286', '2019-05-07', '04:39:15', 4, 'autorizado', ''),
(6, '0049', '2019-05-07', '04:39:15', 4, 'autorizado', ''),
(6, '0075', '2019-05-07', '04:39:15', 5, 'autorizado', ''),
(6, '0072', '2019-05-07', '04:39:15', 5.52, 'autorizado', ''),
(6, '0021', '2019-05-07', '04:39:15', 3, 'autorizado', ''),
(6, '0050', '2019-05-07', '04:39:15', 1, 'autorizado', ''),
(6, '0051', '2019-05-07', '04:39:15', 3, 'autorizado', ''),
(6, '0291', '2019-05-07', '04:39:15', 4, 'autorizado', ''),
(6, '0052', '2019-05-07', '04:39:15', 1, 'autorizado', ''),
(6, '0013', '2019-05-07', '04:39:15', 3, 'autorizado', ''),
(6, '0293', '2019-05-07', '04:39:15', 1, 'autorizado', ''),
(6, '0053', '2019-05-07', '04:39:15', 1, 'autorizado', ''),
(6, '0284', '2019-05-07', '04:39:15', 2, 'autorizado', ''),
(6, '0002', '2019-05-07', '04:39:15', 2, 'autorizado', ''),
(6, '0058', '2019-05-07', '04:39:15', 2, 'autorizado', ''),
(6, '0084', '2019-05-07', '04:39:15', 2, 'autorizado', ''),
(6, '0087', '2019-05-07', '04:39:15', 3, 'autorizado', ''),
(6, '0019', '2019-05-07', '04:39:15', 10, 'autorizado', ''),
(6, '0088', '2019-05-07', '04:39:15', 1, 'autorizado', ''),
(6, '0068', '2019-05-07', '04:39:15', 6, 'autorizado', ''),
(6, '0288', '2019-05-07', '04:39:15', 2, 'autorizado', ''),
(6, '0022', '2019-05-07', '04:39:15', 5.01, 'autorizado', ''),
(6, '0014', '2019-05-07', '04:39:15', 1, 'autorizado', ''),
(6, '0006', '2019-05-07', '04:39:15', 1, 'autorizado', ''),
(6, '0015', '2019-05-07', '04:39:15', 2, 'autorizado', ''),
(6, '0287', '2019-05-07', '04:39:15', 4, 'autorizado', ''),
(6, '0061', '2019-05-07', '04:39:15', 1, 'autorizado', ''),
(6, '0085', '2019-05-07', '04:39:15', 9.6, 'autorizado', ''),
(6, '0243', '2019-05-07', '04:39:15', 15, 'autorizado', ''),
(6, '0020', '2019-05-07', '04:39:15', 15, 'autorizado', ''),
(6, '0062', '2019-05-07', '04:39:15', 1, 'autorizado', ''),
(6, '0023', '2019-05-07', '04:39:15', 1, 'autorizado', ''),
(6, '0063', '2019-05-07', '04:39:15', 2, 'autorizado', ''),
(6, '0064', '2019-05-07', '04:39:15', 1, 'autorizado', ''),
(7, '0005', '2019-05-07', '05:02:02', 3, 'autorizado', ''),
(7, '0011', '2019-05-07', '05:02:02', 4, 'autorizado', ''),
(7, '0018', '2019-05-07', '05:02:02', 2.04, 'autorizado', ''),
(7, '0285', '2019-05-07', '05:02:02', 2, 'autorizado', ''),
(7, '0080', '2019-05-07', '05:02:02', 0.5, 'autorizado', ''),
(7, '0082', '2019-05-07', '05:02:02', 4, 'autorizado', ''),
(7, '0026', '2019-05-07', '05:02:02', 15, 'autorizado', ''),
(7, 'O282', '2019-05-07', '05:02:02', 1, 'autorizado', ''),
(7, '0073', '2019-05-07', '05:02:02', 3, 'autorizado', ''),
(7, '0027', '2019-05-07', '05:02:02', 1, 'autorizado', ''),
(7, '0292', '2019-05-07', '05:02:02', 2, 'autorizado', ''),
(7, '0028', '2019-05-07', '05:02:02', 6.05, 'autorizado', ''),
(7, '0086', '2019-05-07', '05:02:02', 1, 'autorizado', ''),
(7, '0016', '2019-05-07', '05:02:02', 1, 'autorizado', ''),
(7, '0030', '2019-05-07', '05:02:02', 3, 'autorizado', ''),
(7, '0081', '2019-05-07', '05:02:02', 2, 'autorizado', ''),
(7, '0290', '2019-05-07', '05:02:02', 3, 'autorizado', ''),
(7, '0032', '2019-05-07', '05:02:02', 0.2, 'autorizado', ''),
(7, '0003', '2019-05-07', '05:02:02', 1, 'autorizado', ''),
(7, '0079', '2019-05-07', '05:02:02', 3, 'autorizado', ''),
(7, '0033', '2019-05-07', '05:02:02', 1, 'autorizado', ''),
(7, '0036', '2019-05-07', '05:02:02', 5, 'autorizado', ''),
(7, '0295', '2019-05-07', '05:02:02', 15, 'autorizado', ''),
(7, '0077', '2019-05-07', '05:02:02', 1, 'autorizado', ''),
(7, '0283', '2019-05-07', '05:02:02', 1, 'autorizado', ''),
(7, 'COFI', '2019-05-07', '05:02:02', 0, 'autorizado', ''),
(7, '0009', '2019-05-07', '05:02:02', 1, 'autorizado', ''),
(7, '0076', '2019-05-07', '05:02:02', 4, 'autorizado', ''),
(7, '0040', '2019-05-07', '05:02:02', 1, 'autorizado', ''),
(7, '0074', '2019-05-07', '05:02:02', 15, 'autorizado', ''),
(7, '0041', '2019-05-07', '05:02:02', 15, 'autorizado', ''),
(7, '0042', '2019-05-07', '05:02:02', 1, 'autorizado', ''),
(7, '0065', '2019-05-07', '05:02:02', 8, 'autorizado', ''),
(7, '0043', '2019-05-07', '05:02:02', 2, 'autorizado', ''),
(7, '0046', '2019-05-07', '05:02:02', 4.42, 'autorizado', ''),
(7, '0010', '2019-05-07', '05:02:02', 1, 'autorizado', ''),
(7, '0047', '2019-05-07', '05:02:02', 1, 'autorizado', ''),
(7, '0004', '2019-05-07', '05:02:02', 1, 'autorizado', ''),
(7, '0286', '2019-05-07', '05:02:02', 4, 'autorizado', ''),
(7, '0049', '2019-05-07', '05:02:02', 4, 'autorizado', ''),
(7, '0075', '2019-05-07', '05:02:02', 5, 'autorizado', ''),
(7, '0072', '2019-05-07', '05:02:02', 5.52, 'autorizado', ''),
(7, '0021', '2019-05-07', '05:02:02', 3, 'autorizado', ''),
(7, '0050', '2019-05-07', '05:02:02', 1, 'autorizado', ''),
(7, '0051', '2019-05-07', '05:02:02', 3, 'autorizado', ''),
(7, '0291', '2019-05-07', '05:02:02', 4, 'autorizado', ''),
(7, '0052', '2019-05-07', '05:02:02', 1, 'autorizado', ''),
(7, '0013', '2019-05-07', '05:02:02', 3, 'autorizado', ''),
(7, '0293', '2019-05-07', '05:02:02', 1, 'autorizado', ''),
(7, '0053', '2019-05-07', '05:02:02', 1, 'autorizado', ''),
(7, '0284', '2019-05-07', '05:02:02', 2, 'autorizado', ''),
(7, '0002', '2019-05-07', '05:02:02', 2, 'autorizado', ''),
(7, '0058', '2019-05-07', '05:02:02', 2, 'autorizado', ''),
(7, '0084', '2019-05-07', '05:02:02', 2, 'autorizado', ''),
(7, '0087', '2019-05-07', '05:02:02', 3, 'autorizado', ''),
(7, '0019', '2019-05-07', '05:02:02', 10, 'autorizado', ''),
(7, '0088', '2019-05-07', '05:02:02', 1, 'autorizado', ''),
(7, '0068', '2019-05-07', '05:02:02', 6, 'autorizado', ''),
(7, '0288', '2019-05-07', '05:02:02', 2, 'autorizado', ''),
(7, '0022', '2019-05-07', '05:02:02', 5.01, 'autorizado', ''),
(7, '0014', '2019-05-07', '05:02:02', 1, 'autorizado', ''),
(7, '0006', '2019-05-07', '05:02:02', 1, 'autorizado', ''),
(7, '0015', '2019-05-07', '05:02:02', 2, 'autorizado', ''),
(7, '0287', '2019-05-07', '05:02:02', 4, 'autorizado', ''),
(7, '0061', '2019-05-07', '05:02:02', 1, 'autorizado', ''),
(7, '0085', '2019-05-07', '05:02:02', 9.6, 'autorizado', ''),
(7, '0243', '2019-05-07', '05:02:02', 15, 'autorizado', ''),
(7, '0020', '2019-05-07', '05:02:02', 15, 'autorizado', ''),
(7, '0062', '2019-05-07', '05:02:02', 1, 'autorizado', ''),
(7, '0023', '2019-05-07', '05:02:02', 1, 'autorizado', ''),
(7, '0063', '2019-05-07', '05:02:02', 2, 'autorizado', ''),
(7, '0064', '2019-05-07', '05:02:02', 1, 'autorizado', ''),
(8, '0005', '2019-05-07', '06:43:41', 3, 'pedido', ''),
(8, '0011', '2019-05-07', '06:43:41', 4, 'pedido', ''),
(8, '0018', '2019-05-07', '06:43:41', 2.04, 'pedido', ''),
(8, '0285', '2019-05-07', '06:43:41', 2, 'pedido', ''),
(8, '0080', '2019-05-07', '06:43:41', 0.5, 'pedido', ''),
(8, '0082', '2019-05-07', '06:43:41', 4, 'pedido', ''),
(8, '0026', '2019-05-07', '06:43:41', 15, 'pedido', ''),
(8, 'O282', '2019-05-07', '06:43:41', 1, 'pedido', ''),
(8, '0073', '2019-05-07', '06:43:41', 3, 'pedido', ''),
(8, '0027', '2019-05-07', '06:43:41', 1, 'pedido', ''),
(8, '0292', '2019-05-07', '06:43:41', 2, 'pedido', ''),
(8, '0028', '2019-05-07', '06:43:41', 6.05, 'pedido', ''),
(8, '0086', '2019-05-07', '06:43:41', 1, 'pedido', ''),
(8, '0016', '2019-05-07', '06:43:41', 1, 'pedido', ''),
(8, '0030', '2019-05-07', '06:43:41', 3, 'pedido', ''),
(8, '0081', '2019-05-07', '06:43:41', 2, 'pedido', ''),
(8, '0290', '2019-05-07', '06:43:41', 3, 'pedido', ''),
(8, '0032', '2019-05-07', '06:43:41', 0.2, 'pedido', ''),
(8, '0003', '2019-05-07', '06:43:41', 1, 'pedido', ''),
(8, '0079', '2019-05-07', '06:43:41', 3, 'pedido', ''),
(8, '0033', '2019-05-07', '06:43:41', 1, 'pedido', ''),
(8, '0036', '2019-05-07', '06:43:41', 5, 'pedido', ''),
(8, '0295', '2019-05-07', '06:43:41', 15, 'pedido', ''),
(8, '0077', '2019-05-07', '06:43:41', 1, 'pedido', ''),
(8, '0283', '2019-05-07', '06:43:41', 1, 'pedido', ''),
(8, 'COFI', '2019-05-07', '06:43:41', 0, 'pedido', ''),
(8, '0009', '2019-05-07', '06:43:41', 1, 'pedido', ''),
(8, '0076', '2019-05-07', '06:43:41', 4, 'pedido', ''),
(8, '0040', '2019-05-07', '06:43:41', 1, 'pedido', ''),
(8, '0074', '2019-05-07', '06:43:41', 15, 'pedido', ''),
(8, '0041', '2019-05-07', '06:43:41', 15, 'pedido', ''),
(8, '0042', '2019-05-07', '06:43:41', 1, 'pedido', ''),
(8, '0065', '2019-05-07', '06:43:41', 8, 'pedido', ''),
(8, '0043', '2019-05-07', '06:43:41', 2, 'pedido', ''),
(8, '0046', '2019-05-07', '06:43:41', 4.42, 'pedido', ''),
(8, '0010', '2019-05-07', '06:43:41', 1, 'pedido', ''),
(8, '0047', '2019-05-07', '06:43:41', 1, 'pedido', ''),
(8, '0004', '2019-05-07', '06:43:41', 1, 'pedido', ''),
(8, '0286', '2019-05-07', '06:43:41', 4, 'pedido', ''),
(8, '0049', '2019-05-07', '06:43:41', 4, 'pedido', ''),
(8, '0075', '2019-05-07', '06:43:41', 5, 'pedido', ''),
(8, '0072', '2019-05-07', '06:43:41', 5.52, 'pedido', ''),
(8, '0021', '2019-05-07', '06:43:41', 3, 'pedido', ''),
(8, '0050', '2019-05-07', '06:43:41', 1, 'pedido', ''),
(8, '0051', '2019-05-07', '06:43:41', 3, 'pedido', ''),
(8, '0291', '2019-05-07', '06:43:41', 4, 'pedido', ''),
(8, '0052', '2019-05-07', '06:43:41', 1, 'pedido', ''),
(8, '0013', '2019-05-07', '06:43:41', 3, 'pedido', ''),
(8, '0293', '2019-05-07', '06:43:41', 1, 'pedido', ''),
(8, '0053', '2019-05-07', '06:43:41', 1, 'pedido', ''),
(8, '0284', '2019-05-07', '06:43:41', 2, 'pedido', ''),
(8, '0002', '2019-05-07', '06:43:41', 2, 'pedido', ''),
(8, '0058', '2019-05-07', '06:43:41', 2, 'pedido', ''),
(8, '0084', '2019-05-07', '06:43:41', 2, 'pedido', ''),
(8, '0087', '2019-05-07', '06:43:41', 3, 'pedido', ''),
(8, '0019', '2019-05-07', '06:43:41', 10, 'pedido', ''),
(8, '0088', '2019-05-07', '06:43:41', 1, 'pedido', ''),
(8, '0068', '2019-05-07', '06:43:41', 6, 'pedido', ''),
(8, '0288', '2019-05-07', '06:43:41', 2, 'pedido', ''),
(8, '0022', '2019-05-07', '06:43:41', 5.01, 'pedido', ''),
(8, '0014', '2019-05-07', '06:43:41', 1, 'pedido', ''),
(8, '0006', '2019-05-07', '06:43:41', 1, 'pedido', ''),
(8, '0015', '2019-05-07', '06:43:41', 2, 'pedido', ''),
(8, '0287', '2019-05-07', '06:43:41', 4, 'pedido', ''),
(8, '0061', '2019-05-07', '06:43:41', 1, 'pedido', ''),
(8, '0085', '2019-05-07', '06:43:41', 9.6, 'pedido', ''),
(8, '0243', '2019-05-07', '06:43:41', 15, 'pedido', ''),
(8, '0020', '2019-05-07', '06:43:41', 15, 'pedido', ''),
(8, '0062', '2019-05-07', '06:43:41', 1, 'pedido', ''),
(8, '0023', '2019-05-07', '06:43:41', 1, 'pedido', ''),
(8, '0063', '2019-05-07', '06:43:41', 2, 'pedido', ''),
(8, '0064', '2019-05-07', '06:43:41', 1, 'pedido', ''),
(9, '0005', '2019-05-08', '10:06:00', 3, 'pedido', ''),
(9, '0011', '2019-05-08', '10:06:00', 4, 'pedido', ''),
(9, '0018', '2019-05-08', '10:06:00', 2.04, 'pedido', ''),
(9, '0285', '2019-05-08', '10:06:00', 2, 'pedido', ''),
(9, '0080', '2019-05-08', '10:06:00', 0.5, 'pedido', ''),
(9, '0082', '2019-05-08', '10:06:00', 4, 'pedido', ''),
(9, '0026', '2019-05-08', '10:06:00', 15, 'pedido', ''),
(9, 'O282', '2019-05-08', '10:06:00', 1, 'pedido', ''),
(9, '0073', '2019-05-08', '10:06:00', 3, 'pedido', ''),
(9, '0027', '2019-05-08', '10:06:00', 1, 'pedido', ''),
(9, '0292', '2019-05-08', '10:06:00', 2, 'pedido', ''),
(9, '0028', '2019-05-08', '10:06:00', 6.05, 'pedido', ''),
(9, '0086', '2019-05-08', '10:06:00', 1, 'pedido', ''),
(9, '0016', '2019-05-08', '10:06:00', 1, 'pedido', ''),
(9, '0030', '2019-05-08', '10:06:00', 3, 'pedido', ''),
(9, '0081', '2019-05-08', '10:06:00', 2, 'pedido', ''),
(9, '0290', '2019-05-08', '10:06:00', 3, 'pedido', ''),
(9, '0032', '2019-05-08', '10:06:00', 0.2, 'pedido', ''),
(9, '0003', '2019-05-08', '10:06:00', 1, 'pedido', ''),
(9, '0079', '2019-05-08', '10:06:00', 3, 'pedido', ''),
(9, '0033', '2019-05-08', '10:06:00', 1, 'pedido', ''),
(9, '0036', '2019-05-08', '10:06:00', 5, 'pedido', ''),
(9, '0295', '2019-05-08', '10:06:00', 15, 'pedido', ''),
(9, '0077', '2019-05-08', '10:06:00', 1, 'pedido', ''),
(9, '0283', '2019-05-08', '10:06:00', 1, 'pedido', ''),
(9, 'COFI', '2019-05-08', '10:06:00', 0, 'pedido', ''),
(9, '0009', '2019-05-08', '10:06:00', 1, 'pedido', ''),
(9, '0076', '2019-05-08', '10:06:00', 4, 'pedido', ''),
(9, '0040', '2019-05-08', '10:06:00', 1, 'pedido', ''),
(9, '0074', '2019-05-08', '10:06:00', 15, 'pedido', ''),
(9, '0041', '2019-05-08', '10:06:00', 15, 'pedido', ''),
(9, '0042', '2019-05-08', '10:06:00', 1, 'pedido', ''),
(9, '0065', '2019-05-08', '10:06:00', 8, 'pedido', ''),
(9, '0043', '2019-05-08', '10:06:00', 2, 'pedido', ''),
(9, '0046', '2019-05-08', '10:06:00', 4.42, 'pedido', ''),
(9, '0010', '2019-05-08', '10:06:00', 1, 'pedido', ''),
(9, '0047', '2019-05-08', '10:06:00', 1, 'pedido', ''),
(9, '0004', '2019-05-08', '10:06:00', 1, 'pedido', ''),
(9, '0286', '2019-05-08', '10:06:00', 4, 'pedido', ''),
(9, '0049', '2019-05-08', '10:06:00', 4, 'pedido', ''),
(9, '0075', '2019-05-08', '10:06:00', 5, 'pedido', ''),
(9, '0072', '2019-05-08', '10:06:00', 5.52, 'pedido', ''),
(9, '0021', '2019-05-08', '10:06:00', 3, 'pedido', ''),
(9, '0050', '2019-05-08', '10:06:00', 1, 'pedido', ''),
(9, '0051', '2019-05-08', '10:06:00', 3, 'pedido', ''),
(9, '0291', '2019-05-08', '10:06:00', 4, 'pedido', ''),
(9, '0052', '2019-05-08', '10:06:00', 1, 'pedido', ''),
(9, '0013', '2019-05-08', '10:06:00', 3, 'pedido', ''),
(9, '0293', '2019-05-08', '10:06:00', 1, 'pedido', ''),
(9, '0053', '2019-05-08', '10:06:00', 1, 'pedido', ''),
(9, '0284', '2019-05-08', '10:06:00', 2, 'pedido', ''),
(9, '0002', '2019-05-08', '10:06:00', 2, 'pedido', ''),
(9, '0058', '2019-05-08', '10:06:00', 2, 'pedido', ''),
(9, '0084', '2019-05-08', '10:06:00', 2, 'pedido', ''),
(9, '0087', '2019-05-08', '10:06:00', 3, 'pedido', ''),
(9, '0019', '2019-05-08', '10:06:00', 10, 'pedido', ''),
(9, '0088', '2019-05-08', '10:06:00', 1, 'pedido', ''),
(9, '0068', '2019-05-08', '10:06:00', 6, 'pedido', ''),
(9, '0288', '2019-05-08', '10:06:00', 2, 'pedido', ''),
(9, '0022', '2019-05-08', '10:06:00', 5.01, 'pedido', ''),
(9, '0014', '2019-05-08', '10:06:00', 1, 'pedido', ''),
(9, '0006', '2019-05-08', '10:06:00', 1, 'pedido', ''),
(9, '0015', '2019-05-08', '10:06:00', 2, 'pedido', ''),
(9, '0287', '2019-05-08', '10:06:00', 4, 'pedido', ''),
(9, '0061', '2019-05-08', '10:06:00', 1, 'pedido', ''),
(9, '0085', '2019-05-08', '10:06:00', 9.6, 'pedido', ''),
(9, '0243', '2019-05-08', '10:06:00', 15, 'pedido', ''),
(9, '0020', '2019-05-08', '10:06:00', 15, 'pedido', ''),
(9, '0062', '2019-05-08', '10:06:00', 1, 'pedido', ''),
(9, '0023', '2019-05-08', '10:06:00', 1, 'pedido', ''),
(9, '0063', '2019-05-08', '10:06:00', 2, 'pedido', ''),
(9, '0064', '2019-05-08', '10:06:00', 1, 'pedido', ''),
(10, '0005', '2019-05-08', '10:11:31', 3, 'pedido', ''),
(10, '0011', '2019-05-08', '10:11:31', 4, 'pedido', ''),
(10, '0018', '2019-05-08', '10:11:31', 2.04, 'pedido', ''),
(10, '0285', '2019-05-08', '10:11:31', 2, 'pedido', ''),
(10, '0080', '2019-05-08', '10:11:31', 0.5, 'pedido', ''),
(10, '0082', '2019-05-08', '10:11:31', 4, 'pedido', ''),
(10, '0026', '2019-05-08', '10:11:31', 15, 'pedido', ''),
(10, 'O282', '2019-05-08', '10:11:31', 1, 'pedido', ''),
(10, '0073', '2019-05-08', '10:11:31', 3, 'pedido', ''),
(10, '0027', '2019-05-08', '10:11:31', 1, 'pedido', ''),
(10, '0292', '2019-05-08', '10:11:31', 2, 'pedido', ''),
(10, '0028', '2019-05-08', '10:11:31', 6.05, 'pedido', ''),
(10, '0086', '2019-05-08', '10:11:31', 1, 'pedido', ''),
(10, '0016', '2019-05-08', '10:11:31', 1, 'pedido', ''),
(10, '0030', '2019-05-08', '10:11:31', 3, 'pedido', ''),
(10, '0081', '2019-05-08', '10:11:31', 2, 'pedido', ''),
(10, '0290', '2019-05-08', '10:11:31', 3, 'pedido', ''),
(10, '0032', '2019-05-08', '10:11:31', 0.2, 'pedido', ''),
(10, '0003', '2019-05-08', '10:11:31', 1, 'pedido', ''),
(10, '0079', '2019-05-08', '10:11:31', 3, 'pedido', ''),
(10, '0033', '2019-05-08', '10:11:31', 1, 'pedido', ''),
(10, '0036', '2019-05-08', '10:11:31', 5, 'pedido', ''),
(10, '0295', '2019-05-08', '10:11:31', 15, 'pedido', ''),
(10, '0077', '2019-05-08', '10:11:31', 1, 'pedido', ''),
(10, '0283', '2019-05-08', '10:11:31', 1, 'pedido', ''),
(10, 'COFI', '2019-05-08', '10:11:31', 0, 'pedido', ''),
(10, '0009', '2019-05-08', '10:11:31', 1, 'pedido', ''),
(10, '0076', '2019-05-08', '10:11:31', 4, 'pedido', ''),
(10, '0040', '2019-05-08', '10:11:31', 1, 'pedido', ''),
(10, '0074', '2019-05-08', '10:11:31', 15, 'pedido', ''),
(10, '0041', '2019-05-08', '10:11:31', 15, 'pedido', ''),
(10, '0042', '2019-05-08', '10:11:31', 1, 'pedido', ''),
(10, '0065', '2019-05-08', '10:11:31', 8, 'pedido', ''),
(10, '0043', '2019-05-08', '10:11:31', 2, 'pedido', ''),
(10, '0046', '2019-05-08', '10:11:31', 4.42, 'pedido', ''),
(10, '0010', '2019-05-08', '10:11:31', 1, 'pedido', ''),
(10, '0047', '2019-05-08', '10:11:31', 1, 'pedido', ''),
(10, '0004', '2019-05-08', '10:11:31', 1, 'pedido', ''),
(10, '0286', '2019-05-08', '10:11:31', 4, 'pedido', ''),
(10, '0049', '2019-05-08', '10:11:31', 4, 'pedido', ''),
(10, '0075', '2019-05-08', '10:11:31', 5, 'pedido', ''),
(10, '0072', '2019-05-08', '10:11:31', 5.52, 'pedido', ''),
(10, '0021', '2019-05-08', '10:11:31', 3, 'pedido', ''),
(10, '0050', '2019-05-08', '10:11:31', 1, 'pedido', ''),
(10, '0051', '2019-05-08', '10:11:31', 3, 'pedido', ''),
(10, '0291', '2019-05-08', '10:11:31', 4, 'pedido', ''),
(10, '0052', '2019-05-08', '10:11:31', 1, 'pedido', ''),
(10, '0013', '2019-05-08', '10:11:31', 3, 'pedido', ''),
(10, '0293', '2019-05-08', '10:11:31', 1, 'pedido', ''),
(10, '0053', '2019-05-08', '10:11:31', 1, 'pedido', ''),
(10, '0284', '2019-05-08', '10:11:31', 2, 'pedido', ''),
(10, '0002', '2019-05-08', '10:11:31', 2, 'pedido', ''),
(10, '0058', '2019-05-08', '10:11:31', 2, 'pedido', ''),
(10, '0084', '2019-05-08', '10:11:31', 2, 'pedido', ''),
(10, '0087', '2019-05-08', '10:11:31', 3, 'pedido', ''),
(10, '0019', '2019-05-08', '10:11:31', 10, 'pedido', ''),
(10, '0088', '2019-05-08', '10:11:31', 1, 'pedido', ''),
(10, '0068', '2019-05-08', '10:11:31', 6, 'pedido', ''),
(10, '0288', '2019-05-08', '10:11:31', 2, 'pedido', ''),
(10, '0022', '2019-05-08', '10:11:31', 5.01, 'pedido', ''),
(10, '0014', '2019-05-08', '10:11:31', 1, 'pedido', ''),
(10, '0006', '2019-05-08', '10:11:31', 1, 'pedido', ''),
(10, '0015', '2019-05-08', '10:11:31', 2, 'pedido', ''),
(10, '0287', '2019-05-08', '10:11:31', 4, 'pedido', ''),
(10, '0061', '2019-05-08', '10:11:31', 1, 'pedido', ''),
(10, '0085', '2019-05-08', '10:11:31', 9.6, 'pedido', ''),
(10, '0243', '2019-05-08', '10:11:31', 15, 'pedido', ''),
(10, '0020', '2019-05-08', '10:11:31', 15, 'pedido', ''),
(10, '0062', '2019-05-08', '10:11:31', 1, 'pedido', ''),
(10, '0023', '2019-05-08', '10:11:31', 1, 'pedido', ''),
(10, '0063', '2019-05-08', '10:11:31', 2, 'pedido', ''),
(10, '0064', '2019-05-08', '10:11:31', 1, 'pedido', ''),
(11, '0025', '2019-05-08', '10:11:55', 1, 'autorizado', ''),
(11, '0037', '2019-05-08', '10:11:55', 1, 'autorizado', ''),
(11, '0083', '2019-05-08', '10:11:55', 1, 'autorizado', ''),
(11, '0078', '2019-05-08', '10:11:55', 1, 'autorizado', ''),
(11, '0044', '2019-05-08', '10:11:55', 1, 'autorizado', ''),
(11, '0045', '2019-05-08', '10:11:55', 1, 'autorizado', ''),
(11, '0059', '2019-05-08', '10:11:55', 6, 'autorizado', ''),
(11, '0008', '2019-05-08', '10:11:55', 1, 'autorizado', ''),
(12, '0005', '2019-05-08', '10:12:17', 3, 'autorizado', ''),
(12, '0011', '2019-05-08', '10:12:17', 4, 'autorizado', ''),
(12, '0018', '2019-05-08', '10:12:17', 2.04, 'autorizado', ''),
(12, '0285', '2019-05-08', '10:12:17', 2, 'autorizado', ''),
(12, '0080', '2019-05-08', '10:12:17', 0.5, 'autorizado', ''),
(12, '0082', '2019-05-08', '10:12:17', 4, 'autorizado', ''),
(12, '0026', '2019-05-08', '10:12:17', 15, 'autorizado', ''),
(12, 'O282', '2019-05-08', '10:12:17', 1, 'autorizado', ''),
(12, '0073', '2019-05-08', '10:12:17', 3, 'autorizado', ''),
(12, '0027', '2019-05-08', '10:12:17', 1, 'autorizado', ''),
(12, '0292', '2019-05-08', '10:12:17', 2, 'autorizado', ''),
(12, '0028', '2019-05-08', '10:12:17', 6.05, 'autorizado', ''),
(12, '0086', '2019-05-08', '10:12:17', 1, 'autorizado', ''),
(12, '0016', '2019-05-08', '10:12:17', 1, 'autorizado', ''),
(12, '0030', '2019-05-08', '10:12:17', 3, 'autorizado', ''),
(12, '0081', '2019-05-08', '10:12:17', 2, 'autorizado', ''),
(12, '0290', '2019-05-08', '10:12:17', 3, 'autorizado', ''),
(12, '0032', '2019-05-08', '10:12:17', 0.2, 'autorizado', ''),
(12, '0003', '2019-05-08', '10:12:17', 1, 'autorizado', ''),
(12, '0079', '2019-05-08', '10:12:17', 3, 'autorizado', ''),
(12, '0033', '2019-05-08', '10:12:17', 1, 'autorizado', ''),
(12, '0036', '2019-05-08', '10:12:17', 5, 'autorizado', ''),
(12, '0295', '2019-05-08', '10:12:17', 15, 'autorizado', ''),
(12, '0077', '2019-05-08', '10:12:17', 1, 'autorizado', ''),
(12, '0283', '2019-05-08', '10:12:17', 1, 'autorizado', ''),
(12, 'COFI', '2019-05-08', '10:12:17', 0, 'autorizado', ''),
(12, '0009', '2019-05-08', '10:12:17', 1, 'autorizado', ''),
(12, '0076', '2019-05-08', '10:12:17', 4, 'autorizado', ''),
(12, '0040', '2019-05-08', '10:12:17', 1, 'autorizado', ''),
(12, '0074', '2019-05-08', '10:12:17', 15, 'autorizado', ''),
(12, '0041', '2019-05-08', '10:12:17', 15, 'autorizado', ''),
(12, '0042', '2019-05-08', '10:12:17', 1, 'autorizado', ''),
(12, '0065', '2019-05-08', '10:12:17', 8, 'autorizado', ''),
(12, '0043', '2019-05-08', '10:12:17', 2, 'autorizado', ''),
(12, '0046', '2019-05-08', '10:12:17', 4.42, 'autorizado', ''),
(12, '0010', '2019-05-08', '10:12:17', 1, 'autorizado', ''),
(12, '0047', '2019-05-08', '10:12:17', 1, 'autorizado', ''),
(12, '0004', '2019-05-08', '10:12:17', 1, 'autorizado', ''),
(12, '0286', '2019-05-08', '10:12:17', 4, 'autorizado', ''),
(12, '0049', '2019-05-08', '10:12:17', 4, 'autorizado', ''),
(12, '0075', '2019-05-08', '10:12:17', 5, 'autorizado', ''),
(12, '0072', '2019-05-08', '10:12:17', 5.52, 'autorizado', ''),
(12, '0021', '2019-05-08', '10:12:17', 3, 'autorizado', ''),
(12, '0050', '2019-05-08', '10:12:17', 1, 'autorizado', ''),
(12, '0051', '2019-05-08', '10:12:17', 3, 'autorizado', ''),
(12, '0291', '2019-05-08', '10:12:17', 4, 'autorizado', ''),
(12, '0052', '2019-05-08', '10:12:17', 1, 'autorizado', ''),
(12, '0013', '2019-05-08', '10:12:17', 3, 'autorizado', ''),
(12, '0293', '2019-05-08', '10:12:17', 1, 'autorizado', ''),
(12, '0053', '2019-05-08', '10:12:17', 1, 'autorizado', ''),
(12, '0284', '2019-05-08', '10:12:17', 2, 'autorizado', ''),
(12, '0002', '2019-05-08', '10:12:17', 2, 'autorizado', ''),
(12, '0058', '2019-05-08', '10:12:17', 2, 'autorizado', ''),
(12, '0084', '2019-05-08', '10:12:17', 2, 'autorizado', ''),
(12, '0087', '2019-05-08', '10:12:17', 3, 'autorizado', ''),
(12, '0019', '2019-05-08', '10:12:17', 10, 'autorizado', ''),
(12, '0088', '2019-05-08', '10:12:17', 1, 'autorizado', ''),
(12, '0068', '2019-05-08', '10:12:17', 6, 'autorizado', ''),
(12, '0288', '2019-05-08', '10:12:17', 2, 'autorizado', ''),
(12, '0022', '2019-05-08', '10:12:17', 5.01, 'autorizado', ''),
(12, '0014', '2019-05-08', '10:12:17', 1, 'autorizado', ''),
(12, '0006', '2019-05-08', '10:12:17', 1, 'autorizado', ''),
(12, '0015', '2019-05-08', '10:12:17', 2, 'autorizado', ''),
(12, '0287', '2019-05-08', '10:12:17', 4, 'autorizado', ''),
(12, '0061', '2019-05-08', '10:12:17', 1, 'autorizado', ''),
(12, '0085', '2019-05-08', '10:12:17', 9.6, 'autorizado', ''),
(12, '0243', '2019-05-08', '10:12:17', 15, 'autorizado', ''),
(12, '0020', '2019-05-08', '10:12:17', 15, 'autorizado', ''),
(12, '0062', '2019-05-08', '10:12:17', 1, 'autorizado', ''),
(12, '0023', '2019-05-08', '10:12:17', 1, 'autorizado', ''),
(12, '0063', '2019-05-08', '10:12:17', 2, 'autorizado', ''),
(12, '0064', '2019-05-08', '10:12:17', 1, 'autorizado', ''),
(13, '0005', '2019-05-08', '11:20:05', 3, 'pedido', ''),
(13, '0011', '2019-05-08', '11:20:05', 4, 'pedido', ''),
(13, '0018', '2019-05-08', '11:20:05', 2.04, 'pedido', ''),
(13, '0285', '2019-05-08', '11:20:05', 2, 'pedido', ''),
(13, '0080', '2019-05-08', '11:20:05', 0.5, 'pedido', ''),
(13, '0082', '2019-05-08', '11:20:05', 4, 'pedido', ''),
(13, '0026', '2019-05-08', '11:20:05', 15, 'pedido', ''),
(13, 'O282', '2019-05-08', '11:20:05', 1, 'pedido', ''),
(13, '0073', '2019-05-08', '11:20:05', 3, 'pedido', ''),
(13, '0027', '2019-05-08', '11:20:05', 1, 'pedido', ''),
(13, '0292', '2019-05-08', '11:20:05', 2, 'pedido', ''),
(13, '0028', '2019-05-08', '11:20:05', 6.05, 'pedido', ''),
(13, '0086', '2019-05-08', '11:20:05', 1, 'pedido', ''),
(13, '0016', '2019-05-08', '11:20:05', 1, 'pedido', ''),
(13, '0030', '2019-05-08', '11:20:05', 3, 'pedido', ''),
(13, '0081', '2019-05-08', '11:20:05', 2, 'pedido', ''),
(13, '0290', '2019-05-08', '11:20:05', 3, 'pedido', ''),
(13, '0032', '2019-05-08', '11:20:05', 0.2, 'pedido', ''),
(13, '0003', '2019-05-08', '11:20:05', 1, 'pedido', ''),
(13, '0079', '2019-05-08', '11:20:05', 3, 'pedido', ''),
(13, '0033', '2019-05-08', '11:20:05', 1, 'pedido', ''),
(13, '0036', '2019-05-08', '11:20:05', 5, 'pedido', ''),
(13, '0295', '2019-05-08', '11:20:05', 15, 'pedido', ''),
(13, '0077', '2019-05-08', '11:20:05', 1, 'pedido', ''),
(13, '0283', '2019-05-08', '11:20:05', 1, 'pedido', ''),
(13, 'COFI', '2019-05-08', '11:20:05', 0, 'pedido', ''),
(13, '0009', '2019-05-08', '11:20:05', 1, 'pedido', ''),
(13, '0076', '2019-05-08', '11:20:05', 4, 'pedido', ''),
(13, '0040', '2019-05-08', '11:20:05', 1, 'pedido', ''),
(13, '0074', '2019-05-08', '11:20:05', 15, 'pedido', ''),
(13, '0041', '2019-05-08', '11:20:05', 15, 'pedido', ''),
(13, '0042', '2019-05-08', '11:20:05', 1, 'pedido', ''),
(13, '0065', '2019-05-08', '11:20:05', 8, 'pedido', ''),
(13, '0043', '2019-05-08', '11:20:05', 2, 'pedido', ''),
(13, '0046', '2019-05-08', '11:20:05', 4.42, 'pedido', ''),
(13, '0010', '2019-05-08', '11:20:05', 1, 'pedido', ''),
(13, '0047', '2019-05-08', '11:20:05', 1, 'pedido', ''),
(13, '0004', '2019-05-08', '11:20:05', 1, 'pedido', ''),
(13, '0286', '2019-05-08', '11:20:05', 4, 'pedido', ''),
(13, '0049', '2019-05-08', '11:20:05', 4, 'pedido', ''),
(13, '0075', '2019-05-08', '11:20:05', 5, 'pedido', ''),
(13, '0072', '2019-05-08', '11:20:05', 5.52, 'pedido', ''),
(13, '0021', '2019-05-08', '11:20:05', 3, 'pedido', ''),
(13, '0050', '2019-05-08', '11:20:05', 1, 'pedido', ''),
(13, '0051', '2019-05-08', '11:20:05', 3, 'pedido', ''),
(13, '0291', '2019-05-08', '11:20:05', 4, 'pedido', ''),
(13, '0052', '2019-05-08', '11:20:05', 1, 'pedido', ''),
(13, '0013', '2019-05-08', '11:20:05', 3, 'pedido', ''),
(13, '0293', '2019-05-08', '11:20:05', 1, 'pedido', ''),
(13, '0053', '2019-05-08', '11:20:05', 1, 'pedido', ''),
(13, '0284', '2019-05-08', '11:20:05', 2, 'pedido', ''),
(13, '0002', '2019-05-08', '11:20:05', 2, 'pedido', ''),
(13, '0058', '2019-05-08', '11:20:05', 2, 'pedido', ''),
(13, '0084', '2019-05-08', '11:20:05', 2, 'pedido', ''),
(13, '0087', '2019-05-08', '11:20:05', 3, 'pedido', ''),
(13, '0019', '2019-05-08', '11:20:05', 10, 'pedido', ''),
(13, '0088', '2019-05-08', '11:20:05', 1, 'pedido', ''),
(13, '0068', '2019-05-08', '11:20:05', 6, 'pedido', ''),
(13, '0288', '2019-05-08', '11:20:05', 2, 'pedido', ''),
(13, '0022', '2019-05-08', '11:20:05', 5.01, 'pedido', ''),
(13, '0014', '2019-05-08', '11:20:05', 1, 'pedido', ''),
(13, '0006', '2019-05-08', '11:20:05', 1, 'pedido', ''),
(13, '0015', '2019-05-08', '11:20:05', 2, 'pedido', ''),
(13, '0287', '2019-05-08', '11:20:05', 4, 'pedido', ''),
(13, '0061', '2019-05-08', '11:20:05', 1, 'pedido', ''),
(13, '0085', '2019-05-08', '11:20:05', 9.6, 'pedido', ''),
(13, '0243', '2019-05-08', '11:20:05', 15, 'pedido', ''),
(13, '0020', '2019-05-08', '11:20:05', 15, 'pedido', ''),
(13, '0062', '2019-05-08', '11:20:05', 1, 'pedido', ''),
(13, '0023', '2019-05-08', '11:20:05', 1, 'pedido', ''),
(13, '0063', '2019-05-08', '11:20:05', 2, 'pedido', ''),
(13, '0064', '2019-05-08', '11:20:05', 1, 'pedido', ''),
(14, '0005', '2019-05-08', '11:28:34', 3, 'pedido', ''),
(14, '0011', '2019-05-08', '11:28:34', 4, 'pedido', ''),
(14, '0018', '2019-05-08', '11:28:34', 2.04, 'pedido', ''),
(14, '0285', '2019-05-08', '11:28:34', 2, 'pedido', ''),
(14, '0080', '2019-05-08', '11:28:34', 0.5, 'pedido', ''),
(14, '0082', '2019-05-08', '11:28:34', 4, 'pedido', ''),
(14, '0026', '2019-05-08', '11:28:34', 15, 'pedido', ''),
(14, 'O282', '2019-05-08', '11:28:34', 1, 'pedido', ''),
(14, '0073', '2019-05-08', '11:28:34', 3, 'pedido', ''),
(14, '0027', '2019-05-08', '11:28:34', 1, 'pedido', ''),
(14, '0292', '2019-05-08', '11:28:34', 2, 'pedido', ''),
(14, '0028', '2019-05-08', '11:28:34', 6.05, 'pedido', ''),
(14, '0086', '2019-05-08', '11:28:34', 1, 'pedido', ''),
(14, '0016', '2019-05-08', '11:28:34', 1, 'pedido', ''),
(14, '0030', '2019-05-08', '11:28:34', 3, 'pedido', ''),
(14, '0081', '2019-05-08', '11:28:34', 2, 'pedido', ''),
(14, '0290', '2019-05-08', '11:28:34', 3, 'pedido', ''),
(14, '0032', '2019-05-08', '11:28:34', 0.2, 'pedido', ''),
(14, '0003', '2019-05-08', '11:28:34', 1, 'pedido', ''),
(14, '0079', '2019-05-08', '11:28:34', 3, 'pedido', ''),
(14, '0033', '2019-05-08', '11:28:34', 1, 'pedido', ''),
(14, '0036', '2019-05-08', '11:28:34', 5, 'pedido', ''),
(14, '0295', '2019-05-08', '11:28:34', 15, 'pedido', ''),
(14, '0077', '2019-05-08', '11:28:34', 1, 'pedido', ''),
(14, '0283', '2019-05-08', '11:28:34', 1, 'pedido', ''),
(14, 'COFI', '2019-05-08', '11:28:34', 0, 'pedido', ''),
(14, '0009', '2019-05-08', '11:28:34', 1, 'pedido', ''),
(14, '0076', '2019-05-08', '11:28:34', 4, 'pedido', ''),
(14, '0040', '2019-05-08', '11:28:34', 1, 'pedido', ''),
(14, '0074', '2019-05-08', '11:28:34', 15, 'pedido', ''),
(14, '0041', '2019-05-08', '11:28:34', 15, 'pedido', ''),
(14, '0042', '2019-05-08', '11:28:34', 1, 'pedido', ''),
(14, '0065', '2019-05-08', '11:28:34', 8, 'pedido', ''),
(14, '0043', '2019-05-08', '11:28:34', 2, 'pedido', ''),
(14, '0046', '2019-05-08', '11:28:34', 4.42, 'pedido', ''),
(14, '0010', '2019-05-08', '11:28:34', 1, 'pedido', ''),
(14, '0047', '2019-05-08', '11:28:34', 1, 'pedido', ''),
(14, '0004', '2019-05-08', '11:28:34', 1, 'pedido', ''),
(14, '0286', '2019-05-08', '11:28:34', 4, 'pedido', ''),
(14, '0049', '2019-05-08', '11:28:34', 4, 'pedido', ''),
(14, '0075', '2019-05-08', '11:28:34', 5, 'pedido', ''),
(14, '0072', '2019-05-08', '11:28:34', 5.52, 'pedido', ''),
(14, '0021', '2019-05-08', '11:28:34', 3, 'pedido', ''),
(14, '0050', '2019-05-08', '11:28:34', 1, 'pedido', ''),
(14, '0051', '2019-05-08', '11:28:34', 3, 'pedido', ''),
(14, '0291', '2019-05-08', '11:28:34', 4, 'pedido', ''),
(14, '0052', '2019-05-08', '11:28:34', 1, 'pedido', ''),
(14, '0013', '2019-05-08', '11:28:34', 3, 'pedido', ''),
(14, '0293', '2019-05-08', '11:28:34', 1, 'pedido', ''),
(14, '0053', '2019-05-08', '11:28:34', 1, 'pedido', ''),
(14, '0284', '2019-05-08', '11:28:34', 2, 'pedido', ''),
(14, '0002', '2019-05-08', '11:28:34', 2, 'pedido', ''),
(14, '0058', '2019-05-08', '11:28:34', 2, 'pedido', ''),
(14, '0084', '2019-05-08', '11:28:34', 2, 'pedido', ''),
(14, '0087', '2019-05-08', '11:28:34', 3, 'pedido', ''),
(14, '0019', '2019-05-08', '11:28:34', 10, 'pedido', ''),
(14, '0088', '2019-05-08', '11:28:34', 1, 'pedido', ''),
(14, '0068', '2019-05-08', '11:28:34', 6, 'pedido', ''),
(14, '0288', '2019-05-08', '11:28:34', 2, 'pedido', ''),
(14, '0022', '2019-05-08', '11:28:34', 5.01, 'pedido', ''),
(14, '0014', '2019-05-08', '11:28:34', 1, 'pedido', ''),
(14, '0006', '2019-05-08', '11:28:34', 1, 'pedido', ''),
(14, '0015', '2019-05-08', '11:28:34', 2, 'pedido', ''),
(14, '0287', '2019-05-08', '11:28:34', 4, 'pedido', ''),
(14, '0061', '2019-05-08', '11:28:34', 1, 'pedido', ''),
(14, '0085', '2019-05-08', '11:28:34', 9.6, 'pedido', ''),
(14, '0243', '2019-05-08', '11:28:34', 15, 'pedido', ''),
(14, '0020', '2019-05-08', '11:28:34', 15, 'pedido', ''),
(14, '0062', '2019-05-08', '11:28:34', 1, 'pedido', ''),
(14, '0023', '2019-05-08', '11:28:34', 1, 'pedido', ''),
(14, '0063', '2019-05-08', '11:28:34', 2, 'pedido', ''),
(14, '0064', '2019-05-08', '11:28:34', 1, 'pedido', ''),
(15, '0005', '2019-05-08', '11:39:10', 3, 'pedido', ''),
(15, '0011', '2019-05-08', '11:39:10', 4, 'pedido', ''),
(15, '0018', '2019-05-08', '11:39:10', 2.04, 'pedido', ''),
(15, '0285', '2019-05-08', '11:39:10', 2, 'pedido', ''),
(15, '0080', '2019-05-08', '11:39:10', 0.5, 'pedido', ''),
(15, '0082', '2019-05-08', '11:39:10', 4, 'pedido', ''),
(15, '0026', '2019-05-08', '11:39:10', 15, 'pedido', ''),
(15, 'O282', '2019-05-08', '11:39:10', 1, 'pedido', ''),
(15, '0073', '2019-05-08', '11:39:10', 3, 'pedido', ''),
(15, '0027', '2019-05-08', '11:39:10', 1, 'pedido', ''),
(15, '0292', '2019-05-08', '11:39:10', 2, 'pedido', ''),
(15, '0028', '2019-05-08', '11:39:10', 6.05, 'pedido', ''),
(15, '0086', '2019-05-08', '11:39:10', 1, 'pedido', ''),
(15, '0016', '2019-05-08', '11:39:10', 1, 'pedido', ''),
(15, '0030', '2019-05-08', '11:39:10', 3, 'pedido', ''),
(15, '0081', '2019-05-08', '11:39:10', 2, 'pedido', ''),
(15, '0290', '2019-05-08', '11:39:10', 3, 'pedido', ''),
(15, '0032', '2019-05-08', '11:39:10', 0.2, 'pedido', ''),
(15, '0003', '2019-05-08', '11:39:10', 1, 'pedido', ''),
(15, '0079', '2019-05-08', '11:39:10', 3, 'pedido', ''),
(15, '0033', '2019-05-08', '11:39:10', 1, 'pedido', ''),
(15, '0036', '2019-05-08', '11:39:10', 5, 'pedido', ''),
(15, '0295', '2019-05-08', '11:39:10', 15, 'pedido', ''),
(15, '0077', '2019-05-08', '11:39:10', 1, 'pedido', ''),
(15, '0283', '2019-05-08', '11:39:10', 1, 'pedido', ''),
(15, 'COFI', '2019-05-08', '11:39:10', 0, 'pedido', ''),
(15, '0009', '2019-05-08', '11:39:10', 1, 'pedido', ''),
(15, '0076', '2019-05-08', '11:39:10', 4, 'pedido', ''),
(15, '0040', '2019-05-08', '11:39:10', 1, 'pedido', ''),
(15, '0074', '2019-05-08', '11:39:10', 15, 'pedido', ''),
(15, '0041', '2019-05-08', '11:39:10', 15, 'pedido', ''),
(15, '0042', '2019-05-08', '11:39:10', 1, 'pedido', ''),
(15, '0065', '2019-05-08', '11:39:10', 8, 'pedido', ''),
(15, '0043', '2019-05-08', '11:39:10', 2, 'pedido', ''),
(15, '0046', '2019-05-08', '11:39:10', 4.42, 'pedido', ''),
(15, '0010', '2019-05-08', '11:39:10', 1, 'pedido', ''),
(15, '0047', '2019-05-08', '11:39:10', 1, 'pedido', ''),
(15, '0004', '2019-05-08', '11:39:10', 1, 'pedido', ''),
(15, '0286', '2019-05-08', '11:39:10', 4, 'pedido', ''),
(15, '0049', '2019-05-08', '11:39:10', 4, 'pedido', ''),
(15, '0075', '2019-05-08', '11:39:10', 5, 'pedido', ''),
(15, '0072', '2019-05-08', '11:39:10', 5.52, 'pedido', ''),
(15, '0021', '2019-05-08', '11:39:10', 3, 'pedido', '');
INSERT INTO `pedido_producto` (`id_pedido`, `codingre`, `fecha_pedido`, `hora_pedido`, `num_prod`, `estado_prod`, `observacion`) VALUES
(15, '0050', '2019-05-08', '11:39:10', 1, 'pedido', ''),
(15, '0051', '2019-05-08', '11:39:10', 3, 'pedido', ''),
(15, '0291', '2019-05-08', '11:39:10', 4, 'pedido', ''),
(15, '0052', '2019-05-08', '11:39:10', 1, 'pedido', ''),
(15, '0013', '2019-05-08', '11:39:10', 3, 'pedido', ''),
(15, '0293', '2019-05-08', '11:39:10', 1, 'pedido', ''),
(15, '0053', '2019-05-08', '11:39:10', 1, 'pedido', ''),
(15, '0284', '2019-05-08', '11:39:10', 2, 'pedido', ''),
(15, '0002', '2019-05-08', '11:39:10', 2, 'pedido', ''),
(15, '0058', '2019-05-08', '11:39:10', 2, 'pedido', ''),
(15, '0084', '2019-05-08', '11:39:10', 2, 'pedido', ''),
(15, '0087', '2019-05-08', '11:39:10', 3, 'pedido', ''),
(15, '0019', '2019-05-08', '11:39:10', 10, 'pedido', ''),
(15, '0088', '2019-05-08', '11:39:10', 1, 'pedido', ''),
(15, '0068', '2019-05-08', '11:39:10', 6, 'pedido', ''),
(15, '0288', '2019-05-08', '11:39:10', 2, 'pedido', ''),
(15, '0022', '2019-05-08', '11:39:10', 5.01, 'pedido', ''),
(15, '0014', '2019-05-08', '11:39:10', 1, 'pedido', ''),
(15, '0006', '2019-05-08', '11:39:10', 1, 'pedido', ''),
(15, '0015', '2019-05-08', '11:39:10', 2, 'pedido', ''),
(15, '0287', '2019-05-08', '11:39:10', 4, 'pedido', ''),
(15, '0061', '2019-05-08', '11:39:10', 1, 'pedido', ''),
(15, '0085', '2019-05-08', '11:39:10', 9.6, 'pedido', ''),
(15, '0243', '2019-05-08', '11:39:10', 15, 'pedido', ''),
(15, '0020', '2019-05-08', '11:39:10', 15, 'pedido', ''),
(15, '0062', '2019-05-08', '11:39:10', 1, 'pedido', ''),
(15, '0023', '2019-05-08', '11:39:10', 1, 'pedido', ''),
(15, '0063', '2019-05-08', '11:39:10', 2, 'pedido', ''),
(15, '0064', '2019-05-08', '11:39:10', 1, 'pedido', ''),
(16, '0005', '2019-05-08', '11:39:55', 3, 'autorizado', ''),
(16, '0011', '2019-05-08', '11:39:55', 4, 'autorizado', ''),
(16, '0018', '2019-05-08', '11:39:55', 2.04, 'autorizado', ''),
(16, '0285', '2019-05-08', '11:39:55', 2, 'autorizado', ''),
(16, '0080', '2019-05-08', '11:39:55', 0.5, 'autorizado', ''),
(16, '0082', '2019-05-08', '11:39:55', 4, 'autorizado', ''),
(16, '0026', '2019-05-08', '11:39:55', 15, 'autorizado', ''),
(16, 'O282', '2019-05-08', '11:39:55', 1, 'autorizado', ''),
(16, '0073', '2019-05-08', '11:39:55', 3, 'autorizado', ''),
(16, '0027', '2019-05-08', '11:39:55', 1, 'autorizado', ''),
(16, '0292', '2019-05-08', '11:39:55', 2, 'autorizado', ''),
(16, '0028', '2019-05-08', '11:39:55', 6.05, 'autorizado', ''),
(16, '0086', '2019-05-08', '11:39:55', 1, 'autorizado', ''),
(16, '0016', '2019-05-08', '11:39:55', 1, 'autorizado', ''),
(16, '0030', '2019-05-08', '11:39:55', 3, 'autorizado', ''),
(16, '0081', '2019-05-08', '11:39:55', 2, 'autorizado', ''),
(16, '0290', '2019-05-08', '11:39:55', 3, 'autorizado', ''),
(16, '0032', '2019-05-08', '11:39:55', 0.2, 'autorizado', ''),
(16, '0003', '2019-05-08', '11:39:55', 1, 'autorizado', ''),
(16, '0079', '2019-05-08', '11:39:55', 3, 'autorizado', ''),
(16, '0033', '2019-05-08', '11:39:55', 1, 'autorizado', ''),
(16, '0036', '2019-05-08', '11:39:55', 5, 'autorizado', ''),
(16, '0295', '2019-05-08', '11:39:55', 15, 'autorizado', ''),
(16, '0077', '2019-05-08', '11:39:55', 1, 'autorizado', ''),
(16, '0283', '2019-05-08', '11:39:55', 1, 'autorizado', ''),
(16, 'COFI', '2019-05-08', '11:39:55', 0, 'autorizado', ''),
(16, '0009', '2019-05-08', '11:39:55', 1, 'autorizado', ''),
(16, '0076', '2019-05-08', '11:39:55', 4, 'autorizado', ''),
(16, '0040', '2019-05-08', '11:39:55', 1, 'autorizado', ''),
(16, '0074', '2019-05-08', '11:39:55', 15, 'autorizado', ''),
(16, '0041', '2019-05-08', '11:39:55', 15, 'autorizado', ''),
(16, '0042', '2019-05-08', '11:39:55', 1, 'autorizado', ''),
(16, '0065', '2019-05-08', '11:39:55', 8, 'autorizado', ''),
(16, '0043', '2019-05-08', '11:39:55', 2, 'autorizado', ''),
(16, '0046', '2019-05-08', '11:39:55', 4.42, 'autorizado', ''),
(16, '0010', '2019-05-08', '11:39:55', 1, 'autorizado', ''),
(16, '0047', '2019-05-08', '11:39:55', 1, 'autorizado', ''),
(16, '0004', '2019-05-08', '11:39:55', 1, 'autorizado', ''),
(16, '0286', '2019-05-08', '11:39:55', 4, 'autorizado', ''),
(16, '0049', '2019-05-08', '11:39:55', 4, 'autorizado', ''),
(16, '0075', '2019-05-08', '11:39:55', 5, 'autorizado', ''),
(16, '0072', '2019-05-08', '11:39:55', 5.52, 'autorizado', ''),
(16, '0021', '2019-05-08', '11:39:55', 3, 'autorizado', ''),
(16, '0050', '2019-05-08', '11:39:55', 1, 'autorizado', ''),
(16, '0051', '2019-05-08', '11:39:55', 3, 'autorizado', ''),
(16, '0291', '2019-05-08', '11:39:55', 4, 'autorizado', ''),
(16, '0052', '2019-05-08', '11:39:55', 1, 'autorizado', ''),
(16, '0013', '2019-05-08', '11:39:55', 3, 'autorizado', ''),
(16, '0293', '2019-05-08', '11:39:55', 1, 'autorizado', ''),
(16, '0053', '2019-05-08', '11:39:55', 1, 'autorizado', ''),
(16, '0284', '2019-05-08', '11:39:55', 2, 'autorizado', ''),
(16, '0002', '2019-05-08', '11:39:55', 2, 'autorizado', ''),
(16, '0058', '2019-05-08', '11:39:55', 2, 'autorizado', ''),
(16, '0084', '2019-05-08', '11:39:55', 2, 'autorizado', ''),
(16, '0087', '2019-05-08', '11:39:55', 3, 'autorizado', ''),
(16, '0019', '2019-05-08', '11:39:55', 10, 'autorizado', ''),
(16, '0088', '2019-05-08', '11:39:55', 1, 'autorizado', ''),
(16, '0068', '2019-05-08', '11:39:55', 6, 'autorizado', ''),
(16, '0288', '2019-05-08', '11:39:55', 2, 'autorizado', ''),
(16, '0022', '2019-05-08', '11:39:55', 5.01, 'autorizado', ''),
(16, '0014', '2019-05-08', '11:39:55', 1, 'autorizado', ''),
(16, '0006', '2019-05-08', '11:39:55', 1, 'autorizado', ''),
(16, '0015', '2019-05-08', '11:39:55', 2, 'autorizado', ''),
(16, '0287', '2019-05-08', '11:39:55', 4, 'autorizado', ''),
(16, '0061', '2019-05-08', '11:39:55', 1, 'autorizado', ''),
(16, '0085', '2019-05-08', '11:39:55', 9.6, 'autorizado', ''),
(16, '0243', '2019-05-08', '11:39:55', 15, 'autorizado', ''),
(16, '0020', '2019-05-08', '11:39:55', 15, 'autorizado', ''),
(16, '0062', '2019-05-08', '11:39:55', 1, 'autorizado', ''),
(16, '0023', '2019-05-08', '11:39:55', 1, 'autorizado', ''),
(16, '0063', '2019-05-08', '11:39:55', 2, 'autorizado', ''),
(16, '0064', '2019-05-08', '11:39:55', 1, 'autorizado', ''),
(17, '0005', '2019-05-08', '11:46:11', 3, 'autorizado', ''),
(17, '0011', '2019-05-08', '11:46:11', 4, 'autorizado', ''),
(17, '0018', '2019-05-08', '11:46:11', 2.04, 'autorizado', ''),
(17, '0285', '2019-05-08', '11:46:11', 2, 'autorizado', ''),
(17, '0080', '2019-05-08', '11:46:11', 0.5, 'autorizado', ''),
(17, '0082', '2019-05-08', '11:46:11', 4, 'autorizado', ''),
(17, '0026', '2019-05-08', '11:46:11', 15, 'autorizado', ''),
(17, 'O282', '2019-05-08', '11:46:11', 1, 'autorizado', ''),
(17, '0073', '2019-05-08', '11:46:11', 3, 'autorizado', ''),
(17, '0027', '2019-05-08', '11:46:11', 1, 'autorizado', ''),
(17, '0292', '2019-05-08', '11:46:11', 2, 'autorizado', ''),
(17, '0028', '2019-05-08', '11:46:11', 6.05, 'autorizado', ''),
(17, '0086', '2019-05-08', '11:46:11', 1, 'autorizado', ''),
(17, '0016', '2019-05-08', '11:46:11', 1, 'autorizado', ''),
(17, '0030', '2019-05-08', '11:46:11', 3, 'autorizado', ''),
(17, '0081', '2019-05-08', '11:46:11', 2, 'autorizado', ''),
(17, '0290', '2019-05-08', '11:46:11', 3, 'autorizado', ''),
(17, '0032', '2019-05-08', '11:46:11', 0.2, 'autorizado', ''),
(17, '0003', '2019-05-08', '11:46:11', 1, 'autorizado', ''),
(17, '0079', '2019-05-08', '11:46:11', 3, 'autorizado', ''),
(17, '0033', '2019-05-08', '11:46:11', 1, 'autorizado', ''),
(17, '0036', '2019-05-08', '11:46:11', 5, 'autorizado', ''),
(17, '0295', '2019-05-08', '11:46:11', 15, 'autorizado', ''),
(17, '0077', '2019-05-08', '11:46:11', 1, 'autorizado', ''),
(17, '0283', '2019-05-08', '11:46:11', 1, 'autorizado', ''),
(17, 'COFI', '2019-05-08', '11:46:11', 0, 'autorizado', ''),
(17, '0009', '2019-05-08', '11:46:11', 1, 'autorizado', ''),
(17, '0076', '2019-05-08', '11:46:11', 4, 'autorizado', ''),
(17, '0040', '2019-05-08', '11:46:11', 1, 'autorizado', ''),
(17, '0074', '2019-05-08', '11:46:11', 15, 'autorizado', ''),
(17, '0041', '2019-05-08', '11:46:11', 15, 'autorizado', ''),
(17, '0042', '2019-05-08', '11:46:11', 1, 'autorizado', ''),
(17, '0065', '2019-05-08', '11:46:11', 8, 'autorizado', ''),
(17, '0043', '2019-05-08', '11:46:11', 2, 'autorizado', ''),
(17, '0046', '2019-05-08', '11:46:11', 4.42, 'autorizado', ''),
(17, '0010', '2019-05-08', '11:46:11', 1, 'autorizado', ''),
(17, '0047', '2019-05-08', '11:46:11', 1, 'autorizado', ''),
(17, '0004', '2019-05-08', '11:46:11', 1, 'autorizado', ''),
(17, '0286', '2019-05-08', '11:46:11', 4, 'autorizado', ''),
(17, '0049', '2019-05-08', '11:46:11', 4, 'autorizado', ''),
(17, '0075', '2019-05-08', '11:46:11', 5, 'autorizado', ''),
(17, '0072', '2019-05-08', '11:46:11', 5.52, 'autorizado', ''),
(17, '0021', '2019-05-08', '11:46:11', 3, 'autorizado', ''),
(17, '0050', '2019-05-08', '11:46:11', 1, 'autorizado', ''),
(17, '0051', '2019-05-08', '11:46:11', 3, 'autorizado', ''),
(17, '0291', '2019-05-08', '11:46:11', 4, 'autorizado', ''),
(17, '0052', '2019-05-08', '11:46:11', 1, 'autorizado', ''),
(17, '0013', '2019-05-08', '11:46:11', 3, 'autorizado', ''),
(17, '0293', '2019-05-08', '11:46:11', 1, 'autorizado', ''),
(17, '0053', '2019-05-08', '11:46:11', 1, 'autorizado', ''),
(17, '0284', '2019-05-08', '11:46:11', 2, 'autorizado', ''),
(17, '0002', '2019-05-08', '11:46:11', 2, 'autorizado', ''),
(17, '0058', '2019-05-08', '11:46:11', 2, 'autorizado', ''),
(17, '0084', '2019-05-08', '11:46:11', 2, 'autorizado', ''),
(17, '0087', '2019-05-08', '11:46:11', 3, 'autorizado', ''),
(17, '0019', '2019-05-08', '11:46:11', 10, 'autorizado', ''),
(17, '0088', '2019-05-08', '11:46:11', 1, 'autorizado', ''),
(17, '0068', '2019-05-08', '11:46:11', 6, 'autorizado', ''),
(17, '0288', '2019-05-08', '11:46:11', 2, 'autorizado', ''),
(17, '0022', '2019-05-08', '11:46:11', 5.01, 'autorizado', ''),
(17, '0014', '2019-05-08', '11:46:11', 1, 'autorizado', ''),
(17, '0006', '2019-05-08', '11:46:11', 1, 'autorizado', ''),
(17, '0015', '2019-05-08', '11:46:11', 2, 'autorizado', ''),
(17, '0287', '2019-05-08', '11:46:11', 4, 'autorizado', ''),
(17, '0061', '2019-05-08', '11:46:11', 1, 'autorizado', ''),
(17, '0085', '2019-05-08', '11:46:11', 9.6, 'autorizado', ''),
(17, '0243', '2019-05-08', '11:46:11', 15, 'autorizado', ''),
(17, '0020', '2019-05-08', '11:46:11', 15, 'autorizado', ''),
(17, '0062', '2019-05-08', '11:46:11', 1, 'autorizado', ''),
(17, '0023', '2019-05-08', '11:46:11', 1, 'autorizado', ''),
(17, '0063', '2019-05-08', '11:46:11', 2, 'autorizado', ''),
(17, '0064', '2019-05-08', '11:46:11', 1, 'autorizado', ''),
(18, 'CC04', '2019-05-08', '11:46:38', 1, 'autorizado', ''),
(18, 'CC05', '2019-05-08', '11:46:38', 1, 'autorizado', ''),
(18, 'CC01', '2019-05-08', '11:46:38', 1, 'autorizado', ''),
(18, 'CC03', '2019-05-08', '11:46:38', 1, 'autorizado', ''),
(18, 'CC06', '2019-05-08', '11:46:38', 1, 'autorizado', ''),
(19, 'BRAM', '2019-05-08', '12:48:48', 1.66, 'cancelado', ''),
(19, 'BRAZ', '2019-05-08', '12:48:48', 2, 'cancelado', ''),
(19, 'BRCI', '2019-05-08', '12:48:48', 2, 'cancelado', ''),
(19, 'BRDA', '2019-05-08', '12:48:48', 0, 'cancelado', ''),
(19, 'BRFU', '2019-05-08', '12:48:48', 0, 'cancelado', ''),
(19, 'BRMA', '2019-05-08', '12:48:48', 7.49, 'cancelado', ''),
(19, 'BRTE', '2019-05-08', '12:48:48', 0, 'cancelado', ''),
(19, 'BRTD', '2019-05-08', '12:48:48', 11.97, 'cancelado', ''),
(19, 'BRT1', '2019-05-08', '12:48:48', 4, 'cancelado', ''),
(19, 'BRTV', '2019-05-08', '12:48:48', 2, 'cancelado', ''),
(19, 'BRT5', '2019-05-08', '12:48:48', 5, 'cancelado', ''),
(20, 'BRAM', '2019-05-08', '12:49:01', 1.66, 'autorizado', ''),
(20, 'BRAZ', '2019-05-08', '12:49:01', 2, 'autorizado', ''),
(20, 'BRCI', '2019-05-08', '12:49:01', 2, 'autorizado', ''),
(20, 'BRDA', '2019-05-08', '12:49:01', 0, 'autorizado', ''),
(20, 'BRFU', '2019-05-08', '12:49:01', 0, 'autorizado', ''),
(20, 'BRMA', '2019-05-08', '12:49:01', 7.49, 'autorizado', ''),
(20, 'BRTE', '2019-05-08', '12:49:01', 0, 'autorizado', ''),
(20, 'BRTD', '2019-05-08', '12:49:01', 11.97, 'autorizado', ''),
(20, 'BRT1', '2019-05-08', '12:49:01', 4, 'autorizado', ''),
(20, 'BRTV', '2019-05-08', '12:49:01', 2, 'autorizado', ''),
(20, 'BRT5', '2019-05-08', '12:49:01', 5, 'autorizado', ''),
(21, '0005', '2019-05-08', '12:52:10', 3, 'pedido', ''),
(21, '0011', '2019-05-08', '12:52:10', 4, 'pedido', ''),
(21, '0018', '2019-05-08', '12:52:10', 2.04, 'pedido', ''),
(21, '0285', '2019-05-08', '12:52:10', 2, 'pedido', ''),
(21, '0080', '2019-05-08', '12:52:10', 0.5, 'pedido', ''),
(21, '0082', '2019-05-08', '12:52:10', 4, 'pedido', ''),
(21, '0026', '2019-05-08', '12:52:10', 15, 'pedido', ''),
(21, 'O282', '2019-05-08', '12:52:10', 1, 'pedido', ''),
(21, '0073', '2019-05-08', '12:52:10', 3, 'pedido', ''),
(21, '0027', '2019-05-08', '12:52:10', 1, 'pedido', ''),
(21, '0292', '2019-05-08', '12:52:10', 2, 'pedido', ''),
(21, '0028', '2019-05-08', '12:52:10', 6.05, 'pedido', ''),
(21, '0086', '2019-05-08', '12:52:10', 1, 'pedido', ''),
(21, '0016', '2019-05-08', '12:52:10', 1, 'pedido', ''),
(21, '0030', '2019-05-08', '12:52:10', 3, 'pedido', ''),
(21, '0081', '2019-05-08', '12:52:10', 2, 'pedido', ''),
(21, '0290', '2019-05-08', '12:52:10', 3, 'pedido', ''),
(21, '0032', '2019-05-08', '12:52:10', 0.2, 'pedido', ''),
(21, '0003', '2019-05-08', '12:52:10', 1, 'pedido', ''),
(21, '0079', '2019-05-08', '12:52:10', 3, 'pedido', ''),
(21, '0033', '2019-05-08', '12:52:10', 1, 'pedido', ''),
(21, '0036', '2019-05-08', '12:52:10', 5, 'pedido', ''),
(21, '0295', '2019-05-08', '12:52:10', 15, 'pedido', ''),
(21, '0077', '2019-05-08', '12:52:10', 1, 'pedido', ''),
(21, '0283', '2019-05-08', '12:52:10', 1, 'pedido', ''),
(21, 'COFI', '2019-05-08', '12:52:10', 0, 'pedido', ''),
(21, '0009', '2019-05-08', '12:52:10', 1, 'pedido', ''),
(21, '0076', '2019-05-08', '12:52:10', 4, 'pedido', ''),
(21, '0040', '2019-05-08', '12:52:10', 1, 'pedido', ''),
(21, '0074', '2019-05-08', '12:52:10', 15, 'pedido', ''),
(21, '0041', '2019-05-08', '12:52:10', 15, 'pedido', ''),
(21, '0042', '2019-05-08', '12:52:10', 1, 'pedido', ''),
(21, '0065', '2019-05-08', '12:52:10', 8, 'pedido', ''),
(21, '0043', '2019-05-08', '12:52:10', 2, 'pedido', ''),
(21, '0046', '2019-05-08', '12:52:10', 4.42, 'pedido', ''),
(21, '0010', '2019-05-08', '12:52:10', 1, 'pedido', ''),
(21, '0047', '2019-05-08', '12:52:10', 1, 'pedido', ''),
(21, '0004', '2019-05-08', '12:52:10', 1, 'pedido', ''),
(21, '0286', '2019-05-08', '12:52:10', 4, 'pedido', ''),
(21, '0049', '2019-05-08', '12:52:10', 4, 'pedido', ''),
(21, '0075', '2019-05-08', '12:52:10', 5, 'pedido', ''),
(21, '0072', '2019-05-08', '12:52:10', 5.52, 'pedido', ''),
(21, '0021', '2019-05-08', '12:52:10', 3, 'pedido', ''),
(21, '0050', '2019-05-08', '12:52:10', 1, 'pedido', ''),
(21, '0051', '2019-05-08', '12:52:10', 3, 'pedido', ''),
(21, '0291', '2019-05-08', '12:52:10', 4, 'pedido', ''),
(21, '0052', '2019-05-08', '12:52:10', 1, 'pedido', ''),
(21, '0013', '2019-05-08', '12:52:10', 3, 'pedido', ''),
(21, '0293', '2019-05-08', '12:52:10', 1, 'pedido', ''),
(21, '0053', '2019-05-08', '12:52:10', 1, 'pedido', ''),
(21, '0284', '2019-05-08', '12:52:10', 2, 'pedido', ''),
(21, '0002', '2019-05-08', '12:52:10', 2, 'pedido', ''),
(21, '0058', '2019-05-08', '12:52:10', 2, 'pedido', ''),
(21, '0084', '2019-05-08', '12:52:10', 2, 'pedido', ''),
(21, '0087', '2019-05-08', '12:52:10', 3, 'pedido', ''),
(21, '0019', '2019-05-08', '12:52:10', 10, 'pedido', ''),
(21, '0088', '2019-05-08', '12:52:10', 1, 'pedido', ''),
(21, '0068', '2019-05-08', '12:52:10', 6, 'pedido', ''),
(21, '0288', '2019-05-08', '12:52:10', 2, 'pedido', ''),
(21, '0022', '2019-05-08', '12:52:10', 5.01, 'pedido', ''),
(21, '0014', '2019-05-08', '12:52:10', 1, 'pedido', ''),
(21, '0006', '2019-05-08', '12:52:10', 1, 'pedido', ''),
(21, '0015', '2019-05-08', '12:52:10', 2, 'pedido', ''),
(21, '0287', '2019-05-08', '12:52:10', 4, 'pedido', ''),
(21, '0061', '2019-05-08', '12:52:10', 1, 'pedido', ''),
(21, '0085', '2019-05-08', '12:52:10', 9.6, 'pedido', ''),
(21, '0243', '2019-05-08', '12:52:10', 15, 'pedido', ''),
(21, '0020', '2019-05-08', '12:52:10', 15, 'pedido', ''),
(21, '0062', '2019-05-08', '12:52:10', 1, 'pedido', ''),
(21, '0023', '2019-05-08', '12:52:10', 1, 'pedido', ''),
(21, '0063', '2019-05-08', '12:52:10', 2, 'pedido', ''),
(21, '0064', '2019-05-08', '12:52:10', 1, 'pedido', ''),
(22, '0005', '2019-05-08', '12:54:38', 3, 'autorizado', ''),
(22, '0011', '2019-05-08', '12:54:38', 4, 'autorizado', ''),
(22, '0018', '2019-05-08', '12:54:38', 2.04, 'autorizado', ''),
(22, '0285', '2019-05-08', '12:54:38', 2, 'autorizado', ''),
(22, '0080', '2019-05-08', '12:54:38', 0.5, 'autorizado', ''),
(22, '0082', '2019-05-08', '12:54:38', 4, 'autorizado', ''),
(22, '0026', '2019-05-08', '12:54:38', 15, 'autorizado', ''),
(22, 'O282', '2019-05-08', '12:54:38', 1, 'autorizado', ''),
(22, '0073', '2019-05-08', '12:54:38', 3, 'autorizado', ''),
(22, '0027', '2019-05-08', '12:54:38', 1, 'autorizado', ''),
(22, '0292', '2019-05-08', '12:54:38', 2, 'autorizado', ''),
(22, '0028', '2019-05-08', '12:54:38', 6.05, 'autorizado', ''),
(22, '0086', '2019-05-08', '12:54:38', 1, 'autorizado', ''),
(22, '0016', '2019-05-08', '12:54:38', 1, 'autorizado', ''),
(22, '0030', '2019-05-08', '12:54:38', 3, 'autorizado', ''),
(22, '0081', '2019-05-08', '12:54:38', 2, 'autorizado', ''),
(22, '0290', '2019-05-08', '12:54:38', 3, 'autorizado', ''),
(22, '0032', '2019-05-08', '12:54:38', 0.2, 'autorizado', ''),
(22, '0003', '2019-05-08', '12:54:38', 1, 'autorizado', ''),
(22, '0079', '2019-05-08', '12:54:38', 3, 'autorizado', ''),
(22, '0033', '2019-05-08', '12:54:38', 1, 'autorizado', ''),
(22, '0036', '2019-05-08', '12:54:38', 5, 'autorizado', ''),
(22, '0295', '2019-05-08', '12:54:38', 15, 'autorizado', ''),
(22, '0077', '2019-05-08', '12:54:38', 1, 'autorizado', ''),
(22, '0283', '2019-05-08', '12:54:38', 1, 'autorizado', ''),
(22, 'COFI', '2019-05-08', '12:54:38', 0, 'autorizado', ''),
(22, '0009', '2019-05-08', '12:54:38', 1, 'autorizado', ''),
(22, '0076', '2019-05-08', '12:54:38', 4, 'autorizado', ''),
(22, '0040', '2019-05-08', '12:54:38', 1, 'autorizado', ''),
(22, '0074', '2019-05-08', '12:54:38', 15, 'autorizado', ''),
(22, '0041', '2019-05-08', '12:54:38', 15, 'autorizado', ''),
(22, '0042', '2019-05-08', '12:54:38', 1, 'autorizado', ''),
(22, '0065', '2019-05-08', '12:54:38', 8, 'autorizado', ''),
(22, '0043', '2019-05-08', '12:54:38', 2, 'autorizado', ''),
(22, '0046', '2019-05-08', '12:54:38', 4.42, 'autorizado', ''),
(22, '0010', '2019-05-08', '12:54:38', 1, 'autorizado', ''),
(22, '0047', '2019-05-08', '12:54:38', 1, 'autorizado', ''),
(22, '0004', '2019-05-08', '12:54:38', 1, 'autorizado', ''),
(22, '0286', '2019-05-08', '12:54:38', 4, 'autorizado', ''),
(22, '0049', '2019-05-08', '12:54:38', 4, 'autorizado', ''),
(22, '0075', '2019-05-08', '12:54:38', 5, 'autorizado', ''),
(22, '0072', '2019-05-08', '12:54:38', 5.52, 'autorizado', ''),
(22, '0021', '2019-05-08', '12:54:38', 3, 'autorizado', ''),
(22, '0050', '2019-05-08', '12:54:38', 1, 'autorizado', ''),
(22, '0051', '2019-05-08', '12:54:38', 3, 'autorizado', ''),
(22, '0291', '2019-05-08', '12:54:38', 4, 'autorizado', ''),
(22, '0052', '2019-05-08', '12:54:38', 1, 'autorizado', ''),
(22, '0013', '2019-05-08', '12:54:38', 3, 'autorizado', ''),
(22, '0293', '2019-05-08', '12:54:38', 1, 'autorizado', ''),
(22, '0053', '2019-05-08', '12:54:38', 1, 'autorizado', ''),
(22, '0284', '2019-05-08', '12:54:38', 2, 'autorizado', ''),
(22, '0002', '2019-05-08', '12:54:38', 2, 'autorizado', ''),
(22, '0058', '2019-05-08', '12:54:38', 2, 'autorizado', ''),
(22, '0084', '2019-05-08', '12:54:38', 2, 'autorizado', ''),
(22, '0087', '2019-05-08', '12:54:38', 3, 'autorizado', ''),
(22, '0019', '2019-05-08', '12:54:38', 10, 'autorizado', ''),
(22, '0088', '2019-05-08', '12:54:38', 1, 'autorizado', ''),
(22, '0068', '2019-05-08', '12:54:38', 6, 'autorizado', ''),
(22, '0288', '2019-05-08', '12:54:38', 2, 'autorizado', ''),
(22, '0022', '2019-05-08', '12:54:38', 5.01, 'autorizado', ''),
(22, '0014', '2019-05-08', '12:54:38', 1, 'autorizado', ''),
(22, '0006', '2019-05-08', '12:54:38', 1, 'autorizado', ''),
(22, '0015', '2019-05-08', '12:54:38', 2, 'autorizado', ''),
(22, '0287', '2019-05-08', '12:54:38', 4, 'autorizado', ''),
(22, '0061', '2019-05-08', '12:54:38', 1, 'autorizado', ''),
(22, '0085', '2019-05-08', '12:54:38', 9.6, 'autorizado', ''),
(22, '0243', '2019-05-08', '12:54:38', 15, 'autorizado', ''),
(22, '0020', '2019-05-08', '12:54:38', 15, 'autorizado', ''),
(22, '0062', '2019-05-08', '12:54:38', 1, 'autorizado', ''),
(22, '0023', '2019-05-08', '12:54:38', 1, 'autorizado', ''),
(22, '0063', '2019-05-08', '12:54:38', 2, 'autorizado', ''),
(22, '0064', '2019-05-08', '12:54:38', 1, 'autorizado', ''),
(23, 'CEBA', '2019-05-08', '12:55:36', 0, 'autorizado', ''),
(23, 'CEBN', '2019-05-08', '12:55:36', 0, 'autorizado', ''),
(23, 'CECR', '2019-05-08', '12:55:36', 240, 'autorizado', ''),
(23, 'CECL', '2019-05-08', '12:55:36', 180, 'autorizado', ''),
(23, 'CEGH', '2019-05-08', '12:55:36', 0, 'autorizado', ''),
(23, 'CEGS', '2019-05-08', '12:55:36', 0, 'autorizado', ''),
(23, 'CEHO', '2019-05-08', '12:55:36', 0, 'autorizado', ''),
(23, 'INDI', '2019-05-08', '12:55:36', 10, 'autorizado', ''),
(23, 'CELE', '2019-05-08', '12:55:36', 180, 'autorizado', ''),
(23, 'CEMS', '2019-05-08', '12:55:36', 300, 'autorizado', ''),
(23, 'CENM', '2019-05-08', '12:55:36', 300, 'autorizado', ''),
(23, 'CEOL', '2019-05-08', '12:55:36', 36, 'autorizado', ''),
(23, 'CEA9', '2019-05-08', '12:55:36', 10, 'autorizado', ''),
(23, 'CEPA', '2019-05-08', '12:55:36', 180, 'autorizado', ''),
(23, 'CEQU', '2019-05-08', '12:55:36', 0, 'autorizado', ''),
(23, 'CESA', '2019-05-08', '12:55:36', 0, 'autorizado', ''),
(23, 'CESE', '2019-05-08', '12:55:36', 60, 'autorizado', ''),
(23, 'CEVI', '2019-05-08', '12:55:36', 300, 'autorizado', ''),
(24, 'AGMI', '2019-05-08', '12:57:46', 480, 'autorizado', ''),
(24, 'AGMM', '2019-05-08', '12:57:46', 720, 'autorizado', ''),
(24, 'AGNA', '2019-05-08', '12:57:46', 127, 'autorizado', ''),
(24, 'SOCC', '2019-05-08', '12:57:46', 383, 'autorizado', ''),
(24, 'SOQQ', '2019-05-08', '12:57:46', 72, 'autorizado', ''),
(24, 'SORR', '2019-05-08', '12:57:46', 24, 'autorizado', ''),
(24, 'SOCL', '2019-05-08', '12:57:46', 96, 'autorizado', ''),
(24, 'SODC', '2019-05-08', '12:57:46', 72, 'autorizado', ''),
(24, 'SOCM', '2019-05-08', '12:57:46', 216, 'autorizado', ''),
(24, 'SODE', '2019-05-08', '12:57:46', 24, 'autorizado', ''),
(24, 'SOSL', '2019-05-08', '12:57:46', 48, 'autorizado', ''),
(24, 'SOFR', '2019-05-08', '12:57:46', 96, 'autorizado', ''),
(24, 'SOAE', '2019-05-08', '12:57:46', 10, 'autorizado', ''),
(24, 'SOGL', '2019-05-08', '12:57:46', 72, 'autorizado', ''),
(24, 'JUNL', '2019-05-08', '12:57:46', 1, 'autorizado', ''),
(24, 'JUAR', '2019-05-08', '12:57:46', 3, 'autorizado', ''),
(24, 'JUDU', '2019-05-08', '12:57:46', 1, 'autorizado', ''),
(24, 'JUMA', '2019-05-08', '12:57:46', 1, 'autorizado', ''),
(24, 'JUMZ', '2019-05-08', '12:57:46', 1, 'autorizado', ''),
(24, 'JUNA', '2019-05-08', '12:57:46', 0.52, 'autorizado', ''),
(24, 'JUPI', '2019-05-08', '12:57:46', 1, 'autorizado', ''),
(24, 'JUUV', '2019-05-08', '12:57:46', 1, 'autorizado', ''),
(24, 'SCDR', '2019-05-08', '12:57:46', 72, 'autorizado', ''),
(24, 'AGPE', '2019-05-08', '12:57:46', 36, 'autorizado', ''),
(24, 'REDB', '2019-05-08', '12:57:46', 85, 'autorizado', ''),
(24, 'RFCO', '2019-05-08', '12:57:46', 3, 'autorizado', ''),
(24, 'RFMA', '2019-05-08', '12:57:46', 12, 'autorizado', ''),
(24, 'SOSP', '2019-05-08', '12:57:46', 72, 'autorizado', ''),
(24, 'SOSQ', '2019-05-08', '12:57:46', 48, 'autorizado', ''),
(24, 'AQSW', '2019-05-08', '12:57:46', 24, 'autorizado', ''),
(24, 'VEGU', '2019-05-08', '12:57:46', 12, 'autorizado', ''),
(24, 'VELY', '2019-05-08', '12:57:46', 12, 'autorizado', ''),
(24, 'VEPO', '2019-05-08', '12:57:46', 12, 'autorizado', ''),
(25, 'ME4C', '2019-05-08', '01:01:20', 7, 'autorizado', ''),
(25, 'ME4R', '2019-05-08', '01:01:20', 3, 'autorizado', ''),
(25, 'MEAC', '2019-05-08', '01:01:20', 2, 'autorizado', ''),
(25, 'MEAE', '2019-05-08', '01:01:20', 1, 'autorizado', ''),
(25, 'MEAR', '2019-05-08', '01:01:20', 3, 'autorizado', ''),
(25, 'MEMA', '2019-05-08', '01:01:20', 1, 'autorizado', ''),
(25, 'MEQU', '2019-05-08', '01:01:20', 1, 'autorizado', ''),
(25, 'MEUJ', '2019-05-08', '01:01:20', 1, 'autorizado', ''),
(26, 'JEDS', '2019-05-08', '01:02:22', 0, 'autorizado', ''),
(26, 'JEOT', '2019-05-08', '01:02:22', 1, 'autorizado', ''),
(26, 'JEPO', '2019-05-08', '01:02:22', 1, 'autorizado', ''),
(26, 'JETP', '2019-05-08', '01:02:22', 2, 'autorizado', ''),
(27, 'VBAN', '2019-05-08', '01:09:43', 10, 'autorizado', ''),
(27, 'VBAM', '2019-05-08', '01:09:43', 10, 'autorizado', ''),
(27, 'VBAS', '2019-05-08', '01:09:43', 10, 'autorizado', ''),
(27, 'VTC4', '2019-05-08', '01:09:43', 4, 'autorizado', ''),
(27, 'CT3V', '2019-05-08', '01:09:43', 0, 'autorizado', ''),
(27, 'VIC2', '2019-05-08', '01:09:43', 10, 'autorizado', ''),
(27, 'VICC', '2019-05-08', '01:09:43', 10, 'autorizado', ''),
(27, 'VIMM', '2019-05-08', '01:09:43', 10, 'autorizado', ''),
(27, 'VICS', '2019-05-08', '01:09:43', 10, 'autorizado', ''),
(27, 'CIRO', '2019-05-08', '01:09:43', 10, 'autorizado', ''),
(27, 'VBCB', '2019-05-08', '01:09:43', 10, 'autorizado', ''),
(27, 'VBEC', '2019-05-08', '01:09:43', 10, 'autorizado', ''),
(27, 'VBKB', '2019-05-08', '01:09:43', 10, 'autorizado', ''),
(27, 'VBKO', '2019-05-08', '01:09:43', 10, 'autorizado', ''),
(27, 'VBGA', '2019-05-08', '01:09:43', 10, 'autorizado', ''),
(27, 'VBME', '2019-05-08', '01:09:43', 10, 'autorizado', ''),
(27, 'VIMC', '2019-05-08', '01:09:43', 10, 'autorizado', ''),
(27, 'VIMO', '2019-05-08', '01:09:43', 10, 'autorizado', ''),
(27, 'VEMM', '2019-05-08', '01:09:43', 10, 'autorizado', ''),
(27, 'VI01', '2019-05-08', '01:09:43', 10, 'autorizado', ''),
(27, 'STAC', '2019-05-08', '01:09:43', 10, 'autorizado', ''),
(27, 'VIBB', '2019-05-08', '01:09:43', 1, 'autorizado', ''),
(28, 'GIBP', '2019-05-08', '01:13:01', 1, 'autorizado', ''),
(28, 'GIBO', '2019-05-08', '01:13:01', 2.02, 'autorizado', ''),
(28, 'GIBM', '2019-05-08', '01:13:01', 1, 'autorizado', ''),
(28, 'GIBU', '2019-05-08', '01:13:01', 2, 'autorizado', ''),
(28, 'GIHE', '2019-05-08', '01:13:01', 4, 'autorizado', ''),
(28, 'GIL1', '2019-05-08', '01:13:01', 3, 'autorizado', ''),
(28, 'GIMO', '2019-05-08', '01:13:01', 3, 'autorizado', ''),
(28, 'GIM7', '2019-05-08', '01:13:01', 3, 'autorizado', ''),
(28, 'GIPA', '2019-05-08', '01:13:01', 0, 'autorizado', ''),
(28, 'GITA', '2019-05-08', '01:13:01', 3.02, 'autorizado', ''),
(28, 'GITS', '2019-05-08', '01:13:01', 1, 'autorizado', ''),
(28, 'GITT', '2019-05-08', '01:13:01', 4, 'autorizado', ''),
(29, 'LIAN', '2019-05-08', '01:13:23', 2, 'autorizado', ''),
(29, 'LIAD', '2019-05-08', '01:13:23', 0, 'autorizado', ''),
(29, 'LIAR', '2019-05-08', '01:13:23', 1, 'autorizado', ''),
(29, 'LIAM', '2019-05-08', '01:13:23', 2, 'autorizado', ''),
(29, 'LIBA', '2019-05-08', '01:13:23', 1.88, 'autorizado', ''),
(29, 'LICM', '2019-05-08', '01:13:23', 1, 'autorizado', ''),
(29, 'LICS', '2019-05-08', '01:13:23', 2, 'autorizado', ''),
(29, 'LIDC', '2019-05-08', '01:13:23', 2, 'autorizado', ''),
(29, 'LISC', '2019-05-08', '01:13:23', 2, 'autorizado', ''),
(29, 'LIVX', '2019-05-08', '01:13:23', 1, 'autorizado', ''),
(29, 'LIVR', '2019-05-08', '01:13:23', 1, 'autorizado', ''),
(29, 'LICN', '2019-05-08', '01:13:23', 0.12, 'autorizado', ''),
(29, 'LIFE', '2019-05-08', '01:13:23', 2, 'autorizado', ''),
(29, 'LIFR', '2019-05-08', '01:13:23', 2, 'autorizado', ''),
(29, 'LIGN}', '2019-05-08', '01:13:23', 1, 'autorizado', ''),
(29, 'LIGR', '2019-05-08', '01:13:23', 1, 'autorizado', ''),
(29, 'LIHP', '2019-05-08', '01:13:23', 2, 'autorizado', ''),
(29, 'LIJA', '2019-05-08', '01:13:23', 4, 'autorizado', ''),
(29, 'JAGR', '2019-05-08', '01:13:23', 2.02, 'autorizado', ''),
(29, 'JANA', '2019-05-08', '01:13:23', 1.61, 'autorizado', ''),
(29, 'LIAC', '2019-05-08', '01:13:23', 1, 'autorizado', ''),
(29, 'LI43', '2019-05-08', '01:13:23', 3, 'autorizado', ''),
(29, 'LI4O', '2019-05-08', '01:13:23', 2, 'autorizado', ''),
(29, 'LIMZ', '2019-05-08', '01:13:23', 1, 'autorizado', ''),
(29, 'LICE', '2019-05-08', '01:13:23', 1, 'autorizado', ''),
(29, 'LIRN', '2019-05-08', '01:13:23', 1, 'autorizado', ''),
(29, 'LIRO', '2019-05-08', '01:13:23', 1, 'autorizado', ''),
(29, 'LISG', '2019-05-08', '01:13:23', 0, 'autorizado', ''),
(29, 'LISN', '2019-05-08', '01:13:23', 2, 'autorizado', ''),
(30, 'LIAN', '2019-05-08', '01:25:20', 2, 'autorizado', ''),
(30, 'LIAD', '2019-05-08', '01:25:20', 0, 'autorizado', ''),
(30, 'LIAR', '2019-05-08', '01:25:20', 1, 'autorizado', ''),
(30, 'LIAM', '2019-05-08', '01:25:20', 2, 'autorizado', ''),
(30, 'LIBA', '2019-05-08', '01:25:20', 1.88, 'autorizado', ''),
(30, 'LICM', '2019-05-08', '01:25:20', 1, 'autorizado', ''),
(30, 'LICS', '2019-05-08', '01:25:20', 2, 'autorizado', ''),
(30, 'LIDC', '2019-05-08', '01:25:20', 2, 'autorizado', ''),
(30, 'LISC', '2019-05-08', '01:25:20', 2, 'autorizado', ''),
(30, 'LIVX', '2019-05-08', '01:25:20', 1, 'autorizado', ''),
(30, 'LIVR', '2019-05-08', '01:25:20', 1, 'autorizado', ''),
(30, 'LICN', '2019-05-08', '01:25:20', 0.12, 'autorizado', ''),
(30, 'LIFE', '2019-05-08', '01:25:20', 2, 'autorizado', ''),
(30, 'LIFR', '2019-05-08', '01:25:20', 2, 'autorizado', ''),
(30, 'LIGN}', '2019-05-08', '01:25:20', 1, 'autorizado', ''),
(30, 'LIGR', '2019-05-08', '01:25:20', 1, 'autorizado', ''),
(30, 'LIHP', '2019-05-08', '01:25:20', 2, 'autorizado', ''),
(30, 'LIJA', '2019-05-08', '01:25:20', 4, 'autorizado', ''),
(30, 'JAGR', '2019-05-08', '01:25:20', 3, 'autorizado', ''),
(30, 'JANA', '2019-05-08', '01:25:20', 1.61, 'autorizado', ''),
(30, 'LIAC', '2019-05-08', '01:25:20', 1, 'autorizado', ''),
(30, 'LI43', '2019-05-08', '01:25:20', 3, 'autorizado', ''),
(30, 'LI4O', '2019-05-08', '01:25:20', 2, 'autorizado', ''),
(30, 'LIMZ', '2019-05-08', '01:25:20', 1, 'autorizado', ''),
(30, 'LICE', '2019-05-08', '01:25:20', 1, 'autorizado', ''),
(30, 'LIRN', '2019-05-08', '01:25:20', 1, 'autorizado', ''),
(30, 'LIRO', '2019-05-08', '01:25:20', 1, 'autorizado', ''),
(30, 'LISG', '2019-05-08', '01:25:20', 0, 'autorizado', ''),
(30, 'LISN', '2019-05-08', '01:25:20', 2, 'autorizado', '');

-- --------------------------------------------------------

--
-- Estructura de tabla para la tabla `productos`
--

CREATE TABLE `productos` (
  `codingre` char(20) COLLATE utf8_bin NOT NULL,
  `descrip` varchar(35) COLLATE utf8_bin NOT NULL,
  `familia` varchar(10) COLLATE utf8_bin NOT NULL,
  `unidad` varchar(10) COLLATE utf8_bin DEFAULT NULL,
  `empaque` varchar(15) COLLATE utf8_bin DEFAULT NULL,
  `equivale` decimal(10,2) NOT NULL,
  `inventa1` decimal(10,2) NOT NULL,
  `stockmax` decimal(10,2) NOT NULL,
  `stockmin` decimal(10,2) NOT NULL,
  `ultcosto` decimal(10,2) NOT NULL,
  `costoprome` decimal(10,2) NOT NULL,
  `impuesto` decimal(10,2) NOT NULL,
  `pedido` decimal(10,2) NOT NULL,
  `status` varchar(20) COLLATE utf8_bin DEFAULT NULL,
  `redondeo` int(11) DEFAULT NULL,
  `inventaFisico` decimal(10,2) DEFAULT NULL,
  `inventaFisico1` decimal(10,2) DEFAULT NULL,
  `diferencia` decimal(10,2) DEFAULT NULL
) ENGINE=InnoDB DEFAULT CHARSET=utf8 COLLATE=utf8_bin;

--
-- Volcado de datos para la tabla `productos`
--

INSERT INTO `productos` (`codingre`, `descrip`, `familia`, `unidad`, `empaque`, `equivale`, `inventa1`, `stockmax`, `stockmin`, `ultcosto`, `costoprome`, `impuesto`, `pedido`, `status`, `redondeo`, `inventaFisico`, `inventaFisico1`, `diferencia`) VALUES
('0002', 'PAPRIKA', 'ABARR', 'GR', '', '510.00', '-0.05', '2.00', '0.00', '409.14', '409.14', '0.00', '2.00', 'autorizado', 0, NULL, NULL, NULL),
('0003', 'CHILE JALAPEï¿½O LATA', 'ABARR', 'GG', '', '1000.00', '-0.06', '1.00', '0.00', '102.27', '102.27', '0.00', '1.00', 'autorizado', 0, NULL, NULL, NULL),
('0004', 'JUGO MAGGI', 'ABARR', 'GR', '', '800.00', '1.00', '2.00', '0.00', '133.00', '133.00', '0.00', '1.00', 'autorizado', 0, NULL, NULL, NULL),
('0005', 'ACEITE DE AJONJOLI', 'ABARR', 'GR', '', '250.00', '-0.12', '3.00', '0.00', '307.79', '307.79', '0.00', '3.00', 'autorizado', 0, NULL, NULL, NULL),
('0006', 'SALSA INGLESA', 'ABARR', 'GR', '', '980.00', '1.00', '2.00', '0.00', '100.00', '100.00', '0.00', '1.00', 'autorizado', 0, NULL, NULL, NULL),
('0007', 'ALMENDRA ENTERA', 'VERDU', 'GR', '', '1000.00', '0.00', '1.00', '0.00', '241.80', '241.80', '0.00', '0.00', '', 0, NULL, NULL, NULL),
('0008', 'VINO ROSADO COCINA', 'BAJAS', 'GR', '', '1000.00', '0.00', '1.00', '0.00', '132.18', '132.18', '0.00', '0.00', '', 0, NULL, NULL, NULL),
('0009', 'CROUTONES', 'ABARR', 'GR', '', '907.00', '-0.04', '1.00', '0.00', '157.00', '157.00', '0.00', '1.00', 'autorizado', 0, NULL, NULL, NULL),
('0010', 'JARABE GRANADINA COCINA', 'ABARR', 'GR', '', '1000.00', '0.00', '1.00', '0.00', '50.92', '50.92', '0.00', '1.00', 'autorizado', 0, NULL, NULL, NULL),
('0011', 'ACEITE DE OLIVA', 'ABARR', 'GR', '', '5000.00', '-0.01', '4.00', '0.00', '117.50', '117.50', '0.00', '4.00', 'autorizado', 0, NULL, NULL, NULL),
('0012', 'ARANDANO DESHIDRATADO', 'VERDU', 'GR', '', '1000.00', '0.42', '1.00', '0.00', '130.00', '130.00', '0.00', '0.00', '', 0, NULL, NULL, NULL),
('0013', 'MOSTAZA DIJON', 'ABARR', 'GR', '', '865.00', '0.00', '3.00', '0.00', '203.69', '203.69', '0.00', '3.00', 'autorizado', 0, NULL, NULL, NULL),
('0014', 'SALSA DE SOYA', 'ABARR', 'GG', '', '1890.00', '1.00', '2.00', '0.00', '205.96', '205.96', '0.00', '1.00', 'autorizado', 0, NULL, NULL, NULL),
('0015', 'SALSA TERIYAKI', 'ABARR', 'GR', '', '1890.00', '-0.24', '2.00', '0.00', '44.45', '44.45', '0.00', '2.00', 'autorizado', 0, NULL, NULL, NULL),
('0016', 'CAJETA', 'ABARR', 'GR', '', '1200.00', '0.00', '1.00', '0.00', '78.50', '78.50', '0.00', '1.00', 'autorizado', 0, NULL, NULL, NULL),
('0017', 'LECHE EVAPORADA', 'ABARR', 'GR', '', '1000.00', '7.00', '1.00', '0.00', '29.90', '29.90', '0.00', '0.00', '', 0, NULL, NULL, NULL),
('0018', 'ACEITE VEGETAL', 'ABARR', 'GR', '', '20000.00', '0.96', '3.00', '0.00', '430.00', '430.00', '0.00', '2.04', 'autorizado', 0, NULL, NULL, NULL),
('0019', 'SAL FINA', 'ABARR', 'GR', '', '1000.00', '-0.08', '10.00', '0.00', '12.50', '12.50', '0.00', '10.00', 'autorizado', 0, NULL, NULL, NULL),
('0020', 'TOSTADA CHARRA', 'ABARR', 'GR', '', '20.00', '-1.05', '15.00', '0.00', '22.40', '22.40', '0.00', '15.00', 'autorizado', 0, NULL, NULL, NULL),
('0021', 'MAYONESA', 'ABARR', 'GR', '', '3400.00', '-0.21', '3.00', '0.00', '64.39', '64.39', '0.00', '3.00', 'autorizado', 0, NULL, NULL, NULL),
('0022', 'SALSA CATSUP', 'ABARR', 'GR', '', '2800.00', '0.99', '6.00', '0.00', '35.24', '35.24', '0.00', '5.01', 'autorizado', 0, NULL, NULL, NULL),
('0023', 'VINAGRE BLANCO', 'ABARR', 'GR', '', '1000.00', '1.00', '2.00', '0.00', '26.90', '26.90', '0.00', '1.00', 'autorizado', 0, NULL, NULL, NULL),
('0024', 'LECHE ENTERA', 'ABARR', 'GR', '', '1000.00', '20.00', '6.00', '0.00', '20.00', '20.00', '0.00', '0.00', '', 0, NULL, NULL, NULL),
('0025', 'ALMENDRA EN POLVO', 'BAJAS', 'GR', '', '1000.00', '0.00', '1.00', '0.00', '200.00', '200.00', '0.00', '0.00', '', 0, NULL, NULL, NULL),
('0026', 'ARROZ BLANCO', 'ABARR', 'GR', '', '1000.00', '0.00', '15.00', '0.00', '26.60', '26.60', '0.00', '15.00', 'autorizado', 0, NULL, NULL, NULL),
('0027', 'AZUCAR GLASS', 'ABARR', 'GR', '', '1000.00', '-0.01', '1.00', '0.00', '33.50', '33.50', '0.00', '1.00', 'autorizado', 0, NULL, NULL, NULL),
('0028', 'AZUCAR REFINADA', 'ABARR', 'GR', '', '1000.00', '8.95', '15.00', '0.00', '15.60', '15.60', '0.00', '6.05', 'autorizado', 0, NULL, NULL, NULL),
('0029', 'CACAHUATE', 'VERDU', 'GR', '', '1000.00', '0.00', '1.00', '0.00', '60.00', '60.00', '0.00', '0.00', '', 0, NULL, NULL, NULL),
('0030', 'CALAHUA CREMA COCO', 'ABARR', 'GR', '', '1000.00', '2.00', '5.00', '0.00', '46.50', '46.50', '0.00', '3.00', 'autorizado', 0, NULL, NULL, NULL),
('0031', 'CANELA EN RAMA', 'VERDU', 'GR', '', '1000.00', '0.25', '1.00', '0.00', '380.00', '380.00', '0.00', '0.00', '', 0, NULL, NULL, NULL),
('0032', 'CHILE CHIPOTLE ADOB', 'ABARR', 'GR', '', '2800.00', '0.00', '0.20', '0.00', '66.94', '66.94', '0.00', '0.20', 'autorizado', 0, NULL, NULL, NULL),
('0033', 'CHOCOLATE COBER OSC', 'ABARR', 'GR', '', '1000.00', '0.00', '1.00', '0.00', '146.54', '146.54', '0.00', '1.00', 'autorizado', 0, NULL, NULL, NULL),
('0034', 'CHONGOS ZAMORANOS', 'BAJAS', 'GR', '', '450.00', '0.00', '0.00', '0.00', '80.77', '80.77', '0.00', '0.00', '', 0, NULL, NULL, NULL),
('0035', 'CHURROS', 'ABARR', 'PZ', '', '1.00', '100.00', '50.00', '0.00', '7.32', '7.32', '0.00', '0.00', '', 0, NULL, NULL, NULL),
('0036', 'COCADAS', 'ABARR', 'GR', '', '1.00', '5.00', '10.00', '0.00', '2.88', '2.88', '0.00', '5.00', 'autorizado', 0, NULL, NULL, NULL),
('0037', 'COCO RAYADO', 'BAJAS', 'GR', '', '1000.00', '0.00', '1.00', '0.00', '36.00', '36.00', '0.00', '0.00', '', 0, NULL, NULL, NULL),
('0039', 'CREMA BATIDA', 'LACTE', 'GR', '', '920.00', '0.94', '5.00', '0.00', '39.50', '39.50', '0.00', '0.00', '', 0, NULL, NULL, NULL),
('0040', 'ESPECIAS CAJUN', 'ABARR', 'GR', '', '75.00', '0.00', '1.00', '0.00', '365.03', '365.03', '0.00', '1.00', 'autorizado', 0, NULL, NULL, NULL),
('0041', 'FRIJOL PINTO', 'ABARR', 'GR', '', '1000.00', '0.00', '15.00', '0.00', '37.00', '37.00', '0.00', '15.00', 'autorizado', 0, NULL, NULL, NULL),
('0042', 'GALLETA DE ANIMALITO', 'ABARR', 'GR', '', '1000.00', '0.00', '1.00', '0.00', '12.89', '12.89', '0.00', '1.00', 'autorizado', 0, NULL, NULL, NULL),
('0043', 'GLUCOSA', 'ABARR', 'GR', '', '1000.00', '0.00', '2.00', '0.00', '48.00', '48.00', '0.00', '2.00', 'autorizado', 0, NULL, NULL, NULL),
('0044', 'GRENETINA', 'BAJAS', 'GR', '', '1000.00', '0.00', '1.00', '0.00', '162.00', '162.00', '0.00', '0.00', '', 0, NULL, NULL, NULL),
('0045', 'GUAYABA ALMIBAR', 'BAJAS', 'GR', '', '480.00', '0.00', '1.00', '0.00', '50.00', '50.00', '0.00', '0.00', '', 0, NULL, NULL, NULL),
('0046', 'HARINA DE TRIGO', 'ABARR', 'GR', '', '1000.00', '1.58', '6.00', '0.00', '9.20', '9.20', '0.00', '4.42', 'autorizado', 0, NULL, NULL, NULL),
('0047', 'JUGO GUAYABA', 'ABARR', 'GR', '', '1000.00', '0.00', '1.00', '0.00', '13.90', '13.90', '0.00', '1.00', 'autorizado', 0, NULL, NULL, NULL),
('0048', 'LECHE CONDENSADA', 'LACTE', 'ML', '', '387.00', '6.00', '15.00', '0.00', '17.45', '17.45', '0.00', '0.00', '', 0, NULL, NULL, NULL),
('0049', 'LEVADURA FRESCA', 'ABARR', 'GR', '', '1000.00', '0.00', '4.00', '0.00', '41.50', '41.50', '0.00', '4.00', 'autorizado', 0, NULL, NULL, NULL),
('0050', 'MAZAPAN', 'ABARR', 'PZ', '', '1.00', '-1.00', '1.00', '0.00', '3.45', '3.45', '0.00', '1.00', 'autorizado', 0, NULL, NULL, NULL),
('0051', 'MIEL DE ABEJA', 'ABARR', 'GR', '', '1000.00', '0.00', '3.00', '0.00', '123.33', '123.33', '0.00', '3.00', 'autorizado', 0, NULL, NULL, NULL),
('0052', 'MOSTAZA AMARILLA', 'ABARR', 'GR', '', '1000.00', '0.00', '1.00', '0.00', '76.71', '76.71', '0.00', '1.00', 'autorizado', 0, NULL, NULL, NULL),
('0053', 'NUTELLA', 'ABARR', 'GR', '', '1000.00', '1.00', '2.00', '0.00', '140.00', '140.00', '0.00', '1.00', 'autorizado', 0, NULL, NULL, NULL),
('0054', 'PASTA FIDEO', 'ABARR', 'GR', '', '1000.00', '3.00', '3.00', '0.00', '30.00', '30.00', '0.00', '0.00', '', 0, NULL, NULL, NULL),
('0055', 'PASTA SPAGHETTI', 'ABARR', 'GR', '', '1000.00', '4.60', '1.00', '0.00', '21.35', '21.35', '0.00', '0.00', '', 0, NULL, NULL, NULL),
('0056', 'PEPITA DE GIRASOL', 'VERDU', 'GR', '', '1000.00', '0.00', '1.00', '0.00', '54.00', '54.00', '0.00', '0.00', '', 0, NULL, NULL, NULL),
('0057', 'PEPITA VERDE', 'VERDU', 'GR', '', '1000.00', '-0.01', '1.00', '0.00', '72.57', '72.57', '0.00', '0.00', '', 0, NULL, NULL, NULL),
('0058', 'POLVO PARA HORNEAR', 'ABARR', 'GR', '', '454.00', '-0.08', '2.00', '0.00', '92.27', '92.27', '0.00', '2.00', 'autorizado', 0, NULL, NULL, NULL),
('0059', 'SAL AMARILLA', 'BAJAS', 'GR', '', '1000.00', '0.00', '6.00', '0.00', '78.00', '78.00', '0.00', '0.00', '', 0, NULL, NULL, NULL),
('0060', 'SAL DE GRANO', 'ABARR', 'GR', '', '1000.00', '50.00', '2.00', '0.00', '5.10', '5.10', '0.00', '0.00', '', 0, NULL, NULL, NULL),
('0061', 'SEMILLA GIRASOL', 'ABARR', 'GR', '', '1000.00', '-0.02', '1.00', '0.00', '47.62', '47.62', '0.00', '1.00', 'autorizado', 0, NULL, NULL, NULL),
('0062', 'VAINILLA LIQUIDA', 'ABARR', 'GR', '', '1000.00', '0.00', '1.00', '0.00', '43.96', '43.96', '0.00', '1.00', 'autorizado', 0, NULL, NULL, NULL),
('0063', 'VINAGRE DE FRAMBUESA', 'ABARR', 'GR', '', '1000.00', '0.00', '2.00', '0.00', '140.00', '140.00', '0.00', '2.00', 'autorizado', 0, NULL, NULL, NULL),
('0064', 'VINO TINTO COCINA', 'ABARR', 'GR', '', '1000.00', '0.00', '1.00', '0.00', '56.30', '56.30', '0.00', '1.00', 'autorizado', 0, NULL, NULL, NULL),
('0065', 'GALLETAS SALMAS', 'ABARR', 'GR', '', '1000.00', '0.00', '8.00', '0.00', '2.53', '2.53', '0.00', '8.00', 'autorizado', 0, NULL, NULL, NULL),
('0066', 'AGUA GARRAFON(20 LTS)', 'ABARR', 'MLG', '', '20000.00', '18.00', '0.00', '0.00', '27.00', '27.00', '0.00', '0.00', '', 0, NULL, NULL, NULL),
('0067', 'HUEVO', 'ABARR', 'GR', '', '1.00', '90.00', '10.00', '0.00', '1.55', '1.55', '0.00', '0.00', '', 0, NULL, NULL, NULL),
('0068', 'SALSA BBQ', 'ABARR', 'GR', '', '620.00', '-1.02', '6.00', '0.00', '56.04', '56.04', '0.00', '6.00', 'autorizado', 0, NULL, NULL, NULL),
('0070', 'SALSA TABASCO(80 ML)', 'ABARR', 'GR', '', '60.00', '4.00', '1.00', '0.00', '36.29', '36.29', '0.00', '0.00', '', 0, NULL, NULL, NULL),
('0071', 'CONDIMIX DE POLLO', 'ABARR', 'GR', '', '1850.00', '2.00', '1.00', '0.00', '191.70', '191.70', '0.00', '0.00', '', 0, NULL, NULL, NULL),
('0072', 'MANGO EN ALMIBAR', 'ABARR', 'GR', '', '1000.00', '2.48', '8.00', '0.00', '29.90', '29.90', '0.00', '5.52', 'autorizado', 0, NULL, NULL, NULL),
('0073', 'ATE DE GUAYABA', 'ABARR', 'GR', '', '1000.00', '0.00', '3.00', '0.00', '50.00', '50.00', '0.00', '3.00', 'autorizado', 0, NULL, NULL, NULL),
('0074', 'FRIJOL NEGRO', 'ABARR', 'GR', '', '1000.00', '0.00', '15.00', '0.00', '32.52', '32.52', '0.00', '15.00', 'autorizado', 0, NULL, NULL, NULL),
('0075', 'MAIZENA', 'ABARR', 'GR', '', '750.00', '3.00', '8.00', '0.00', '48.30', '48.30', '0.00', '5.00', 'autorizado', 0, NULL, NULL, NULL),
('0076', 'ELOTE EN GRANO LATA', 'ABARR', 'GR', '', '1200.00', '-0.06', '4.00', '0.00', '35.00', '35.00', '0.00', '4.00', 'autorizado', 0, NULL, NULL, NULL),
('0077', 'CONDIMIX DE RES', 'ABARR', 'GR', '', '1600.00', '0.00', '1.00', '0.00', '153.64', '153.64', '0.00', '1.00', 'autorizado', 0, NULL, NULL, NULL),
('0078', 'GALLETAS MARIAS', 'BAJAS', 'GR', '', '1000.00', '0.00', '1.00', '0.00', '50.00', '50.00', '0.00', '0.00', '', 0, NULL, NULL, NULL),
('0079', 'CHOCOLATE ABUELITA', 'ABARR', 'GR', '', '540.00', '0.00', '3.00', '0.00', '70.96', '121.10', '0.00', '3.00', 'autorizado', 0, NULL, NULL, NULL),
('0080', 'AMARANTO', 'ABARR', 'GR', '', '1000.00', '0.00', '0.50', '0.00', '33.04', '33.04', '0.00', '0.50', 'autorizado', 0, NULL, NULL, NULL),
('0081', 'CANELA EN POLVO', 'ABARR', 'GR', '', '511.00', '0.00', '2.00', '0.00', '150.00', '150.00', '0.00', '2.00', 'autorizado', 0, NULL, NULL, NULL),
('0082', 'ANCHOAS', 'ABARR', 'GR', '', '110.00', '0.00', '4.00', '0.00', '1.00', '1.00', '0.00', '4.00', 'autorizado', 0, NULL, NULL, NULL),
('0083', 'DULCE DE LECHE', 'BAJAS', 'GR', '', '625.00', '0.00', '1.00', '0.00', '87.11', '87.11', '0.00', '0.00', '', 0, NULL, NULL, NULL),
('0084', 'PULPA GUANABANA', 'ABARR', 'GR', '', '1000.00', '0.00', '2.00', '0.00', '62.50', '62.50', '0.00', '2.00', 'autorizado', 0, NULL, NULL, NULL),
('0085', 'TAJIN', 'ABARR', 'G}', '', '4000.00', '5.40', '15.00', '0.00', '42.54', '42.54', '0.00', '9.60', 'autorizado', 0, NULL, NULL, NULL),
('0086', 'BALSAMICO DE PERA', 'ABARR', 'ML', '', '250.00', '-0.48', '1.00', '0.00', '250.00', '250.00', '0.00', '1.00', 'autorizado', 0, NULL, NULL, NULL),
('0087', 'PULQUE COCINA', 'ABARR', 'ML', '', '1000.00', '0.00', '3.00', '0.00', '15.00', '15.00', '0.00', '3.00', 'autorizado', 0, NULL, NULL, NULL),
('0088', 'SAL MARINA', 'ABARR', 'GR', '', '1000.00', '-0.12', '1.00', '0.00', '55.00', '55.00', '0.00', '1.00', 'autorizado', 0, NULL, NULL, NULL),
('0089', 'SHORT RIB C/H', 'CARNE', 'GR', '', '1000.00', '0.00', '2.00', '0.00', '180.00', '309.77', '0.00', '0.00', '', 0, NULL, NULL, NULL),
('0090', 'PICAï¿½A', 'CARNE', 'GR', '', '1000.00', '0.00', '1.00', '0.00', '168.91', '168.91', '0.00', '0.00', '', 0, NULL, NULL, NULL),
('0091', 'PECHUGA DE POLLO', 'CARNE', 'GR', '', '1000.00', '16.03', '12.00', '0.00', '78.00', '78.00', '0.00', '0.00', '', 0, NULL, NULL, NULL),
('0092', 'RIB EYE', 'CARNE', 'GR', '', '1000.00', '0.00', '1.00', '0.00', '275.00', '275.00', '0.00', '0.00', '', 0, NULL, NULL, NULL),
('0093', 'CABEZA DE RES', 'CARNE', 'GR', '', '1000.00', '-0.25', '1.00', '0.00', '107.13', '107.13', '0.00', '0.00', '', 0, NULL, NULL, NULL),
('0094', 'CHICHARRON DE CERDO', 'CARNE', 'GR', '', '1000.00', '2.17', '2.00', '0.00', '120.00', '120.00', '0.00', '0.00', '', 0, NULL, NULL, NULL),
('0095', 'PIERNA DE CERDO', 'CARNE', 'GR', '', '1000.00', '0.00', '4.00', '0.00', '91.04', '91.04', '0.00', '0.00', '', 0, NULL, NULL, NULL),
('0096', 'ASIENTOS CHICHARRON', 'CARNE', 'GR', '', '1000.00', '-0.25', '1.00', '0.00', '120.00', '120.00', '0.00', '0.00', '', 0, NULL, NULL, NULL),
('0097', 'TLALITOS DE CERDO', 'CARNE', 'GR', '', '1000.00', '-0.54', '1.00', '0.00', '120.00', '120.00', '0.00', '0.00', '', 0, NULL, NULL, NULL),
('0098', 'CECINA', 'CARNE', 'GR', '', '1000.00', '5.28', '8.00', '0.00', '250.00', '250.00', '0.00', '0.00', '', 0, NULL, NULL, NULL),
('0099', 'CHAMORRO DE CERDO', 'CARNE', 'GR', '', '1000.00', '17.60', '16.00', '0.00', '65.00', '65.00', '0.00', '0.00', '', 0, NULL, NULL, NULL),
('0100', 'FILETE DE RES', 'CARNE', 'GR', '', '1000.00', '-0.64', '10.00', '0.00', '316.44', '316.44', '0.00', '0.00', '', 0, NULL, NULL, NULL),
('0101', 'SUADERO', 'CARNE', 'GR', '', '1000.00', '3.00', '3.00', '0.00', '125.00', '125.00', '0.00', '0.00', '', 0, NULL, NULL, NULL),
('0102', 'CARNE MOLIDA RES', 'CARNE', 'GR', '', '1000.00', '0.00', '4.00', '0.00', '114.70', '114.70', '0.00', '0.00', '', 0, NULL, NULL, NULL),
('0103', 'RETAZO DE POLLO', 'CARNE', 'GR', '', '1000.00', '2.40', '1.00', '0.00', '45.00', '45.00', '0.00', '0.00', '', 0, NULL, NULL, NULL),
('0104', 'CHICHARRON PRENSADO', 'CARNE', 'GR', '', '1000.00', '0.00', '15.00', '0.00', '84.84', '84.84', '0.00', '0.00', '', 0, NULL, NULL, NULL),
('0105', 'MANTECA DE CERDO', 'CARNE', 'GR', '', '480.00', '-3.12', '2.00', '0.00', '45.00', '45.00', '0.00', '0.00', '', 0, NULL, NULL, NULL),
('0106', 'ARRACHERA TEXANA', 'CARNE', 'GR', '', '1000.00', '23.26', '15.00', '0.00', '254.00', '254.00', '0.00', '0.00', '', 0, NULL, NULL, NULL),
('0107', 'HUESO TUETANO', 'CARNE', 'GR', '', '1000.00', '-1.40', '1.00', '0.00', '75.00', '50.00', '0.00', '0.00', '', 0, NULL, NULL, NULL),
('0108', 'MACHACA', 'CARNE', 'GR', '', '200.00', '-0.06', '2.00', '0.00', '569.56', '569.56', '0.00', '0.00', '', 0, NULL, NULL, NULL),
('0109', 'LECHON', 'CARNE', 'GR', '', '1000.00', '0.00', '1.00', '0.00', '152.04', '152.04', '0.00', '0.00', '', 0, NULL, NULL, NULL),
('0110', 'ARRACHERA 1KG', 'CARNE', 'PZ', 'A', '1000.00', '-0.93', '0.00', '0.00', '260.00', '260.00', '0.00', '0.00', '', 0, NULL, NULL, NULL),
('0111', 'PICAï¿½A 300G', 'CARNE', 'PZ', '', '1.00', '-3.00', '15.00', '0.00', '70.00', '90.00', '0.00', '0.00', '', 0, NULL, NULL, NULL),
('0112', 'ARRACHERA 300G', 'CARNE', 'PZ', '', '1.00', '-9.00', '0.00', '0.00', '87.00', '103.43', '0.00', '0.00', '', 0, NULL, NULL, NULL),
('0113', 'ARRACHERA 200G', 'CARNE', 'PZ', '', '1000.00', '-1.00', '0.00', '0.00', '73.00', '73.00', '0.00', '0.00', '', 0, NULL, NULL, NULL),
('0114', 'RIB EYE ANGUS', 'CARNE', 'PZ', '', '1000.00', '0.00', '10.00', '0.00', '375.00', '375.00', '0.00', '0.00', '', 0, NULL, NULL, NULL),
('0115', 'NEW YORK 300G', 'CARNE', 'PZ', '', '1.00', '0.00', '5.00', '0.00', '130.00', '130.00', '0.00', '0.00', '', 0, NULL, NULL, NULL),
('0116', 'TOMAHAWK 1KG', 'CARNE', 'PZ', '', '1.00', '0.00', '1.00', '0.00', '635.00', '635.00', '0.00', '0.00', '', 0, NULL, NULL, NULL),
('0117', 'ARRACHERA 100G', 'CARNE', 'PZ', '', '1000.00', '-4.00', '0.00', '0.00', '34.88', '34.88', '0.00', '0.00', '', 0, NULL, NULL, NULL),
('0118', 'VACIO 300G', 'CARNE', 'PZ', '', '1.00', '0.00', '5.00', '0.00', '115.00', '106.00', '0.00', '0.00', '', 0, NULL, NULL, NULL),
('0119', 'RIB EYE CHOICE 300G', 'CARNE', 'PZ', '', '1.00', '-4.00', '0.00', '0.00', '122.82', '110.00', '0.00', '0.00', '', 0, NULL, NULL, NULL),
('0120', 'RIB EYE NACIONAL', 'CARNE', 'GR', '', '1000.00', '1.54', '0.00', '0.00', '235.00', '235.00', '0.00', '0.00', '', 0, NULL, NULL, NULL),
('0121', 'PAPA FRANCESA', 'CONGE', 'GR', '', '2200.00', '2.65', '15.00', '0.00', '99.98', '99.98', '0.00', '0.00', '', 0, NULL, NULL, NULL),
('0122', 'NUGGETS DE POLLO', 'CONGE', 'GR', '', '1000.00', '-0.24', '1.00', '0.00', '68.73', '68.73', '0.00', '0.00', '', 0, NULL, NULL, NULL),
('0123', 'HELADO VAINILLA', 'CONGE', 'GR', '', '1690.00', '0.96', '2.00', '0.00', '285.42', '285.42', '0.00', '0.00', '', 0, NULL, NULL, NULL),
('0124', 'CHORIZO ROJO', 'EMBUT', 'GR', '', '1000.00', '-0.40', '0.00', '0.00', '73.76', '73.76', '0.00', '0.00', '', 0, NULL, NULL, NULL),
('0125', 'JAMON DE PAVO', 'EMBUT', 'GR', '', '1000.00', '8.00', '1.00', '0.00', '98.00', '98.00', '0.00', '0.00', '', 0, NULL, NULL, NULL),
('0126', 'CHISTORRA', 'EMBUT', 'GR', '', '1000.00', '1.50', '8.00', '0.00', '114.00', '114.00', '0.00', '0.00', '', 0, NULL, NULL, NULL),
('0127', 'TOCINO', 'EMBUT', 'GR', '', '1000.00', '-0.69', '1.00', '0.00', '89.41', '89.41', '0.00', '0.00', '', 0, NULL, NULL, NULL),
('0128', 'LONGANIZA', 'EMBUT', 'GR', '', '1000.00', '9.84', '0.00', '0.00', '64.00', '64.00', '0.00', '0.00', '', 0, NULL, NULL, NULL),
('0129', 'CLAVO DE OLOR', 'ESPEC', 'GR', '', '1000.00', '0.00', '0.00', '0.00', '114.95', '114.95', '0.00', '0.00', '', 0, NULL, NULL, NULL),
('0130', 'TOMILLO', 'ESPEC', 'GR', '', '1000.00', '0.50', '1.00', '0.00', '60.00', '60.00', '0.00', '0.00', '', 0, NULL, NULL, NULL),
('0131', 'HOJA DE AGUACATE', 'ESPEC', 'GR', '', '1000.00', '0.00', '1.00', '0.00', '39.00', '39.00', '0.00', '0.00', '', 0, NULL, NULL, NULL),
('0132', 'COMINO', 'ESPEC', 'GR', '', '1000.00', '0.00', '0.00', '0.00', '70.76', '70.76', '0.00', '0.00', '', 0, NULL, NULL, NULL),
('0133', 'NUEZ QUEBRADA', 'ESPEC', 'GR', '', '1000.00', '0.67', '1.00', '0.00', '275.00', '275.00', '0.00', '0.00', '', 0, NULL, NULL, NULL),
('0134', 'PIMIENTA BLANCA MOL', 'ESPEC', 'GR', '', '1000.00', '0.00', '0.00', '0.00', '362.50', '362.50', '0.00', '0.00', '', 0, NULL, NULL, NULL),
('0135', 'ROMERO', 'ESPEC', 'GR', '', '1000.00', '0.00', '0.00', '0.00', '24.11', '24.11', '0.00', '0.00', '', 0, NULL, NULL, NULL),
('0136', 'PIMIENTA NEGRA MOLI', 'ESPEC', 'GR', '', '510.00', '0.00', '2.00', '0.00', '276.00', '276.00', '0.00', '0.00', '', 0, NULL, NULL, NULL),
('0137', 'PIMIENTA LIMON', 'ESPEC', 'GR', '', '737.00', '0.00', '4.00', '0.00', '315.31', '315.31', '0.00', '0.00', '', 0, NULL, NULL, NULL),
('0138', 'LAUREL', 'ESPEC', 'GR', '', '1000.00', '0.00', '1.00', '0.00', '43.75', '43.75', '0.00', '0.00', '', 0, NULL, NULL, NULL),
('0139', 'PEPITA DE CALABAZA', 'ESPEC', 'GR', '', '1000.00', '-0.02', '0.00', '0.00', '72.50', '72.50', '0.00', '0.00', '', 0, NULL, NULL, NULL),
('0140', 'OREGANO SECO', 'ESPEC', 'GR', '', '1000.00', '0.00', '1.00', '0.00', '35.00', '35.00', '0.00', '0.00', '', 0, NULL, NULL, NULL),
('0141', 'PIMIENTA NEGRA ENTE', 'ESPEC', 'GR', '', '1000.00', '0.00', '1.00', '0.00', '528.59', '528.59', '0.00', '0.00', '', 0, NULL, NULL, NULL),
('0142', 'FRESA', 'FRUTA', 'GR', '', '1000.00', '7.72', '5.00', '0.00', '100.00', '100.00', '0.00', '0.00', '', 0, NULL, NULL, NULL),
('0143', 'CHILE MORITA', 'FRUTA', 'GR', '', '1000.00', '0.00', '1.00', '0.00', '116.03', '116.03', '0.00', '0.00', '', 0, NULL, NULL, NULL),
('0144', 'APIO', 'FRUTA', 'GR', '', '1000.00', '-0.06', '2.00', '0.00', '35.75', '35.75', '0.00', '0.00', '', 0, NULL, NULL, NULL),
('0145', 'CHILE CARIBEï¿½O', 'FRUTA', 'GR', '', '1000.00', '0.00', '0.00', '0.00', '45.05', '45.05', '0.00', '0.00', '', 0, NULL, NULL, NULL),
('0146', 'ZARZAMORA', 'FRUTA', 'GR', '', '1000.00', '1.60', '2.00', '0.00', '150.00', '150.00', '0.00', '0.00', '', 0, NULL, NULL, NULL),
('0147', 'PAPA ALPHA', 'FRUTA', 'GR', '', '1000.00', '18.58', '4.00', '0.00', '14.00', '14.00', '0.00', '0.00', '', 0, NULL, NULL, NULL),
('0148', 'CHILE GUAJILLO', 'FRUTA', 'GR', '', '1000.00', '2.46', '3.00', '0.00', '100.00', '100.00', '0.00', '0.00', '', 0, NULL, NULL, NULL),
('0149', 'TOMATE VERDE', 'FRUTA', 'GR', '', '1000.00', '16.00', '15.00', '0.00', '15.00', '15.00', '0.00', '0.00', '', 0, NULL, NULL, NULL),
('0150', 'HUITLACOCHE', 'FRUTA', 'GR', '', '1000.00', '1.00', '0.00', '0.00', '33.00', '33.00', '0.00', '0.00', '', 0, NULL, NULL, NULL),
('0151', 'LIMON SEMILLA', 'FRUTA', 'GR', '', '1000.00', '0.00', '0.00', '0.00', '32.28', '32.28', '0.00', '0.00', '', 0, NULL, NULL, NULL),
('0152', 'CHILE MULATO', 'FRUTA', 'GR', '', '1000.00', '0.00', '1.00', '0.00', '128.63', '128.63', '0.00', '0.00', '', 0, NULL, NULL, NULL),
('0153', 'CEBOLLA CAMBRAY BLA', 'FRUTA', 'GR', '', '1000.00', '16.52', '15.00', '0.00', '12.00', '12.00', '0.00', '0.00', '', 0, NULL, NULL, NULL),
('0154', 'CHILE CHILTEPIN', 'FRUTA', 'GR', '', '1000.00', '0.00', '1.00', '0.00', '568.31', '568.31', '0.00', '0.00', '', 0, NULL, NULL, NULL),
('0155', 'LECHUGA OREJONA', 'FRUTA', 'GR', '', '1000.00', '3.40', '2.00', '0.00', '14.00', '14.00', '0.00', '0.00', '', 0, NULL, NULL, NULL),
('0156', 'CHILE ARBOL SECO', 'FRUTA', 'GR', '', '1000.00', '-0.04', '0.00', '0.00', '150.94', '150.94', '0.00', '0.00', '', 0, NULL, NULL, NULL),
('0157', 'FLORES COMESTIBLES PZ', 'FRUTA', 'GR', '', '1000.00', '0.00', '0.00', '0.00', '3.25', '3.25', '0.00', '0.00', '', 0, NULL, NULL, NULL),
('0158', 'CHILE JALAPEï¿½O', 'FRUTA', 'GR', '', '1000.00', '13.14', '0.00', '0.00', '15.00', '15.00', '0.00', '0.00', '', 0, NULL, NULL, NULL),
('0159', 'FRAMBUESA', 'FRUTA', 'GR', '', '1000.00', '0.80', '2.00', '0.00', '225.00', '225.00', '0.00', '0.00', '', 0, NULL, NULL, NULL),
('0160', 'CHILE ANCHO', 'FRUTA', 'GR', '', '1000.00', '0.00', '2.00', '0.00', '125.73', '125.73', '0.00', '0.00', '', 0, NULL, NULL, NULL),
('0161', 'CEBOLLIN', 'FRUTA', 'GR', '', '1000.00', '0.00', '0.10', '0.00', '60.00', '60.00', '0.00', '0.00', '', 0, NULL, NULL, NULL),
('0162', 'CHILE ANAHEIM', 'FRUTA', 'GR', '', '1000.00', '0.00', '1.00', '0.00', '93.50', '93.50', '0.00', '0.00', '', 0, NULL, NULL, NULL),
('0163', 'CHILE CASCABEL', 'FRUTA', 'GR', '', '1000.00', '0.00', '1.00', '0.00', '150.94', '150.94', '0.00', '0.00', '', 0, NULL, NULL, NULL),
('0164', 'CHILE TAMPICO', 'FRUTA', 'GR', '', '1000.00', '1.93', '3.00', '0.00', '30.00', '30.00', '0.00', '0.00', '', 0, NULL, NULL, NULL),
('0165', 'COCO NATURAL', 'FRUTA', 'GR', '', '1000.00', '0.00', '2.00', '0.00', '60.00', '60.00', '0.00', '0.00', '', 0, NULL, NULL, NULL),
('0166', 'HOJA SANTA', 'FRUTA', 'GR', '', '1000.00', '-0.03', '1.00', '0.00', '39.00', '39.00', '0.00', '0.00', '', 0, NULL, NULL, NULL),
('0167', 'JICAMA', 'FRUTA', 'GR', '', '1000.00', '1.00', '3.00', '0.00', '15.00', '15.00', '0.00', '0.00', '', 0, NULL, NULL, NULL),
('0168', 'PERA', 'FRUTA', 'GR', '', '1000.00', '0.00', '0.00', '0.00', '52.50', '52.50', '0.00', '0.00', '', 0, NULL, NULL, NULL),
('0169', 'PULPA DE MARACUYA', 'FRUTA', 'GR', '', '1000.00', '1.00', '2.00', '0.00', '50.00', '50.00', '0.00', '0.00', '', 0, NULL, NULL, NULL),
('0170', 'PAPA SARATOGA', 'FRUTA', 'GG', '', '1000.00', '-1.39', '0.00', '0.00', '112.50', '112.50', '0.00', '0.00', '', 0, NULL, NULL, NULL),
('0171', 'UVA', 'FRUTA', 'GR', '', '1000.00', '1.90', '1.00', '0.00', '80.00', '80.00', '0.00', '0.00', '', 0, NULL, NULL, NULL),
('0172', 'PLATANO MACHO', 'FRUTA', 'GR', '', '1000.00', '3.90', '2.00', '0.00', '15.00', '15.00', '0.00', '0.00', '', 0, NULL, NULL, NULL),
('0173', 'AGUACATE', 'FRUTA', 'GR', '', '1000.00', '51.82', '50.00', '0.00', '44.00', '44.00', '0.00', '0.00', '', 0, NULL, NULL, NULL),
('0174', 'JENGIBRE', 'FRUTA', 'GR', '', '1000.00', '0.00', '0.10', '0.00', '18.75', '18.75', '0.00', '0.00', '', 0, NULL, NULL, NULL),
('0175', 'JITOMATE BOLA', 'FRUTA', 'GR', '', '1000.00', '0.00', '0.00', '0.00', '18.89', '18.89', '0.00', '0.00', '', 0, NULL, NULL, NULL),
('0176', 'NARANJA', 'FRUTA', 'GR', '', '1000.00', '28.20', '5.00', '0.00', '5.00', '5.00', '0.00', '0.00', '', 0, NULL, NULL, NULL),
('0177', 'JITOMATE SALADETE', 'FRUTA', 'GR', '', '1000.00', '69.65', '60.00', '0.00', '15.00', '15.00', '0.00', '0.00', '', 0, NULL, NULL, NULL),
('0178', 'LECHUGA SANGRIA', 'FRUTA', 'GR', '', '1000.00', '2.80', '3.00', '0.00', '20.00', '20.00', '0.00', '0.00', '', 0, NULL, NULL, NULL),
('0179', 'LEMONGRASS', 'FRUTA', 'GR', '', '1000.00', '0.00', '0.00', '0.00', '40.00', '40.00', '0.00', '0.00', '', 0, NULL, NULL, NULL),
('0180', 'MANGO ATAULFO', 'FRUTA', 'GR', '', '1000.00', '4.00', '2.00', '0.00', '25.00', '25.00', '0.00', '0.00', '', 0, NULL, NULL, NULL),
('0181', 'CHILE MANZANO AMARI', 'FRUTA', 'GR', '', '1000.00', '0.00', '0.00', '0.00', '52.50', '52.50', '0.00', '0.00', '', 0, NULL, NULL, NULL),
('0182', 'PIMIENTO MORRON ROJO', 'FRUTA', 'GR', '', '1000.00', '5.39', '3.00', '0.00', '70.00', '70.00', '0.00', '0.00', '', 0, NULL, NULL, NULL),
('0183', 'CEBOLLA MORADA', 'FRUTA', 'GR', '', '1000.00', '18.60', '10.00', '0.00', '28.00', '28.00', '0.00', '0.00', '', 0, NULL, NULL, NULL),
('0184', 'NOPAL', 'VERDU', 'GR', '', '1.00', '-37981.00', '10.00', '0.00', '3.90', '17.00', '0.00', '0.00', '', 0, NULL, NULL, NULL),
('0185', 'PAPA CAMBRAY', 'FRUTA', 'GR', '', '1000.00', '2.68', '15.00', '0.00', '14.00', '14.00', '0.00', '0.00', '', 0, NULL, NULL, NULL),
('0186', 'PERA LECHERA', 'FRUTA', 'GR', '', '1000.00', '0.00', '0.00', '0.00', '33.00', '33.00', '0.00', '0.00', '', 0, NULL, NULL, NULL),
('0187', 'CHAMPINON', 'FRUTA', 'GR', '', '1000.00', '3.55', '0.25', '0.00', '58.00', '58.00', '0.00', '0.00', '', 0, NULL, NULL, NULL),
('0188', 'LIMON SIN SEMILLA', 'FRUTA', 'GR', '', '1000.00', '98.44', '15.00', '0.00', '14.00', '14.00', '0.00', '0.00', '', 0, NULL, NULL, NULL),
('0189', 'CHILE RELLENO', 'FRUTA', 'GR', '', '1000.00', '0.00', '0.00', '0.00', '35.00', '35.00', '0.00', '0.00', '', 0, NULL, NULL, NULL),
('0190', 'ZANAHORIA', 'FRUTA', 'GR', '', '1000.00', '15.90', '5.00', '0.00', '8.00', '8.00', '0.00', '0.00', '', 0, NULL, NULL, NULL),
('0191', 'CEBOLLA BLANCA', 'FRUTA', 'GR', '', '1000.00', '17.93', '15.00', '0.00', '30.00', '30.00', '0.00', '0.00', '', 0, NULL, NULL, NULL),
('0192', 'PEPINO', 'FRUTA', 'GR', '', '1000.00', '18.20', '10.00', '0.00', '15.00', '15.00', '0.00', '0.00', '', 0, NULL, NULL, NULL),
('0193', 'AJONJOLI BLANCO', 'FRUTA', 'GR', '', '1000.00', '-0.09', '3.00', '0.00', '71.50', '71.50', '0.00', '0.00', '', 0, NULL, NULL, NULL),
('0194', 'MANZANA VERDE', 'FRUTA', 'GR', '', '1000.00', '4.00', '0.00', '0.00', '45.00', '45.00', '0.00', '0.00', '', 0, NULL, NULL, NULL),
('0195', 'MENTA', 'FRUTA', 'GR', '', '1000.00', '0.00', '0.10', '0.00', '67.60', '67.60', '0.00', '0.00', '', 0, NULL, NULL, NULL),
('0196', 'RABANO GRANDE', 'FRUTA', 'GR', '', '1000.00', '0.64', '4.00', '0.00', '32.00', '32.00', '0.00', '0.00', '', 0, NULL, NULL, NULL),
('0197', 'CHILE CHIPOTLE SECO', 'FRUTA', 'GR', '', '1000.00', '0.50', '1.00', '0.00', '90.00', '90.00', '0.00', '0.00', '', 0, NULL, NULL, NULL),
('0198', 'CILANTRO RECIO', 'FRUTA', 'GR', '', '1000.00', '4.47', '1.00', '0.00', '12.00', '12.00', '0.00', '0.00', '', 0, NULL, NULL, NULL),
('0199', 'LECHUGA ROMANA', 'FRUTA', 'GR', '', '1000.00', '1.20', '6.00', '0.00', '32.50', '32.50', '0.00', '0.00', '', 0, NULL, NULL, NULL),
('0200', 'CILANTRO', 'FRUTA', 'GG', '', '1000.00', '14.83', '5.00', '0.00', '12.00', '12.00', '0.00', '0.00', '', 0, NULL, NULL, NULL),
('0201', 'CHILE PASILLA', 'FRUTA', 'GR', '', '1000.00', '-0.47', '1.00', '0.00', '132.99', '132.99', '0.00', '0.00', '', 0, NULL, NULL, NULL),
('0202', 'AJO BLANCO', 'FRUTA', 'GR', '', '1000.00', '1.89', '3.00', '0.00', '75.00', '75.00', '0.00', '0.00', '', 0, NULL, NULL, NULL),
('0203', 'CHILE HABANERO', 'FRUTA', 'GR', '', '1000.00', '0.96', '15.00', '0.00', '70.00', '70.00', '0.00', '0.00', '', 0, NULL, NULL, NULL),
('0204', 'SANDIA', 'FRUTA', 'GR', '', '1000.00', '5.76', '2.00', '0.00', '15.00', '15.00', '0.00', '0.00', '', 0, NULL, NULL, NULL),
('0205', 'AJONJOLI NEGRO', 'FRUTA', 'GR', '', '1000.00', '-0.03', '1.00', '0.00', '55.00', '55.00', '0.00', '0.00', '', 0, NULL, NULL, NULL),
('0206', 'PEREJIL LISO', 'FRUTA', 'GR', '', '1000.00', '0.50', '1.00', '0.00', '12.00', '12.00', '0.00', '0.00', '', 0, NULL, NULL, NULL),
('0207', 'ESPINACA', 'FRUTA', 'GR', '', '1000.00', '1.00', '2.00', '0.00', '15.00', '15.00', '0.00', '0.00', '', 0, NULL, NULL, NULL),
('0208', 'EPAZOTE VERDE', 'FRUTA', 'GR', '', '1000.00', '5.00', '0.00', '0.00', '12.00', '12.00', '0.00', '0.00', '', 0, NULL, NULL, NULL),
('0209', 'FLOR DE CALABAZA', 'FRUTA', 'GR', '', '1000.00', '3.49', '1.00', '0.00', '20.00', '20.00', '0.00', '0.00', '', 0, NULL, NULL, NULL),
('0210', 'CHILE POBLANO', 'FRUTA', 'GR', '', '1000.00', '4.00', '0.00', '0.00', '18.00', '18.00', '0.00', '0.00', '', 0, NULL, NULL, NULL),
('0211', 'CHICHARO JAPONES', 'FRUTA', 'GR', '', '1000.00', '1.50', '2.00', '0.00', '70.00', '70.00', '0.00', '0.00', '', 0, NULL, NULL, NULL),
('0212', 'PASAS', 'FRUTA', 'GR', '', '1000.00', '0.25', '15.00', '0.00', '45.00', '45.00', '0.00', '0.00', '', 0, NULL, NULL, NULL),
('0213', 'PIMIENTO MORRON VERDE', 'FRUTA', 'GR', '', '1000.00', '4.87', '3.00', '0.00', '70.00', '70.00', '0.00', '0.00', '', 0, NULL, NULL, NULL),
('0214', 'PERA PANOCHERA', 'FRUTA', 'GR', '', '1000.00', '0.00', '0.00', '0.00', '15.00', '15.00', '0.00', '0.00', '', 0, NULL, NULL, NULL),
('0215', 'JITOMATE CHERRY ROJO', 'FRUTA', 'GR', '', '1000.00', '0.18', '2.00', '0.00', '125.00', '125.00', '0.00', '0.00', '', 0, NULL, NULL, NULL),
('0216', 'PIï¿½A', 'FRUTA', 'GR', '', '1000.00', '10.72', '2.00', '0.00', '11.00', '11.00', '0.00', '0.00', '', 0, NULL, NULL, NULL),
('0217', 'PILONCILLO', 'FRUTA', 'GR', '', '1000.00', '0.00', '2.00', '0.00', '31.63', '31.63', '0.00', '0.00', '', 0, NULL, NULL, NULL),
('0218', 'CHILE SERRANO VERDE', 'FRUTA', 'GR', '', '1000.00', '0.75', '0.50', '0.00', '55.00', '55.00', '0.00', '0.00', '', 0, NULL, NULL, NULL),
('0219', 'FLORES COMESTIBLES', 'FRUTA', 'GR', '', '1000.00', '0.00', '1.00', '0.00', '130.00', '130.00', '0.00', '0.00', '', 0, NULL, NULL, NULL),
('0220', 'QUESO RICOTTA', 'LACTE', 'GR', '', '1000.00', '-0.21', '2.00', '0.00', '132.30', '132.30', '0.00', '0.00', '', 0, NULL, NULL, NULL),
('0221', 'QUESO DE CABRA', 'LACTE', 'GR', '', '1000.00', '-0.33', '2.00', '0.00', '242.50', '242.50', '0.00', '0.00', '', 0, NULL, NULL, NULL),
('0222', 'QUESO CREMA', 'LACTE', 'GR', '', '1000.00', '0.00', '1.00', '0.00', '130.39', '130.39', '0.00', '0.00', '', 0, NULL, NULL, NULL),
('0223', 'MANTEQUILLA', 'LACTE', 'GR', '', '1000.00', '2.91', '4.00', '0.00', '152.00', '152.00', '0.00', '0.00', '', 0, NULL, NULL, NULL),
('0224', 'JOCOQUE', 'LACTE', 'GR', '', '500.00', '0.00', '2.00', '0.00', '139.50', '139.50', '0.00', '0.00', '', 0, NULL, NULL, NULL),
('0225', 'QUESO COTIJA', 'LACTE', 'GR', '', '1000.00', '0.19', '1.00', '0.00', '110.00', '110.00', '0.00', '0.00', '', 0, NULL, NULL, NULL),
('0226', 'QUESO GOUDA', 'LACTE', 'GR', '', '3000.00', '-0.46', '3.00', '0.00', '405.00', '405.00', '0.00', '0.00', '', 0, NULL, NULL, NULL),
('0227', 'QUESO MANCHEGO', 'LACTE', 'GR', '', '1000.00', '0.00', '0.00', '0.00', '126.75', '126.75', '0.00', '0.00', '', 0, NULL, NULL, NULL),
('0228', 'QUESO PARMESANO', 'LACTE', 'GR', '', '1000.00', '-0.14', '1.00', '0.00', '210.00', '210.00', '0.00', '0.00', '', 0, NULL, NULL, NULL),
('0229', 'QUESO PROVOLONE', 'LACTE', 'GR', '', '1000.00', '-1.59', '3.00', '0.00', '162.50', '162.50', '0.00', '0.00', '', 0, NULL, NULL, NULL),
('0230', 'YOGURTH NATURAL', 'LACTE', 'GR', '', '1000.00', '6.00', '2.00', '0.00', '28.30', '28.30', '0.00', '0.00', '', 0, NULL, NULL, NULL),
('0231', 'QUESO AMARILLO', 'LACTE', 'GR', '', '1000.00', '-7.55', '4.00', '0.00', '146.80', '146.80', '0.00', '0.00', '', 0, NULL, NULL, NULL),
('0232', 'QUESO OAXACA', 'LACTE', 'GR', '', '1000.00', '1.00', '3.00', '0.00', '85.00', '85.00', '0.00', '0.00', '', 0, NULL, NULL, NULL),
('0233', 'CREMA NATURAL', 'LACTE', 'GR', '', '4000.00', '7.81', '15.00', '0.00', '140.00', '140.00', '0.00', '0.00', '', 0, NULL, NULL, NULL),
('0234', 'CREMA PARA BATIR', 'LACTE', 'GR', '', '1000.00', '5.78', '6.00', '0.00', '61.00', '61.00', '0.00', '0.00', '', 0, NULL, NULL, NULL),
('0235', 'QUESO PANELA', 'LACTE', 'GR', '', '1000.00', '5.32', '15.00', '0.00', '106.25', '106.25', '0.00', '0.00', '', 0, NULL, NULL, NULL),
('0236', 'QUESO MASCARPONE', 'LACTE', 'GR', '', '1000.00', '0.00', '0.00', '0.00', '259.85', '259.85', '0.00', '0.00', '', 0, NULL, NULL, NULL),
('0237', 'TLAYUDAS', 'PANTO', 'PZ', '', '1000.00', '-5.00', '3.00', '0.00', '7.00', '7.00', '0.00', '0.00', '', 0, NULL, NULL, NULL),
('0238', 'PAN HAMBURGUESA GDE', 'PANTO', 'PZ', '', '1000.00', '0.00', '0.00', '0.00', '5.00', '5.00', '0.00', '0.00', '', 0, NULL, NULL, NULL),
('0239', 'TELERA PARA TORTA', 'PANTO', 'PZ', '', '1000.00', '-7.00', '0.00', '0.00', '1.20', '1.20', '0.00', '0.00', '', 0, NULL, NULL, NULL),
('0240', 'TORTILLA CHALUPERA', 'PANTO', 'PZ', '', '1000.00', '304.12', '0.00', '0.00', '12.00', '12.00', '0.00', '0.00', '', 0, NULL, NULL, NULL),
('0241', 'MASA AZUL', 'PANTO', 'PZ', '', '1000.00', '31.20', '0.00', '0.00', '17.00', '17.00', '0.00', '0.00', '', 0, NULL, NULL, NULL),
('0242', 'TORTILLA DE MAIZ', 'PANTO', 'PZ', '', '1000.00', '23.72', '50.00', '0.00', '13.00', '13.00', '0.00', '0.00', '', 0, NULL, NULL, NULL),
('0243', 'TORTILLA DE HARINA', 'ABARR', 'GR', '', '1000.00', '-10.86', '15.00', '0.00', '14.00', '14.00', '0.00', '15.00', 'autorizado', 0, NULL, NULL, NULL),
('0244', 'CAMARON AGUACHILE', 'PESCA', 'PZ', '', '1000.00', '16.68', '12.00', '0.00', '170.00', '170.00', '0.00', '0.00', '', 0, NULL, NULL, NULL),
('0245', 'CAMARON 31/35', 'PESCA', 'PZ', '', '1000.00', '-1.35', '12.00', '0.00', '288.00', '288.00', '0.00', '0.00', '', 0, NULL, NULL, NULL),
('0246', 'SALMON FRESCO', 'PESCA', 'PZ', '', '1000.00', '-1.20', '0.00', '0.00', '320.00', '320.00', '0.00', '0.00', '', 0, NULL, NULL, NULL),
('0247', 'FILETE TILAPIA', 'PESCA', 'PZ', '', '1000.00', '22.08', '25.00', '0.00', '37.62', '37.62', '0.00', '0.00', '', 0, NULL, NULL, NULL),
('0248', 'ATUN FRESCO', 'PESCA', 'PZ', '', '1000.00', '-1.14', '4.00', '0.00', '230.00', '230.00', '0.00', '0.00', '', 0, NULL, NULL, NULL),
('0249', 'ATUN STAKE', 'PESCA', 'PZ', '', '1000.00', '-0.40', '0.00', '0.00', '229.69', '229.69', '0.00', '0.00', '', 0, NULL, NULL, NULL),
('0250', 'PULPO', 'PESCA', 'PZ', '', '1000.00', '0.00', '4.00', '0.00', '230.00', '230.00', '0.00', '0.00', '', 0, NULL, NULL, NULL),
('0251', 'CAMARON PACOTILLA', 'PESCA', 'GR', '', '1000.00', '14.87', '0.00', '0.00', '180.00', '180.00', '0.00', '0.00', '', 0, NULL, NULL, NULL),
('0252', 'MAIZ POZOLERO', 'ABARR', 'GR', '', '1000.00', '3.00', '0.00', '0.00', '18.00', '18.00', '0.00', '0.00', '', 0, NULL, NULL, NULL),
('0253', 'ACHIOTE', 'ABARR', 'GR', '', '1000.00', '1.00', '0.00', '0.00', '54.00', '54.00', '0.00', '0.00', '', 0, NULL, NULL, NULL),
('0254', 'CALABAZA ITALIANA', 'VERDU', 'GR', '', '1000.00', '11.00', '0.00', '0.00', '16.00', '16.00', '0.00', '0.00', '', 0, NULL, NULL, NULL),
('0255', 'BROCOLI', 'VERDU', 'GR', '', '1000.00', '10.90', '0.00', '0.00', '12.00', '12.00', '0.00', '0.00', '', 0, NULL, NULL, NULL),
('0256', 'CHAYOTE', 'VERDU', 'GR', '', '1000.00', '2.00', '0.00', '0.00', '9.00', '9.00', '0.00', '0.00', '', 0, NULL, NULL, NULL),
('0257', 'LECHUGA ITALIANA', 'VERDU', 'GR', '', '1000.00', '4.00', '0.00', '0.00', '9.00', '9.00', '0.00', '0.00', '', 0, NULL, NULL, NULL),
('0258', 'ELOTE GRANO GRANEL', 'VERDU', 'GR', '', '1000.00', '4.00', '0.00', '0.00', '35.00', '35.00', '0.00', '0.00', '', 0, NULL, NULL, NULL),
('0259', 'COLIFLOR', 'VERDU', 'GR', '', '1000.00', '1.00', '0.00', '0.00', '18.00', '18.00', '0.00', '0.00', '', 0, NULL, NULL, NULL),
('0260', 'VERDOLAGA', 'VERDU', 'GR', '', '1000.00', '1.00', '0.00', '0.00', '18.00', '18.00', '0.00', '0.00', '', 0, NULL, NULL, NULL),
('0261', 'GALLETA SALADA', 'ABARR', 'PZ', '', '200.00', '0.00', '0.00', '0.00', '1.00', '0.00', '0.00', '0.00', '', 0, NULL, NULL, NULL),
('0262', 'SURIMI', 'PESCA', 'GR', '', '1000.00', '0.00', '0.00', '0.00', '1.00', '0.00', '0.00', '0.00', '', 0, NULL, NULL, NULL),
('0263', 'FALADA DE RES', 'CARNE', 'GR', '', '1000.00', '0.00', '0.00', '0.00', '1.00', '0.00', '0.00', '0.00', '', 0, NULL, NULL, NULL),
('0265', 'CHOCOLATE LIQUIDO', 'ABARR', 'ML', '', '454.00', '1.00', '0.00', '0.00', '41.00', '41.00', '0.00', '0.00', '', 0, NULL, NULL, NULL),
('0267', 'BOLS TRANS.1 kg', 'SURES', 'PZ', '', '1.00', '0.00', '0.00', '0.00', '1.00', '0.00', '0.00', '0.00', '', 0, NULL, NULL, NULL),
('0268', 'BOLSA TRANS.5 kg', 'SURES', 'PZ', '', '1.00', '0.00', '0.00', '0.00', '1.00', '0.00', '0.00', '0.00', '', 0, NULL, NULL, NULL),
('0269', 'MIGUELITO POLVO', 'ABBAR', 'GR', '', '1000.00', '3.00', '0.00', '0.00', '46.26', '46.26', '0.00', '0.00', '', 0, NULL, NULL, NULL),
('0270', 'PAN MOLIDO', 'PANTO', 'GR', '', '1000.00', '2.00', '0.00', '0.00', '18.00', '18.00', '0.00', '0.00', '', 0, NULL, NULL, NULL),
('0271', 'SALSA BOTANERA', 'ABARR', 'ML', '', '3800.00', '1.00', '0.00', '0.00', '43.65', '43.65', '0.00', '0.00', '', 0, NULL, NULL, NULL),
('0276', 'CARBON', 'SURES', 'GR', '', '1000.00', '55.00', '0.00', '0.00', '14.00', '14.00', '0.00', '0.00', '', 0, NULL, NULL, NULL),
('0277', 'BLUEBERRY', 'FRUTA', 'GR', '', '1000.00', '0.40', '0.00', '0.00', '250.00', '250.00', '0.00', '0.00', '', 0, NULL, NULL, NULL),
('0278', 'RABO DE RES', 'CARNE', 'GR', '', '1000.00', '0.00', '0.00', '0.00', '1.00', '0.00', '0.00', '0.00', '', 0, NULL, NULL, NULL),
('0279', 'COSTILLA CERDO', 'CARNE', 'GR', '', '1000.00', '6.00', '0.00', '0.00', '88.00', '88.00', '0.00', '0.00', '', 0, NULL, NULL, NULL),
('0280', 'GELATINA SOBRE', 'ABARR', 'PZ', '', '120.00', '5.00', '0.00', '0.00', '8.50', '8.50', '0.00', '0.00', '', 0, NULL, NULL, NULL),
('0281', 'TBONE', 'CARNE', 'GR', '', '1000.00', '0.00', '0.00', '0.00', '1.00', '0.00', '0.00', '0.00', '', 0, NULL, NULL, NULL),
('0283', 'CONSENTRADO CAMARON', 'ABARR', 'GR', '', '1600.00', '0.00', '1.00', '0.00', '1.00', '0.00', '0.00', '1.00', 'autorizado', 0, NULL, NULL, NULL),
('0284', 'PANKO', 'ABARR', 'GR', '', '1000.00', '0.00', '2.00', '0.00', '1.00', '0.00', '0.00', '2.00', 'autorizado', 0, NULL, NULL, NULL),
('0285', 'ALGA MARINA', 'ABARR', 'PZ', '', '100.00', '0.00', '2.00', '0.00', '1.00', '0.00', '0.00', '2.00', 'autorizado', 0, NULL, NULL, NULL),
('0286', 'LASAGNA PASTA', 'ABARR', 'GR', '', '500.00', '0.00', '4.00', '0.00', '1.00', '0.00', '0.00', '4.00', 'autorizado', 0, NULL, NULL, NULL),
('0287', 'SALSA VALENTINA', 'ABARR', 'ML', '', '1000.00', '0.00', '4.00', '0.00', '1.00', '0.00', '0.00', '4.00', 'autorizado', 0, NULL, NULL, NULL),
('0288', 'SALSA BOTANERA', 'ABARR', 'ML', '', '3000.00', '0.00', '2.00', '0.00', '1.00', '0.00', '0.00', '2.00', 'autorizado', 0, NULL, NULL, NULL),
('0290', 'CHAMOY', 'ABARR', 'ML', '', '1.00', '0.00', '3.00', '0.00', '1.00', '0.00', '0.00', '3.00', 'autorizado', 0, NULL, NULL, NULL),
('0291', 'MIGUELITO CHILE', 'ABARR', 'GR', '', '950.00', '0.00', '4.00', '0.00', '1.00', '0.00', '0.00', '4.00', 'autorizado', 0, NULL, NULL, NULL),
('0292', 'AZUCAR MOSCABADA', 'ABARR', 'GR', '', '1000.00', '0.00', '2.00', '0.00', '1.00', '0.00', '0.00', '2.00', 'autorizado', 0, NULL, NULL, NULL),
('0293', 'NESCAFE CLASICO', 'ABARR', 'GR', '', '350.00', '0.00', '1.00', '0.00', '1.00', '0.00', '0.00', '1.00', 'autorizado', 0, NULL, NULL, NULL),
('0295', 'CODO PASTA', 'ABARR', 'GR', '', '200.00', '0.00', '15.00', '0.00', '1.00', '0.00', '0.00', '15.00', 'autorizado', 0, NULL, NULL, NULL),
('0296', 'QUESO ROQUEFORD', 'LACTE', 'GR', '', '1000.00', '0.50', '1.00', '0.00', '198.00', '198.00', '0.00', '0.00', '', 0, NULL, NULL, NULL),
('0297', 'YOGURTH FRESA', 'LACTE', 'GR', '', '1000.00', '0.00', '1.00', '0.00', '1.00', '0.00', '0.00', '0.00', '', 0, NULL, NULL, NULL),
('ABEL', 'ABSOLUT ELYX', 'VODKA', 'ML', '', '750.00', '0.00', '0.00', '0.00', '410.26', '410.26', '16.00', '0.00', '', 0, NULL, NULL, NULL),
('ABGM', 'GREY GOOSE 1.750', 'VODKA', 'ML', '', '1750.00', '0.00', '0.00', '0.00', '846.84', '846.84', '0.00', '0.00', '', 0, NULL, NULL, NULL),
('AGCO', 'AGUA CORRIENTE', 'BEBID', 'ML', '', '19000.00', '0.00', '0.00', '0.00', '30.59', '30.59', '0.00', '0.00', '', 0, NULL, NULL, NULL),
('AGMI', 'AGUA MINERAL', 'BEBID', 'ML', '', '1.00', '312.00', '792.00', '0.00', '7.11', '7.11', '16.00', '480.00', 'autorizado', 0, NULL, NULL, NULL),
('AGMM', 'AGUA MINERAL MINI', 'BEBID', 'ML', '', '1.00', '-850.00', '720.00', '0.00', '5.53', '5.53', '16.00', '720.00', 'autorizado', 0, NULL, NULL, NULL),
('AGNA', 'AGUA NATURAL', 'BEBID', 'ML', '', '1.00', '17.00', '144.00', '0.00', '4.21', '4.21', '0.00', '127.00', 'autorizado', 0, NULL, NULL, NULL),
('AGPE', 'PERRIER AGUA', 'BEBID', 'PZ', '', '1.00', '-21.00', '36.00', '0.00', '24.75', '297.42', '0.00', '36.00', 'autorizado', 0, NULL, NULL, NULL),
('AQSW', 'SWHEPPS', 'BEBID', 'ML', '', '1.00', '0.00', '24.00', '0.00', '60.35', '60.35', '0.00', '24.00', 'autorizado', 0, NULL, NULL, NULL),
('BOOS', 'BOOST', 'BEBID', 'ML', '', '1.00', '0.00', '0.00', '0.00', '13.26', '13.26', '0.00', '0.00', '', 0, NULL, NULL, NULL),
('BRAM', 'ALMA DE MAGNO', 'BRAND', 'ML', '', '700.00', '0.34', '2.00', '0.00', '232.74', '232.74', '16.00', '1.66', 'autorizado', 0, NULL, NULL, NULL),
('BRAZ', 'AZTECA DE ORO', 'BRAND', 'ML', '', '700.00', '0.00', '2.00', '0.00', '108.62', '108.62', '16.00', '2.00', 'autorizado', 0, NULL, NULL, NULL),
('BRCI', 'CARLOS I', 'BRAND', 'ML', '', '750.00', '-0.24', '2.00', '0.00', '482.76', '482.76', '16.00', '2.00', 'autorizado', 0, NULL, NULL, NULL),
('BRCM', 'CARDENAL DE MENDOZA', 'BRAND', 'ML', '', '750.00', '0.00', '0.00', '0.00', '761.77', '761.77', '16.00', '0.00', '', 0, NULL, NULL, NULL),
('BRDA', 'DUQUE DE ALBA', 'BRAND', 'ML', '', '700.00', '-0.26', '0.00', '0.00', '582.80', '582.80', '16.00', '0.00', 'autorizado', 0, NULL, NULL, NULL),
('BRFU', 'FUNDADOR', 'BRAND', 'ML', '', '700.00', '-0.26', '0.00', '0.00', '150.00', '150.00', '16.00', '0.00', 'autorizado', 0, NULL, NULL, NULL),
('BRMA', 'MAGNO', 'BRAND', 'ML', '', '700.00', '0.51', '8.00', '0.00', '146.54', '146.54', '16.00', '7.49', 'autorizado', 0, NULL, NULL, NULL),
('BRT1', 'TORRES 15', 'BRAND', 'ML', '', '700.00', '-2.52', '4.00', '0.00', '366.38', '366.38', '16.00', '4.00', 'autorizado', 0, NULL, NULL, NULL),
('BRT5', 'TORRES 5 Aï¿½OS', 'BRAND', 'ML', '', '750.00', '3.00', '8.00', '0.00', '129.31', '129.31', '16.00', '5.00', 'autorizado', 0, NULL, NULL, NULL),
('BRTD', 'TORRES 10', 'BRAND', 'ML', '', '750.00', '0.03', '12.00', '0.00', '188.78', '188.78', '16.00', '11.97', 'autorizado', 0, NULL, NULL, NULL),
('BRTE', 'TERRY CENTENARIO 750 ML.', 'BRAND', 'ML', '', '750.00', '-0.24', '0.00', '0.00', '206.03', '206.03', '16.00', '0.00', 'autorizado', 0, NULL, NULL, NULL),
('BRTV', 'TORRES 20 Aï¿½OS', 'BRAND', 'ML', '', '700.00', '-2.14', '2.00', '0.00', '642.24', '642.24', '16.00', '2.00', 'autorizado', 0, NULL, NULL, NULL),
('CAU2', 'CAMARON U15', 'PESCA', 'GR', '', '1000.00', '0.00', '0.00', '0.00', '1.00', '0.00', '0.00', '0.00', '', 0, NULL, NULL, NULL),
('CC01', 'ESPRESO DECAF', 'CAFEE', 'ML', '', '16.00', '0.00', '1.00', '0.00', '498.75', '498.75', '16.00', '1.00', 'autorizado', 0, NULL, NULL, NULL),
('CC02', 'CAPSULA LUNGO DECAF', 'CAFEE', 'PZ', '', '50.00', '2.00', '1.00', '0.00', '545.00', '545.00', '0.00', '0.00', '', 0, NULL, NULL, NULL),
('CC03', 'LUNGO FORTE EXPRESSO', 'CAFEE', 'ML', '', '16.00', '0.00', '1.00', '0.00', '326.72', '326.72', '16.00', '1.00', 'autorizado', 0, NULL, NULL, NULL),
('CC04', 'CAPSULA LUNGO FORTE', 'CAFEE', 'PZ', '', '50.00', '-0.64', '1.00', '0.00', '390.00', '634.48', '16.00', '1.00', 'autorizado', 0, NULL, NULL, NULL),
('CC05', 'CAPSULA LUNGO SABORES', 'CAFEE', 'PZ', '', '16.00', '0.00', '1.00', '0.00', '390.00', '404.31', '16.00', '1.00', 'autorizado', 0, NULL, NULL, NULL),
('CC06', 'LUNGO FORTE VAINILLA', 'CAFEE', 'ML', '', '16.00', '0.00', '1.00', '0.00', '950.00', '950.00', '16.00', '1.00', 'autorizado', 0, NULL, NULL, NULL),
('CEA9', 'ODULS S/ALCOHOL', 'CERVE', 'PZ', '', '355.00', '0.00', '10.00', '0.00', '8.90', '8.90', '0.00', '10.00', 'autorizado', 0, NULL, NULL, NULL),
('CEBA', 'BARRIL DE CERVEZA', 'CERVE', 'PZ', '', '12000.00', '-1.34', '0.00', '0.00', '853.00', '853.00', '16.00', '0.00', 'autorizado', 0, NULL, NULL, NULL),
('CEBN', 'BOCANEGRA', 'CERVE', 'PZ', '', '1.00', '-8165.00', '0.00', '0.00', '18.28', '18.28', '16.00', '0.00', 'autorizado', 0, NULL, NULL, NULL),
('CEBO', 'BOHEMIA CLARA', 'CERVE', 'PZ', '', '1.00', '0.00', '0.00', '0.00', '9.99', '9.99', '0.00', '0.00', '', 0, NULL, NULL, NULL),
('CEBS', 'BOHEMIA OSCURA', 'CERVE', 'PZ', '', '1.00', '0.00', '0.00', '0.00', '9.98', '9.98', '0.00', '0.00', '', 0, NULL, NULL, NULL),
('CEBU', 'BUDWISER', 'CERVE', 'PZ', '', '1.00', '0.00', '0.00', '0.00', '11.75', '11.75', '16.00', '0.00', '', 0, NULL, NULL, NULL),
('CECL', 'CORONA LIGHT', 'CERVE', 'PZ', '', '1.00', '-1.00', '180.00', '0.00', '7.58', '7.58', '16.00', '180.00', 'autorizado', 0, NULL, NULL, NULL),
('CECO', 'TECATE', 'CERVE', 'PZ', '', '1.00', '0.00', '0.00', '0.00', '7.24', '7.24', '0.00', '0.00', '', 0, NULL, NULL, NULL),
('CECR', 'CORONA', 'CERVE', 'PZ', '', '1.00', '-12.00', '240.00', '0.00', '8.69', '8.69', '16.00', '240.00', 'autorizado', 0, NULL, NULL, NULL),
('CEGH', 'GOUSE ISL.HONKER', 'CERVE', 'PZ', '', '1.00', '-25205.00', '0.00', '0.00', '1.00', '1.00', '16.00', '0.00', 'autorizado', 0, NULL, NULL, NULL),
('CEGS', 'GOUSE ISLAND SOFIE', 'CERVE', 'PZ', '', '1.00', '-4260.00', '0.00', '0.00', '1.00', '1.00', '16.00', '0.00', 'autorizado', 0, NULL, NULL, NULL),
('CEHE', 'HEINEKEN', 'CERVE', 'PZ', '', '1.00', '0.00', '0.00', '0.00', '13.00', '13.00', '0.00', '0.00', '', 0, NULL, NULL, NULL),
('CEHO', 'HOOGARDEN', 'CERVE', 'PZ', '', '1.00', '-30175.00', '0.00', '0.00', '29.00', '29.00', '0.00', '0.00', 'autorizado', 0, NULL, NULL, NULL),
('CELE', 'LEON NEGRA CERVEZA', 'CERVE', 'PZ', '', '1.00', '-3.00', '180.00', '0.00', '8.69', '8.69', '16.00', '180.00', 'autorizado', 0, NULL, NULL, NULL),
('CEML', 'MODELO LIGHT', 'CERVE', 'PZ', '', '1.00', '0.00', '0.00', '0.00', '4.67', '4.67', '0.00', '0.00', '', 0, NULL, NULL, NULL),
('CEMS', 'MODELO ESP.', 'CERVE', 'PZ', '', '1.00', '-15.00', '300.00', '0.00', '9.45', '9.45', '16.00', '300.00', 'autorizado', 0, NULL, NULL, NULL),
('CENM', 'NEGRA MODELO', 'CERVE', 'PZ', '', '1.00', '-24.00', '300.00', '0.00', '9.45', '9.45', '16.00', '300.00', 'autorizado', 0, NULL, NULL, NULL),
('CEOL', 'ODULS', 'CERVE', 'PZ', '', '1.00', '0.00', '36.00', '0.00', '9.89', '9.89', '16.00', '36.00', 'autorizado', 0, NULL, NULL, NULL),
('CEPA', 'PACIFICO', 'CERVE', 'PZ', '', '1.00', '-4.00', '180.00', '0.00', '8.24', '8.24', '16.00', '180.00', 'autorizado', 0, NULL, NULL, NULL),
('CEQU', 'QUILMES', 'CERVE', 'PZ', '', '1.00', '-2485.00', '0.00', '0.00', '25.00', '25.00', '0.00', '0.00', 'autorizado', 0, NULL, NULL, NULL),
('CESA', 'SAGA', 'CERVE', 'PZ', '', '1.00', '-10295.00', '0.00', '0.00', '1.00', '1.00', '16.00', '0.00', 'autorizado', 0, NULL, NULL, NULL),
('CESE', 'STELLA', 'CERVE', 'PZ', '', '1.00', '-28.00', '60.00', '0.00', '16.38', '16.38', '16.00', '60.00', 'autorizado', 0, NULL, NULL, NULL),
('CESL', 'SOL LIGTH', 'CERVE', 'PZ', '', '1.00', '0.00', '0.00', '0.00', '5.00', '5.00', '0.00', '0.00', '', 0, NULL, NULL, NULL),
('CESO', 'SOL CERVEZA', 'CERVE', 'PZ', '', '1.00', '0.00', '0.00', '0.00', '7.25', '7.25', '0.00', '0.00', '', 0, NULL, NULL, NULL),
('CEST', 'STRONGBOW GOLD', 'CERVE', 'PZ', '', '1.00', '0.00', '0.00', '0.00', '1.00', '1.00', '0.00', '0.00', '', 0, NULL, NULL, NULL),
('CEVI', 'VICTORIA', 'CERVE', 'PZ', '', '1.00', '-6.00', '300.00', '0.00', '8.69', '8.69', '16.00', '300.00', 'autorizado', 0, NULL, NULL, NULL),
('CEXY', 'XY REGEL', 'CERVE', 'PZ', '', '1.00', '0.00', '0.00', '0.00', '1.00', '1.00', '0.00', '0.00', '', 0, NULL, NULL, NULL),
('CG01', 'CIGARRO BLANCO', 'CIGAR', 'pz', '', '1.00', '20.00', '24.00', '0.00', '51.53', '51.53', '0.00', '0.00', '', 0, NULL, NULL, NULL),
('CG02', 'CIGARRO ROJO', 'CIGAR', 'pz', '', '1.00', '50.00', '24.00', '0.00', '51.78', '51.78', '0.00', '0.00', '', 0, NULL, NULL, NULL),
('CGCV', 'COURVOISIER VSOP', 'COGNA', 'ML', '', '700.00', '0.00', '0.00', '0.00', '286.96', '286.96', '0.00', '0.00', '', 0, NULL, NULL, NULL),
('CGCX', 'COURVOISIER X.O.', 'COGNA', 'ML', '', '700.00', '0.00', '0.00', '0.00', '1182.00', '1182.00', '0.00', '0.00', '', 0, NULL, NULL, NULL),
('CGHV', 'HENNESY VS', 'COGNA', 'ML', '', '700.00', '0.00', '2.00', '0.00', '905.78', '905.78', '16.00', '0.00', '', 0, NULL, NULL, NULL),
('CGMM', 'MARTEL V.S.O.P', 'COGNA', 'ML', '', '700.00', '0.00', '4.00', '0.00', '564.66', '564.66', '16.00', '0.00', '', 0, NULL, NULL, NULL),
('CGMS', 'MARTEL V.S.', 'COGNA', 'ML', '', '700.00', '0.00', '2.00', '0.00', '303.48', '303.48', '0.00', '0.00', '', 0, NULL, NULL, NULL),
('CGVS', 'REMY MARTIN VS', 'COGNA', 'ML', '', '700.00', '0.00', '0.00', '0.00', '300.00', '300.00', '0.00', '0.00', '', 0, NULL, NULL, NULL),
('CGXO', 'HENNESY VSOP', 'COGNA', 'ML', '', '700.00', '0.00', '2.00', '0.00', '2771.97', '2771.97', '16.00', '0.00', '', 0, NULL, NULL, NULL),
('CHBB', 'MOET BABY BRUT', 'CHAMP', 'ML', '', '200.00', '0.00', '0.00', '0.00', '251.42', '251.42', '0.00', '0.00', '', 0, NULL, NULL, NULL),
('CHBN', 'MOET BABY NECTAR', 'CHAMP', 'ML', '', '355.00', '0.00', '0.00', '0.00', '300.00', '300.00', '0.00', '0.00', '', 0, NULL, NULL, NULL);
INSERT INTO `productos` (`codingre`, `descrip`, `familia`, `unidad`, `empaque`, `equivale`, `inventa1`, `stockmax`, `stockmin`, `ultcosto`, `costoprome`, `impuesto`, `pedido`, `status`, `redondeo`, `inventaFisico`, `inventaFisico1`, `diferencia`) VALUES
('CHBO', 'BOTTEGGA GOLD', 'CHAMP', 'ML', '', '750.00', '0.00', '2.00', '0.00', '535.72', '535.72', '0.00', '0.00', '', 0, NULL, NULL, NULL),
('CHBR', 'MOET BABY ROSE', 'CHAMP', 'ML', '', '355.00', '0.00', '0.00', '0.00', '300.00', '300.00', '0.00', '0.00', '', 0, NULL, NULL, NULL),
('CHDL', 'DOM PERIGNON LUMINUS', 'CHAMP', 'ML', '', '750.00', '0.00', '0.00', '0.00', '1.00', '1.00', '0.00', '0.00', '', 0, NULL, NULL, NULL),
('CHDM', 'DOM PERIGNON', 'CHAMP', 'ML', '', '750.00', '0.00', '0.00', '0.00', '3089.14', '3089.14', '16.00', '0.00', '', 0, NULL, NULL, NULL),
('CHDR', 'DOM PERIGNON ROSE', 'CHAMP', 'ML', '', '750.00', '0.00', '0.00', '0.00', '700.00', '700.00', '0.00', '0.00', '', 0, NULL, NULL, NULL),
('CHJB', 'JOUDE BLASON ROSE', 'CHAMP', 'ML', '', '750.00', '0.00', '0.00', '0.00', '1.00', '1.00', '0.00', '0.00', '', 0, NULL, NULL, NULL),
('CHM1', 'MOET BRUT 1.5 LTS', 'CHAMP', 'ML', '', '1500.00', '0.00', '0.00', '0.00', '1383.34', '1383.34', '0.00', '0.00', '', 0, NULL, NULL, NULL),
('CHM3', 'MOET CHANDON 3 LTS', 'CHAMP', 'ML', '', '3000.00', '0.00', '0.00', '0.00', '1.00', '1.00', '0.00', '0.00', '', 0, NULL, NULL, NULL),
('CHM6', 'MOET CHANDON 6 LTS', 'CHAMP', 'ML', '', '6000.00', '0.00', '0.00', '0.00', '1.00', '1.00', '0.00', '0.00', '', 0, NULL, NULL, NULL),
('CHMC', 'MOET BRUT', 'CHAMP', 'ML', '', '750.00', '0.00', '3.00', '0.00', '830.43', '830.43', '16.00', '0.00', '', 0, NULL, NULL, NULL),
('CHMI', 'MOET CHANDON ICE', 'CHAMP', 'ML', '', '750.00', '0.00', '2.00', '0.00', '1006.50', '1006.50', '16.00', '0.00', '', 0, NULL, NULL, NULL),
('CHMR', 'MOET ROSE', 'CHAMP', 'ML', '', '750.00', '0.00', '2.00', '0.00', '1003.23', '1003.23', '16.00', '0.00', '', 0, NULL, NULL, NULL),
('CHNE', 'MOET NECTAR', 'CHAMP', 'ML', '', '750.00', '0.00', '2.00', '0.00', '883.66', '883.66', '16.00', '0.00', '', 0, NULL, NULL, NULL),
('CHNR', 'MOET NECTAR ROSE', 'CHAMP', 'ML', '', '750.00', '0.00', '2.00', '0.00', '897.41', '897.41', '16.00', '0.00', '', 0, NULL, NULL, NULL),
('CHPB', 'PERRIER G.BRUT 750', 'CHAMP', 'ML', '', '750.00', '0.00', '0.00', '0.00', '566.86', '566.86', '0.00', '0.00', '', 0, NULL, NULL, NULL),
('CHPJ', 'PERRIER JOUDE 200 ML', 'CHAMP', 'ML', '', '200.00', '0.00', '0.00', '0.00', '171.98', '171.98', '0.00', '0.00', '', 0, NULL, NULL, NULL),
('CHVC', 'VEUVE CLICQUOT', 'CHAMP', 'ML', '', '750.00', '0.00', '0.00', '0.00', '700.00', '700.00', '0.00', '0.00', '', 0, NULL, NULL, NULL),
('CHVP', 'VEUVE CLIQUOT PONSARDINI', 'CHAMP', 'ML', '', '750.00', '0.00', '0.00', '0.00', '1.00', '1.00', '0.00', '0.00', '', 0, NULL, NULL, NULL),
('CI00', 'MARLBORO ROJOS', 'CIGAR', 'PZ', '', '1.00', '0.00', '0.00', '0.00', '1.00', '0.00', '16.00', '0.00', '', 0, NULL, NULL, NULL),
('CI01', 'MARLBORO BLANCO', 'CIGAR', 'PZ', '', '1.00', '0.00', '0.00', '0.00', '1.00', '0.00', '16.00', '0.00', '', 0, NULL, NULL, NULL),
('CIMR', 'CIGARRO', 'CIGAR', 'PZ', '', '1.00', '-32.00', '10.00', '0.00', '18.76', '18.76', '0.00', '0.00', '', 0, NULL, NULL, NULL),
('CIRO', 'CINZANO ROJO', 'VINOS', 'ML', '', '750.00', '0.00', '10.00', '0.00', '123.23', '123.23', '16.00', '10.00', 'autorizado', 0, NULL, NULL, NULL),
('CLAM', 'CLAMATO 1.89 LT', 'ABBAR', 'ML', '', '1890.00', '7.56', '24.00', '0.00', '23.93', '23.93', '0.00', '0.00', '', 0, NULL, NULL, NULL),
('COFI', 'COSTO FIJO BUFFETE', 'ABARR', 'PZ', '', '1.00', '-2.50', '0.00', '0.00', '90.00', '0.00', '0.00', '0.00', 'autorizado', 0, NULL, NULL, NULL),
('COHV', 'HENNESY VS', 'COGNA', 'ML', '', '750.00', '0.00', '2.00', '0.00', '550.95', '550.95', '16.00', '0.00', '', 0, NULL, NULL, NULL),
('COMV', 'MARTELL V.S.', 'COGNA', 'ML', '', '750.00', '0.00', '2.00', '0.00', '100.00', '100.00', '0.00', '0.00', '', 0, NULL, NULL, NULL),
('CT3V', 'CAS MADERO 3V', 'VINOS', 'ML', '', '750.00', '-0.34', '0.00', '0.00', '225.00', '0.00', '0.00', '0.00', 'autorizado', 0, NULL, NULL, NULL),
('GIB2', 'BEEFFATER 24', 'GINEB', 'ML', '', '750.00', '0.00', '0.00', '0.00', '473.28', '473.28', '16.00', '0.00', '', 0, NULL, NULL, NULL),
('GIBE', 'BEEFEATER GIN. 750 ML.', 'GINEB', 'ML', '', '750.00', '0.00', '0.00', '0.00', '300.86', '300.86', '16.00', '0.00', '', 0, NULL, NULL, NULL),
('GIBM', 'BOODLES MULBERRY', 'GINEB', 'ML', '', '750.00', '0.00', '1.00', '0.00', '1.00', '1.00', '0.00', '1.00', 'autorizado', 0, NULL, NULL, NULL),
('GIBO', 'BOMBAY SAPPHIRE', 'GINEB', 'ML', '', '750.00', '0.98', '3.00', '0.00', '318.97', '318.97', '16.00', '2.02', 'autorizado', 0, NULL, NULL, NULL),
('GIBP', 'BEEFETER PINK', 'GINEB', 'ML', '', '750.00', '0.00', '1.00', '0.00', '1.00', '0.00', '16.00', '1.00', 'autorizado', 0, NULL, NULL, NULL),
('GIBT', 'BOTANICA PREMIUM', 'GINEB', 'ML', '', '700.00', '0.00', '0.00', '0.00', '567.24', '567.24', '16.00', '0.00', '', 0, NULL, NULL, NULL),
('GIBU', 'BULLDOG', 'GINEB', 'ML', '', '750.00', '0.00', '2.00', '0.00', '387.07', '387.07', '16.00', '2.00', 'autorizado', 0, NULL, NULL, NULL),
('GICT', 'CITADELLE', 'GINEB', 'ML', '', '750.00', '0.00', '0.00', '0.00', '1.00', '1.00', '16.00', '0.00', '', 0, NULL, NULL, NULL),
('GIHE', 'HENDRICKS', 'GINEB', 'ML', '', '750.00', '-0.06', '4.00', '0.00', '493.97', '493.97', '16.00', '4.00', 'autorizado', 0, NULL, NULL, NULL),
('GIL1', 'LONDON # 1', 'GINEB', 'ML', '', '700.00', '-0.25', '3.00', '0.00', '542.24', '542.24', '16.00', '3.00', 'autorizado', 0, NULL, NULL, NULL),
('GILD', 'LONDON DRY BOODLES', 'GINEB', 'ML', '', '750.00', '0.00', '0.00', '0.00', '325.00', '325.00', '16.00', '0.00', '', 0, NULL, NULL, NULL),
('GILR', 'LARIOS ROSE', 'GINEB', 'ML', '', '700.00', '1.00', '0.00', '0.00', '249.29', '249.29', '16.00', '0.00', '', 0, NULL, NULL, NULL),
('GIM7', 'MONKEY 47', 'GINEB', 'ML', '', '500.00', '0.00', '3.00', '0.00', '1181.03', '1181.03', '16.00', '3.00', 'autorizado', 0, NULL, NULL, NULL),
('GIMA', 'MARE GIN', 'GINEB', 'ML', '', '700.00', '0.00', '0.00', '0.00', '516.38', '516.38', '16.00', '0.00', '', 0, NULL, NULL, NULL),
('GIMO', 'MOM GINEBRA', 'GINEB', 'ML', '', '700.00', '-0.07', '3.00', '0.00', '323.27', '323.27', '16.00', '3.00', 'autorizado', 0, NULL, NULL, NULL),
('GION', 'OSO NEGRO GIN', 'GINEB', 'ML', '', '1000.00', '0.00', '0.00', '0.00', '60.00', '60.00', '0.00', '0.00', '', 0, NULL, NULL, NULL),
('GIPA', 'PRINCIPE DE LOS APOSTOLES', 'GINEB', 'ML', '', '700.00', '-0.85', '0.00', '0.00', '1.00', '1.00', '16.00', '0.00', 'autorizado', 0, NULL, NULL, NULL),
('GITA', 'TANQUERAY LONDON', 'GINEB', 'ML', '', '750.00', '0.98', '4.00', '0.00', '249.15', '249.15', '16.00', '3.02', 'autorizado', 0, NULL, NULL, NULL),
('GITS', 'TANQUERAY SEVILLA', 'GINEB', 'ML', '', '750.00', '0.00', '1.00', '0.00', '550.86', '550.86', '16.00', '1.00', 'autorizado', 0, NULL, NULL, NULL),
('GITT', 'TANQUERAY TEN', 'GINEB', 'ML', '', '700.00', '0.00', '4.00', '0.00', '465.52', '465.52', '16.00', '4.00', 'autorizado', 0, NULL, NULL, NULL),
('HIEL', 'HIELO', 'HIELO', 'PZ', '', '1000.00', '1035.07', '10.00', '0.00', '3.60', '3.60', '0.00', '0.00', '', 0, NULL, NULL, NULL),
('INDI', 'INDIO CERVEZA', 'CERVE', 'PZ', '', '1.00', '0.00', '10.00', '0.00', '6.00', '7.24', '16.00', '10.00', 'autorizado', 0, NULL, NULL, NULL),
('JAGR', 'JARABE GRANADINA', 'LICOR', 'ML', '', '1000.00', '0.98', '3.00', '0.00', '52.75', '52.75', '16.00', '3.00', 'autorizado', 1, NULL, NULL, NULL),
('JANA', 'JARABE NATURAL', 'LICOR', 'ML', '', '1000.00', '4.39', '6.00', '0.00', '34.48', '34.48', '16.00', '1.61', 'autorizado', 0, NULL, NULL, NULL),
('JEDS', 'DRY SACK', 'JEREZ', 'ML', '', '750.00', '-0.24', '0.00', '0.00', '237.07', '237.07', '0.00', '0.00', 'autorizado', 0, NULL, NULL, NULL),
('JELI', 'LA INA 750 ML', 'JEREZ', 'ML', '', '750.00', '0.00', '0.00', '0.00', '194.18', '194.18', '0.00', '0.00', '', 0, NULL, NULL, NULL),
('JEOP', 'OPORTO FERREIRA', 'JEREZ', 'ML', '', '750.00', '0.00', '0.00', '0.00', '320.00', '320.00', '0.00', '0.00', '', 0, NULL, NULL, NULL),
('JEOT', 'OPORTO FERREIRA TAWNY', 'JEREZ', 'ML', '', '750.00', '0.00', '1.00', '0.00', '1.00', '1.00', '0.00', '1.00', 'autorizado', 0, NULL, NULL, NULL),
('JEPO', 'POCHOLA', 'JEREZ', 'ML', '', '750.00', '0.00', '1.00', '0.00', '83.40', '83.40', '0.00', '1.00', 'autorizado', 0, NULL, NULL, NULL),
('JETP', 'TIO PEPE', 'JEREZ', 'ML', '', '750.00', '-0.06', '2.00', '0.00', '229.31', '229.31', '16.00', '2.00', 'autorizado', 0, NULL, NULL, NULL),
('JUAR', 'JUGO ARANDANO', 'BEBID', 'ML', '', '1000.00', '0.00', '3.00', '0.00', '1.00', '1.00', '0.00', '3.00', 'autorizado', 0, NULL, NULL, NULL),
('JUDU', 'JUGO DURAZNO', 'BEBID', 'ML', '', '1000.00', '0.00', '1.00', '0.00', '1.00', '1.00', '0.00', '1.00', 'autorizado', 0, NULL, NULL, NULL),
('JULN', 'JUGO DE LIMON NATURAL', 'ABARR', 'GR', '', '1000.00', '24.00', '0.00', '0.00', '23.75', '23.75', '0.00', '0.00', '', 0, NULL, NULL, NULL),
('JUMA', 'JUGO MANGO', 'BEBID', 'ML', '', '1000.00', '0.00', '1.00', '0.00', '1.00', '1.00', '16.00', '1.00', 'autorizado', 0, NULL, NULL, NULL),
('JUMZ', 'JUGO MANZANA', 'BEBID', 'ML', '', '1000.00', '0.00', '1.00', '0.00', '473.28', '473.28', '16.00', '1.00', 'autorizado', 0, NULL, NULL, NULL),
('JUNA', 'JUGO NARANJA', 'BEBID', 'ML', '', '1000.00', '1.48', '2.00', '0.00', '17.00', '17.00', '0.00', '0.52', 'autorizado', 0, NULL, NULL, NULL),
('JUNL', 'JUGI NATURAL LIMON', 'BEBID', 'ML', '', '1000.00', '0.00', '1.00', '0.00', '541.00', '541.00', '16.00', '1.00', 'autorizado', 0, NULL, NULL, NULL),
('JUNN', 'JUGO NATURAL NARANJA', 'BEBID', 'ML', '', '1000.00', '12.00', '1.00', '0.00', '21.25', '21.25', '0.00', '0.00', '', 0, NULL, NULL, NULL),
('JUPI', 'JUGO PIï¿½A', 'BEBID', 'ML', '', '1000.00', '-1.00', '1.00', '0.00', '1.00', '1.00', '0.00', '1.00', 'autorizado', 0, NULL, NULL, NULL),
('JUTO', 'JUGO DE TOMATE', 'BEBID', 'ML', '', '1000.00', '4.00', '2.00', '0.00', '17.17', '17.17', '0.00', '0.00', '', 0, NULL, NULL, NULL),
('JUUV', 'JUGO UVA', 'BEBID', 'ML', '', '1000.00', '-1.00', '1.00', '0.00', '1.00', '1.00', '16.00', '1.00', 'autorizado', 0, NULL, NULL, NULL),
('JWPL', 'JW PLATINUM 18', 'WHISK', 'ML', '', '750.00', '0.00', '0.00', '0.00', '1812.93', '1812.93', '16.00', '0.00', '', 0, NULL, NULL, NULL),
('L001', 'TAPETE MIJITORIO', 'SULI', 'PZ', '', '1.00', '0.00', '0.00', '0.00', '1.00', '0.00', '16.00', '0.00', '', 0, NULL, NULL, NULL),
('L002', 'BOLSA NEGRA 90X1.20', 'SULI', 'KG', '', '1.00', '0.00', '0.00', '0.00', '1.00', '0.00', '16.00', '0.00', '', 0, NULL, NULL, NULL),
('L003', 'BOLS ANEGRA 60X90', 'SULI', 'KGP', '', '1.00', '0.00', '0.00', '0.00', '1.00', '0.00', '16.00', '0.00', '', 0, NULL, NULL, NULL),
('L004', 'ALCOHOL SOLIDO', 'SURES', 'PZ', '', '1.00', '24.00', '0.00', '0.00', '12.46', '12.46', '0.00', '0.00', '', 0, NULL, NULL, NULL),
('L005', 'PAPEL ALUMINO', 'SURES', 'PZ', '', '1.00', '1.00', '0.00', '0.00', '235.48', '235.48', '0.00', '0.00', '', 0, NULL, NULL, NULL),
('L006', 'VITAFILM', 'SURES', 'PZ', '', '1.00', '4.00', '0.00', '0.00', '144.42', '144.42', '0.00', '0.00', '', 0, NULL, NULL, NULL),
('L007', 'AGITADORES (100 PZ)', 'SURES', 'PZ', '', '100.00', '8.00', '0.00', '0.00', '38.00', '38.00', '0.00', '0.00', '', 0, NULL, NULL, NULL),
('L008', 'PINGUINOS MARINELA', 'SURES', 'PZ', '', '1.00', '17.00', '0.00', '0.00', '71.51', '71.51', '0.00', '0.00', '', 0, NULL, NULL, NULL),
('L009', 'DETERGENTE LIQUIDO', 'SULI', 'PZ', '', '1.00', '0.00', '0.00', '0.00', '1.00', '0.00', '0.00', '0.00', '', 0, NULL, NULL, NULL),
('L010', 'CLORO', 'SULI', 'ML', '', '1000.00', '24.00', '0.00', '0.00', '7.75', '7.75', '0.00', '0.00', '', 0, NULL, NULL, NULL),
('L011', 'DETERGENTE ROMA', 'SULI', 'GR', '', '1000.00', '0.00', '0.00', '0.00', '1.00', '0.00', '0.00', '0.00', '', 0, NULL, NULL, NULL),
('L012', 'FIBRA ACERO', 'SULI', 'PZ', '', '1.00', '0.00', '0.00', '0.00', '1.00', '0.00', '0.00', '0.00', '', 0, NULL, NULL, NULL),
('L013', 'PASTILLA BANO', 'SULI', 'PZ', '', '1.00', '0.00', '0.00', '0.00', '1.00', '0.00', '0.00', '0.00', '', 0, NULL, NULL, NULL),
('L014', 'MECHUDO', 'SULI', 'PZ', '', '1.00', '0.00', '0.00', '0.00', '1.00', '0.00', '0.00', '0.00', '', 0, NULL, NULL, NULL),
('L015', 'ESCOBA', 'SULI', 'PZ', '', '1.00', '0.00', '0.00', '0.00', '1.00', '0.00', '0.00', '0.00', '', 0, NULL, NULL, NULL),
('L018', 'AJAX BICARBONATO', 'SULI', 'MLP', '', '1890.00', '0.00', '0.00', '0.00', '1.00', '0.00', '0.00', '0.00', '', 0, NULL, NULL, NULL),
('LI43', 'LICOR 43', 'LICOR', 'ML', '', '750.00', '-23.36', '3.00', '0.00', '308.61', '308.61', '16.00', '3.00', 'autorizado', 0, NULL, NULL, NULL),
('LI4O', 'LICOR 43 OROCHATA', 'LICOR', 'ML', '', '700.00', '0.00', '2.00', '0.00', '316.94', '316.94', '16.00', '2.00', 'autorizado', 0, NULL, NULL, NULL),
('LIAA', 'AMARGO ANGOSTURA 1L', 'LICOR', 'ML', '', '1000.00', '0.00', '0.00', '0.00', '23.70', '23.70', '0.00', '0.00', '', 0, NULL, NULL, NULL),
('LIAB', 'ABSINTH', 'LICOR', 'ML', '', '750.00', '0.00', '0.00', '0.00', '512.07', '512.07', '16.00', '0.00', '', 0, NULL, NULL, NULL),
('LIAC', 'LAS CADENAS', 'LICOR', 'ML', '', '1000.00', '0.00', '1.00', '0.00', '275.86', '275.86', '16.00', '1.00', 'autorizado', 0, NULL, NULL, NULL),
('LIAD', 'AMARETTO DISARONO', 'LICOR', 'ML', '', '700.00', '-0.26', '0.00', '0.00', '287.93', '287.93', '16.00', '0.00', 'autorizado', 0, NULL, NULL, NULL),
('LIAM', 'APEROL', 'LICOR', 'ML', '', '750.00', '-0.54', '2.00', '0.00', '206.38', '206.38', '16.00', '2.00', 'autorizado', 0, NULL, NULL, NULL),
('LIAN', 'AMARETTO CONTI 750 ML', 'LICOR', 'ML', '', '750.00', '0.00', '2.00', '0.00', '144.83', '144.83', '16.00', '2.00', 'autorizado', 0, NULL, NULL, NULL),
('LIAP', 'PERNOD 700 ML.', 'LICOR', 'ML', '', '700.00', '0.00', '0.00', '0.00', '163.63', '163.63', '0.00', '0.00', '', 0, NULL, NULL, NULL),
('LIAR', 'ANCHO REYES', 'LICOR', 'ML', '', '750.00', '0.00', '1.00', '0.00', '189.98', '189.98', '16.00', '1.00', 'autorizado', 0, NULL, NULL, NULL),
('LIAS', 'DEL MONO SECO  750 ML', 'LICOR', 'ML', '', '750.00', '0.00', '0.00', '0.00', '186.20', '186.20', '16.00', '0.00', '', 0, NULL, NULL, NULL),
('LIAU', 'COINTREAU 750 ML', 'LICOR', 'ML', '', '700.00', '0.00', '0.00', '0.00', '369.83', '369.83', '16.00', '0.00', '', 0, NULL, NULL, NULL),
('LIAZ', 'LICOR AZUL CURACAO 7', 'LICOR', 'ML', '', '750.00', '0.00', '0.00', '0.00', '95.97', '95.97', '0.00', '0.00', '', 0, NULL, NULL, NULL),
('LIBA', 'BAILEYS', 'LICOR', 'ML', '', '750.00', '0.12', '2.00', '0.00', '207.98', '207.98', '16.00', '1.88', 'autorizado', 0, NULL, NULL, NULL),
('LIBD', 'CINZANO BCO EXSE', 'LICOR', 'ML', '', '750.00', '0.00', '0.00', '0.00', '123.23', '123.23', '16.00', '0.00', '', 0, NULL, NULL, NULL),
('LIBE', 'BENEDICTINE', 'LICOR', 'ML', '', '750.00', '0.00', '0.00', '0.00', '302.61', '302.61', '0.00', '0.00', '', 0, NULL, NULL, NULL),
('LIBL', 'BAILEYS CARAMELO 750 ML.', 'LICOR', 'ML', '', '750.00', '0.00', '0.00', '0.00', '284.18', '284.18', '16.00', '0.00', '', 0, NULL, NULL, NULL),
('LICA', 'CAROLANS', 'LICOR', 'ML', '', '750.00', '0.00', '0.00', '0.00', '1.00', '1.00', '16.00', '0.00', '', 0, NULL, NULL, NULL),
('LICB', 'CACAO BLANCO', 'LICOR', 'ML', '', '750.00', '0.00', '0.00', '0.00', '95.97', '95.97', '16.00', '0.00', '', 0, NULL, NULL, NULL),
('LICC', 'CHBACANO LICOR', 'LICOR', 'ML', '', '750.00', '0.00', '0.00', '0.00', '1.00', '1.00', '0.00', '0.00', '', 0, NULL, NULL, NULL),
('LICE', 'LICOR FRESA FLAMINGO', 'LICOR', 'ML', '', '750.00', '0.00', '1.00', '0.00', '43.00', '43.00', '0.00', '1.00', 'autorizado', 0, NULL, NULL, NULL),
('LICH', 'CHAMBOARD', 'LICOR', 'ML', '', '750.00', '0.00', '0.00', '0.00', '1.00', '1.00', '0.00', '0.00', '', 0, NULL, NULL, NULL),
('LICI', 'LICOR CIRUELA JAPONESA', 'LICOR', 'ML', '', '750.00', '0.00', '0.00', '0.00', '1.00', '1.00', '0.00', '0.00', '', 0, NULL, NULL, NULL),
('LICL', 'CINZANO BCO DULCE', 'LICOR', 'ML', '', '750.00', '0.00', '0.00', '0.00', '123.23', '123.23', '0.00', '0.00', '', 0, NULL, NULL, NULL),
('LICM', 'CAMPARI BITTER', 'LICOR', 'ML', '', '750.00', '0.00', '1.00', '0.00', '211.91', '211.91', '16.00', '1.00', 'autorizado', 0, NULL, NULL, NULL),
('LICN', 'CONTROY', 'LICOR', 'ML', '', '1000.00', '0.88', '1.00', '0.00', '116.37', '116.37', '16.00', '0.12', 'autorizado', 0, NULL, NULL, NULL),
('LICO', 'CACAO OBSCUR0', 'LICOR', 'ML', '', '750.00', '0.00', '0.00', '0.00', '66.09', '66.09', '0.00', '0.00', '', 0, NULL, NULL, NULL),
('LICR', 'CHARTREUSE AMARILLO', 'LICOR', 'ML', '', '700.00', '0.00', '0.00', '0.00', '560.68', '560.68', '16.00', '0.00', '', 0, NULL, NULL, NULL),
('LICS', 'CASIS SISCA', 'LICOR', 'ML', '', '750.00', '0.00', '2.00', '0.00', '358.71', '358.71', '16.00', '2.00', 'autorizado', 0, NULL, NULL, NULL),
('LICU', 'CURACAO', 'LICOR', 'ML', '', '750.00', '0.00', '0.00', '0.00', '102.59', '102.59', '16.00', '0.00', '', 0, NULL, NULL, NULL),
('LICV', 'CHARTREUSE VERDE', 'LICOR', 'ML', '', '700.00', '0.00', '0.00', '0.00', '629.31', '629.31', '16.00', '0.00', '', 0, NULL, NULL, NULL),
('LIDC', 'CHINCHON DULCE', 'LICOR', 'ML', '', '1000.00', '0.00', '2.00', '0.00', '184.48', '184.48', '16.00', '2.00', 'autorizado', 0, NULL, NULL, NULL),
('LIDD', 'DULCE DOMECQ', 'LICOR', 'ML', '', '750.00', '0.00', '0.00', '0.00', '155.00', '155.00', '0.00', '0.00', '', 0, NULL, NULL, NULL),
('LIDP', 'KALHUA LICOR DE CAFE', 'LICOR', 'ML', '', '1000.00', '0.00', '0.00', '0.00', '118.97', '118.97', '16.00', '0.00', '', 0, NULL, NULL, NULL),
('LIDR', 'DRAMBUIE', 'LICOR', 'ML', '', '750.00', '0.00', '0.00', '0.00', '399.57', '399.57', '16.00', '0.00', '', 0, NULL, NULL, NULL),
('LIDS', 'CHINCHON SEMIDULCE', 'LICOR', 'ML', '', '1000.00', '0.00', '0.00', '0.00', '184.48', '184.48', '16.00', '0.00', '', 0, NULL, NULL, NULL),
('LIDU', 'DUBONET', 'LICOR', 'ML', '', '750.00', '0.00', '0.00', '0.00', '234.61', '234.61', '16.00', '0.00', '', 0, NULL, NULL, NULL),
('LIDZ', 'LICOR DE DURAZNO/MELOCOTO', 'LICOR', 'ML', '', '750.00', '0.00', '0.00', '0.00', '89.66', '89.66', '16.00', '0.00', '', 0, NULL, NULL, NULL),
('LIFD', 'LICOR DE FRUTAS DEKUYPER', 'LICOR', 'ML', '', '750.00', '0.00', '0.00', '0.00', '86.09', '86.09', '0.00', '0.00', '', 0, NULL, NULL, NULL),
('LIFE', 'FERNET', 'LICOR', 'ML', '', '750.00', '0.00', '2.00', '0.00', '124.14', '124.14', '16.00', '2.00', 'autorizado', 0, NULL, NULL, NULL),
('LIFF', 'FRESA LICOR', 'LICOR', 'ML', '', '750.00', '0.00', '0.00', '0.00', '1.00', '1.00', '16.00', '0.00', '', 0, NULL, NULL, NULL),
('LIFR', 'FRANGELICO', 'LICOR', 'ML', '', '700.00', '0.00', '2.00', '0.00', '254.31', '254.31', '16.00', '2.00', 'autorizado', 0, NULL, NULL, NULL),
('LIGA', 'GALLIANO', 'LICOR', 'ML', '', '500.00', '0.00', '0.00', '0.00', '192.45', '192.45', '16.00', '0.00', '', 0, NULL, NULL, NULL),
('LIGN}', 'GRANADA PAMA', 'LICOR', 'ML', '', '750.00', '0.00', '1.00', '0.00', '341.30', '341.30', '0.00', '1.00', 'autorizado', 0, NULL, NULL, NULL),
('LIGR', 'GRAND MARNIER CORDON', 'LICOR', 'ML', '', '700.00', '0.00', '1.00', '0.00', '486.21', '486.21', '16.00', '1.00', 'autorizado', 0, NULL, NULL, NULL),
('LIHP', 'HPNOTIQ', 'LICOR', 'ML', '', '750.00', '-0.08', '2.00', '0.00', '421.41', '421.41', '16.00', '2.00', 'autorizado', 0, NULL, NULL, NULL),
('LIHU', 'HURACAN', 'LICOR', 'ML', '', '750.00', '0.00', '0.00', '0.00', '1.00', '1.00', '0.00', '0.00', '', 0, NULL, NULL, NULL),
('LIII', 'AMOR LICOR', 'LICOR', 'ML', '', '750.00', '0.00', '0.00', '0.00', '1.00', '1.00', '0.00', '0.00', '', 0, NULL, NULL, NULL),
('LIJA', 'JAGERMEISTER', 'LICOR', 'ML', '', '700.00', '-0.13', '4.00', '0.00', '254.31', '254.31', '16.00', '4.00', 'autorizado', 0, NULL, NULL, NULL),
('LILI', 'LICOR LIMONCELLO', 'LICOR', 'ML', '', '750.00', '0.00', '0.00', '0.00', '1.00', '1.00', '0.00', '0.00', '', 0, NULL, NULL, NULL),
('LIMB', 'MENTA BLANCA', 'LICOR', 'ML', '', '750.00', '0.00', '0.00', '0.00', '50.00', '50.00', '0.00', '0.00', '', 0, NULL, NULL, NULL),
('LIMD', 'MARTINI BCO DULCE', 'LICOR', 'ML', '', '750.00', '0.00', '0.00', '0.00', '141.38', '141.38', '16.00', '0.00', '', 0, NULL, NULL, NULL),
('LIME', 'LICOR DE MELON', 'LICOR', 'ML', '', '750.00', '0.00', '0.00', '0.00', '267.24', '267.24', '16.00', '0.00', '', 0, NULL, NULL, NULL),
('LIMM', 'MELON MIDORI', 'LICOR', 'ML', '', '750.00', '0.00', '0.00', '0.00', '30.00', '30.00', '0.00', '0.00', '', 0, NULL, NULL, NULL),
('LIMN', 'MANDARINE NAPOLEON', 'LICOR', 'ML', '', '750.00', '0.00', '0.00', '0.00', '423.37', '423.37', '16.00', '0.00', '', 0, NULL, NULL, NULL),
('LIMR', 'MARTINI ROJO', 'LICOR', 'ML', '', '750.00', '0.00', '0.00', '0.00', '155.09', '155.09', '16.00', '0.00', '', 0, NULL, NULL, NULL),
('LIMS', 'MARTINI BCO SECO', 'LICOR', 'ML', '', '750.00', '0.00', '0.00', '0.00', '155.09', '155.09', '16.00', '0.00', '', 0, NULL, NULL, NULL),
('LIMV', 'MENTA VERDE', 'LICOR', 'ML', '', '750.00', '0.00', '0.00', '0.00', '70.00', '70.00', '16.00', '0.00', '', 0, NULL, NULL, NULL),
('LIMZ', 'LICOR DE MANZANA', 'LICOR', 'ML', '', '750.00', '0.00', '1.00', '0.00', '113.79', '113.79', '16.00', '1.00', 'autorizado', 0, NULL, NULL, NULL),
('LINU', 'NUVO', 'LICOR', 'ML', '', '750.00', '0.00', '0.00', '0.00', '1.00', '1.00', '0.00', '0.00', '', 0, NULL, NULL, NULL),
('LIOR', 'LICOR ORUJO', 'LICOR', 'ML', '', '750.00', '0.00', '0.00', '0.00', '1.00', '1.00', '0.00', '0.00', '', 0, NULL, NULL, NULL),
('LIPA', 'LICOR PASSOA', 'LICOR', 'ML', '', '750.00', '0.00', '0.00', '0.00', '40.00', '40.00', '0.00', '0.00', '', 0, NULL, NULL, NULL),
('LIPL', 'LICOR DE PLATANO 750', 'LICOR', 'ML', '', '750.00', '0.00', '0.00', '0.00', '95.97', '95.97', '0.00', '0.00', '', 0, NULL, NULL, NULL),
('LIPX', 'PACHARA BASARANA', 'LICOR', 'ML', '', '750.00', '0.00', '0.00', '0.00', '240.78', '240.78', '16.00', '0.00', '', 0, NULL, NULL, NULL),
('LIRB', 'ROMANA SAMBUCA BIANCO', 'LICOR', 'ML', '', '700.00', '0.00', '0.00', '0.00', '1.00', '1.00', '16.00', '0.00', '', 0, NULL, NULL, NULL),
('LIRD', 'LICOR CINZANO ROJO D', 'LICOR', 'ML', '', '750.00', '0.00', '0.00', '0.00', '102.61', '102.61', '0.00', '0.00', '', 0, NULL, NULL, NULL),
('LIRI', 'RICHARDS LICOR', 'LICOR', 'ML', '', '750.00', '0.00', '0.00', '0.00', '100.00', '100.00', '0.00', '0.00', '', 0, NULL, NULL, NULL),
('LIRN', 'ROMANA SAMBUCA NERO', 'LICOR', 'ML', '', '700.00', '0.00', '1.00', '0.00', '1.00', '1.00', '16.00', '1.00', 'autorizado', 0, NULL, NULL, NULL),
('LIRO', 'ROMPOPE', 'LICOR', 'ML', '', '900.00', '0.00', '1.00', '0.00', '93.30', '93.30', '0.00', '1.00', 'autorizado', 0, NULL, NULL, NULL),
('LISA', 'LICOR DE SANDIA DEKUYPER', 'LICOR', 'ML', '', '750.00', '0.00', '0.00', '0.00', '104.69', '104.69', '0.00', '0.00', '', 0, NULL, NULL, NULL),
('LISC', 'CHINCHON SECO', 'LICOR', 'ML', '', '1000.00', '0.00', '2.00', '0.00', '184.48', '184.48', '16.00', '2.00', 'autorizado', 0, NULL, NULL, NULL),
('LISD', 'SECO DOMECQ', 'LICOR', 'ML', '', '750.00', '0.00', '0.00', '0.00', '60.00', '60.00', '0.00', '0.00', '', 0, NULL, NULL, NULL),
('LISG', 'SAMBUCA BCO', 'LICOR', 'ML', '', '700.00', '-11.78', '0.00', '0.00', '211.04', '211.04', '16.00', '0.00', 'autorizado', 0, NULL, NULL, NULL),
('LISN', 'SAMBUCA NEGRO', 'LICOR', 'ML', '', '700.00', '-0.13', '2.00', '0.00', '228.45', '228.45', '16.00', '2.00', 'autorizado', 0, NULL, NULL, NULL),
('LISO', 'CITRIC SOUTH COMFOR', 'LICOR', 'ML', '', '750.00', '0.00', '0.00', '0.00', '1.00', '1.00', '0.00', '0.00', '', 0, NULL, NULL, NULL),
('LIVR', 'CINZANO ROJO', 'LICOR', 'ML', '', '750.00', '0.00', '1.00', '0.00', '113.79', '113.79', '16.00', '1.00', 'autorizado', 0, NULL, NULL, NULL),
('LIVX', 'CINZANO  EXTRA SECO', 'LICOR', 'ML', '', '750.00', '0.00', '1.00', '0.00', '534.78', '534.78', '16.00', '1.00', 'autorizado', 0, NULL, NULL, NULL),
('LSR1', 'ANEXO MOLE POBLANO', 'PRODU', '', '', '1.00', '0.00', '0.00', '0.00', '40.95', '40.95', '0.00', '0.00', '', 0, NULL, NULL, NULL),
('LSR2', 'ANEXO PIPIAN VERDE', 'PRODU', '', '', '1.00', '0.00', '0.00', '0.00', '25.89', '25.89', '0.00', '0.00', '', 0, NULL, NULL, NULL),
('MALM', 'ALMEJAS', 'PESCA', 'GR', '', '1000.00', '0.00', '0.00', '0.00', '1.00', '0.00', '0.00', '0.00', '', 0, NULL, NULL, NULL),
('MARV', 'MARTELL VSOP', 'COGNA', 'ML', '', '1.00', '0.00', '4.00', '0.00', '564.66', '564.66', '16.00', '0.00', '', 0, NULL, NULL, NULL),
('ME4C', '400 CONEJOS ESPADIN BCO', 'MEZCA', 'ML', '', '700.00', '-1.09', '6.00', '0.00', '303.03', '303.03', '16.00', '7.00', 'autorizado', 0, NULL, NULL, NULL),
('ME4R', '400 CONEJOS REPOSADO', 'MEZCA', 'ML', '', '700.00', '-0.43', '3.00', '0.00', '407.14', '407.14', '16.00', '3.00', 'autorizado', 0, NULL, NULL, NULL),
('MEAC', 'AMORES CUPRETA JOVEN', 'MEZCA', 'ML', '', '750.00', '0.00', '2.00', '0.00', '418.10', '418.10', '16.00', '2.00', 'autorizado', 0, NULL, NULL, NULL),
('MEAE', 'AMORES ESPADIN JOVEN', 'MEZCA', 'ML', '', '750.00', '1.00', '2.00', '0.00', '422.40', '422.40', '16.00', '1.00', 'autorizado', 0, NULL, NULL, NULL),
('MEAR', 'AMORES REPOSADO', 'MEZCA', 'ML', '', '750.00', '0.00', '3.00', '0.00', '1.00', '1.00', '16.00', '3.00', 'autorizado', 0, NULL, NULL, NULL),
('MECE', 'CONVITE ENS.ESAPDIN', 'MEZCA', 'ML', '', '1.00', '0.00', '0.00', '0.00', '492.20', '492.20', '16.00', '0.00', '', 0, NULL, NULL, NULL),
('MECR', 'CREYENTE MEZCAL', 'MEZCA', 'ML', '', '700.00', '0.00', '0.00', '0.00', '498.28', '498.28', '16.00', '0.00', '', 0, NULL, NULL, NULL),
('MECT', 'CONVITE TOBALA', 'MEZCA', 'ML', '', '700.00', '0.00', '0.00', '0.00', '875.00', '875.00', '0.00', '0.00', '', 0, NULL, NULL, NULL),
('MEDA', 'DANZANTES Aï¿½EJO', 'MEZCA', 'ML', '', '750.00', '0.00', '0.00', '0.00', '1040.69', '1040.69', '16.00', '0.00', '', 0, NULL, NULL, NULL),
('MEMA', 'MONO AZUL', 'MEZCA', 'ML', '', '750.00', '0.00', '1.00', '0.00', '297.42', '297.42', '16.00', '1.00', 'autorizado', 0, NULL, NULL, NULL),
('MEQU', 'QUETZAL ARROQUEï¿½O ESPADIN', 'MEZCA', 'ML', '', '750.00', '0.00', '1.00', '0.00', '593.97', '593.97', '16.00', '1.00', 'autorizado', 0, NULL, NULL, NULL),
('MEUJ', 'UNION JOVEN', 'MEZCA', 'ML', '', '700.00', '0.00', '1.00', '0.00', '1.00', '1.00', '16.00', '1.00', 'autorizado', 0, NULL, NULL, NULL),
('MEVM', 'VERDE MOMENTO', 'MEZCA', 'ML', '', '700.00', '1.00', '0.00', '0.00', '249.99', '249.99', '16.00', '0.00', '', 0, NULL, NULL, NULL),
('MOST', 'OSTIONES', 'PESCA', 'GR', '', '1000.00', '0.00', '0.00', '0.00', '1.00', '0.00', '0.00', '0.00', '', 0, NULL, NULL, NULL),
('O282', 'ARROZ TSURIMI', 'ABARR', 'GR', '', '22400.00', '0.00', '1.00', '0.00', '0.89', '0.00', '0.00', '1.00', 'autorizado', 0, NULL, NULL, NULL),
('PULQ', 'PULQUE BARRA', 'TEQUI', 'ML', '', '1000.00', '0.00', '10.00', '0.00', '35.00', '35.00', '0.00', '0.00', '', 0, NULL, NULL, NULL),
('REDB', 'RED BULL', 'BEBID', 'PZ', '', '1.00', '11.00', '96.00', '0.00', '18.97', '18.97', '16.00', '85.00', 'autorizado', 0, NULL, NULL, NULL),
('RFCO', 'REFIL COCACOLA', 'BEBID', 'PZ', '', '1.00', '9.00', '12.00', '0.00', '20.84', '20.84', '16.00', '3.00', 'autorizado', 0, NULL, NULL, NULL),
('RFMA', 'REFIL MANZANA', 'BEBID', 'PZ', '', '1.00', '0.00', '12.00', '0.00', '510.34', '510.34', '16.00', '12.00', 'autorizado', 0, NULL, NULL, NULL),
('RO10', 'BACARDI 101  700 ML', 'RONNN', 'ML', '', '700.00', '0.00', '0.00', '0.00', '99.13', '99.13', '0.00', '0.00', '', 0, NULL, NULL, NULL),
('ROA1', 'APPLETON STATE 12', 'RONNN', 'ML', '', '750.00', '-0.12', '2.00', '0.00', '387.93', '387.93', '16.00', '0.00', '', 0, NULL, NULL, NULL),
('ROAB', 'APPLETON BLANCO', 'RONNN', 'ML', '', '750.00', '0.00', '0.00', '0.00', '86.21', '86.21', '16.00', '0.00', '', 0, NULL, NULL, NULL),
('ROAO', 'APPLETON ESPECIAL', 'RONNN', 'ML', '', '750.00', '0.00', '2.00', '0.00', '94.83', '94.83', '16.00', '0.00', '', 0, NULL, NULL, NULL),
('ROAP', 'APPLETON ESTATE V/X 750 M', 'RONNN', 'ML', '', '750.00', '-0.56', '4.00', '0.00', '150.85', '150.85', '16.00', '0.00', '', 0, NULL, NULL, NULL),
('ROAR', 'APPLETON ESTATE RES.BLEND', 'RONNN', 'ML', '', '1.00', '0.00', '2.00', '0.00', '1.00', '1.00', '0.00', '0.00', '', 0, NULL, NULL, NULL),
('ROB2', 'BOTRAN 12', 'RONNN', 'ML', '', '750.00', '0.00', '2.00', '0.00', '288.79', '288.79', '16.00', '0.00', '', 0, NULL, NULL, NULL),
('ROB8', 'BACARDI 8', 'RONNN', 'ML', '', '700.00', '0.00', '2.00', '0.00', '284.48', '284.48', '16.00', '0.00', '', 0, NULL, NULL, NULL),
('ROBA', 'BACARDI Aï¿½EJO', 'RONNN', 'ML', '', '750.00', '0.00', '3.00', '0.00', '88.70', '88.70', '0.00', '0.00', '', 0, NULL, NULL, NULL),
('ROBB', 'BACARDI BLANCO', 'RONNN', 'ML', '', '750.00', '-0.12', '12.00', '0.00', '99.13', '99.13', '16.00', '0.00', '', 0, NULL, NULL, NULL),
('ROBG', 'BACARDI 10 GRAN RES', 'RONNN', 'ML', '', '750.00', '-0.12', '2.00', '0.00', '383.62', '383.62', '16.00', '0.00', '', 0, NULL, NULL, NULL),
('ROBM', 'BACARDI GRAN RESERVA', 'RONNN', 'ML', '', '3000.00', '0.00', '2.00', '0.00', '557.18', '557.18', '0.00', '0.00', '', 0, NULL, NULL, NULL),
('ROBV', 'BOTRAN SOLERA G.RES', 'RONNN', 'ML', '', '750.00', '0.00', '0.00', '0.00', '530.17', '530.17', '16.00', '0.00', '', 0, NULL, NULL, NULL),
('ROCB', 'CAPT.MORGAN BLACK', 'RONNN', 'mL', '', '750.00', '0.00', '0.00', '0.00', '172.79', '172.79', '0.00', '0.00', '', 0, NULL, NULL, NULL),
('ROCM', 'CAPT.MORGAN ORIGINAL', 'RONNN', 'ML', '', '750.00', '-0.24', '4.00', '0.00', '111.21', '111.21', '16.00', '0.00', '', 0, NULL, NULL, NULL),
('ROCW', 'CAPT.MORGAN WHITE', 'RONNN', 'ML', '', '750.00', '0.00', '3.00', '0.00', '112.07', '112.07', '16.00', '0.00', '', 0, NULL, NULL, NULL),
('ROF1', 'FLOR CAï¿½A 12 Aï¿½OS', 'RONNN', 'NM', '', '750.00', '0.00', '0.00', '0.00', '425.00', '425.00', '16.00', '0.00', '', 0, NULL, NULL, NULL),
('ROF5', 'FLOR CAï¿½A 5 Aï¿½OS', 'RONNN', 'ML', '', '750.00', '0.00', '0.00', '0.00', '1.00', '1.00', '0.00', '0.00', '', 0, NULL, NULL, NULL),
('ROF7', 'FLOR CAï¿½A 7 Aï¿½OS', 'RONNN', 'ML', '', '750.00', '0.72', '3.00', '0.00', '218.10', '218.10', '16.00', '0.00', '', 0, NULL, NULL, NULL),
('ROF8', 'FLOR DE CANA 18', 'RONNN', 'ML', '', '700.00', '0.00', '10.00', '0.00', '1.00', '1.00', '0.00', '0.00', '', 0, NULL, NULL, NULL),
('ROH3', 'HAVANA 3 Aï¿½OS Aï¿½EJO ESP.', 'RONNN', 'ML', '', '750.00', '-1.00', '0.00', '0.00', '106.88', '106.88', '16.00', '0.00', '', 0, NULL, NULL, NULL),
('ROH7', 'HAVANA 7 Aï¿½OS', 'RONNN', 'ML', '', '750.00', '-0.20', '8.00', '0.00', '237.05', '237.05', '16.00', '0.00', '', 0, NULL, NULL, NULL),
('ROHB', 'HAVANA BARREL PROFF', 'RONNN', 'ML', '', '750.00', '0.00', '0.00', '0.00', '1.00', '1.00', '0.00', '0.00', '', 0, NULL, NULL, NULL),
('ROHC', 'HAVANA BLANCO', 'RONNN', 'ML', '', '750.00', '2.00', '6.00', '0.00', '103.44', '103.44', '16.00', '0.00', '', 0, NULL, NULL, NULL),
('ROHG', 'HAVANA GRAN RESERVA', 'RONNN', 'ML', '', '750.00', '0.00', '0.00', '0.00', '1.00', '1.00', '0.00', '0.00', '', 0, NULL, NULL, NULL),
('ROHM', 'HAVANA SELC.MAESTROS', 'RONNN', 'ML', '', '750.00', '0.00', '0.00', '0.00', '650.86', '650.86', '16.00', '0.00', '', 0, NULL, NULL, NULL),
('ROHR', 'HAVANA RESERVA', 'RONNN', 'ML', '', '750.00', '0.00', '0.00', '0.00', '1.00', '1.00', '0.00', '0.00', '', 0, NULL, NULL, NULL),
('ROHS', 'HAVANA SILVER', 'RONNN', 'ML', '', '750.00', '0.00', '0.00', '0.00', '1.00', '1.00', '0.00', '0.00', '', 0, NULL, NULL, NULL),
('ROKG', 'KRAKEN GHOST', 'RONNN', 'ML', '', '750.00', '0.00', '0.00', '0.00', '117.33', '117.33', '16.00', '0.00', '', 0, NULL, NULL, NULL),
('ROKR', 'KRAKEN BLACK', 'RONNN', 'ML', '', '750.00', '0.00', '2.00', '0.00', '126.72', '126.72', '16.00', '0.00', '', 0, NULL, NULL, NULL),
('ROM1', 'MATUSALEM G.RES. 18 Aï¿½OS', 'RONNN', 'ML', '', '750.00', '0.00', '0.00', '0.00', '418.49', '418.49', '16.00', '0.00', '', 0, NULL, NULL, NULL),
('ROM3', 'MATUSALEM 23', 'RONNN', 'ML', '', '750.00', '0.00', '0.00', '0.00', '863.19', '863.19', '16.00', '0.00', '', 0, NULL, NULL, NULL),
('ROMA', 'MALIBU COCO WHITE', 'RONNN', 'ML', '', '750.00', '0.00', '0.00', '0.00', '136.21', '136.21', '16.00', '0.00', '', 0, NULL, NULL, NULL),
('ROMB', 'MALIBU BLACK', 'RONNN', 'ML', '', '750.00', '0.00', '0.00', '0.00', '141.68', '141.68', '0.00', '0.00', '', 0, NULL, NULL, NULL),
('ROMC', 'MATUSALEM CLASICO', 'RONNN', 'ML', '', '750.00', '0.56', '8.00', '0.00', '150.85', '150.85', '16.00', '0.00', '', 0, NULL, NULL, NULL),
('ROMG', 'MATUSALEM GRAN RESERVA', 'RONNN', 'ML', '', '750.00', '0.00', '6.00', '0.00', '231.03', '231.03', '16.00', '0.00', '', 0, NULL, NULL, NULL),
('ROMP', 'MATUSALEM PLATINO', 'RONNN', 'ML', '', '750.00', '-0.36', '6.00', '0.00', '105.73', '105.73', '16.00', '0.00', '', 0, NULL, NULL, NULL),
('ROST', 'SANTA TERESA 1796', 'RONNN', 'ML', '', '750.00', '0.00', '2.00', '0.00', '94.78', '94.78', '0.00', '0.00', '', 0, NULL, NULL, NULL),
('ROZ2', 'ZACAPA 23 Aï¿½OS', 'RONNN', 'ML', '', '750.00', '-0.60', '4.00', '0.00', '646.55', '646.55', '16.00', '0.00', '', 0, NULL, NULL, NULL),
('ROZA', 'ZACAPA 15', 'RONNN', 'ML', '', '750.00', '0.00', '0.00', '0.00', '1.00', '1.00', '0.00', '0.00', '', 0, NULL, NULL, NULL),
('ROZM', 'ZACAPA AMBER', 'RONNN', 'ML', '', '750.00', '0.00', '4.00', '0.00', '523.32', '523.32', '16.00', '0.00', '', 0, NULL, NULL, NULL),
('ROZX', 'ZACAPA XO', 'RONNN', 'ML', '', '750.00', '0.00', '0.00', '0.00', '1612.07', '1612.07', '16.00', '0.00', '', 0, NULL, NULL, NULL),
('SCDR', 'MANZANITA', 'BEBID', 'PZ', '', '1.00', '24.00', '96.00', '0.00', '8.42', '8.42', '16.00', '72.00', 'autorizado', 0, NULL, NULL, NULL),
('SOAE', 'GARRAFON DE AGUA', 'BEBID', 'PZ', '', '19000.00', '0.00', '10.00', '0.00', '27.00', '27.00', '0.00', '10.00', 'autorizado', 0, NULL, NULL, NULL),
('SOCC', 'COCA COLA CLASICA', 'BEBID', 'PZ', '', '1.00', '97.00', '480.00', '0.00', '9.93', '9.93', '16.00', '383.00', 'autorizado', 0, NULL, NULL, NULL),
('SOCL', 'COCA LIGTH', 'BEBID', 'PZ', '', '1.00', '0.00', '96.00', '0.00', '6.90', '6.90', '16.00', '96.00', 'autorizado', 0, NULL, NULL, NULL),
('SOCM', 'COCACOLA MINI', 'BEBID', 'PZ', '', '1.00', '144.00', '360.00', '0.00', '7.44', '7.44', '16.00', '216.00', 'autorizado', 0, NULL, NULL, NULL),
('SODC', 'COCA SIN AZUCAR', 'BEBID', 'PZ', '', '1.00', '0.00', '72.00', '0.00', '4.57', '4.57', '0.00', '72.00', 'autorizado', 0, NULL, NULL, NULL),
('SODE', 'DELAWARE', 'BEBID', 'PZ', '', '1.00', '0.00', '24.00', '0.00', '1.00', '1.00', '0.00', '24.00', 'autorizado', 0, NULL, NULL, NULL),
('SOFR', 'FRESCA', 'BEBID', 'PZ', '', '1.00', '48.00', '144.00', '0.00', '8.42', '8.42', '16.00', '96.00', 'autorizado', 0, NULL, NULL, NULL),
('SOGL', 'GINGER', 'BEBID', 'PZ', '', '1.00', '0.00', '72.00', '0.00', '4.74', '4.74', '16.00', '72.00', 'autorizado', 0, NULL, NULL, NULL),
('SOQQ', 'COCA COLA LIGTH MINI', 'BEBID', 'PZ', '', '1.00', '0.00', '72.00', '0.00', '60.35', '60.35', '0.00', '72.00', 'autorizado', 0, NULL, NULL, NULL),
('SORR', 'COCA COLA ZERO MINI', 'BEBID', 'PZ', '', '1.00', '0.00', '24.00', '0.00', '60.35', '60.35', '0.00', '24.00', 'autorizado', 0, NULL, NULL, NULL),
('SOSL', 'FANTA', 'BEBID', 'PZ', '', '1.00', '0.00', '48.00', '0.00', '4.57', '4.57', '16.00', '48.00', 'autorizado', 0, NULL, NULL, NULL),
('SOSP', 'SPRITE', 'BEBID', 'PZ', '', '1.00', '0.00', '72.00', '0.00', '14.13', '14.13', '0.00', '72.00', 'autorizado', 0, NULL, NULL, NULL),
('SOSQ', 'SPRITE ZERO', 'BEBID', 'PZ', '', '1.00', '0.00', '48.00', '0.00', '3.42', '3.42', '0.00', '48.00', 'autorizado', 0, NULL, NULL, NULL),
('SRR!', 'SR ACEITE DE AJO', 'PRODU', 'GR', '', '1000.00', '-0.27', '10.00', '0.00', '141.38', '141.38', '0.00', '0.00', '', 0, NULL, NULL, NULL),
('SRR\"', 'SR ADEREZO CESAR', 'PRODU', 'GR', '', '1000.00', '0.00', '10.00', '0.00', '116.87', '116.87', '0.00', '0.00', '', 0, NULL, NULL, NULL),
('SRR#', 'SR ADEREZO DULCE', 'PRODU', 'GR', '', '1000.00', '-0.08', '10.00', '0.00', '137.57', '137.57', '0.00', '0.00', '', 0, NULL, NULL, NULL),
('SRR$', 'SR ADEREZO MARACUYA', 'PRODU', 'GR', '', '1000.00', '-0.18', '10.00', '0.00', '68.37', '68.37', '0.00', '0.00', '', 0, NULL, NULL, NULL),
('SRR%', 'SR ADEREZO TOUGURTH', 'PRODU', 'GR', '', '1000.00', '-0.18', '10.00', '0.00', '64.81', '64.81', '0.00', '0.00', '', 0, NULL, NULL, NULL),
('SRR&', 'SR ADOBO', 'PRODU', 'ML', '', '1000.00', '-0.26', '10.00', '0.00', '91.14', '91.14', '0.00', '0.00', '', 0, NULL, NULL, NULL),
('SRR(', 'SR AD MAYO CHIPOTLES', 'PRODU', 'GR', '', '1350.00', '-0.62', '10.00', '0.00', '27.31', '27.31', '0.00', '0.00', '', 0, NULL, NULL, NULL),
('SRR)', 'SR AGUACHILE MANGO HABANE', 'PRODU', 'GR', '', '1000.00', '-1.05', '10.00', '0.00', '27.08', '27.08', '0.00', '0.00', '', 0, NULL, NULL, NULL),
('SRR-', 'SR AGUACHILE NEGRO', 'PRODU', 'GR', '', '1400.00', '0.00', '10.00', '0.00', '59.28', '59.28', '0.00', '0.00', '', 0, NULL, NULL, NULL),
('SRR.', 'SR AGUACHILE VERDE', 'PRODU', 'GR', '', '400.00', '-3.60', '10.00', '0.00', '10.60', '10.60', '0.00', '0.00', '', 0, NULL, NULL, NULL),
('SRR0', 'SR AJILLO', 'PRODU', 'ML', '', '1000.00', '-0.06', '10.00', '0.00', '66.06', '66.06', '0.00', '0.00', '', 0, NULL, NULL, NULL),
('SRR1', 'SR AJO FRITO', 'PRODU', 'GR', '', '200.00', '-0.20', '10.00', '0.00', '42.20', '42.20', '0.00', '0.00', '', 0, NULL, NULL, NULL),
('SRR2', 'SR ALIOLI', 'PRODU', 'GR', '', '400.00', '0.00', '10.00', '0.00', '21.64', '21.64', '0.00', '0.00', '', 0, NULL, NULL, NULL),
('SRR3', 'SR ARROZ CON LECHE', 'PRODU', 'GR', '', '1500.00', '0.00', '10.00', '0.00', '57.10', '57.10', '0.00', '0.00', '', 0, NULL, NULL, NULL),
('SRR4', 'SR ARROZ ROJO', 'PRODU', 'GR', '', '2000.00', '-0.54', '10.00', '0.00', '112.34', '112.34', '0.00', '0.00', '', 0, NULL, NULL, NULL),
('SRR5', 'SR CREMA DE CHIPOTLE', 'PRODU', 'ML', '', '700.00', '-0.70', '10.00', '0.00', '26.00', '26.00', '0.00', '0.00', '', 0, NULL, NULL, NULL),
('SRR6', 'SR CALDILLO FRIJOL NEGRO', 'PRODU', 'GR', '', '1000.00', '-0.16', '10.00', '0.00', '59.92', '59.92', '0.00', '0.00', '', 0, NULL, NULL, NULL),
('SRR7', 'SR CALDO DE POLLO', 'PRODU', 'ML', '', '1000.00', '0.00', '10.00', '0.00', '60.94', '60.94', '0.00', '0.00', '', 0, NULL, NULL, NULL),
('SRR8', 'SR CARNE HAMBURGUESA', 'PRODU', 'GR', '', '1000.00', '-3.50', '10.00', '0.00', '96.02', '96.02', '0.00', '0.00', '', 0, NULL, NULL, NULL),
('SRR9', 'SR CARNITAS PULQUE', 'PRODU', 'GR', '', '5500.00', '-0.04', '10.00', '0.00', '1358.90', '1358.90', '0.00', '0.00', '', 0, NULL, NULL, NULL),
('SRR:', 'SR CEBOLLAS CAJUN LIMO', 'PRODU', 'GR', '', '150.00', '-3.13', '10.00', '0.00', '81.68', '81.68', '0.00', '0.00', '', 0, NULL, NULL, NULL),
('SRR;', 'SR CEBOLLAS ENCURTIDAS', 'PRODU', 'GR', '', '1000.00', '-0.29', '10.00', '0.00', '41.22', '41.22', '0.00', '0.00', '', 0, NULL, NULL, NULL),
('SRR<', 'SR CHICHARRON PRENSADO', 'PRODU', 'GR', '', '600.00', '-1.00', '10.00', '0.00', '61.54', '61.54', '0.00', '0.00', '', 0, NULL, NULL, NULL),
('SRR>', 'SR CHILE/CEBOLLA TOREADOS', 'PRODU', 'GR', '', '1500.00', '-0.07', '10.00', '0.00', '19.50', '19.50', '0.00', '0.00', '', 0, NULL, NULL, NULL),
('SRRA', 'SR CHILES EN VINAGRE', 'PRODU', 'GR', '', '4000.00', '-0.08', '10.00', '0.00', '123.09', '123.09', '0.00', '0.00', '', 0, NULL, NULL, NULL),
('SRRB', 'SR CHIMICHURRI', 'PRODU', 'GR', '', '700.00', '0.00', '10.00', '0.00', '34.41', '34.41', '0.00', '0.00', '', 0, NULL, NULL, NULL),
('SRRC', 'SR CHOCOLATE CALIENTE', 'PRODU', 'ML', '', '1000.00', '0.00', '10.00', '0.00', '36.07', '36.07', '0.00', '0.00', '', 0, NULL, NULL, NULL),
('SRRD', 'SR PIE QUESO GUAYABA', 'PRODU', 'GR', '', '7.00', '0.00', '10.00', '0.00', '93.06', '93.06', '0.00', '0.00', '', 0, NULL, NULL, NULL),
('SRRE', 'SR CREMA MASCARPONE', 'PRODU', 'GR', '', '900.00', '0.00', '10.00', '0.00', '130.18', '130.18', '0.00', '0.00', '', 0, NULL, NULL, NULL),
('SRRF', 'SR CREME BRULEE', 'PRODU', 'PZ', '', '3000.00', '0.00', '10.00', '0.00', '80.07', '80.07', '0.00', '0.00', '', 0, NULL, NULL, NULL),
('SRRG', 'SR CREMOSO AGUACATE', 'PRODU', 'GR', '', '1350.00', '-0.91', '10.00', '0.00', '58.19', '58.19', '0.00', '0.00', '', 0, NULL, NULL, NULL),
('SRRH', 'SR ENSALADA DE NOPAL', 'PRODU', 'GR', '', '1000.00', '-0.26', '10.00', '0.00', '52.01', '52.01', '0.00', '0.00', '', 0, NULL, NULL, NULL),
('SRRI', 'SR FIDEO SECO', 'PRODU', 'GR', '', '1000.00', '-0.50', '10.00', '0.00', '43.19', '43.19', '0.00', '0.00', '', 0, NULL, NULL, NULL),
('SRRJ', 'SR FLAN', 'PRODU', 'GR', '', '12.00', '0.00', '10.00', '0.00', '114.37', '114.37', '0.00', '0.00', '', 0, NULL, NULL, NULL),
('SRRK', 'SR FRIJOLES DE OLLA', 'PRODU', 'GR', '', '2000.00', '-0.24', '10.00', '0.00', '37.34', '37.34', '0.00', '0.00', '', 0, NULL, NULL, NULL),
('SRRL', 'SR FRIJOLES MANEADOS', 'PRODU', 'GR', '', '10000.00', '-0.04', '10.00', '0.00', '548.72', '548.72', '0.00', '0.00', '', 0, NULL, NULL, NULL),
('SRRM', 'SR FRIJOLES REFRITOS', 'PRODU', 'GR', '', '2000.00', '-0.95', '10.00', '0.00', '42.04', '42.04', '0.00', '0.00', '', 0, NULL, NULL, NULL),
('SRRN', 'SR GALLETA BASE', 'PRODU', 'GR', '', '320.00', '0.00', '10.00', '0.00', '27.11', '27.11', '0.00', '0.00', '', 0, NULL, NULL, NULL),
('SRRO', 'SR GANACHE CHOCOLATE', 'PRODU', 'GR', '', '600.00', '-0.05', '10.00', '0.00', '68.34', '68.34', '0.00', '0.00', '', 0, NULL, NULL, NULL),
('SRRP', 'SR GUACAMOLE', 'PRODU', 'GR', '', '1200.00', '-4.84', '10.00', '0.00', '45.03', '45.03', '0.00', '0.00', '', 0, NULL, NULL, NULL),
('SRRQ', 'SR HUITLACOCHE', 'PRODU', 'GR', '', '1200.00', '-0.16', '10.00', '0.00', '41.02', '41.02', '0.00', '0.00', '', 0, NULL, NULL, NULL),
('SRRR', 'SR JARABE 3 LECHES', 'PRODU', 'GR', '', '5000.00', '0.00', '10.00', '0.00', '197.59', '197.59', '0.00', '0.00', '', 0, NULL, NULL, NULL),
('SRRS', 'SR JUGO DE CARNE', 'PRODU', 'ML', '', '1500.00', '-0.27', '10.00', '0.00', '130.10', '130.10', '0.00', '0.00', '', 0, NULL, NULL, NULL),
('SRRT', 'SR JUGO DE LIMON', 'PRODU', 'ML', '', '400.00', '-1.16', '10.00', '0.00', '14.00', '14.00', '0.00', '0.00', '', 0, NULL, NULL, NULL),
('SRRU', 'SR JUGO DE NARANJA', 'PRODU', 'ML', '', '1000.00', '0.00', '10.00', '0.00', '12.50', '12.50', '0.00', '0.00', '', 0, NULL, NULL, NULL),
('SRRV', 'SR LECHON FIDEO', 'PRODU', 'GR', '', '1000.00', '-0.20', '10.00', '0.00', '177.33', '177.33', '0.00', '0.00', '', 0, NULL, NULL, NULL),
('SRRW', 'SR LECHUGAS MIXTAS', 'PRODU', 'GR', '', '1000.00', '-0.20', '10.00', '0.00', '17.00', '17.00', '0.00', '0.00', '', 0, NULL, NULL, NULL),
('SRRX', 'SR MAYONESA HABANERO', 'PRODU', 'GR', '', '1000.00', '-0.12', '10.00', '0.00', '26.78', '26.78', '0.00', '0.00', '', 0, NULL, NULL, NULL),
('SRRY', 'SR MOLE POBLANO', 'PRODU', 'GR', '', '1000.00', '-0.10', '10.00', '0.00', '113.94', '113.94', '0.00', '0.00', '', 0, NULL, NULL, NULL),
('SRRZ', 'SR MOLTEN ABUELITA', 'PRODU', 'PZ', '', '9.00', '-0.11', '10.00', '0.00', '82.28', '82.28', '0.00', '0.00', '', 0, NULL, NULL, NULL),
('SRR[', 'SR MOUSSE ROMPOPE', 'PRODU', 'PZ', '', '4000.00', '0.00', '10.00', '0.00', '107.93', '107.93', '0.00', '0.00', '', 0, NULL, NULL, NULL),
('SRR]', 'SR MONOS DE COCO', 'PRODU', 'GR', '', '230.00', '0.00', '10.00', '0.00', '69.25', '69.25', '0.00', '0.00', '', 0, NULL, NULL, NULL),
('SRR_', 'SR PAN DE HAMBURGUESA', 'PRODU', 'PZ', '', '6.00', '-2.34', '10.00', '0.00', '18.50', '18.50', '0.00', '0.00', '', 0, NULL, NULL, NULL),
('SRRa', 'SR PICO DE AGUACATE', 'PRODU', 'GR', '', '850.00', '-2.57', '10.00', '0.00', '54.80', '54.80', '0.00', '0.00', '', 0, NULL, NULL, NULL),
('SRRb', 'SR PICO DE MANG0/FRAMBUES', 'PRODU', 'GR', '', '300.00', '0.00', '10.00', '0.00', '10.69', '10.69', '0.00', '0.00', '', 0, NULL, NULL, NULL),
('SRRc', 'SR PIERNA HORNO', 'PRODU', 'GR', '', '7000.00', '-0.11', '10.00', '0.00', '955.44', '955.44', '0.00', '0.00', '', 0, NULL, NULL, NULL),
('SRRd', 'SR PIPIAN ROJO', 'PRODU', 'GR', '', '1500.00', '-0.07', '10.00', '0.00', '88.77', '88.77', '0.00', '0.00', '', 0, NULL, NULL, NULL),
('SRRe', 'SR PIPIAN VERDE', 'PRODU', 'GR', '', '2500.00', '-0.04', '10.00', '0.00', '89.60', '89.60', '0.00', '0.00', '', 0, NULL, NULL, NULL),
('SRRf', 'SR PULPO COCIDO', 'PRODU', 'GR', '', '500.00', '0.00', '10.00', '0.00', '236.01', '236.01', '0.00', '0.00', '', 0, NULL, NULL, NULL),
('SRRg', 'SR RAJAS POBLANAS', 'PRODU', 'GR', '', '1000.00', '0.00', '10.00', '0.00', '41.40', '41.40', '0.00', '0.00', '', 0, NULL, NULL, NULL),
('SRRh', 'SR SALSA CERVEZA', 'PRODU', 'ML', '', '2200.00', '-0.07', '10.00', '0.00', '96.60', '96.60', '0.00', '0.00', '', 0, NULL, NULL, NULL),
('SRRi', 'SR SALSA DULCE DE LECHE', 'PRODU', 'ML', '', '500.00', '0.00', '10.00', '0.00', '55.02', '55.02', '0.00', '0.00', '', 0, NULL, NULL, NULL),
('SRRj', 'SR SALSA DE ROMPOPE', 'PRODU', 'ML', '', '760.00', '0.00', '10.00', '0.00', '57.45', '57.45', '0.00', '0.00', '', 0, NULL, NULL, NULL),
('SRRk', 'SR SALSA MACHA', 'PRODU', 'GR', '', '300.00', '-0.07', '10.00', '0.00', '24.05', '24.05', '0.00', '0.00', '', 0, NULL, NULL, NULL),
('SRRl', 'SR SALSA MORITA', 'PRODU', 'GR', '', '1000.00', '-0.05', '10.00', '0.00', '26.80', '26.80', '0.00', '0.00', '', 0, NULL, NULL, NULL),
('SRRm', 'SR SALSA NEGRA', 'PRODU', 'ML', '', '2000.00', '-0.09', '10.00', '0.00', '127.44', '127.44', '0.00', '0.00', '', 0, NULL, NULL, NULL),
('SRRn', 'SR SALSA ORIENTAL', 'PRODU', 'ML', '', '700.00', '0.00', '10.00', '0.00', '81.47', '81.47', '0.00', '0.00', '', 0, NULL, NULL, NULL),
('SRRo', 'SR SALSA PONZU', 'PRODU', 'ML', '', '1000.00', '-0.30', '10.00', '0.00', '66.36', '66.36', '0.00', '0.00', '', 0, NULL, NULL, NULL),
('SRRp', 'SR SALSA ROJA', 'PRODU', 'GR', '', '2500.00', '-0.36', '10.00', '0.00', '35.66', '35.66', '0.00', '0.00', '', 0, NULL, NULL, NULL),
('SRRq', 'SR SALSA TAQUERA', 'PRODU', 'ML', '', '2000.00', '-0.09', '10.00', '0.00', '56.11', '56.11', '0.00', '0.00', '', 0, NULL, NULL, NULL),
('SRRr', 'SR SALSA VENENO', 'PRODU', 'ML', '', '1000.00', '-0.59', '10.00', '0.00', '97.84', '97.84', '0.00', '0.00', '', 0, NULL, NULL, NULL),
('SRRs', 'SR SALSA VERDE', 'PRODU', 'GR', '', '1500.00', '-0.59', '10.00', '0.00', '31.95', '31.95', '0.00', '0.00', '', 0, NULL, NULL, NULL),
('SRRt', 'SR SALSA VERDE HABANERO', 'PRODU', 'GR', '', '5000.00', '-0.02', '10.00', '0.00', '196.68', '196.68', '0.00', '0.00', '', 0, NULL, NULL, NULL),
('SRRu', 'SR SALSA VERDE AGUACATE', 'PRODU', 'GR', '', '800.00', '-0.06', '10.00', '0.00', '17.57', '17.57', '0.00', '0.00', '', 0, NULL, NULL, NULL),
('SRRv', 'SR SALSA VILLAMELON', 'PRODU', 'ML', '', '600.00', '0.00', '10.00', '0.00', '23.91', '23.91', '0.00', '0.00', '', 0, NULL, NULL, NULL),
('SRRw', 'SR SHORT RIB', 'PRODU', 'GR', '', '650.00', '-0.54', '10.00', '0.00', '193.52', '193.52', '0.00', '0.00', '', 0, NULL, NULL, NULL),
('SRRx', 'SR SOLETA', 'PRODU', 'GR', '', '200.00', '0.00', '10.00', '0.00', '11.18', '11.18', '0.00', '0.00', '', 0, NULL, NULL, NULL),
('SRRy', 'SR SOPA DE TORTILLA', 'PRODU', 'ML', '', '1500.00', '-0.80', '10.00', '0.00', '44.10', '44.10', '0.00', '0.00', '', 0, NULL, NULL, NULL),
('SRRz', 'SR SPAGUETTI BLANCO', 'PRODU', 'GR', '', '1000.00', '-0.40', '10.00', '0.00', '4.80', '4.80', '0.00', '0.00', '', 0, NULL, NULL, NULL),
('SRR{', 'SR SPAGUETTO COCIDO', 'PRODU', 'GR', '', '1000.00', '0.00', '10.00', '0.00', '16.34', '16.34', '0.00', '0.00', '', 0, NULL, NULL, NULL),
('SRR|', 'SR SUADERO', 'PRODU', 'GR', '', '800.00', '-2.13', '10.00', '0.00', '144.44', '144.44', '0.00', '0.00', '', 0, NULL, NULL, NULL),
('SRR}', 'SR TARTARA JALAPEï¿½O', 'PRODU', 'GR', '', '800.00', '0.00', '10.00', '0.00', '30.83', '30.83', '0.00', '0.00', '', 0, NULL, NULL, NULL),
('SRS1', 'SR ADEREZO CESAR', 'PRODU', '', '', '200.00', '0.00', '0.00', '0.00', '14.40', '14.40', '0.00', '0.00', '', 0, NULL, NULL, NULL),
('SRS2', 'SR ADEREZO YOUGURTH', 'PRODU', '', '', '1500.00', '0.00', '0.00', '0.00', '119.60', '119.60', '0.00', '0.00', '', 0, NULL, NULL, NULL),
('SRS3', 'SR ADEREZO MARACUYA', 'PRODU', '', '', '2000.00', '0.00', '0.00', '0.00', '107.80', '107.80', '0.00', '0.00', '', 0, NULL, NULL, NULL),
('SRS4', 'SR ADEREZO DULCE', 'PRODU', '', '', '400.00', '0.00', '0.00', '0.00', '58.70', '58.70', '0.00', '0.00', '', 0, NULL, NULL, NULL),
('SRS5', 'SR BASE CALDO QUESO', 'PRODU', '', '', '12000.00', '0.00', '0.00', '0.00', '727.38', '727.38', '0.00', '0.00', '', 0, NULL, NULL, NULL),
('SRS6', 'SR ACEITE DE AJO', 'PRODU', '', '', '1000.00', '0.00', '0.00', '0.00', '73.88', '73.88', '0.00', '0.00', '', 0, NULL, NULL, NULL),
('STAC', 'STA HELENA CHARDONAY', 'VINOS', '75', '', '750.00', '0.00', '10.00', '0.00', '211.21', '211.21', '0.00', '10.00', 'autorizado', 0, NULL, NULL, NULL),
('TE10', '100 Aï¿½OS REP.VERDE 750 ML', 'TEQUI', 'ML', '', '750.00', '0.00', '0.00', '0.00', '120.00', '120.00', '0.00', '0.00', '', 0, NULL, NULL, NULL),
('TE18', '1800 Aï¿½EJO', 'TEQUI', 'ML', '', '700.00', '-0.26', '4.00', '0.00', '420.13', '420.13', '16.00', '0.00', '', 0, NULL, NULL, NULL),
('TE1B', '1800 BLANCO', 'TEQUI', 'ML', '', '700.00', '0.00', '4.00', '0.00', '268.62', '268.62', '16.00', '0.00', '', 0, NULL, NULL, NULL),
('TE1C', '1800 CRISTALINO', 'TEQUI', 'ML', '', '700.00', '-0.30', '4.00', '0.00', '441.37', '441.37', '16.00', '0.00', '', 0, NULL, NULL, NULL),
('TE1R', '1800 REPOSADO', 'TEQUI', 'ML', '', '700.00', '-0.72', '4.00', '0.00', '275.85', '275.85', '16.00', '0.00', '', 0, NULL, NULL, NULL),
('TE3A', '3 GEN.PLATA', 'TEQUI', 'ML', '', '750.00', '0.00', '1.00', '0.00', '448.19', '448.19', '16.00', '0.00', '', 0, NULL, NULL, NULL),
('TE3G', '3 GEN.REPOSADO', 'TEQUI', 'ML', '', '750.00', '0.00', '2.00', '0.00', '510.00', '510.00', '16.00', '0.00', '', 0, NULL, NULL, NULL),
('TEAC', 'CENTENARIO AZUL', 'TEQUI', 'ML', '', '750.00', '0.00', '0.00', '0.00', '159.70', '159.70', '16.00', '0.00', '', 0, NULL, NULL, NULL),
('TEAN', 'HERRAD.ANT.REP', 'TEQUI', 'ML', '', '750.00', '0.00', '3.00', '0.00', '185.34', '185.34', '16.00', '0.00', '', 0, NULL, NULL, NULL),
('TEAP', 'ALTOS PLATA', 'TEQUI', 'ML', '', '750.00', '0.00', '0.00', '0.00', '1.00', '1.00', '16.00', '0.00', '', 0, NULL, NULL, NULL),
('TEAR', 'ALTOS REPOSADO', 'TEQUI', 'ML', '', '750.00', '0.00', '0.00', '0.00', '290.73', '290.73', '16.00', '0.00', '', 0, NULL, NULL, NULL),
('TEAZ', 'CAZADORES CRISTALINO', 'TEQUI', 'ML', '', '750.00', '0.00', '2.00', '0.00', '276.52', '276.52', '0.00', '0.00', '', 0, NULL, NULL, NULL),
('TEBL', 'CAZADORES BCO. LT.', 'TEQUI', 'ML', '', '950.00', '0.00', '0.00', '0.00', '173.04', '173.04', '0.00', '0.00', '', 0, NULL, NULL, NULL),
('TECA', 'CAZADORES REP. 750', 'TEQUI', 'ML', '', '750.00', '0.00', '0.00', '0.00', '427.01', '427.01', '0.00', '0.00', '', 0, NULL, NULL, NULL),
('TECC', 'CAZADORES CRIS. 750', 'TEQUI', 'ML', '', '3000.00', '0.00', '2.00', '0.00', '763.47', '763.47', '0.00', '0.00', '', 0, NULL, NULL, NULL),
('TECE', 'CENTENARIO REP.', 'TEQUI', 'ML', '', '700.00', '0.00', '2.00', '0.00', '147.64', '147.64', '16.00', '0.00', '', 0, NULL, NULL, NULL),
('TECJ', 'DON JULIO REP.CLARO', 'TEQUI', 'ML', '', '999.99', '1.00', '4.00', '0.00', '434.61', '434.61', '16.00', '0.00', '', 0, NULL, NULL, NULL);
INSERT INTO `productos` (`codingre`, `descrip`, `familia`, `unidad`, `empaque`, `equivale`, `inventa1`, `stockmax`, `stockmin`, `ultcosto`, `costoprome`, `impuesto`, `pedido`, `status`, `redondeo`, `inventaFisico`, `inventaFisico1`, `diferencia`) VALUES
('TECL', 'TRADICIONAL CRISTALINO', 'TEQUI', 'ML', '', '695.00', '0.48', '3.00', '0.00', '404.56', '404.56', '16.00', '0.00', '', 0, NULL, NULL, NULL),
('TECM', 'CENTENARIO Aï¿½EJO', 'TEQUI', 'ML', '', '700.00', '0.00', '2.00', '0.00', '427.01', '427.01', '0.00', '0.00', '', 0, NULL, NULL, NULL),
('TECP', 'CENTENARIO PLATA', 'TEQUI', 'ML', '', '700.00', '0.00', '2.00', '0.00', '190.00', '190.00', '16.00', '0.00', '', 0, NULL, NULL, NULL),
('TECR', 'TRADICIONAL', 'TEQUI', 'ML', '', '695.00', '-0.06', '12.00', '0.00', '181.03', '181.03', '16.00', '0.00', '', 0, NULL, NULL, NULL),
('TECS', 'CUERVO ESPECIAL REP', 'TEQUI', 'ML', '', '990.00', '1.00', '4.00', '0.00', '103.01', '103.01', '16.00', '0.00', '', 0, NULL, NULL, NULL),
('TECT', 'CENTENARIO REP', 'TEQUI', 'ML', '', '940.00', '0.00', '2.00', '0.00', '160.87', '160.87', '0.00', '0.00', '', 0, NULL, NULL, NULL),
('TECï¿½', 'CENTENARIO Aï¿½EJO', 'TEQUI', 'ML', '', '750.00', '0.00', '0.00', '0.00', '386.55', '386.55', '16.00', '0.00', '', 0, NULL, NULL, NULL),
('TED1', 'DON JULIO 70', 'TEQUI', 'ML', '', '750.00', '0.56', '12.00', '0.00', '435.33', '435.33', '16.00', '0.00', '', 0, NULL, NULL, NULL),
('TED4', 'DON JULIO REP.CLARO', 'TEQUI', 'ML', '', '750.00', '0.88', '4.00', '0.00', '434.61', '434.61', '16.00', '0.00', '', 0, NULL, NULL, NULL),
('TEDB', 'DON JULIO BLANCO', 'TEQUI', 'ML', '', '750.00', '0.52', '4.00', '0.00', '262.93', '262.93', '16.00', '0.00', '', 0, NULL, NULL, NULL),
('TEDJ', 'DON JULIO REP.', 'TEQUI', 'ML', '', '750.00', '-0.32', '4.00', '0.00', '327.57', '327.57', '16.00', '0.00', '', 0, NULL, NULL, NULL),
('TEEB', 'ESPOLON BCO', 'TEQUI', 'ML', '', '750.00', '0.00', '1.00', '0.00', '208.02', '208.02', '16.00', '0.00', '', 0, NULL, NULL, NULL),
('TEEC', 'ESPOLON COLORADO', 'TEQUI', 'ML', '', '750.00', '0.00', '1.00', '0.00', '268.62', '268.62', '16.00', '0.00', '', 0, NULL, NULL, NULL),
('TEEM', 'ESPOLON MARANON', 'TEQUI', 'ML', '', '750.00', '0.00', '1.00', '0.00', '343.97', '343.97', '16.00', '0.00', '', 0, NULL, NULL, NULL),
('TEHA', 'HERRAD.Aï¿½EJO TEQ', 'TEQUI', 'ML', '', '750.00', '0.00', '0.00', '0.00', '394.83', '394.83', '16.00', '0.00', '', 0, NULL, NULL, NULL),
('TEHB', 'HERRAD.BCO', 'TEQUI', 'ML', '', '950.00', '0.53', '2.00', '0.00', '284.47', '284.47', '16.00', '0.00', '', 0, NULL, NULL, NULL),
('TEHJ', 'HERRAD.ANT.CRISTALINO', 'TEQUI', 'ML', '', '700.00', '0.00', '1.00', '0.00', '0.00', '0.00', '0.00', '0.00', '', 0, NULL, NULL, NULL),
('TEHL', 'HACIENDA BLACK', 'TEQUI', 'ML', '', '750.00', '0.00', '0.00', '0.00', '100.00', '100.00', '0.00', '0.00', '', 0, NULL, NULL, NULL),
('TEHN', 'HORNITOS BLACK BARREL', 'TEQUI', 'ML', '', '750.00', '0.00', '3.00', '0.00', '192.46', '192.46', '16.00', '0.00', '', 0, NULL, NULL, NULL),
('TEHP', 'HORNITOS PLATA 750 ML.', 'TEQUI', 'ML', '', '750.00', '0.00', '4.00', '0.00', '112.17', '112.17', '0.00', '0.00', '', 0, NULL, NULL, NULL),
('TEHR', 'HERRAD.REPOSADO', 'TEQUI', 'ML', '', '950.00', '2.00', '8.00', '0.00', '343.95', '343.95', '16.00', '0.00', '', 0, NULL, NULL, NULL),
('TEHS', 'SAUZA HDA.REP. 700 MLS.', 'TEQUI', 'ML', '', '700.00', '0.00', '0.00', '0.00', '107.83', '107.83', '0.00', '0.00', '', 0, NULL, NULL, NULL),
('TEHT', 'HERRAD.PLATA', 'TEQUI', 'ML', '', '750.00', '-0.12', '4.00', '0.00', '255.17', '255.17', '16.00', '0.00', '', 0, NULL, NULL, NULL),
('TEHU', 'HERRAD.SEL.SUPREMA', 'TEQUI', 'ML', '', '750.00', '0.00', '0.00', '0.00', '2122.44', '2122.44', '16.00', '0.00', '', 0, NULL, NULL, NULL),
('TEHX', 'HERRAD.ULTRA', 'TEQUI', 'ML', '', '750.00', '0.00', '2.00', '0.00', '443.97', '443.97', '16.00', '0.00', '', 0, NULL, NULL, NULL),
('TEHZ', 'HERRAD.ANT.BCO', 'TEQUI', 'ML', '', '750.00', '0.00', '0.00', '0.00', '145.73', '145.73', '0.00', '0.00', '', 0, NULL, NULL, NULL),
('TEHï¿½', 'HORNITOS Aï¿½EJO 750 ML.', 'TEQUI', 'ML', '', '750.00', '0.00', '0.00', '0.00', '173.04', '173.04', '0.00', '0.00', '', 0, NULL, NULL, NULL),
('TEJ7', 'JIMADOR REP 700', 'TEQUI', 'ML', '', '700.00', '-0.25', '0.00', '0.00', '108.11', '108.11', '16.00', '0.00', '', 0, NULL, NULL, NULL),
('TEJA', 'DON JULIO Aï¿½EJO', 'TEQUI', 'ML', '', '750.00', '0.00', '4.00', '0.00', '422.41', '422.41', '16.00', '0.00', '', 0, NULL, NULL, NULL),
('TEJB', 'JIMADOR BCO', 'TEQUI', 'ML', '', '700.00', '0.00', '2.00', '0.00', '90.61', '90.61', '0.00', '0.00', '', 0, NULL, NULL, NULL),
('TEJF', 'JIMADOR REP', 'TEQUI', 'ML', '', '700.00', '0.00', '4.00', '0.00', '1.00', '1.00', '0.00', '0.00', '', 0, NULL, NULL, NULL),
('TEJI', 'JIMADOR LT.', 'TEQUI', 'ML', '', '950.00', '0.00', '0.00', '0.00', '109.53', '109.53', '0.00', '0.00', '', 0, NULL, NULL, NULL),
('TEJJ', 'JIMADOR ANEJO', 'TEQUI', 'ML', '', '750.00', '0.00', '0.00', '0.00', '214.66', '214.66', '16.00', '0.00', '', 0, NULL, NULL, NULL),
('TELA', 'LUNA AZUL', 'TEQUI', 'PZ', '', '355.00', '0.00', '2.00', '0.00', '7.25', '7.25', '0.00', '0.00', '', 0, NULL, NULL, NULL),
('TEMA', 'MAESTRO TEQ.Aï¿½EJO', 'TEQUI', 'ML', '', '750.00', '0.00', '0.00', '0.00', '404.31', '404.31', '16.00', '0.00', '', 0, NULL, NULL, NULL),
('TEMB', 'MAESTRO TEQ.BCO', 'TEQUI', 'ML', '', '750.00', '0.00', '4.00', '0.00', '335.78', '335.78', '16.00', '0.00', '', 0, NULL, NULL, NULL),
('TEMD', 'MAESTRO TEQ.DOB.DIAMANTE', 'TEQUI', 'ML', '', '750.00', '0.04', '4.00', '0.00', '430.17', '430.17', '16.00', '0.00', '', 0, NULL, NULL, NULL),
('TEME', 'MAESTRO TEQ.REP', 'TEQUI', 'ML', '', '750.00', '0.00', '4.00', '0.00', '217.24', '217.24', '16.00', '0.00', '', 0, NULL, NULL, NULL),
('TEMP', 'MILAGRO PLATA', 'TEQUI', 'ML', '', '750.00', '0.00', '0.00', '0.00', '185.34', '185.34', '16.00', '0.00', '', 0, NULL, NULL, NULL),
('TEMR', 'MAESTRO TEQ.REPOSADO', 'TEQUI', 'ML', '', '750.00', '0.00', '0.00', '0.00', '390.65', '390.65', '16.00', '0.00', '', 0, NULL, NULL, NULL),
('TEOO', 'ORENDAIN OLLITAS', 'TEQUI', 'ML', '', '750.00', '0.00', '0.00', '0.00', '1.00', '1.00', '16.00', '0.00', '', 0, NULL, NULL, NULL),
('TEOR', 'ORENDAIN REPOSADO', 'TEQUI', 'ML', '', '750.00', '0.00', '0.00', '0.00', '1.00', '1.00', '16.00', '0.00', '', 0, NULL, NULL, NULL),
('TEPA', 'PATRON Aï¿½EJO', 'TEQUI', 'ML', '', '750.00', '0.00', '0.00', '0.00', '545.80', '545.80', '16.00', '0.00', '', 0, NULL, NULL, NULL),
('TEPR', 'PATRON REPOSADO', 'TEQUI', 'ML', '', '750.00', '0.00', '1.00', '0.00', '1.00', '1.00', '0.00', '0.00', '', 0, NULL, NULL, NULL),
('TEPS', 'PATRON SILVER', 'TEQUI', 'ML', '', '750.00', '0.88', '2.00', '0.00', '368.95', '368.95', '0.00', '0.00', '', 0, NULL, NULL, NULL),
('TEPX', 'PATRON XO', 'TEQUI', 'ML', '', '750.00', '0.00', '0.00', '0.00', '1.00', '1.00', '0.00', '0.00', '', 0, NULL, NULL, NULL),
('TERA', 'RESERVA FAMILIA Aï¿½EJO', 'TEQUI', 'ML', '', '750.00', '0.00', '0.00', '0.00', '1422.41', '1422.41', '16.00', '0.00', '', 0, NULL, NULL, NULL),
('TERB', 'CASA DRAGONES BCO', 'TEQUI', 'ML', '', '750.00', '0.00', '0.00', '0.00', '948.28', '948.28', '16.00', '0.00', '', 0, NULL, NULL, NULL),
('TERH', 'REAL HACIENDA', 'TEQUI', 'ML', '', '750.00', '0.00', '0.00', '0.00', '100.00', '100.00', '0.00', '0.00', '', 0, NULL, NULL, NULL),
('TERJ', 'CASA DRAGONES JOVEN', 'TEQUI', 'ML', '', '750.00', '0.00', '0.00', '0.00', '1.00', '1.00', '0.00', '0.00', '', 0, NULL, NULL, NULL),
('TERR', 'RESERVA FAM.REPOSADO', 'TEQUI', 'ML', '', '750.00', '-0.12', '0.00', '0.00', '901.68', '901.68', '16.00', '0.00', '', 0, NULL, NULL, NULL),
('TERS', 'RESERVA FAM PLATINO', 'TEQUI', 'ML', '', '750.00', '0.00', '0.00', '0.00', '490.52', '490.52', '16.00', '0.00', '', 0, NULL, NULL, NULL),
('TESA', 'SUAVE 35 MANDARIN', 'TEQUI', 'ML', '', '750.00', '0.00', '0.00', '0.00', '1.00', '1.00', '0.00', '0.00', '', 0, NULL, NULL, NULL),
('TESC', 'SUAVE 35 CITRUS', 'TEQUI', 'ML', '', '750.00', '0.00', '0.00', '0.00', '1.00', '1.00', '0.00', '0.00', '', 0, NULL, NULL, NULL),
('TESH', 'SAUZA HORNITOS', 'TEQUI', 'ML', '', '684.00', '0.00', '0.00', '0.00', '117.39', '117.39', '0.00', '0.00', '', 0, NULL, NULL, NULL),
('TESM', 'SUAVE 35 MANDARINE TEQ.', 'TEQUI', 'ML', '', '1000.00', '0.00', '0.00', '0.00', '155.65', '155.65', '0.00', '0.00', '', 0, NULL, NULL, NULL),
('TESU', 'HERRAD.SUAVE', 'TEQUI', 'ML', '', '700.00', '0.00', '0.00', '0.00', '112.20', '112.20', '0.00', '0.00', '', 0, NULL, NULL, NULL),
('TETB', 'TEZON BCO', 'TEQUI', 'ML', '', '750.00', '0.00', '0.00', '0.00', '1.00', '1.00', '0.00', '0.00', '', 0, NULL, NULL, NULL),
('TETP', 'TRADICIONAL PLATA', 'TEQUI', 'ML', '', '695.00', '0.96', '2.00', '0.00', '170.68', '170.68', '16.00', '0.00', '', 0, NULL, NULL, NULL),
('TETR', 'TEZON REPOSADO', 'TEQUI', 'ML', '', '750.00', '0.00', '0.00', '0.00', '1.00', '1.00', '0.00', '0.00', '', 0, NULL, NULL, NULL),
('TEVT', 'VOLCAN DE MI TIERRA', 'TEQUI', 'ML', '', '750.00', '0.00', '2.00', '0.00', '100.00', '100.00', '0.00', '0.00', '', 0, NULL, NULL, NULL),
('TEZA', 'CAZADORES Aï¿½EJO 750 ML', 'TEQUI', 'ML', '', '750.00', '0.00', '2.00', '0.00', '247.83', '247.83', '0.00', '0.00', '', 0, NULL, NULL, NULL),
('VBAM', 'ASTI MARTI', 'VINOS', 'ML', '', '750.00', '0.00', '10.00', '0.00', '206.90', '206.90', '16.00', '10.00', 'autorizado', 0, NULL, NULL, NULL),
('VBAN', 'ANDRE ESPUMOSO', 'VINOS', 'ML', '', '750.00', '0.00', '10.00', '0.00', '1.00', '1.00', '0.00', '10.00', 'autorizado', 0, NULL, NULL, NULL),
('VBAS', 'ASTI RICADONNA', 'VINOS', 'ML', '', '750.00', '0.00', '10.00', '0.00', '176.07', '176.07', '16.00', '10.00', 'autorizado', 0, NULL, NULL, NULL),
('VBCB', 'CRUZ BLANCA BLANCO 4 LTS.', 'VINOS', 'ML', '', '4000.00', '0.00', '10.00', '0.00', '17.94', '17.94', '0.00', '10.00', 'autorizado', 0, NULL, NULL, NULL),
('VBEC', 'ELENA CHARDONAY', 'VINOS', 'ML', '', '750.00', '0.00', '10.00', '0.00', '1.00', '1.00', '0.00', '10.00', 'autorizado', 0, NULL, NULL, NULL),
('VBGA', 'LA CETTO BLANCO 750 ML', 'VINOS', 'ML', '', '750.00', '0.00', '10.00', '0.00', '64.33', '64.33', '0.00', '10.00', 'autorizado', 0, NULL, NULL, NULL),
('VBKB', 'KORBEL BRUT', 'VINOS', 'ML', '', '750.00', '0.00', '10.00', '0.00', '1.00', '1.00', '0.00', '10.00', 'autorizado', 0, NULL, NULL, NULL),
('VBKO', 'KORBEL SWEET ROSE', 'VINOS', 'ML', '', '750.00', '0.00', '10.00', '0.00', '1.00', '1.00', '0.00', '10.00', 'autorizado', 0, NULL, NULL, NULL),
('VBME', 'MARTINI ESPUMOSO', 'VINOS', 'ML', '', '750.00', '0.00', '10.00', '0.00', '1.00', '1.00', '0.00', '10.00', 'autorizado', 0, NULL, NULL, NULL),
('VEGU', 'VELVET GUANABANA', 'BEBID', 'ML', '', '1.00', '0.00', '12.00', '0.00', '276.81', '276.81', '16.00', '12.00', 'autorizado', 0, NULL, NULL, NULL),
('VELY', 'VELVET LYCHEE', 'BEBID', 'ML', '', '1.00', '0.00', '12.00', '0.00', '1.00', '1.00', '0.00', '12.00', 'autorizado', 0, NULL, NULL, NULL),
('VEMM', 'MOSCATO MEDITERRANEO', 'VINOS', 'ML', '', '750.00', '0.00', '10.00', '0.00', '225.00', '225.00', '16.00', '10.00', 'autorizado', 0, NULL, NULL, NULL),
('VEPO', 'VELVET POMELO', 'BEBID', 'ML', '', '1.00', '0.00', '12.00', '0.00', '302.20', '302.20', '16.00', '12.00', 'autorizado', 0, NULL, NULL, NULL),
('VI01', 'SANTA ELENA VERNUS BLEND', 'VINOS', 'ML', '', '750.00', '0.00', '10.00', '0.00', '335.00', '335.00', '0.00', '10.00', 'autorizado', 0, NULL, NULL, NULL),
('VIBB', 'VINO BLANCO BATALLA', 'VINOS', 'ML', '', '1000.00', '0.00', '1.00', '0.00', '200.01', '200.01', '0.00', '1.00', 'autorizado', 0, NULL, NULL, NULL),
('VIC2', 'CASA M,ADERO 2V', 'VINOS', 'ML', '', '750.00', '0.00', '10.00', '0.00', '181.03', '181.03', '16.00', '10.00', 'autorizado', 0, NULL, NULL, NULL),
('VICC', 'CASA MADERO CAB. SAUV', 'VINOS', 'ML', '', '750.00', '0.00', '10.00', '0.00', '249.37', '249.37', '16.00', '10.00', 'autorizado', 0, NULL, NULL, NULL),
('VICS', 'CASA MADERO SHIRAZ', 'VINOS', 'ML', '', '750.00', '0.00', '10.00', '0.00', '249.37', '249.37', '16.00', '10.00', 'autorizado', 0, NULL, NULL, NULL),
('VIMC', 'MATARROMERA CRIANZA', 'VINOS', 'ML', '', '750.00', '0.00', '10.00', '0.00', '486.84', '486.84', '16.00', '10.00', 'autorizado', 0, NULL, NULL, NULL),
('VIMM', 'CASA MADERO MERLOT', 'VINOS', 'ML', '', '750.00', '0.00', '10.00', '0.00', '229.82', '229.82', '16.00', '10.00', 'autorizado', 0, NULL, NULL, NULL),
('VIMO', 'MOSCATO ESP.PETALO', 'VINOS', 'ML', '', '750.00', '0.00', '10.00', '0.00', '179.35', '179.35', '16.00', '10.00', 'autorizado', 0, NULL, NULL, NULL),
('VOAB', 'ABSOLUT AZUL', 'VODKA', 'ML', '', '750.00', '0.48', '6.00', '0.00', '153.44', '153.44', '16.00', '0.00', '', 0, NULL, NULL, NULL),
('VOAE', 'ABSOLUT PEARS', 'VODKA', 'ML', '', '750.00', '0.00', '2.00', '0.00', '184.98', '184.98', '16.00', '0.00', '', 0, NULL, NULL, NULL),
('VOAG', 'ABSOLUT LIMA', 'VODKA', 'ML', '', '750.00', '0.00', '2.00', '0.00', '1.00', '1.00', '0.00', '0.00', '', 0, NULL, NULL, NULL),
('VOAK', 'ABSOLUT KURANT', 'VODKA', 'ML', '', '750.00', '0.00', '0.00', '0.00', '175.00', '175.00', '0.00', '0.00', '', 0, NULL, NULL, NULL),
('VOAM', 'ABSOLUT MANDARINE', 'VODKA', 'ML', '', '750.00', '0.64', '2.00', '0.00', '153.44', '153.44', '16.00', '0.00', '', 0, NULL, NULL, NULL),
('VOAP', 'ABSOLUT APEACH', 'VODKA', 'ML', '', '750.00', '0.00', '0.00', '0.00', '143.48', '143.48', '0.00', '0.00', '', 0, NULL, NULL, NULL),
('VOAR', 'ABSOLUT RASPBERRY', 'VODKA', 'ML', '', '750.00', '-0.12', '4.00', '0.00', '184.98', '184.98', '16.00', '0.00', '', 0, NULL, NULL, NULL),
('VOAV', 'ABSOLUT VAINILLA', 'VODKA', 'ML', '', '750.00', '0.00', '0.00', '0.00', '135.65', '135.65', '0.00', '0.00', '', 0, NULL, NULL, NULL),
('VOBE', 'BELVEDERE', 'VODKA', 'ML', '', '700.00', '0.00', '2.00', '0.00', '482.37', '482.37', '16.00', '0.00', '', 0, NULL, NULL, NULL),
('VOBR', 'BRISTOFF', 'VODKA', 'ML', '', '750.00', '0.00', '2.00', '0.00', '1.00', '1.00', '0.00', '0.00', '', 0, NULL, NULL, NULL),
('VOCB', 'CIROC RED BERRY', 'VODKA', 'ML', '', '750.00', '0.00', '0.00', '0.00', '1.00', '1.00', '0.00', '0.00', '', 0, NULL, NULL, NULL),
('VOCC', 'CIROC COCONUT', 'VODKA', 'ML', '', '750.00', '0.00', '0.00', '0.00', '1.00', '1.00', '0.00', '0.00', '', 0, NULL, NULL, NULL),
('VOCI', 'ABSOLUT CITRON', 'VODKA', 'ML', '', '750.00', '0.00', '2.00', '0.00', '184.98', '184.98', '16.00', '0.00', '', 0, NULL, NULL, NULL),
('VOCR', 'CIROC', 'VODKA', 'ML', '', '750.00', '0.00', '2.00', '0.00', '439.66', '439.66', '16.00', '0.00', '', 0, NULL, NULL, NULL),
('VODA', 'DANZKA VODKA NATURAL', 'VODKA', 'ML', '', '750.00', '0.00', '0.00', '0.00', '113.05', '113.05', '0.00', '0.00', '', 0, NULL, NULL, NULL),
('VODC', 'DANZKA CITRON VODKA', 'VODKA', 'ML', '', '750.00', '0.00', '0.00', '0.00', '126.09', '126.09', '0.00', '0.00', '', 0, NULL, NULL, NULL),
('VOER', 'ERISTOFF', 'VODKA', 'ML', '', '700.00', '0.00', '1.00', '0.00', '67.83', '67.83', '0.00', '0.00', '', 0, NULL, NULL, NULL),
('VOFC', 'FINLANDIA CRANBERRY', 'VODKA', 'ML', '', '750.00', '0.00', '0.00', '0.00', '1.00', '1.00', '0.00', '0.00', '', 0, NULL, NULL, NULL),
('VOFI', 'FINLANDIA', 'VODKA', 'ML', '', '750.00', '0.00', '0.00', '0.00', '206.22', '206.22', '16.00', '0.00', '', 0, NULL, NULL, NULL),
('VOFL', 'FINLANDIA LIMON', 'VODKA', 'ML', '', '750.00', '0.00', '0.00', '0.00', '1.00', '1.00', '0.00', '0.00', '', 0, NULL, NULL, NULL),
('VOFM', 'FINLANDIA MANGO', 'VODKA', 'ML', '', '750.00', '0.00', '0.00', '0.00', '1.00', '1.00', '0.00', '0.00', '', 0, NULL, NULL, NULL),
('VOGC', 'GREY GOOSE CITRON', 'VODKA', 'ML', '', '750.00', '0.00', '0.00', '0.00', '1.00', '1.00', '0.00', '0.00', '', 0, NULL, NULL, NULL),
('VOGL', 'GREY GOOSE LA POIRE', 'VODKA', 'ML', '', '750.00', '0.00', '0.00', '0.00', '1.00', '1.00', '0.00', '0.00', '', 0, NULL, NULL, NULL),
('VOGO', 'GOTLAND', 'VODKA', 'ML', '', '750.00', '0.00', '2.00', '0.00', '139.22', '139.22', '16.00', '0.00', '', 0, NULL, NULL, NULL),
('VOGR', 'GREY GOOSE VODKA', 'VODKA', 'ML', '', '700.00', '0.00', '2.00', '0.00', '422.41', '422.41', '16.00', '0.00', '', 0, NULL, NULL, NULL),
('VOKE', 'KETEL ONE', 'VODKA', 'ML', '', '750.00', '0.00', '0.00', '0.00', '250.00', '250.00', '16.00', '0.00', '', 0, NULL, NULL, NULL),
('VOMA', 'ABSOLUT MANGO', 'VODKA', 'ML', '', '750.00', '0.00', '2.00', '0.00', '184.98', '184.98', '16.00', '0.00', '', 0, NULL, NULL, NULL),
('VOPU', 'PUR VODKA ULTRA PRMIUM', 'VODKA', 'ML', '', '750.00', '0.00', '0.00', '0.00', '1.00', '1.00', '16.00', '0.00', '', 0, NULL, NULL, NULL),
('VORR', 'ABSOLUT RUBY RED', 'VODKA', 'ML', '', '750.00', '0.00', '0.00', '0.00', '156.52', '156.52', '0.00', '0.00', '', 0, NULL, NULL, NULL),
('VOSE', 'STOLICHNAYA ELITE', 'VODKA', 'ML', '', '750.00', '0.00', '0.00', '0.00', '738.74', '738.74', '16.00', '0.00', '', 0, NULL, NULL, NULL),
('VOSK', 'SKYY', 'VODKA', 'ML', '', '750.00', '0.00', '2.00', '0.00', '125.17', '125.17', '16.00', '0.00', '', 0, NULL, NULL, NULL),
('VOSM', 'SMIRNOF', 'VODKA', 'ML', '', '1000.00', '-0.48', '4.00', '0.00', '115.52', '115.52', '16.00', '0.00', '', 0, NULL, NULL, NULL),
('VOSO', 'SMIRNOFF TAMARINDO', 'VODKA', 'ML', '', '750.00', '1.00', '3.00', '0.00', '116.38', '116.38', '16.00', '0.00', '', 0, NULL, NULL, NULL),
('VOST', 'STOLICHNAYA NATURAL', 'VODKA', 'ML', '', '750.00', '0.04', '4.00', '0.00', '206.88', '206.88', '16.00', '0.00', '', 0, NULL, NULL, NULL),
('VOSZ', 'SMIRNOFF MANZANA ELEC', 'VODKA', 'ML', '', '750.00', '-0.72', '0.00', '0.00', '115.00', '115.00', '16.00', '0.00', '', 0, NULL, NULL, NULL),
('VOTH', 'THREE OLIVES', 'VODKA', 'NM', '', '750.00', '0.00', '0.00', '0.00', '256.50', '256.50', '16.00', '0.00', '', 0, NULL, NULL, NULL),
('VOWY', 'WYBOROWA NATURAL', 'VODKA', 'ML', '', '750.00', '-0.12', '2.00', '0.00', '103.25', '103.25', '16.00', '0.00', '', 0, NULL, NULL, NULL),
('VTC3', 'CASA MADERO 3V', 'VINOS', 'ML', '', '750.00', '2.00', '0.00', '0.00', '283.61', '283.61', '16.00', '0.00', '', 0, NULL, NULL, NULL),
('VTC4', 'CALIFORNIA TTO 4 LTS', 'VINOS', 'ML', '', '4000.00', '0.00', '4.00', '0.00', '159.48', '159.48', '16.00', '4.00', 'autorizado', 0, NULL, NULL, NULL),
('VTCB', 'CRUZ BLANCA TINTO  4 LTS.', 'VINOS', 'ML', '', '4000.00', '0.00', '0.00', '0.00', '17.94', '17.94', '0.00', '0.00', '', 0, NULL, NULL, NULL),
('VTCD', 'CASILLERO DEL DIABLO', 'VINOS', 'ML', '', '750.00', '0.00', '0.00', '0.00', '83.48', '83.48', '0.00', '0.00', '', 0, NULL, NULL, NULL),
('VTCS', 'CABERNET SAVIGNON', 'VINOS', 'ML', '', '750.00', '0.00', '0.00', '0.00', '0.00', '0.00', '0.00', '0.00', '', 0, NULL, NULL, NULL),
('VTCT', 'CASILLEROS DE TIEBAS', 'VINOS', 'ML', '', '750.00', '0.00', '0.00', '0.00', '25.00', '25.00', '0.00', '0.00', '', 0, NULL, NULL, NULL),
('VTEV', 'ELENA VERNUS BLEND', 'VINOS', 'ML', '', '750.00', '0.00', '0.00', '0.00', '1.00', '1.00', '0.00', '0.00', '', 0, NULL, NULL, NULL),
('VTFC', 'FINCA LA CELIA', 'VINOS', 'ML', '', '750.00', '0.00', '0.00', '0.00', '272.06', '272.06', '0.00', '0.00', '', 0, NULL, NULL, NULL),
('VTFM', 'GRAFFIGNA MALBEC G.R', 'VINOS', 'ML', '', '750.00', '0.00', '0.00', '0.00', '284.48', '284.48', '0.00', '0.00', '', 0, NULL, NULL, NULL),
('VTG4', 'XA DOMEC SAB SAU 375 M', 'VINOS', 'ML', '', '375.00', '0.00', '0.00', '0.00', '30.43', '30.43', '0.00', '0.00', '', 0, NULL, NULL, NULL),
('VTGC', 'CASA GDE CABERNET', 'VINOS', 'ML', '', '750.00', '0.00', '0.00', '0.00', '468.65', '468.65', '16.00', '0.00', '', 0, NULL, NULL, NULL),
('VTGN', 'LA CETTO CAB SAU 750 ML.', 'VINOS', 'ML', '', '750.00', '0.00', '0.00', '0.00', '65.22', '65.22', '0.00', '0.00', '', 0, NULL, NULL, NULL),
('VTGR', 'GRAQFFINGA PINOT GRIGO', 'VINOS', 'ML', '', '750.00', '0.00', '0.00', '0.00', '161.17', '161.17', '0.00', '0.00', '', 0, NULL, NULL, NULL),
('VTGS', 'GRAFFIGNA C.S.CENTENARIO', 'VINOS', 'ML', '', '750.00', '0.00', '0.00', '0.00', '162.87', '162.87', '0.00', '0.00', '', 0, NULL, NULL, NULL),
('VTGT', 'GRAFIN SANTIAGO', 'VINOS', 'ML', '', '750.00', '0.00', '0.00', '0.00', '175.26', '175.26', '0.00', '0.00', '', 0, NULL, NULL, NULL),
('VTMC', 'MARQUES CACERES TTO', 'VINOS', 'ML', '', '750.00', '0.00', '0.00', '0.00', '138.29', '138.29', '0.00', '0.00', '', 0, NULL, NULL, NULL),
('VTMP', 'MARQUES PLUMA COSECHA', 'VINOS', 'ML', '', '750.00', '0.00', '0.00', '0.00', '231.00', '231.00', '16.00', '0.00', '', 0, NULL, NULL, NULL),
('VTMT', 'MARIA TINTO', 'VINOS', 'ML', '', '750.00', '0.00', '0.00', '0.00', '494.66', '494.66', '16.00', '0.00', '', 0, NULL, NULL, NULL),
('VTRM', 'RESERVA MAGNA', 'VINOS', 'ML', '', '750.00', '0.00', '0.00', '0.00', '1.00', '1.00', '0.00', '0.00', '', 0, NULL, NULL, NULL),
('VTRR', 'RESERVA REAL DOMECQ', 'VINOS', 'ML', '', '750.00', '0.00', '0.00', '0.00', '148.45', '148.45', '0.00', '0.00', '', 0, NULL, NULL, NULL),
('VTSA', 'SUAVE GAUDINA', 'VINOS', 'ML', '', '750.00', '0.00', '0.00', '0.00', '225.00', '225.00', '0.00', '0.00', '', 0, NULL, NULL, NULL),
('VTSG', 'CASA GDE SHIRAZ', 'VINOS', 'ML', '', '750.00', '0.00', '0.00', '0.00', '490.52', '490.52', '16.00', '0.00', '', 0, NULL, NULL, NULL),
('VTSH', 'SANTA HELENA R.C.', 'VINOS', 'ML', '', '750.00', '0.00', '0.00', '0.00', '145.04', '145.04', '0.00', '0.00', '', 0, NULL, NULL, NULL),
('VTSV', 'SANTA HELENA VARIETAL', 'VINOS', 'ML', '', '750.00', '0.00', '0.00', '0.00', '92.79', '92.79', '0.00', '0.00', '', 0, NULL, NULL, NULL),
('VTTA', 'TERRAZAS ANDES MALBEC', 'VINOS', 'ML', '', '750.00', '0.00', '0.00', '0.00', '265.41', '265.41', '0.00', '0.00', '', 0, NULL, NULL, NULL),
('VTVF', 'VIï¿½A FLORA', 'VINOS', 'ML', '', '750.00', '0.00', '0.00', '0.00', '197.00', '197.00', '16.00', '0.00', '', 0, NULL, NULL, NULL),
('WHB8', 'BUCHANANS 18 Aï¿½OS', 'WHISK', 'ML', '', '750.00', '0.88', '4.00', '0.00', '1017.23', '1017.23', '16.00', '0.00', '', 0, NULL, NULL, NULL),
('WHBA', 'BALLANTINES 12 Aï¿½OS 750 M', 'WHISK', 'ML', '', '750.00', '0.00', '0.00', '0.00', '389.11', '389.11', '16.00', '0.00', '', 0, NULL, NULL, NULL),
('WHBB', 'BLACK BUSH', 'WHISK', 'ML', '', '750.00', '0.00', '1.00', '0.00', '464.35', '464.35', '16.00', '0.00', '', 0, NULL, NULL, NULL),
('WHBF', 'BALLANTINE FINE', 'WHISK', 'ML', '', '750.00', '0.00', '2.00', '0.00', '175.86', '175.86', '16.00', '0.00', '', 0, NULL, NULL, NULL),
('WHBL', 'BULLEIT', 'WHISK', 'ML', '', '750.00', '0.00', '2.00', '0.00', '305.25', '305.25', '16.00', '0.00', '', 0, NULL, NULL, NULL),
('WHBM', 'BUCHANANS MASTER', 'WHISK', 'ML', '', '750.00', '0.40', '6.00', '0.00', '521.54', '521.54', '16.00', '0.00', '', 0, NULL, NULL, NULL),
('WHBR', 'BUCHANANS RED SEAL', 'WHISK', 'ML', '', '750.00', '0.00', '0.00', '0.00', '2284.48', '2284.48', '16.00', '0.00', '', 0, NULL, NULL, NULL),
('WHBS', 'BUSHMILLS BLACK BUSH', 'WHISK', 'ML', '', '750.00', '0.00', '0.00', '0.00', '1.00', '1.00', '0.00', '0.00', '', 0, NULL, NULL, NULL),
('WHBU', 'BUCHANANS 12 Aï¿½OS', 'WHISK', 'ML', '', '750.00', '-0.80', '24.00', '0.00', '430.17', '430.17', '16.00', '0.00', '', 0, NULL, NULL, NULL),
('WHBW', 'BLACK & WHITE', 'WHISK', 'ML', '', '700.00', '-1.42', '6.00', '0.00', '111.20', '111.20', '16.00', '0.00', '', 0, NULL, NULL, NULL),
('WHC1', 'CHIVAS REGAL 21', 'WHISK', 'ML', '', '750.00', '0.00', '0.00', '0.00', '2309.47', '2309.47', '16.00', '0.00', '', 0, NULL, NULL, NULL),
('WHC5', 'CHIVAS REGAL EXTRA', 'WHISK', 'ML', '', '750.00', '0.00', '2.00', '0.00', '1.00', '1.00', '0.00', '0.00', '', 0, NULL, NULL, NULL),
('WHC8', 'CHIVAS REGAL 18 Aï¿½OS', 'WHISK', 'ML', '', '750.00', '0.00', '2.00', '0.00', '1159.47', '1159.48', '16.00', '0.00', '', 0, NULL, NULL, NULL),
('WHCA', 'CARDHU SINGLE MALT', 'WHISK', 'ML', '', '750.00', '0.00', '0.00', '0.00', '538.79', '538.79', '16.00', '0.00', '', 0, NULL, NULL, NULL),
('WHCL', 'CHIVAS MAGUM 1.5', 'WHISK', 'ML', '', '1500.00', '0.00', '0.00', '0.00', '1.00', '1.00', '0.00', '0.00', '', 0, NULL, NULL, NULL),
('WHCM', 'CANADIAN MIST', 'WHISK', 'ML', '', '750.00', '0.00', '0.00', '0.00', '150.62', '150.62', '16.00', '0.00', '', 0, NULL, NULL, NULL),
('WHCR', 'CHIVAS REGAL 12 Aï¿½OS', 'WHISK', 'ML', '', '750.00', '1.52', '4.00', '0.00', '387.91', '387.91', '16.00', '0.00', '', 0, NULL, NULL, NULL),
('WHCV', 'COUVOISIER VS', 'COGNA', 'ML', '', '750.00', '0.00', '10.00', '0.00', '1.00', '1.00', '0.00', '0.00', '', 0, NULL, NULL, NULL),
('WHD2', 'DALMORE 12', 'WHISK', 'ML', '', '700.00', '0.00', '1.00', '0.00', '922.97', '922.97', '16.00', '0.00', '', 0, NULL, NULL, NULL),
('WHD5', 'DALMORE 15', 'WHISK', 'ML', '', '700.00', '0.00', '0.00', '0.00', '1658.41', '1658.41', '0.00', '0.00', '', 0, NULL, NULL, NULL),
('WHD8', 'DEWARS 15 Aï¿½OS', 'WHISK', 'ML', '', '750.00', '0.00', '1.00', '0.00', '3105.81', '3105.81', '0.00', '0.00', '', 0, NULL, NULL, NULL),
('WHDE', 'DEWARS 12 Aï¿½OS', 'WHISK', 'ML', '', '750.00', '0.00', '1.00', '0.00', '260.00', '260.00', '0.00', '0.00', '', 0, NULL, NULL, NULL),
('WHDW', 'DEWARS 18 Aï¿½OS', 'WHISK', 'ML', '', '750.00', '0.00', '1.00', '0.00', '144.35', '144.35', '0.00', '0.00', '', 0, NULL, NULL, NULL),
('WHEN', 'JW NEGRA', 'WHISK', 'ML', '', '750.00', '1.76', '12.00', '0.00', '452.57', '452.57', '16.00', '0.00', '', 0, NULL, NULL, NULL),
('WHER', 'JW ROJA', 'WHISK', 'ML', '', '700.00', '-2.35', '24.00', '0.00', '171.54', '171.54', '16.00', '0.00', '', 0, NULL, NULL, NULL),
('WHET', 'EARLY TIMES', 'WHISK', 'ML', '', '750.00', '0.00', '0.00', '0.00', '123.56', '123.56', '16.00', '0.00', '', 0, NULL, NULL, NULL),
('WHG1', 'GLENFIDICH 15', 'WHISK', 'ML', '', '750.00', '0.00', '0.00', '0.00', '918.10', '918.10', '16.00', '0.00', '', 0, NULL, NULL, NULL),
('WHG5', 'GLENLIVET 15', 'WHISK', 'ML', '', '750.00', '0.00', '0.00', '0.00', '1.00', '1.00', '0.00', '0.00', '', 0, NULL, NULL, NULL),
('WHG8', 'GLENFIDDICH FOUNDERS RES', 'WHISK', 'ML', '', '750.00', '0.00', '3.00', '0.00', '1482.76', '1482.76', '16.00', '0.00', '', 0, NULL, NULL, NULL),
('WHGE', 'GLENFIDDISH 12', 'WHISK', 'ML', '', '750.00', '-0.36', '3.00', '0.00', '549.98', '549.98', '16.00', '0.00', '', 0, NULL, NULL, NULL),
('WHGG', 'GLEN GRANT', 'WHISK', 'ML', '', '750.00', '0.00', '1.00', '0.00', '228.45', '228.45', '16.00', '0.00', '', 0, NULL, NULL, NULL),
('WHGL', 'GLENLIVET 12', 'WHISK', 'ML', '', '750.00', '0.00', '0.00', '0.00', '634.00', '634.00', '0.00', '0.00', '', 0, NULL, NULL, NULL),
('WHGM', 'GLENMORANGIE ORIGINAL', 'WHISK', 'ML', '', '750.00', '0.00', '1.00', '0.00', '692.84', '692.84', '16.00', '0.00', '', 0, NULL, NULL, NULL),
('WHGN', 'GENTLEMAN JACK', 'WHISK', 'ML', '', '750.00', '0.00', '0.00', '0.00', '495.69', '495.69', '16.00', '0.00', '', 0, NULL, NULL, NULL),
('WHJ#', 'JIM BEAM', 'WHISK', 'ML', '', '750.00', '0.00', '2.00', '0.00', '1052.59', '1052.59', '0.00', '0.00', '', 0, NULL, NULL, NULL),
('WHJ1', 'JURA ORIGIN 10', 'WHISK', 'ML', '', '700.00', '-2.00', '0.00', '0.00', '724.21', '724.21', '0.00', '0.00', '', 0, NULL, NULL, NULL),
('WHJ6', 'SINGLETON 12', 'WHISK', 'ML', '', '700.00', '0.00', '2.00', '0.00', '1127.58', '1127.58', '0.00', '0.00', '', 0, NULL, NULL, NULL),
('WHJA', 'JAMESON', 'WHISK', 'ML', '', '750.00', '-0.36', '2.00', '0.00', '265.52', '265.52', '16.00', '0.00', '', 0, NULL, NULL, NULL),
('WHJB', 'J & B', 'WHISK', 'ML', '', '750.00', '0.00', '0.00', '0.00', '168.97', '168.97', '16.00', '0.00', '', 0, NULL, NULL, NULL),
('WHJD', 'JACK DANIELS', 'WHISK', 'ML', '', '700.00', '-0.31', '6.00', '0.00', '288.78', '288.78', '16.00', '0.00', '', 0, NULL, NULL, NULL),
('WHJH', 'JACK DANIELS HONEY', 'WHISK', 'ML', '', '700.00', '-0.27', '4.00', '0.00', '288.78', '288.78', '16.00', '0.00', '', 0, NULL, NULL, NULL),
('WHJK', 'JW DOUBLE BLACK', 'WHISK', 'ML', '', '750.00', '-0.24', '3.00', '0.00', '560.34', '560.34', '16.00', '0.00', '', 0, NULL, NULL, NULL),
('WHJO', 'JW DORADA', 'WHISK', 'ML', '', '750.00', '0.00', '2.00', '0.00', '745.69', '745.69', '16.00', '0.00', '', 0, NULL, NULL, NULL),
('WHJP', 'JURA PROPHECY SINGLE MALT', 'WHISK', 'ML', '', '700.00', '0.00', '0.00', '0.00', '1405.60', '1405.60', '0.00', '0.00', '', 0, NULL, NULL, NULL),
('WHJR', 'JAMESON SP RESERVA', 'WHISK', 'ML', '', '750.00', '0.00', '2.00', '0.00', '1.00', '1.00', '0.00', '0.00', '', 0, NULL, NULL, NULL),
('WHJS', 'JACK DANIELS SINGLE BARRE', 'WHISK', 'ML', '', '700.00', '0.00', '0.00', '0.00', '861.21', '861.21', '16.00', '0.00', '', 0, NULL, NULL, NULL),
('WHJU', 'JURA SUPERSTITION', 'WHISK', 'ML', '', '700.00', '0.00', '0.00', '0.00', '898.35', '898.35', '16.00', '0.00', '', 0, NULL, NULL, NULL),
('WHJV', 'JW VERDE', 'WHISK', 'ML', '', '750.00', '0.00', '1.00', '0.00', '850.00', '850.00', '16.00', '0.00', '', 0, NULL, NULL, NULL),
('WHJZ', 'JW AZUL', 'WHISK', 'ML', '', '750.00', '0.00', '0.00', '0.00', '3232.76', '3232.76', '16.00', '0.00', '', 0, NULL, NULL, NULL),
('WHM5', 'MACALLAN 15', 'WHISK', 'ML', '', '700.00', '0.00', '0.00', '0.00', '1.00', '1.00', '16.00', '0.00', '', 0, NULL, NULL, NULL),
('WHM8', 'MACALLAN 18 Aï¿½OS', 'WHISK', 'ML', '', '750.00', '0.00', '0.00', '0.00', '1.00', '1.00', '0.00', '0.00', '', 0, NULL, NULL, NULL),
('WHMA', 'MACALLAN AMBER', 'WHISK', 'ML', '', '700.00', '0.00', '1.00', '0.00', '1.00', '1.00', '16.00', '0.00', '', 0, NULL, NULL, NULL),
('WHMC', 'MACALLAN 12 Aï¿½OS', 'WHISK', 'ML', '', '700.00', '0.00', '4.00', '0.00', '853.45', '853.45', '16.00', '0.00', '', 0, NULL, NULL, NULL),
('WHMK', 'MACALLAN RARE CASK', 'WHISK', 'ML', '', '700.00', '0.00', '0.00', '0.00', '1.00', '1.00', '16.00', '0.00', '', 0, NULL, NULL, NULL),
('WHMR', 'MACALLAN RUBY', 'WHISK', 'ML', '', '750.00', '0.00', '0.00', '0.00', '4344.83', '4344.83', '16.00', '0.00', '', 0, NULL, NULL, NULL),
('WHMX', 'MARKER MARK BOURBON', 'WHISK', 'ML', '', '750.00', '0.00', '2.00', '0.00', '1800.00', '1800.00', '0.00', '0.00', '', 0, NULL, NULL, NULL),
('WHNO', 'NOMAD', 'WHISK', 'ML', '', '700.00', '0.00', '0.00', '0.00', '1.00', '1.00', '16.00', '0.00', '', 0, NULL, NULL, NULL),
('WHOM', 'OLD PARR SMUGGLER', 'WHISK', 'ML', '', '750.00', '0.00', '0.00', '0.00', '88.79', '88.79', '16.00', '0.00', '', 0, NULL, NULL, NULL),
('WHOP', 'OLD PARR', 'WHISK', 'ML', '', '700.00', '1.00', '3.00', '0.00', '387.93', '387.93', '16.00', '0.00', '', 0, NULL, NULL, NULL),
('WHOS', 'OLD PARR SILVER', 'WHISK', 'ML', '', '750.00', '-0.84', '0.00', '0.00', '331.90', '331.90', '16.00', '0.00', '', 0, NULL, NULL, NULL),
('WHPA', 'PASSPORT', 'WHISK', 'ML', '', '700.00', '0.00', '2.00', '0.00', '117.24', '117.24', '16.00', '0.00', '', 0, NULL, NULL, NULL),
('WHSI', 'SINGLETON 12', 'WHISK', 'ML', '', '700.00', '0.00', '2.00', '0.00', '215.52', '215.52', '16.00', '0.00', '', 0, NULL, NULL, NULL),
('WHWO', 'WOODFORD', 'WHISK', 'ML', '', '750.00', '0.00', '0.00', '0.00', '1.00', '1.00', '0.00', '0.00', '', 0, NULL, NULL, NULL);

-- --------------------------------------------------------

--
-- Estructura de tabla para la tabla `usuario`
--

CREATE TABLE `usuario` (
  `id_user` int(10) NOT NULL,
  `username` varchar(30) COLLATE utf8_bin NOT NULL,
  `password` varchar(25) COLLATE utf8_bin NOT NULL,
  `cargo` varchar(30) COLLATE utf8_bin NOT NULL,
  `nombre` varchar(30) COLLATE utf8_bin NOT NULL,
  `email` varchar(50) COLLATE utf8_bin NOT NULL
) ENGINE=InnoDB DEFAULT CHARSET=utf8 COLLATE=utf8_bin;

--
-- Volcado de datos para la tabla `usuario`
--

INSERT INTO `usuario` (`id_user`, `username`, `password`, `cargo`, `nombre`, `email`) VALUES
(1, 'ivan', '12345', 'administrador', 'ivan colula', 'ivan_f789@hotmail.com'),
(2, 'paola', '12345', 'gerente1', 'paola paez', 'paola@gmail.com'),
(3, 'memo', '12345', 'cocina', 'julio', 'julio@gmail.com'),
(4, 'raul', '12345', 'barra', 'raul', 'raul@gmail.com'),
(5, 'Luis', '12345', 'barra', 'Luis sanchez', 'luis@gmail.com'),
(6, 'cocina', '12345', 'cocina', 'cocina', 'cocina@gmail.com'),
(8, 'raul', '12345', 'barra', 'raul rulo', 'raul@gmail.com'),
(9, 'jorge', 'jorge', 'no', 'jorgito', 'sada@dfs'),
(10, 'jose', '12345', 'cocina', 'Jose sanchez modificado', 'jose@gmail.com'),
(11, 'luis', '12345', 'cocina', 'luis lopez', 'luis@gmail.com'),
(12, '12345', '12345', 'barra', '12345', '');

--
-- Índices para tablas volcadas
--

--
-- Indices de la tabla `actualiza`
--
ALTER TABLE `actualiza`
  ADD PRIMARY KEY (`id_actualiza`),
  ADD UNIQUE KEY `id_actualiza` (`id_actualiza`);

--
-- Indices de la tabla `familia`
--
ALTER TABLE `familia`
  ADD PRIMARY KEY (`cod_familia`),
  ADD UNIQUE KEY `cod_familia` (`cod_familia`);

--
-- Indices de la tabla `pedidos`
--
ALTER TABLE `pedidos`
  ADD PRIMARY KEY (`id_pedido`),
  ADD UNIQUE KEY `id_pedido` (`id_pedido`);

--
-- Indices de la tabla `pedido_producto`
--
ALTER TABLE `pedido_producto`
  ADD KEY `id_pedido` (`id_pedido`),
  ADD KEY `id_prod` (`codingre`);

--
-- Indices de la tabla `productos`
--
ALTER TABLE `productos`
  ADD PRIMARY KEY (`codingre`),
  ADD UNIQUE KEY `codingre` (`codingre`);

--
-- Indices de la tabla `usuario`
--
ALTER TABLE `usuario`
  ADD PRIMARY KEY (`id_user`),
  ADD UNIQUE KEY `user_id` (`id_user`);

--
-- AUTO_INCREMENT de las tablas volcadas
--

--
-- AUTO_INCREMENT de la tabla `actualiza`
--
ALTER TABLE `actualiza`
  MODIFY `id_actualiza` int(11) NOT NULL AUTO_INCREMENT, AUTO_INCREMENT=25;

--
-- AUTO_INCREMENT de la tabla `pedidos`
--
ALTER TABLE `pedidos`
  MODIFY `id_pedido` int(10) NOT NULL AUTO_INCREMENT, AUTO_INCREMENT=31;

--
-- AUTO_INCREMENT de la tabla `usuario`
--
ALTER TABLE `usuario`
  MODIFY `id_user` int(10) NOT NULL AUTO_INCREMENT, AUTO_INCREMENT=13;
COMMIT;

/*!40101 SET CHARACTER_SET_CLIENT=@OLD_CHARACTER_SET_CLIENT */;
/*!40101 SET CHARACTER_SET_RESULTS=@OLD_CHARACTER_SET_RESULTS */;
/*!40101 SET COLLATION_CONNECTION=@OLD_COLLATION_CONNECTION */;
