-- phpMyAdmin SQL Dump
-- version 4.8.4
-- https://www.phpmyadmin.net/
--
-- Servidor: 127.0.0.1
-- Tiempo de generación: 20-05-2019 a las 19:58:39
-- Versión del servidor: 10.1.37-MariaDB
-- Versión de PHP: 7.3.1

SET SQL_MODE = "NO_AUTO_VALUE_ON_ZERO";
SET AUTOCOMMIT = 0;
START TRANSACTION;
SET time_zone = "+00:00";


/*!40101 SET @OLD_CHARACTER_SET_CLIENT=@@CHARACTER_SET_CLIENT */;
/*!40101 SET @OLD_CHARACTER_SET_RESULTS=@@CHARACTER_SET_RESULTS */;
/*!40101 SET @OLD_COLLATION_CONNECTION=@@COLLATION_CONNECTION */;
/*!40101 SET NAMES utf8mb4 */;

--
-- Base de datos: `almacen`
--

-- --------------------------------------------------------

--
-- Estructura de tabla para la tabla `actualiza`
--

CREATE TABLE `actualiza` (
  `id_actualiza` int(11) NOT NULL,
  `nombre_archivo` varchar(15) COLLATE utf8_bin NOT NULL,
  `hora` time NOT NULL,
  `fecha` date NOT NULL,
  `peso` float NOT NULL,
  `estado` varchar(15) COLLATE utf8_bin DEFAULT NULL
) ENGINE=InnoDB DEFAULT CHARSET=utf8 COLLATE=utf8_bin;

--
-- Volcado de datos para la tabla `actualiza`
--

INSERT INTO `actualiza` (`id_actualiza`, `nombre_archivo`, `hora`, `fecha`, `peso`, `estado`) VALUES
(55, 'OCOMPRA.CSV', '06:02:10', '2019-04-03', 77792, 'Listo'),
(56, 'OCOMPRA.CSV', '02:41:12', '2019-05-13', 84951, 'Listo'),
(58, 'OCOMPRA.CSV', '18:48:21', '2019-04-25', 54092, 'Listo'),
(59, 'OCOMPRA.CSV', '11:17:20', '2019-05-18', 103523, 'Listo'),
(60, 'OCOMPRA.CSV', '10:33:29', '2019-05-19', 125772, 'Listo');

-- --------------------------------------------------------

--
-- Estructura de tabla para la tabla `familia`
--

CREATE TABLE `familia` (
  `cod_familia` varchar(20) COLLATE utf8_bin NOT NULL,
  `descripcion` varchar(50) COLLATE utf8_bin NOT NULL,
  `area` varchar(15) COLLATE utf8_bin DEFAULT NULL
) ENGINE=InnoDB DEFAULT CHARSET=utf8 COLLATE=utf8_bin;

--
-- Volcado de datos para la tabla `familia`
--

INSERT INTO `familia` (`cod_familia`, `descripcion`, `area`) VALUES
('ABARR', 'Abarrotes Gral.', 'cocina'),
('ABBAR', 'Abarrotes Bar', 'barra'),
('ANISS', 'Anis', 'barra'),
('BAJAA', 'Bajas cocina', 'cocina'),
('BAJAB', 'Bajas Barra', 'barra'),
('BEBID', 'Bebida no alcolizante', 'barra'),
('BRAND', 'Brandy', 'barra'),
('BUFET', 'Bufette', 'cocina'),
('CAFEE', 'Cafe/Te', 'cocina'),
('CARNE', 'Carne', 'cocina'),
('CERVE', 'Cerveza', 'barra'),
('CHAMP', 'champagne', 'barra'),
('CIGAR', 'Cigarro', 'barra'),
('COGNA', 'Cogna', 'barra'),
('COMIS', 'COMIS', 'cocina'),
('CONGE', 'Congelado', 'cocina'),
('EMBUT', 'Embutido', 'cocina'),
('ENERG', 'Energeticos', 'cocina'),
('ESPEC', 'Especias', 'cocina'),
('FRUTA', 'Fruta', 'cocina'),
('GINEB', 'Ginebra', 'barra'),
('HIELO', 'Hielo', 'barra'),
('IMPOR', 'Importados', 'cocina'),
('JEREZ', 'Jerez', 'barra'),
('JUGOS', 'Jugos', 'barra'),
('LACTE', 'Lacteo', 'cocina'),
('LICOR', 'Licores', 'barra'),
('MEZCA', 'Mezcal', 'barra'),
('PAN Y', 'Pan', 'cocina'),
('PANTO', 'Pan y Tortillas', 'cocina'),
('PESCA', 'Pescado', 'cocina'),
('PRODU', 'Produccion', 'cocina'),
('REFRE', 'Refresco', 'barra'),
('RONNN', 'Ron', 'barra'),
('SUBRE', 'SUBRE', 'cocina'),
('SULI', 'Suministros Limpieza', 'cocina'),
('SURES', 'Suministro Res', 'cocina'),
('TEQUI', 'Tequila', 'barra'),
('TORTI', 'Tortilleria', 'cocina'),
('VERDU', 'Verdura', 'cocina'),
('VINOS', 'Vino', 'barra'),
('VODKA', 'vodka', 'barra'),
('WHISK', 'Whisky', 'barra');

-- --------------------------------------------------------

--
-- Estructura de tabla para la tabla `inventario`
--

CREATE TABLE `inventario` (
  `id_invetario` int(11) NOT NULL,
  `fecha` date NOT NULL,
  `hora` time NOT NULL,
  `area` char(15) COLLATE utf8_bin NOT NULL,
  `ruta` char(30) COLLATE utf8_bin NOT NULL,
  `costo` decimal(10,2) NOT NULL
) ENGINE=InnoDB DEFAULT CHARSET=utf8 COLLATE=utf8_bin;

-- --------------------------------------------------------

--
-- Estructura de tabla para la tabla `pedidos`
--

CREATE TABLE `pedidos` (
  `id_pedido` int(10) NOT NULL,
  `fecha_pedido` date NOT NULL,
  `fecha_autoriza_cancela` date DEFAULT NULL,
  `hora` time NOT NULL,
  `hora_autoriza_cancela` time DEFAULT NULL,
  `autoriza` varchar(30) COLLATE utf8_bin DEFAULT NULL,
  `solicita` varchar(30) COLLATE utf8_bin NOT NULL,
  `estado` varchar(20) COLLATE utf8_bin NOT NULL,
  `observaciones` varchar(150) COLLATE utf8_bin DEFAULT NULL,
  `unidad_medida` varchar(10) COLLATE utf8_bin NOT NULL,
  `total_prod` float NOT NULL,
  `costo_total` float NOT NULL,
  `familia` char(30) COLLATE utf8_bin NOT NULL
) ENGINE=InnoDB DEFAULT CHARSET=utf8 COLLATE=utf8_bin;

--
-- Volcado de datos para la tabla `pedidos`
--

INSERT INTO `pedidos` (`id_pedido`, `fecha_pedido`, `fecha_autoriza_cancela`, `hora`, `hora_autoriza_cancela`, `autoriza`, `solicita`, `estado`, `observaciones`, `unidad_medida`, `total_prod`, `costo_total`, `familia`) VALUES
(1, '2019-04-15', '2019-04-15', '12:36:04', '06:44:13', 'administrador1', 'administrador', 'autorizado', NULL, '', 90, 79046.6, ''),
(2, '2019-04-15', '2019-04-15', '12:38:30', '06:44:03', 'administrador1', 'cocina', 'autorizado', NULL, '', 90, 79046.6, ''),
(3, '2019-04-15', '2019-04-15', '06:45:54', '07:00:50', 'administrador1', 'administrador1', 'autorizado', NULL, '', 91, 83368.4, ''),
(4, '2019-04-15', '2019-04-15', '11:43:52', '11:47:16', 'administrador1', 'administrador1', 'autorizado', NULL, '', 91, 83368.4, ''),
(5, '2019-04-15', '2019-04-15', '11:50:28', '11:50:58', 'administrador1', 'administrador1', 'autorizado', NULL, '', 17, 9284.84, ''),
(6, '2019-04-15', '2019-04-15', '11:56:58', '11:57:10', 'administrador1', 'administrador1', 'autorizado', NULL, '', 91, 83368.4, ''),
(7, '2019-04-16', '2019-04-16', '12:04:20', '12:05:41', 'administrador1', 'administrador1', 'autorizado', NULL, '', 91, 82767.8, ''),
(8, '2019-04-16', '2019-04-16', '12:09:41', '01:10:41', 'administrador1', 'administrador1', 'autorizado', NULL, '', 91, 82767.8, ''),
(9, '2019-04-16', '2019-04-16', '01:12:57', '01:13:52', 'administrador1', 'administrador1', 'autorizado', NULL, '', 91, 83368.4, ''),
(10, '2019-04-16', '2019-04-16', '01:14:12', '01:14:15', 'administrador1', 'administrador1', 'autorizado', NULL, '', 3, 1775.47, ''),
(11, '2019-04-16', '2019-04-16', '02:09:51', '02:12:07', 'administrador1', 'administrador1', 'autorizado', NULL, '', 17, 9414.63, ''),
(12, '2019-04-16', '2019-04-16', '02:12:28', '02:13:43', 'administrador1', 'administrador1', 'autorizado', NULL, '', 17, 9284.84, ''),
(13, '2019-04-16', '2019-04-16', '02:13:51', '02:14:59', 'administrador1', 'administrador1', 'autorizado', NULL, '', 17, 9284.84, ''),
(14, '2019-04-16', '2019-04-16', '02:15:09', '02:15:12', 'administrador1', 'administrador1', 'autorizado', NULL, '', 17, 9284.84, ''),
(15, '2019-04-16', '2019-04-16', '02:15:30', '02:15:54', 'administrador1', 'administrador1', 'autorizado', NULL, '', 17, 9284.84, ''),
(16, '2019-04-16', '2019-04-16', '02:18:07', '02:18:10', 'administrador1', 'administrador1', 'autorizado', NULL, '', 17, 9284.84, ''),
(17, '2019-04-16', '2019-04-16', '02:18:58', '02:19:00', 'administrador1', 'administrador1', 'autorizado', NULL, '', 17, 9284.84, ''),
(18, '2019-04-16', '2019-04-16', '02:20:15', '02:20:19', 'administrador1', 'administrador1', 'autorizado', NULL, '', 17, 9482.25, ''),
(19, '2019-04-16', '2019-04-16', '02:21:39', '02:21:57', 'administrador1', 'administrador1', 'autorizado', NULL, '', 17, 9482.25, ''),
(20, '2019-05-14', NULL, '11:01:20', NULL, NULL, 'gerente', 'pedido', NULL, '', 92, 13059.6, 'ABARR'),
(21, '2019-05-14', '2019-05-14', '11:04:14', '11:04:24', 'gerente', 'gerente', 'autorizado', NULL, '', 92, 13059.6, 'ABARR'),
(22, '2019-05-14', '2019-05-14', '11:36:31', '05:51:44', 'gerente', 'gerente', 'autorizado', NULL, '', 92, 13059.6, 'ABARR'),
(23, '2019-05-14', '2019-05-14', '05:35:03', '05:50:42', 'gerente', 'gerente', 'autorizado', NULL, '', 92, 11898.8, 'ABARR'),
(24, '2019-05-18', NULL, '01:15:12', NULL, NULL, 'cocina', 'pedido', NULL, '', 90, 11282.1, 'ABARR'),
(25, '2019-05-18', NULL, '01:28:16', NULL, NULL, 'cocina', 'pedido', NULL, '', 90, 11282.1, 'ABARR'),
(26, '2019-05-18', NULL, '01:32:42', NULL, NULL, 'cocina', 'pedido', NULL, '', 6, 2555.47, 'CAFEE'),
(27, '2019-05-18', NULL, '01:37:56', NULL, NULL, 'cocina', 'pedido', NULL, '', 6, 2555.47, 'CAFEE'),
(28, '2019-05-18', NULL, '01:41:00', NULL, NULL, 'cocina', 'pedido', NULL, '', 6, 2555.47, 'CAFEE'),
(29, '2019-05-18', NULL, '01:45:28', NULL, NULL, 'cocina', 'pedido', NULL, '', 6, 2555.47, 'CAFEE'),
(30, '2019-05-18', NULL, '01:45:32', NULL, NULL, 'cocina', 'pedido', NULL, '', 6, 2555.47, 'CAFEE'),
(31, '2019-05-18', NULL, '01:45:58', NULL, NULL, 'cocina', 'pedido', NULL, '', 6, 2555.47, 'CAFEE'),
(32, '2019-05-18', NULL, '01:50:19', NULL, NULL, 'cocina', 'pedido', NULL, '', 6, 2555.47, 'CAFEE'),
(33, '2019-05-18', NULL, '08:15:36', NULL, NULL, 'cocina', 'pedido', NULL, '', 6, 2555.47, 'CAFEE'),
(34, '2019-05-18', NULL, '08:47:09', NULL, NULL, 'cocina', 'pedido', NULL, '', 90, 11282.1, 'ABARR'),
(35, '2019-05-19', NULL, '09:18:26', NULL, NULL, 'cocina', 'pedido', NULL, '', 6, 2555.47, 'CAFEE'),
(36, '2019-05-19', NULL, '09:19:11', NULL, NULL, 'cocina', 'pedido', NULL, '', 90, 11282.1, 'ABARR'),
(37, '2019-05-19', NULL, '09:24:24', NULL, NULL, 'cocina', 'pedido', NULL, '', 90, 11282.1, 'ABARR'),
(38, '2019-05-19', NULL, '09:29:35', NULL, NULL, 'cocina', 'pedido', NULL, '', 90, 11282.1, 'ABARR'),
(39, '2019-05-19', NULL, '09:29:54', NULL, NULL, 'cocina', 'pedido', NULL, '', 6, 3100.47, 'CAFEE'),
(40, '2019-05-19', NULL, '09:31:33', NULL, NULL, 'cocina', 'pedido', NULL, '', 6, 3100.47, 'CAFEE'),
(41, '2019-05-19', NULL, '09:35:50', NULL, NULL, 'cocina', 'pedido', NULL, '', 6, 2945.47, 'CAFEE'),
(42, '2019-05-19', NULL, '09:37:13', NULL, NULL, 'cocina', 'pedido', NULL, '', 6, 3444.22, 'CAFEE'),
(43, '2019-05-19', NULL, '09:40:37', NULL, NULL, 'cocina', 'pedido', NULL, '', 6, 2945.47, 'CAFEE'),
(44, '2019-05-19', NULL, '09:50:11', NULL, NULL, 'cocina', 'pedido', NULL, '', 6, 3100.47, 'CAFEE'),
(45, '2019-05-19', NULL, '09:51:56', NULL, NULL, 'cocina', 'pedido', NULL, '', 6, 2555.47, 'CAFEE'),
(46, '2019-05-19', NULL, '09:52:43', NULL, NULL, 'cocina', 'pedido', NULL, '', 6, 3100.47, 'CAFEE'),
(47, '2019-05-19', NULL, '09:54:49', NULL, NULL, 'cocina', 'pedido', NULL, '', 6, 3100.47, 'CAFEE'),
(48, '2019-05-19', NULL, '09:55:43', NULL, NULL, 'cocina', 'pedido', NULL, '', 6, 2945.47, 'CAFEE'),
(49, '2019-05-19', NULL, '09:56:58', NULL, NULL, 'cocina', 'pedido', NULL, '', 6, 2945.47, 'CAFEE'),
(50, '2019-05-19', NULL, '09:58:34', NULL, NULL, 'cocina', 'pedido', NULL, '', 6, 3490.47, 'CAFEE'),
(51, '2019-05-19', NULL, '09:59:14', NULL, NULL, 'cocina', 'pedido', NULL, '', 6, 3100.47, 'CAFEE'),
(52, '2019-05-19', NULL, '05:47:04', NULL, NULL, 'barra', 'pedido', NULL, '', 11, 8.69, 'CERVE'),
(53, '2019-05-19', NULL, '05:53:13', NULL, NULL, 'gerente', 'pedido', NULL, '', 11, 18.35, 'CERVE'),
(54, '2019-05-19', NULL, '05:57:07', NULL, NULL, 'gerente', 'pedido', NULL, '', 11, 18.35, 'CERVE'),
(55, '2019-05-19', NULL, '06:02:55', NULL, NULL, 'gerente', 'pedido', NULL, '', 11, 27.8, 'CERVE'),
(56, '2019-05-19', NULL, '06:23:25', NULL, NULL, 'gerente', 'pedido', NULL, '', 11, 18.35, 'CERVE'),
(57, '2019-05-19', NULL, '06:24:24', NULL, NULL, 'gerente', 'pedido', NULL, '', 11, 27.04, 'CERVE'),
(58, '2019-05-19', NULL, '06:25:10', NULL, NULL, 'gerente', 'pedido', NULL, '', 11, 27.04, 'CERVE'),
(59, '2019-05-19', NULL, '06:31:56', NULL, NULL, 'gerente', 'pedido', NULL, '', 11, 28.24, 'CERVE'),
(60, '2019-05-19', NULL, '06:34:30', NULL, NULL, 'gerente', 'pedido', NULL, '', 11, 18.35, 'CERVE'),
(61, '2019-05-19', NULL, '06:34:56', NULL, NULL, 'gerente', 'pedido', NULL, '', 11, 34.62, 'CERVE'),
(62, '2019-05-19', NULL, '07:32:44', NULL, NULL, 'gerente', 'pedido', NULL, '', 11, 18.35, 'CERVE'),
(63, '2019-05-19', NULL, '07:35:58', NULL, NULL, 'gerente', 'pedido', NULL, '', 6, 0, 'CAFEE'),
(64, '2019-05-19', NULL, '07:37:34', NULL, NULL, 'gerente', 'pedido', NULL, '', 6, 545, 'CAFEE'),
(65, '2019-05-19', NULL, '07:39:17', NULL, NULL, 'gerente', 'pedido', NULL, '', 6, 1362.5, 'CAFEE'),
(66, '2019-05-19', NULL, '08:57:04', NULL, NULL, 'cocina', 'pedido', NULL, '', 89, 0, 'ABARR'),
(67, '2019-05-19', NULL, '08:58:16', NULL, NULL, 'cocina', 'pedido', NULL, '', 6, 545, 'CAFEE'),
(68, '2019-05-20', NULL, '12:32:14', NULL, NULL, 'bodeganame', 'pedido', NULL, '', 6, 390, 'CAFEE'),
(69, '2019-05-20', NULL, '12:33:16', NULL, NULL, 'bodeganame', 'pedido', NULL, '', 6, 390, 'CAFEE'),
(70, '2019-05-20', NULL, '12:34:58', NULL, NULL, 'bodeganame', 'pedido', NULL, '', 6, 545, 'CAFEE'),
(71, '2019-05-20', NULL, '12:40:28', NULL, NULL, 'cocina', 'pedido', NULL, '', 6, 0, 'CAFEE'),
(72, '2019-05-20', NULL, '12:40:54', NULL, NULL, 'cocina', 'pedido', NULL, '', 6, 545, 'CAFEE'),
(73, '2019-05-20', NULL, '01:02:57', NULL, NULL, 'bodeganame', 'pedido', NULL, '', 6, 0, 'CAFEE'),
(74, '2019-05-20', NULL, '01:04:17', NULL, NULL, 'bodeganame', 'pedido', NULL, '', 6, 545, 'CAFEE'),
(75, '2019-05-20', NULL, '01:10:03', NULL, NULL, 'bodeganame', 'pedido', NULL, '', 6, 545, 'CAFEE'),
(76, '2019-05-20', NULL, '01:28:11', NULL, NULL, 'bodeganame', 'pedido', NULL, '', 6, 0, 'CAFEE'),
(77, '2019-05-20', NULL, '01:30:54', NULL, NULL, 'bodeganame', 'pedido', NULL, '', 6, 0, 'CAFEE'),
(78, '2019-05-20', NULL, '01:32:57', NULL, NULL, 'bodeganame', 'pedido', NULL, '', 6, 0, 'CAFEE'),
(79, '2019-05-20', NULL, '01:33:44', NULL, NULL, 'bodeganame', 'pedido', NULL, '', 6, 0, 'CAFEE'),
(80, '2019-05-20', NULL, '01:40:22', NULL, NULL, 'bodeganame', 'pedido', NULL, '', 6, 0, 'CAFEE');

-- --------------------------------------------------------

--
-- Estructura de tabla para la tabla `pedido_producto`
--

CREATE TABLE `pedido_producto` (
  `id_pedido` int(10) NOT NULL,
  `codingre` varchar(10) COLLATE utf8_bin NOT NULL,
  `fecha_pedido` date NOT NULL,
  `hora_pedido` time NOT NULL,
  `num_prod` float NOT NULL,
  `estado_prod` varchar(20) COLLATE utf8_bin DEFAULT NULL,
  `observacion` char(30) COLLATE utf8_bin NOT NULL
) ENGINE=InnoDB DEFAULT CHARSET=utf8 COLLATE=utf8_bin;

--
-- Volcado de datos para la tabla `pedido_producto`
--

INSERT INTO `pedido_producto` (`id_pedido`, `codingre`, `fecha_pedido`, `hora_pedido`, `num_prod`, `estado_prod`, `observacion`) VALUES
(1, '0005', '2019-04-15', '12:36:04', 10, 'autorizado', ''),
(1, '0011', '2019-04-15', '12:36:04', 10, 'autorizado', ''),
(1, '0018', '2019-04-15', '12:36:04', 10, 'autorizado', ''),
(1, '0066', '2019-04-15', '12:36:04', 10, 'autorizado', ''),
(1, '0025', '2019-04-15', '12:36:04', 10, 'autorizado', ''),
(1, '0007', '2019-04-15', '12:36:04', 10, 'autorizado', ''),
(1, '0080', '2019-04-15', '12:36:04', 10, 'autorizado', ''),
(1, '0082', '2019-04-15', '12:36:04', 10, 'autorizado', ''),
(1, '0012', '2019-04-15', '12:36:04', 10, 'autorizado', ''),
(1, '0026', '2019-04-15', '12:36:04', 10, 'autorizado', ''),
(1, '0073', '2019-04-15', '12:36:04', 10, 'autorizado', ''),
(1, '0027', '2019-04-15', '12:36:04', 10, 'autorizado', ''),
(1, '0028', '2019-04-15', '12:36:04', 10, 'autorizado', ''),
(1, '0086', '2019-04-15', '12:36:04', 10, 'autorizado', ''),
(1, '0029', '2019-04-15', '12:36:04', 10, 'autorizado', ''),
(1, '0016', '2019-04-15', '12:36:04', 10, 'autorizado', ''),
(1, '0030', '2019-04-15', '12:36:04', 10, 'autorizado', ''),
(1, '0081', '2019-04-15', '12:36:04', 10, 'autorizado', ''),
(1, '0031', '2019-04-15', '12:36:04', 10, 'autorizado', ''),
(1, 'CC04', '2019-04-15', '12:36:04', 1.54, 'autorizado', ''),
(1, 'CC05', '2019-04-15', '12:36:04', 1, 'autorizado', ''),
(1, '0032', '2019-04-15', '12:36:04', 10, 'autorizado', ''),
(1, '0003', '2019-04-15', '12:36:04', 10, 'autorizado', ''),
(1, '0079', '2019-04-15', '12:36:04', 10, 'autorizado', ''),
(1, '0033', '2019-04-15', '12:36:04', 10, 'autorizado', ''),
(1, '0034', '2019-04-15', '12:36:04', 10, 'autorizado', ''),
(1, '0035', '2019-04-15', '12:36:04', 10, 'autorizado', ''),
(1, '0036', '2019-04-15', '12:36:04', 10, 'autorizado', ''),
(1, '0037', '2019-04-15', '12:36:04', 10, 'autorizado', ''),
(1, '0071', '2019-04-15', '12:36:04', 10, 'autorizado', ''),
(1, '0077', '2019-04-15', '12:36:04', 10, 'autorizado', ''),
(1, '0038', '2019-04-15', '12:36:04', 10, 'autorizado', ''),
(1, '0039', '2019-04-15', '12:36:04', 10, 'autorizado', ''),
(1, '0009', '2019-04-15', '12:36:04', 10, 'autorizado', ''),
(1, '0083', '2019-04-15', '12:36:04', 10, 'autorizado', ''),
(1, '0076', '2019-04-15', '12:36:04', 10, 'autorizado', ''),
(1, '0040', '2019-04-15', '12:36:04', 10, 'autorizado', ''),
(1, '0074', '2019-04-15', '12:36:04', 10, 'autorizado', ''),
(1, '0041', '2019-04-15', '12:36:04', 10, 'autorizado', ''),
(1, '0042', '2019-04-15', '12:36:04', 10, 'autorizado', ''),
(1, '0078', '2019-04-15', '12:36:04', 10, 'autorizado', ''),
(1, '0065', '2019-04-15', '12:36:04', 10, 'autorizado', ''),
(1, '0043', '2019-04-15', '12:36:04', 10, 'autorizado', ''),
(1, '0044', '2019-04-15', '12:36:04', 10, 'autorizado', ''),
(1, '0045', '2019-04-15', '12:36:04', 10, 'autorizado', ''),
(1, '0046', '2019-04-15', '12:36:04', 10, 'autorizado', ''),
(1, '0067', '2019-04-15', '12:36:04', 10, 'autorizado', ''),
(1, '0010', '2019-04-15', '12:36:04', 10, 'autorizado', ''),
(1, '0047', '2019-04-15', '12:36:04', 10, 'autorizado', ''),
(1, '0004', '2019-04-15', '12:36:04', 10, 'autorizado', ''),
(1, '0024', '2019-04-15', '12:36:04', 10, 'autorizado', ''),
(1, '0017', '2019-04-15', '12:36:04', 10, 'autorizado', ''),
(1, '0049', '2019-04-15', '12:36:04', 10, 'autorizado', ''),
(1, '0075', '2019-04-15', '12:36:04', 10, 'autorizado', ''),
(1, '0072', '2019-04-15', '12:36:04', 10, 'autorizado', ''),
(1, '0021', '2019-04-15', '12:36:04', 10, 'autorizado', ''),
(1, '0050', '2019-04-15', '12:36:04', 10, 'autorizado', ''),
(1, '0051', '2019-04-15', '12:36:04', 10, 'autorizado', ''),
(1, '0052', '2019-04-15', '12:36:04', 10, 'autorizado', ''),
(1, '0013', '2019-04-15', '12:36:04', 10, 'autorizado', ''),
(1, '0053', '2019-04-15', '12:36:04', 10, 'autorizado', ''),
(1, '0054', '2019-04-15', '12:36:04', 10, 'autorizado', ''),
(1, '0055', '2019-04-15', '12:36:04', 10, 'autorizado', ''),
(1, '0056', '2019-04-15', '12:36:04', 10, 'autorizado', ''),
(1, '0057', '2019-04-15', '12:36:04', 10, 'autorizado', ''),
(1, '0058', '2019-04-15', '12:36:04', 10, 'autorizado', ''),
(1, '0084', '2019-04-15', '12:36:04', 10, 'autorizado', ''),
(1, '0087', '2019-04-15', '12:36:04', 10, 'autorizado', ''),
(1, '0059', '2019-04-15', '12:36:04', 10, 'autorizado', ''),
(1, '0060', '2019-04-15', '12:36:04', 10, 'autorizado', ''),
(1, '0019', '2019-04-15', '12:36:04', 10, 'autorizado', ''),
(1, '0088', '2019-04-15', '12:36:04', 10, 'autorizado', ''),
(1, '0068', '2019-04-15', '12:36:04', 10, 'autorizado', ''),
(1, '0022', '2019-04-15', '12:36:04', 10, 'autorizado', ''),
(1, '0014', '2019-04-15', '12:36:04', 10, 'autorizado', ''),
(1, '0006', '2019-04-15', '12:36:04', 10, 'autorizado', ''),
(1, '0070', '2019-04-15', '12:36:04', 10, 'autorizado', ''),
(1, '0015', '2019-04-15', '12:36:04', 10, 'autorizado', ''),
(1, '0061', '2019-04-15', '12:36:04', 10, 'autorizado', ''),
(1, '0085', '2019-04-15', '12:36:04', 10, 'autorizado', ''),
(1, '0243', '2019-04-15', '12:36:04', 10, 'autorizado', ''),
(1, '0020', '2019-04-15', '12:36:04', 10, 'autorizado', ''),
(1, '0062', '2019-04-15', '12:36:04', 10, 'autorizado', ''),
(1, '0023', '2019-04-15', '12:36:04', 10, 'autorizado', ''),
(1, '0063', '2019-04-15', '12:36:04', 10, 'autorizado', ''),
(1, '0008', '2019-04-15', '12:36:04', 10, 'autorizado', ''),
(1, '0064', '2019-04-15', '12:36:04', 10, 'autorizado', ''),
(1, '0069', '2019-04-15', '12:36:04', 10, 'autorizado', ''),
(2, '0005', '2019-04-15', '12:38:30', 10, 'autorizado', ''),
(2, '0011', '2019-04-15', '12:38:30', 10, 'autorizado', ''),
(2, '0018', '2019-04-15', '12:38:30', 10, 'autorizado', ''),
(2, '0066', '2019-04-15', '12:38:30', 10, 'autorizado', ''),
(2, '0025', '2019-04-15', '12:38:30', 10, 'autorizado', ''),
(2, '0007', '2019-04-15', '12:38:30', 10, 'autorizado', ''),
(2, '0080', '2019-04-15', '12:38:30', 10, 'autorizado', ''),
(2, '0082', '2019-04-15', '12:38:30', 10, 'autorizado', ''),
(2, '0012', '2019-04-15', '12:38:30', 10, 'autorizado', ''),
(2, '0026', '2019-04-15', '12:38:30', 10, 'autorizado', ''),
(2, '0073', '2019-04-15', '12:38:30', 10, 'autorizado', ''),
(2, '0027', '2019-04-15', '12:38:30', 10, 'autorizado', ''),
(2, '0028', '2019-04-15', '12:38:30', 10, 'autorizado', ''),
(2, '0086', '2019-04-15', '12:38:30', 10, 'autorizado', ''),
(2, '0029', '2019-04-15', '12:38:30', 10, 'autorizado', ''),
(2, '0016', '2019-04-15', '12:38:30', 10, 'autorizado', ''),
(2, '0030', '2019-04-15', '12:38:30', 10, 'autorizado', ''),
(2, '0081', '2019-04-15', '12:38:30', 10, 'autorizado', ''),
(2, '0031', '2019-04-15', '12:38:30', 10, 'autorizado', ''),
(2, 'CC04', '2019-04-15', '12:38:30', 1.54, 'autorizado', ''),
(2, 'CC05', '2019-04-15', '12:38:30', 1, 'autorizado', ''),
(2, '0032', '2019-04-15', '12:38:30', 10, 'autorizado', ''),
(2, '0003', '2019-04-15', '12:38:30', 10, 'autorizado', ''),
(2, '0079', '2019-04-15', '12:38:30', 10, 'autorizado', ''),
(2, '0033', '2019-04-15', '12:38:30', 10, 'autorizado', ''),
(2, '0034', '2019-04-15', '12:38:30', 10, 'autorizado', ''),
(2, '0035', '2019-04-15', '12:38:30', 10, 'autorizado', ''),
(2, '0036', '2019-04-15', '12:38:30', 10, 'autorizado', ''),
(2, '0037', '2019-04-15', '12:38:30', 10, 'autorizado', ''),
(2, '0071', '2019-04-15', '12:38:30', 10, 'autorizado', ''),
(2, '0077', '2019-04-15', '12:38:30', 10, 'autorizado', ''),
(2, '0038', '2019-04-15', '12:38:30', 10, 'autorizado', ''),
(2, '0039', '2019-04-15', '12:38:30', 10, 'autorizado', ''),
(2, '0009', '2019-04-15', '12:38:30', 10, 'autorizado', ''),
(2, '0083', '2019-04-15', '12:38:30', 10, 'autorizado', ''),
(2, '0076', '2019-04-15', '12:38:30', 10, 'autorizado', ''),
(2, '0040', '2019-04-15', '12:38:30', 10, 'autorizado', ''),
(2, '0074', '2019-04-15', '12:38:30', 10, 'autorizado', ''),
(2, '0041', '2019-04-15', '12:38:30', 10, 'autorizado', ''),
(2, '0042', '2019-04-15', '12:38:30', 10, 'autorizado', ''),
(2, '0078', '2019-04-15', '12:38:30', 10, 'autorizado', ''),
(2, '0065', '2019-04-15', '12:38:30', 10, 'autorizado', ''),
(2, '0043', '2019-04-15', '12:38:30', 10, 'autorizado', ''),
(2, '0044', '2019-04-15', '12:38:30', 10, 'autorizado', ''),
(2, '0045', '2019-04-15', '12:38:30', 10, 'autorizado', ''),
(2, '0046', '2019-04-15', '12:38:30', 10, 'autorizado', ''),
(2, '0067', '2019-04-15', '12:38:30', 10, 'autorizado', ''),
(2, '0010', '2019-04-15', '12:38:30', 10, 'autorizado', ''),
(2, '0047', '2019-04-15', '12:38:30', 10, 'autorizado', ''),
(2, '0004', '2019-04-15', '12:38:30', 10, 'autorizado', ''),
(2, '0024', '2019-04-15', '12:38:30', 10, 'autorizado', ''),
(2, '0017', '2019-04-15', '12:38:30', 10, 'autorizado', ''),
(2, '0049', '2019-04-15', '12:38:30', 10, 'autorizado', ''),
(2, '0075', '2019-04-15', '12:38:30', 10, 'autorizado', ''),
(2, '0072', '2019-04-15', '12:38:30', 10, 'autorizado', ''),
(2, '0021', '2019-04-15', '12:38:30', 10, 'autorizado', ''),
(2, '0050', '2019-04-15', '12:38:30', 10, 'autorizado', ''),
(2, '0051', '2019-04-15', '12:38:30', 10, 'autorizado', ''),
(2, '0052', '2019-04-15', '12:38:30', 10, 'autorizado', ''),
(2, '0013', '2019-04-15', '12:38:30', 10, 'autorizado', ''),
(2, '0053', '2019-04-15', '12:38:30', 10, 'autorizado', ''),
(2, '0054', '2019-04-15', '12:38:30', 10, 'autorizado', ''),
(2, '0055', '2019-04-15', '12:38:30', 10, 'autorizado', ''),
(2, '0056', '2019-04-15', '12:38:30', 10, 'autorizado', ''),
(2, '0057', '2019-04-15', '12:38:30', 10, 'autorizado', ''),
(2, '0058', '2019-04-15', '12:38:30', 10, 'autorizado', ''),
(2, '0084', '2019-04-15', '12:38:30', 10, 'autorizado', ''),
(2, '0087', '2019-04-15', '12:38:30', 10, 'autorizado', ''),
(2, '0059', '2019-04-15', '12:38:30', 10, 'autorizado', ''),
(2, '0060', '2019-04-15', '12:38:30', 10, 'autorizado', ''),
(2, '0019', '2019-04-15', '12:38:30', 10, 'autorizado', ''),
(2, '0088', '2019-04-15', '12:38:30', 10, 'autorizado', ''),
(2, '0068', '2019-04-15', '12:38:30', 10, 'autorizado', ''),
(2, '0022', '2019-04-15', '12:38:30', 10, 'autorizado', ''),
(2, '0014', '2019-04-15', '12:38:30', 10, 'autorizado', ''),
(2, '0006', '2019-04-15', '12:38:30', 10, 'autorizado', ''),
(2, '0070', '2019-04-15', '12:38:30', 10, 'autorizado', ''),
(2, '0015', '2019-04-15', '12:38:30', 10, 'autorizado', ''),
(2, '0061', '2019-04-15', '12:38:30', 10, 'autorizado', ''),
(2, '0085', '2019-04-15', '12:38:30', 10, 'autorizado', ''),
(2, '0243', '2019-04-15', '12:38:30', 10, 'autorizado', ''),
(2, '0020', '2019-04-15', '12:38:30', 10, 'autorizado', ''),
(2, '0062', '2019-04-15', '12:38:30', 10, 'autorizado', ''),
(2, '0023', '2019-04-15', '12:38:30', 10, 'autorizado', ''),
(2, '0063', '2019-04-15', '12:38:30', 10, 'autorizado', ''),
(2, '0008', '2019-04-15', '12:38:30', 10, 'autorizado', ''),
(2, '0064', '2019-04-15', '12:38:30', 10, 'autorizado', ''),
(2, '0069', '2019-04-15', '12:38:30', 10, 'autorizado', ''),
(3, 'CC04', '2019-04-15', '06:45:54', 1.54, 'autorizado', ''),
(3, 'CC05', '2019-04-15', '06:45:54', 1, 'autorizado', ''),
(3, '0005', '2019-04-15', '06:45:54', 10, 'autorizado', ''),
(3, '0011', '2019-04-15', '06:45:54', 10, 'autorizado', ''),
(3, '0018', '2019-04-15', '06:45:54', 10, 'autorizado', ''),
(3, '0066', '2019-04-15', '06:45:54', 10, 'autorizado', ''),
(3, '0025', '2019-04-15', '06:45:54', 10, 'autorizado', ''),
(3, '0007', '2019-04-15', '06:45:54', 10, 'autorizado', ''),
(3, '0080', '2019-04-15', '06:45:54', 10, 'autorizado', ''),
(3, '0082', '2019-04-15', '06:45:54', 10, 'autorizado', ''),
(3, '0012', '2019-04-15', '06:45:54', 10, 'autorizado', ''),
(3, '0026', '2019-04-15', '06:45:54', 10, 'autorizado', ''),
(3, '0073', '2019-04-15', '06:45:54', 10, 'autorizado', ''),
(3, '0027', '2019-04-15', '06:45:54', 10, 'autorizado', ''),
(3, '0028', '2019-04-15', '06:45:54', 10, 'autorizado', ''),
(3, '0086', '2019-04-15', '06:45:54', 10, 'autorizado', ''),
(3, '0029', '2019-04-15', '06:45:54', 10, 'autorizado', ''),
(3, '0016', '2019-04-15', '06:45:54', 10, 'autorizado', ''),
(3, '0030', '2019-04-15', '06:45:54', 10, 'autorizado', ''),
(3, '0081', '2019-04-15', '06:45:54', 10, 'autorizado', ''),
(3, '0031', '2019-04-15', '06:45:54', 10, 'autorizado', ''),
(3, '0032', '2019-04-15', '06:45:54', 10, 'autorizado', ''),
(3, '0003', '2019-04-15', '06:45:54', 10, 'autorizado', ''),
(3, '0079', '2019-04-15', '06:45:54', 10, 'autorizado', ''),
(3, '0033', '2019-04-15', '06:45:54', 10, 'autorizado', ''),
(3, '0034', '2019-04-15', '06:45:54', 10, 'autorizado', ''),
(3, '0035', '2019-04-15', '06:45:54', 10, 'autorizado', ''),
(3, '0036', '2019-04-15', '06:45:54', 10, 'autorizado', ''),
(3, '0037', '2019-04-15', '06:45:54', 10, 'autorizado', ''),
(3, '0071', '2019-04-15', '06:45:54', 10, 'autorizado', ''),
(3, '0077', '2019-04-15', '06:45:54', 10, 'autorizado', ''),
(3, '0038', '2019-04-15', '06:45:54', 10, 'autorizado', ''),
(3, '0039', '2019-04-15', '06:45:54', 10, 'autorizado', ''),
(3, '0009', '2019-04-15', '06:45:54', 10, 'autorizado', ''),
(3, '0083', '2019-04-15', '06:45:54', 10, 'autorizado', ''),
(3, '0076', '2019-04-15', '06:45:54', 10, 'autorizado', ''),
(3, '0040', '2019-04-15', '06:45:54', 10, 'autorizado', ''),
(3, '0074', '2019-04-15', '06:45:54', 10, 'autorizado', ''),
(3, '0041', '2019-04-15', '06:45:54', 10, 'autorizado', ''),
(3, '0042', '2019-04-15', '06:45:54', 10, 'autorizado', ''),
(3, '0078', '2019-04-15', '06:45:54', 10, 'autorizado', ''),
(3, '0065', '2019-04-15', '06:45:54', 10, 'autorizado', ''),
(3, '0043', '2019-04-15', '06:45:54', 10, 'autorizado', ''),
(3, '0044', '2019-04-15', '06:45:54', 10, 'autorizado', ''),
(3, '0045', '2019-04-15', '06:45:54', 10, 'autorizado', ''),
(3, '0046', '2019-04-15', '06:45:54', 10, 'autorizado', ''),
(3, '0067', '2019-04-15', '06:45:54', 10, 'autorizado', ''),
(3, '0010', '2019-04-15', '06:45:54', 10, 'autorizado', ''),
(3, '0047', '2019-04-15', '06:45:54', 10, 'autorizado', ''),
(3, '0004', '2019-04-15', '06:45:54', 10, 'autorizado', ''),
(3, '0048', '2019-04-15', '06:45:54', 10, 'autorizado', ''),
(3, '0024', '2019-04-15', '06:45:54', 10, 'autorizado', ''),
(3, '0017', '2019-04-15', '06:45:54', 10, 'autorizado', ''),
(3, '0049', '2019-04-15', '06:45:54', 10, 'autorizado', ''),
(3, '0075', '2019-04-15', '06:45:54', 10, 'autorizado', ''),
(3, '0072', '2019-04-15', '06:45:54', 10, 'autorizado', ''),
(3, '0021', '2019-04-15', '06:45:54', 10, 'autorizado', ''),
(3, '0050', '2019-04-15', '06:45:54', 10, 'autorizado', ''),
(3, '0051', '2019-04-15', '06:45:54', 10, 'autorizado', ''),
(3, '0052', '2019-04-15', '06:45:54', 10, 'autorizado', ''),
(3, '0013', '2019-04-15', '06:45:54', 10, 'autorizado', ''),
(3, '0053', '2019-04-15', '06:45:54', 10, 'autorizado', ''),
(3, '0002', '2019-04-15', '06:45:54', 10, 'autorizado', ''),
(3, '0054', '2019-04-15', '06:45:54', 10, 'autorizado', ''),
(3, '0055', '2019-04-15', '06:45:54', 10, 'autorizado', ''),
(3, '0056', '2019-04-15', '06:45:54', 10, 'autorizado', ''),
(3, '0057', '2019-04-15', '06:45:54', 10, 'autorizado', ''),
(3, '0069', '2019-04-15', '06:45:54', 10, 'autorizado', ''),
(3, '0058', '2019-04-15', '06:45:54', 10, 'autorizado', ''),
(3, '0084', '2019-04-15', '06:45:54', 10, 'autorizado', ''),
(3, '0087', '2019-04-15', '06:45:54', 10, 'autorizado', ''),
(3, '0059', '2019-04-15', '06:45:54', 10, 'autorizado', ''),
(3, '0060', '2019-04-15', '06:45:54', 10, 'autorizado', ''),
(3, '0019', '2019-04-15', '06:45:54', 10, 'autorizado', ''),
(3, '0088', '2019-04-15', '06:45:54', 10, 'autorizado', ''),
(3, '0068', '2019-04-15', '06:45:54', 10, 'autorizado', ''),
(3, '0022', '2019-04-15', '06:45:54', 10, 'autorizado', ''),
(3, '0014', '2019-04-15', '06:45:54', 10, 'autorizado', ''),
(3, '0006', '2019-04-15', '06:45:54', 10, 'autorizado', ''),
(3, '0070', '2019-04-15', '06:45:54', 10, 'autorizado', ''),
(3, '0015', '2019-04-15', '06:45:54', 10, 'autorizado', ''),
(3, '0061', '2019-04-15', '06:45:54', 10, 'autorizado', ''),
(3, '0085', '2019-04-15', '06:45:54', 10, 'autorizado', ''),
(3, '0020', '2019-04-15', '06:45:54', 10, 'autorizado', ''),
(3, '0062', '2019-04-15', '06:45:54', 10, 'autorizado', ''),
(3, '0023', '2019-04-15', '06:45:54', 10, 'autorizado', ''),
(3, '0063', '2019-04-15', '06:45:54', 10, 'autorizado', ''),
(3, '0008', '2019-04-15', '06:45:54', 10, 'autorizado', ''),
(3, '0064', '2019-04-15', '06:45:54', 10, 'autorizado', ''),
(4, 'CC04', '2019-04-15', '11:43:52', 1.54, 'autorizado', ''),
(4, 'CC05', '2019-04-15', '11:43:52', 1, 'autorizado', ''),
(4, '0005', '2019-04-15', '11:43:52', 10, 'autorizado', ''),
(4, '0011', '2019-04-15', '11:43:52', 10, 'autorizado', ''),
(4, '0018', '2019-04-15', '11:43:52', 10, 'autorizado', ''),
(4, '0066', '2019-04-15', '11:43:52', 10, 'autorizado', ''),
(4, '0025', '2019-04-15', '11:43:52', 10, 'autorizado', ''),
(4, '0007', '2019-04-15', '11:43:52', 10, 'autorizado', ''),
(4, '0080', '2019-04-15', '11:43:52', 10, 'autorizado', ''),
(4, '0082', '2019-04-15', '11:43:52', 10, 'autorizado', ''),
(4, '0012', '2019-04-15', '11:43:52', 10, 'autorizado', ''),
(4, '0026', '2019-04-15', '11:43:52', 10, 'autorizado', ''),
(4, '0073', '2019-04-15', '11:43:52', 10, 'autorizado', ''),
(4, '0027', '2019-04-15', '11:43:52', 10, 'autorizado', ''),
(4, '0028', '2019-04-15', '11:43:52', 10, 'autorizado', ''),
(4, '0086', '2019-04-15', '11:43:52', 10, 'autorizado', ''),
(4, '0029', '2019-04-15', '11:43:52', 10, 'autorizado', ''),
(4, '0016', '2019-04-15', '11:43:52', 10, 'autorizado', ''),
(4, '0030', '2019-04-15', '11:43:52', 10, 'autorizado', ''),
(4, '0081', '2019-04-15', '11:43:52', 10, 'autorizado', ''),
(4, '0031', '2019-04-15', '11:43:52', 10, 'autorizado', ''),
(4, '0032', '2019-04-15', '11:43:52', 10, 'autorizado', ''),
(4, '0003', '2019-04-15', '11:43:52', 10, 'autorizado', ''),
(4, '0079', '2019-04-15', '11:43:52', 10, 'autorizado', ''),
(4, '0033', '2019-04-15', '11:43:52', 10, 'autorizado', ''),
(4, '0034', '2019-04-15', '11:43:52', 10, 'autorizado', ''),
(4, '0035', '2019-04-15', '11:43:52', 10, 'autorizado', ''),
(4, '0036', '2019-04-15', '11:43:52', 10, 'autorizado', ''),
(4, '0037', '2019-04-15', '11:43:52', 10, 'autorizado', ''),
(4, '0071', '2019-04-15', '11:43:52', 10, 'autorizado', ''),
(4, '0077', '2019-04-15', '11:43:52', 10, 'autorizado', ''),
(4, '0038', '2019-04-15', '11:43:52', 10, 'autorizado', ''),
(4, '0039', '2019-04-15', '11:43:52', 10, 'autorizado', ''),
(4, '0009', '2019-04-15', '11:43:52', 10, 'autorizado', ''),
(4, '0083', '2019-04-15', '11:43:52', 10, 'autorizado', ''),
(4, '0076', '2019-04-15', '11:43:52', 10, 'autorizado', ''),
(4, '0040', '2019-04-15', '11:43:52', 10, 'autorizado', ''),
(4, '0074', '2019-04-15', '11:43:52', 10, 'autorizado', ''),
(4, '0041', '2019-04-15', '11:43:52', 10, 'autorizado', ''),
(4, '0042', '2019-04-15', '11:43:52', 10, 'autorizado', ''),
(4, '0078', '2019-04-15', '11:43:52', 10, 'autorizado', ''),
(4, '0065', '2019-04-15', '11:43:52', 10, 'autorizado', ''),
(4, '0043', '2019-04-15', '11:43:52', 10, 'autorizado', ''),
(4, '0044', '2019-04-15', '11:43:52', 10, 'autorizado', ''),
(4, '0045', '2019-04-15', '11:43:52', 10, 'autorizado', ''),
(4, '0046', '2019-04-15', '11:43:52', 10, 'autorizado', ''),
(4, '0067', '2019-04-15', '11:43:52', 10, 'autorizado', ''),
(4, '0010', '2019-04-15', '11:43:52', 10, 'autorizado', ''),
(4, '0047', '2019-04-15', '11:43:52', 10, 'autorizado', ''),
(4, '0004', '2019-04-15', '11:43:52', 10, 'autorizado', ''),
(4, '0048', '2019-04-15', '11:43:52', 10, 'autorizado', ''),
(4, '0024', '2019-04-15', '11:43:52', 10, 'autorizado', ''),
(4, '0017', '2019-04-15', '11:43:52', 10, 'autorizado', ''),
(4, '0049', '2019-04-15', '11:43:52', 10, 'autorizado', ''),
(4, '0075', '2019-04-15', '11:43:52', 10, 'autorizado', ''),
(4, '0072', '2019-04-15', '11:43:52', 10, 'autorizado', ''),
(4, '0021', '2019-04-15', '11:43:52', 10, 'autorizado', ''),
(4, '0050', '2019-04-15', '11:43:52', 10, 'autorizado', ''),
(4, '0051', '2019-04-15', '11:43:52', 10, 'autorizado', ''),
(4, '0052', '2019-04-15', '11:43:52', 10, 'autorizado', ''),
(4, '0013', '2019-04-15', '11:43:52', 10, 'autorizado', ''),
(4, '0053', '2019-04-15', '11:43:52', 10, 'autorizado', ''),
(4, '0002', '2019-04-15', '11:43:52', 10, 'autorizado', ''),
(4, '0054', '2019-04-15', '11:43:52', 10, 'autorizado', ''),
(4, '0055', '2019-04-15', '11:43:52', 10, 'autorizado', ''),
(4, '0056', '2019-04-15', '11:43:52', 10, 'autorizado', ''),
(4, '0057', '2019-04-15', '11:43:52', 10, 'autorizado', ''),
(4, '0069', '2019-04-15', '11:43:52', 10, 'autorizado', ''),
(4, '0058', '2019-04-15', '11:43:52', 10, 'autorizado', ''),
(4, '0084', '2019-04-15', '11:43:52', 10, 'autorizado', ''),
(4, '0087', '2019-04-15', '11:43:52', 10, 'autorizado', ''),
(4, '0059', '2019-04-15', '11:43:52', 10, 'autorizado', ''),
(4, '0060', '2019-04-15', '11:43:52', 10, 'autorizado', ''),
(4, '0019', '2019-04-15', '11:43:52', 10, 'autorizado', ''),
(4, '0088', '2019-04-15', '11:43:52', 10, 'autorizado', ''),
(4, '0068', '2019-04-15', '11:43:52', 10, 'autorizado', ''),
(4, '0022', '2019-04-15', '11:43:52', 10, 'autorizado', ''),
(4, '0014', '2019-04-15', '11:43:52', 10, 'autorizado', ''),
(4, '0006', '2019-04-15', '11:43:52', 10, 'autorizado', ''),
(4, '0070', '2019-04-15', '11:43:52', 10, 'autorizado', ''),
(4, '0015', '2019-04-15', '11:43:52', 10, 'autorizado', ''),
(4, '0061', '2019-04-15', '11:43:52', 10, 'autorizado', ''),
(4, '0085', '2019-04-15', '11:43:52', 10, 'autorizado', ''),
(4, '0020', '2019-04-15', '11:43:52', 10, 'autorizado', ''),
(4, '0062', '2019-04-15', '11:43:52', 10, 'autorizado', ''),
(4, '0023', '2019-04-15', '11:43:52', 10, 'autorizado', ''),
(4, '0063', '2019-04-15', '11:43:52', 10, 'autorizado', ''),
(4, '0008', '2019-04-15', '11:43:52', 10, 'autorizado', ''),
(4, '0064', '2019-04-15', '11:43:52', 10, 'autorizado', ''),
(5, 'BRAM', '2019-04-15', '11:50:28', 2, 'autorizado', ''),
(5, 'BRAZ', '2019-04-15', '11:50:28', 2, 'autorizado', ''),
(5, 'BRCI', '2019-04-15', '11:50:28', 2, 'autorizado', ''),
(5, 'BRMA', '2019-04-15', '11:50:28', 8, 'autorizado', ''),
(5, 'BRT1', '2019-04-15', '11:50:28', 4, 'autorizado', ''),
(5, 'BRTV', '2019-04-15', '11:50:28', 2, 'autorizado', ''),
(5, 'BRT5', '2019-04-15', '11:50:28', 8, 'autorizado', ''),
(5, 'BRTD', '2019-04-15', '11:50:28', 12, 'autorizado', ''),
(6, 'CC04', '2019-04-15', '11:56:58', 1.54, 'autorizado', ''),
(6, 'CC05', '2019-04-15', '11:56:58', 1, 'autorizado', ''),
(6, '0005', '2019-04-15', '11:56:58', 10, 'autorizado', ''),
(6, '0011', '2019-04-15', '11:56:58', 10, 'autorizado', ''),
(6, '0018', '2019-04-15', '11:56:58', 10, 'autorizado', ''),
(6, '0066', '2019-04-15', '11:56:58', 10, 'autorizado', ''),
(6, '0025', '2019-04-15', '11:56:58', 10, 'autorizado', ''),
(6, '0007', '2019-04-15', '11:56:58', 10, 'autorizado', ''),
(6, '0080', '2019-04-15', '11:56:58', 10, 'autorizado', ''),
(6, '0082', '2019-04-15', '11:56:58', 10, 'autorizado', ''),
(6, '0012', '2019-04-15', '11:56:58', 10, 'autorizado', ''),
(6, '0026', '2019-04-15', '11:56:58', 10, 'autorizado', ''),
(6, '0073', '2019-04-15', '11:56:58', 10, 'autorizado', ''),
(6, '0027', '2019-04-15', '11:56:58', 10, 'autorizado', ''),
(6, '0028', '2019-04-15', '11:56:58', 10, 'autorizado', ''),
(6, '0086', '2019-04-15', '11:56:58', 10, 'autorizado', ''),
(6, '0029', '2019-04-15', '11:56:58', 10, 'autorizado', ''),
(6, '0016', '2019-04-15', '11:56:58', 10, 'autorizado', ''),
(6, '0030', '2019-04-15', '11:56:58', 10, 'autorizado', ''),
(6, '0081', '2019-04-15', '11:56:58', 10, 'autorizado', ''),
(6, '0031', '2019-04-15', '11:56:58', 10, 'autorizado', ''),
(6, '0032', '2019-04-15', '11:56:58', 10, 'autorizado', ''),
(6, '0003', '2019-04-15', '11:56:58', 10, 'autorizado', ''),
(6, '0079', '2019-04-15', '11:56:58', 10, 'autorizado', ''),
(6, '0033', '2019-04-15', '11:56:58', 10, 'autorizado', ''),
(6, '0034', '2019-04-15', '11:56:58', 10, 'autorizado', ''),
(6, '0035', '2019-04-15', '11:56:58', 10, 'autorizado', ''),
(6, '0036', '2019-04-15', '11:56:58', 10, 'autorizado', ''),
(6, '0037', '2019-04-15', '11:56:58', 10, 'autorizado', ''),
(6, '0071', '2019-04-15', '11:56:58', 10, 'autorizado', ''),
(6, '0077', '2019-04-15', '11:56:58', 10, 'autorizado', ''),
(6, '0038', '2019-04-15', '11:56:58', 10, 'autorizado', ''),
(6, '0039', '2019-04-15', '11:56:58', 10, 'autorizado', ''),
(6, '0009', '2019-04-15', '11:56:58', 10, 'autorizado', ''),
(6, '0083', '2019-04-15', '11:56:58', 10, 'autorizado', ''),
(6, '0076', '2019-04-15', '11:56:58', 10, 'autorizado', ''),
(6, '0040', '2019-04-15', '11:56:58', 10, 'autorizado', ''),
(6, '0074', '2019-04-15', '11:56:58', 10, 'autorizado', ''),
(6, '0041', '2019-04-15', '11:56:58', 10, 'autorizado', ''),
(6, '0042', '2019-04-15', '11:56:58', 10, 'autorizado', ''),
(6, '0078', '2019-04-15', '11:56:58', 10, 'autorizado', ''),
(6, '0065', '2019-04-15', '11:56:58', 10, 'autorizado', ''),
(6, '0043', '2019-04-15', '11:56:58', 10, 'autorizado', ''),
(6, '0044', '2019-04-15', '11:56:58', 10, 'autorizado', ''),
(6, '0045', '2019-04-15', '11:56:58', 10, 'autorizado', ''),
(6, '0046', '2019-04-15', '11:56:58', 10, 'autorizado', ''),
(6, '0067', '2019-04-15', '11:56:58', 10, 'autorizado', ''),
(6, '0010', '2019-04-15', '11:56:58', 10, 'autorizado', ''),
(6, '0047', '2019-04-15', '11:56:58', 10, 'autorizado', ''),
(6, '0004', '2019-04-15', '11:56:58', 10, 'autorizado', ''),
(6, '0048', '2019-04-15', '11:56:58', 10, 'autorizado', ''),
(6, '0024', '2019-04-15', '11:56:58', 10, 'autorizado', ''),
(6, '0017', '2019-04-15', '11:56:58', 10, 'autorizado', ''),
(6, '0049', '2019-04-15', '11:56:58', 10, 'autorizado', ''),
(6, '0075', '2019-04-15', '11:56:58', 10, 'autorizado', ''),
(6, '0072', '2019-04-15', '11:56:58', 10, 'autorizado', ''),
(6, '0021', '2019-04-15', '11:56:58', 10, 'autorizado', ''),
(6, '0050', '2019-04-15', '11:56:58', 10, 'autorizado', ''),
(6, '0051', '2019-04-15', '11:56:58', 10, 'autorizado', ''),
(6, '0052', '2019-04-15', '11:56:58', 10, 'autorizado', ''),
(6, '0013', '2019-04-15', '11:56:58', 10, 'autorizado', ''),
(6, '0053', '2019-04-15', '11:56:58', 10, 'autorizado', ''),
(6, '0002', '2019-04-15', '11:56:58', 10, 'autorizado', ''),
(6, '0054', '2019-04-15', '11:56:58', 10, 'autorizado', ''),
(6, '0055', '2019-04-15', '11:56:58', 10, 'autorizado', ''),
(6, '0056', '2019-04-15', '11:56:58', 10, 'autorizado', ''),
(6, '0057', '2019-04-15', '11:56:58', 10, 'autorizado', ''),
(6, '0069', '2019-04-15', '11:56:58', 10, 'autorizado', ''),
(6, '0058', '2019-04-15', '11:56:58', 10, 'autorizado', ''),
(6, '0084', '2019-04-15', '11:56:58', 10, 'autorizado', ''),
(6, '0087', '2019-04-15', '11:56:58', 10, 'autorizado', ''),
(6, '0059', '2019-04-15', '11:56:58', 10, 'autorizado', ''),
(6, '0060', '2019-04-15', '11:56:58', 10, 'autorizado', ''),
(6, '0019', '2019-04-15', '11:56:58', 10, 'autorizado', ''),
(6, '0088', '2019-04-15', '11:56:58', 10, 'autorizado', ''),
(6, '0068', '2019-04-15', '11:56:58', 10, 'autorizado', ''),
(6, '0022', '2019-04-15', '11:56:58', 10, 'autorizado', ''),
(6, '0014', '2019-04-15', '11:56:58', 10, 'autorizado', ''),
(6, '0006', '2019-04-15', '11:56:58', 10, 'autorizado', ''),
(6, '0070', '2019-04-15', '11:56:58', 10, 'autorizado', ''),
(6, '0015', '2019-04-15', '11:56:58', 10, 'autorizado', ''),
(6, '0061', '2019-04-15', '11:56:58', 10, 'autorizado', ''),
(6, '0085', '2019-04-15', '11:56:58', 10, 'autorizado', ''),
(6, '0020', '2019-04-15', '11:56:58', 10, 'autorizado', ''),
(6, '0062', '2019-04-15', '11:56:58', 10, 'autorizado', ''),
(6, '0023', '2019-04-15', '11:56:58', 10, 'autorizado', ''),
(6, '0063', '2019-04-15', '11:56:58', 10, 'autorizado', ''),
(6, '0008', '2019-04-15', '11:56:58', 10, 'autorizado', ''),
(6, '0064', '2019-04-15', '11:56:58', 10, 'autorizado', ''),
(7, 'CC04', '2019-04-16', '12:04:20', 0, 'autorizado', ''),
(7, 'CC05', '2019-04-16', '12:04:20', 1, 'autorizado', ''),
(7, '0005', '2019-04-16', '12:04:20', 10, 'autorizado', ''),
(7, '0011', '2019-04-16', '12:04:20', 10, 'autorizado', ''),
(7, '0018', '2019-04-16', '12:04:20', 10, 'autorizado', ''),
(7, '0066', '2019-04-16', '12:04:20', 10, 'autorizado', ''),
(7, '0025', '2019-04-16', '12:04:20', 10, 'autorizado', ''),
(7, '0007', '2019-04-16', '12:04:20', 10, 'autorizado', ''),
(7, '0080', '2019-04-16', '12:04:20', 10, 'autorizado', ''),
(7, '0082', '2019-04-16', '12:04:20', 10, 'autorizado', ''),
(7, '0012', '2019-04-16', '12:04:20', 10, 'autorizado', ''),
(7, '0026', '2019-04-16', '12:04:20', 10, 'autorizado', ''),
(7, '0073', '2019-04-16', '12:04:20', 10, 'autorizado', ''),
(7, '0027', '2019-04-16', '12:04:20', 10, 'autorizado', ''),
(7, '0028', '2019-04-16', '12:04:20', 10, 'autorizado', ''),
(7, '0086', '2019-04-16', '12:04:20', 10, 'autorizado', ''),
(7, '0029', '2019-04-16', '12:04:20', 10, 'autorizado', ''),
(7, '0016', '2019-04-16', '12:04:20', 10, 'autorizado', ''),
(7, '0030', '2019-04-16', '12:04:20', 10, 'autorizado', ''),
(7, '0081', '2019-04-16', '12:04:20', 10, 'autorizado', ''),
(7, '0031', '2019-04-16', '12:04:20', 10, 'autorizado', ''),
(7, '0032', '2019-04-16', '12:04:20', 10, 'autorizado', ''),
(7, '0003', '2019-04-16', '12:04:20', 10, 'autorizado', ''),
(7, '0079', '2019-04-16', '12:04:20', 10, 'autorizado', ''),
(7, '0033', '2019-04-16', '12:04:20', 10, 'autorizado', ''),
(7, '0034', '2019-04-16', '12:04:20', 10, 'autorizado', ''),
(7, '0035', '2019-04-16', '12:04:20', 10, 'autorizado', ''),
(7, '0036', '2019-04-16', '12:04:20', 10, 'autorizado', ''),
(7, '0037', '2019-04-16', '12:04:20', 10, 'autorizado', ''),
(7, '0071', '2019-04-16', '12:04:20', 10, 'autorizado', ''),
(7, '0077', '2019-04-16', '12:04:20', 10, 'autorizado', ''),
(7, '0038', '2019-04-16', '12:04:20', 10, 'autorizado', ''),
(7, '0039', '2019-04-16', '12:04:20', 10, 'autorizado', ''),
(7, '0009', '2019-04-16', '12:04:20', 10, 'autorizado', ''),
(7, '0083', '2019-04-16', '12:04:20', 10, 'autorizado', ''),
(7, '0076', '2019-04-16', '12:04:20', 10, 'autorizado', ''),
(7, '0040', '2019-04-16', '12:04:20', 10, 'autorizado', ''),
(7, '0074', '2019-04-16', '12:04:20', 10, 'autorizado', ''),
(7, '0041', '2019-04-16', '12:04:20', 10, 'autorizado', ''),
(7, '0042', '2019-04-16', '12:04:20', 10, 'autorizado', ''),
(7, '0078', '2019-04-16', '12:04:20', 10, 'autorizado', ''),
(7, '0065', '2019-04-16', '12:04:20', 10, 'autorizado', ''),
(7, '0043', '2019-04-16', '12:04:20', 10, 'autorizado', ''),
(7, '0044', '2019-04-16', '12:04:20', 10, 'autorizado', ''),
(7, '0045', '2019-04-16', '12:04:20', 10, 'autorizado', ''),
(7, '0046', '2019-04-16', '12:04:20', 10, 'autorizado', ''),
(7, '0067', '2019-04-16', '12:04:20', 10, 'autorizado', ''),
(7, '0010', '2019-04-16', '12:04:20', 10, 'autorizado', ''),
(7, '0047', '2019-04-16', '12:04:20', 10, 'autorizado', ''),
(7, '0004', '2019-04-16', '12:04:20', 10, 'autorizado', ''),
(7, '0048', '2019-04-16', '12:04:20', 10, 'autorizado', ''),
(7, '0024', '2019-04-16', '12:04:20', 10, 'autorizado', ''),
(7, '0017', '2019-04-16', '12:04:20', 10, 'autorizado', ''),
(7, '0049', '2019-04-16', '12:04:20', 10, 'autorizado', ''),
(7, '0075', '2019-04-16', '12:04:20', 10, 'autorizado', ''),
(7, '0072', '2019-04-16', '12:04:20', 10, 'autorizado', ''),
(7, '0021', '2019-04-16', '12:04:20', 10, 'autorizado', ''),
(7, '0050', '2019-04-16', '12:04:20', 10, 'autorizado', ''),
(7, '0051', '2019-04-16', '12:04:20', 10, 'autorizado', ''),
(7, '0052', '2019-04-16', '12:04:20', 10, 'autorizado', ''),
(7, '0013', '2019-04-16', '12:04:20', 10, 'autorizado', ''),
(7, '0053', '2019-04-16', '12:04:20', 10, 'autorizado', ''),
(7, '0002', '2019-04-16', '12:04:20', 10, 'autorizado', ''),
(7, '0054', '2019-04-16', '12:04:20', 10, 'autorizado', ''),
(7, '0055', '2019-04-16', '12:04:20', 10, 'autorizado', ''),
(7, '0056', '2019-04-16', '12:04:20', 10, 'autorizado', ''),
(7, '0057', '2019-04-16', '12:04:20', 10, 'autorizado', ''),
(7, '0069', '2019-04-16', '12:04:20', 10, 'autorizado', ''),
(7, '0058', '2019-04-16', '12:04:20', 10, 'autorizado', ''),
(7, '0084', '2019-04-16', '12:04:20', 10, 'autorizado', ''),
(7, '0087', '2019-04-16', '12:04:20', 10, 'autorizado', ''),
(7, '0059', '2019-04-16', '12:04:20', 10, 'autorizado', ''),
(7, '0060', '2019-04-16', '12:04:20', 10, 'autorizado', ''),
(7, '0019', '2019-04-16', '12:04:20', 10, 'autorizado', ''),
(7, '0088', '2019-04-16', '12:04:20', 10, 'autorizado', ''),
(7, '0068', '2019-04-16', '12:04:20', 10, 'autorizado', ''),
(7, '0022', '2019-04-16', '12:04:20', 10, 'autorizado', ''),
(7, '0014', '2019-04-16', '12:04:20', 10, 'autorizado', ''),
(7, '0006', '2019-04-16', '12:04:20', 10, 'autorizado', ''),
(7, '0070', '2019-04-16', '12:04:20', 10, 'autorizado', ''),
(7, '0015', '2019-04-16', '12:04:20', 10, 'autorizado', ''),
(7, '0061', '2019-04-16', '12:04:20', 10, 'autorizado', ''),
(7, '0085', '2019-04-16', '12:04:20', 10, 'autorizado', ''),
(7, '0020', '2019-04-16', '12:04:20', 10, 'autorizado', ''),
(7, '0062', '2019-04-16', '12:04:20', 10, 'autorizado', ''),
(7, '0023', '2019-04-16', '12:04:20', 10, 'autorizado', ''),
(7, '0063', '2019-04-16', '12:04:20', 10, 'autorizado', ''),
(7, '0008', '2019-04-16', '12:04:20', 10, 'autorizado', ''),
(7, '0064', '2019-04-16', '12:04:20', 10, 'autorizado', ''),
(8, 'CC04', '2019-04-16', '12:09:41', 0, 'autorizado', ''),
(8, 'CC05', '2019-04-16', '12:09:41', 1, 'autorizado', ''),
(8, '0005', '2019-04-16', '12:09:41', 10, 'autorizado', ''),
(8, '0011', '2019-04-16', '12:09:41', 10, 'autorizado', ''),
(8, '0018', '2019-04-16', '12:09:41', 10, 'autorizado', ''),
(8, '0066', '2019-04-16', '12:09:41', 10, 'autorizado', ''),
(8, '0025', '2019-04-16', '12:09:41', 10, 'autorizado', ''),
(8, '0007', '2019-04-16', '12:09:41', 10, 'autorizado', ''),
(8, '0080', '2019-04-16', '12:09:41', 10, 'autorizado', ''),
(8, '0082', '2019-04-16', '12:09:41', 10, 'autorizado', ''),
(8, '0012', '2019-04-16', '12:09:41', 10, 'autorizado', ''),
(8, '0026', '2019-04-16', '12:09:41', 10, 'autorizado', ''),
(8, '0073', '2019-04-16', '12:09:41', 10, 'autorizado', ''),
(8, '0027', '2019-04-16', '12:09:41', 10, 'autorizado', ''),
(8, '0028', '2019-04-16', '12:09:41', 10, 'autorizado', ''),
(8, '0086', '2019-04-16', '12:09:41', 10, 'autorizado', ''),
(8, '0029', '2019-04-16', '12:09:41', 10, 'autorizado', ''),
(8, '0016', '2019-04-16', '12:09:41', 10, 'autorizado', ''),
(8, '0030', '2019-04-16', '12:09:41', 10, 'autorizado', ''),
(8, '0081', '2019-04-16', '12:09:41', 10, 'autorizado', ''),
(8, '0031', '2019-04-16', '12:09:41', 10, 'autorizado', ''),
(8, '0032', '2019-04-16', '12:09:41', 10, 'autorizado', ''),
(8, '0003', '2019-04-16', '12:09:41', 10, 'autorizado', ''),
(8, '0079', '2019-04-16', '12:09:41', 10, 'autorizado', ''),
(8, '0033', '2019-04-16', '12:09:41', 10, 'autorizado', ''),
(8, '0034', '2019-04-16', '12:09:41', 10, 'autorizado', ''),
(8, '0035', '2019-04-16', '12:09:41', 10, 'autorizado', ''),
(8, '0036', '2019-04-16', '12:09:41', 10, 'autorizado', ''),
(8, '0037', '2019-04-16', '12:09:41', 10, 'autorizado', ''),
(8, '0071', '2019-04-16', '12:09:41', 10, 'autorizado', ''),
(8, '0077', '2019-04-16', '12:09:41', 10, 'autorizado', ''),
(8, '0038', '2019-04-16', '12:09:41', 10, 'autorizado', ''),
(8, '0039', '2019-04-16', '12:09:41', 10, 'autorizado', ''),
(8, '0009', '2019-04-16', '12:09:41', 10, 'autorizado', ''),
(8, '0083', '2019-04-16', '12:09:41', 10, 'autorizado', ''),
(8, '0076', '2019-04-16', '12:09:41', 10, 'autorizado', ''),
(8, '0040', '2019-04-16', '12:09:41', 10, 'autorizado', ''),
(8, '0074', '2019-04-16', '12:09:41', 10, 'autorizado', ''),
(8, '0041', '2019-04-16', '12:09:41', 10, 'autorizado', ''),
(8, '0042', '2019-04-16', '12:09:41', 10, 'autorizado', ''),
(8, '0078', '2019-04-16', '12:09:41', 10, 'autorizado', ''),
(8, '0065', '2019-04-16', '12:09:41', 10, 'autorizado', ''),
(8, '0043', '2019-04-16', '12:09:41', 10, 'autorizado', ''),
(8, '0044', '2019-04-16', '12:09:41', 10, 'autorizado', ''),
(8, '0045', '2019-04-16', '12:09:41', 10, 'autorizado', ''),
(8, '0046', '2019-04-16', '12:09:41', 10, 'autorizado', ''),
(8, '0067', '2019-04-16', '12:09:41', 10, 'autorizado', ''),
(8, '0010', '2019-04-16', '12:09:41', 10, 'autorizado', ''),
(8, '0047', '2019-04-16', '12:09:41', 10, 'autorizado', ''),
(8, '0004', '2019-04-16', '12:09:41', 10, 'autorizado', ''),
(8, '0048', '2019-04-16', '12:09:41', 10, 'autorizado', ''),
(8, '0024', '2019-04-16', '12:09:41', 10, 'autorizado', ''),
(8, '0017', '2019-04-16', '12:09:41', 10, 'autorizado', ''),
(8, '0049', '2019-04-16', '12:09:41', 10, 'autorizado', ''),
(8, '0075', '2019-04-16', '12:09:41', 10, 'autorizado', ''),
(8, '0072', '2019-04-16', '12:09:41', 10, 'autorizado', ''),
(8, '0021', '2019-04-16', '12:09:41', 10, 'autorizado', ''),
(8, '0050', '2019-04-16', '12:09:41', 10, 'autorizado', ''),
(8, '0051', '2019-04-16', '12:09:41', 10, 'autorizado', ''),
(8, '0052', '2019-04-16', '12:09:41', 10, 'autorizado', ''),
(8, '0013', '2019-04-16', '12:09:41', 10, 'autorizado', ''),
(8, '0053', '2019-04-16', '12:09:41', 10, 'autorizado', ''),
(8, '0002', '2019-04-16', '12:09:41', 10, 'autorizado', ''),
(8, '0054', '2019-04-16', '12:09:41', 10, 'autorizado', ''),
(8, '0055', '2019-04-16', '12:09:41', 10, 'autorizado', ''),
(8, '0056', '2019-04-16', '12:09:41', 10, 'autorizado', ''),
(8, '0057', '2019-04-16', '12:09:41', 10, 'autorizado', ''),
(8, '0069', '2019-04-16', '12:09:41', 10, 'autorizado', ''),
(8, '0058', '2019-04-16', '12:09:41', 10, 'autorizado', ''),
(8, '0084', '2019-04-16', '12:09:41', 10, 'autorizado', ''),
(8, '0087', '2019-04-16', '12:09:41', 10, 'autorizado', ''),
(8, '0059', '2019-04-16', '12:09:41', 10, 'autorizado', ''),
(8, '0060', '2019-04-16', '12:09:41', 10, 'autorizado', ''),
(8, '0019', '2019-04-16', '12:09:41', 10, 'autorizado', ''),
(8, '0088', '2019-04-16', '12:09:41', 10, 'autorizado', ''),
(8, '0068', '2019-04-16', '12:09:41', 10, 'autorizado', ''),
(8, '0022', '2019-04-16', '12:09:41', 10, 'autorizado', ''),
(8, '0014', '2019-04-16', '12:09:41', 10, 'autorizado', ''),
(8, '0006', '2019-04-16', '12:09:41', 10, 'autorizado', ''),
(8, '0070', '2019-04-16', '12:09:41', 10, 'autorizado', ''),
(8, '0015', '2019-04-16', '12:09:41', 10, 'autorizado', ''),
(8, '0061', '2019-04-16', '12:09:41', 10, 'autorizado', ''),
(8, '0085', '2019-04-16', '12:09:41', 10, 'autorizado', ''),
(8, '0020', '2019-04-16', '12:09:41', 10, 'autorizado', ''),
(8, '0062', '2019-04-16', '12:09:41', 10, 'autorizado', ''),
(8, '0023', '2019-04-16', '12:09:41', 10, 'autorizado', ''),
(8, '0063', '2019-04-16', '12:09:41', 10, 'autorizado', ''),
(8, '0008', '2019-04-16', '12:09:41', 10, 'autorizado', ''),
(8, '0064', '2019-04-16', '12:09:41', 10, 'autorizado', ''),
(9, 'CC04', '2019-04-16', '01:12:57', 1.54, 'autorizado', ''),
(9, 'CC05', '2019-04-16', '01:12:57', 1, 'autorizado', ''),
(9, '0005', '2019-04-16', '01:12:57', 10, 'autorizado', ''),
(9, '0011', '2019-04-16', '01:12:57', 10, 'autorizado', ''),
(9, '0018', '2019-04-16', '01:12:57', 10, 'autorizado', ''),
(9, '0066', '2019-04-16', '01:12:57', 10, 'autorizado', ''),
(9, '0025', '2019-04-16', '01:12:57', 10, 'autorizado', ''),
(9, '0007', '2019-04-16', '01:12:57', 10, 'autorizado', ''),
(9, '0080', '2019-04-16', '01:12:57', 10, 'autorizado', ''),
(9, '0082', '2019-04-16', '01:12:57', 10, 'autorizado', ''),
(9, '0012', '2019-04-16', '01:12:57', 10, 'autorizado', ''),
(9, '0026', '2019-04-16', '01:12:57', 10, 'autorizado', ''),
(9, '0073', '2019-04-16', '01:12:57', 10, 'autorizado', ''),
(9, '0027', '2019-04-16', '01:12:57', 10, 'autorizado', ''),
(9, '0028', '2019-04-16', '01:12:57', 10, 'autorizado', ''),
(9, '0086', '2019-04-16', '01:12:57', 10, 'autorizado', ''),
(9, '0029', '2019-04-16', '01:12:57', 10, 'autorizado', ''),
(9, '0016', '2019-04-16', '01:12:57', 10, 'autorizado', ''),
(9, '0030', '2019-04-16', '01:12:57', 10, 'autorizado', ''),
(9, '0081', '2019-04-16', '01:12:57', 10, 'autorizado', ''),
(9, '0031', '2019-04-16', '01:12:57', 10, 'autorizado', ''),
(9, '0032', '2019-04-16', '01:12:57', 10, 'autorizado', ''),
(9, '0003', '2019-04-16', '01:12:57', 10, 'autorizado', ''),
(9, '0079', '2019-04-16', '01:12:57', 10, 'autorizado', ''),
(9, '0033', '2019-04-16', '01:12:57', 10, 'autorizado', ''),
(9, '0034', '2019-04-16', '01:12:57', 10, 'autorizado', ''),
(9, '0035', '2019-04-16', '01:12:57', 10, 'autorizado', ''),
(9, '0036', '2019-04-16', '01:12:57', 10, 'autorizado', ''),
(9, '0037', '2019-04-16', '01:12:57', 10, 'autorizado', ''),
(9, '0071', '2019-04-16', '01:12:57', 10, 'autorizado', ''),
(9, '0077', '2019-04-16', '01:12:57', 10, 'autorizado', ''),
(9, '0038', '2019-04-16', '01:12:57', 10, 'autorizado', ''),
(9, '0039', '2019-04-16', '01:12:57', 10, 'autorizado', ''),
(9, '0009', '2019-04-16', '01:12:57', 10, 'autorizado', ''),
(9, '0083', '2019-04-16', '01:12:57', 10, 'autorizado', ''),
(9, '0076', '2019-04-16', '01:12:57', 10, 'autorizado', ''),
(9, '0040', '2019-04-16', '01:12:57', 10, 'autorizado', ''),
(9, '0074', '2019-04-16', '01:12:57', 10, 'autorizado', ''),
(9, '0041', '2019-04-16', '01:12:57', 10, 'autorizado', ''),
(9, '0042', '2019-04-16', '01:12:57', 10, 'autorizado', ''),
(9, '0078', '2019-04-16', '01:12:57', 10, 'autorizado', ''),
(9, '0065', '2019-04-16', '01:12:57', 10, 'autorizado', ''),
(9, '0043', '2019-04-16', '01:12:57', 10, 'autorizado', ''),
(9, '0044', '2019-04-16', '01:12:57', 10, 'autorizado', ''),
(9, '0045', '2019-04-16', '01:12:57', 10, 'autorizado', ''),
(9, '0046', '2019-04-16', '01:12:57', 10, 'autorizado', ''),
(9, '0067', '2019-04-16', '01:12:57', 10, 'autorizado', ''),
(9, '0010', '2019-04-16', '01:12:57', 10, 'autorizado', ''),
(9, '0047', '2019-04-16', '01:12:57', 10, 'autorizado', ''),
(9, '0004', '2019-04-16', '01:12:57', 10, 'autorizado', ''),
(9, '0048', '2019-04-16', '01:12:57', 10, 'autorizado', ''),
(9, '0024', '2019-04-16', '01:12:57', 10, 'autorizado', ''),
(9, '0017', '2019-04-16', '01:12:57', 10, 'autorizado', ''),
(9, '0049', '2019-04-16', '01:12:57', 10, 'autorizado', ''),
(9, '0075', '2019-04-16', '01:12:57', 10, 'autorizado', ''),
(9, '0072', '2019-04-16', '01:12:57', 10, 'autorizado', ''),
(9, '0021', '2019-04-16', '01:12:57', 10, 'autorizado', ''),
(9, '0050', '2019-04-16', '01:12:57', 10, 'autorizado', ''),
(9, '0051', '2019-04-16', '01:12:57', 10, 'autorizado', ''),
(9, '0052', '2019-04-16', '01:12:57', 10, 'autorizado', ''),
(9, '0013', '2019-04-16', '01:12:57', 10, 'autorizado', ''),
(9, '0053', '2019-04-16', '01:12:57', 10, 'autorizado', ''),
(9, '0002', '2019-04-16', '01:12:57', 10, 'autorizado', ''),
(9, '0054', '2019-04-16', '01:12:57', 10, 'autorizado', ''),
(9, '0055', '2019-04-16', '01:12:57', 10, 'autorizado', ''),
(9, '0056', '2019-04-16', '01:12:57', 10, 'autorizado', ''),
(9, '0057', '2019-04-16', '01:12:57', 10, 'autorizado', ''),
(9, '0069', '2019-04-16', '01:12:57', 10, 'autorizado', ''),
(9, '0058', '2019-04-16', '01:12:57', 10, 'autorizado', ''),
(9, '0084', '2019-04-16', '01:12:57', 10, 'autorizado', ''),
(9, '0087', '2019-04-16', '01:12:57', 10, 'autorizado', ''),
(9, '0059', '2019-04-16', '01:12:57', 10, 'autorizado', ''),
(9, '0060', '2019-04-16', '01:12:57', 10, 'autorizado', ''),
(9, '0019', '2019-04-16', '01:12:57', 10, 'autorizado', ''),
(9, '0088', '2019-04-16', '01:12:57', 10, 'autorizado', ''),
(9, '0068', '2019-04-16', '01:12:57', 10, 'autorizado', ''),
(9, '0022', '2019-04-16', '01:12:57', 10, 'autorizado', ''),
(9, '0014', '2019-04-16', '01:12:57', 10, 'autorizado', ''),
(9, '0006', '2019-04-16', '01:12:57', 10, 'autorizado', ''),
(9, '0070', '2019-04-16', '01:12:57', 10, 'autorizado', ''),
(9, '0015', '2019-04-16', '01:12:57', 10, 'autorizado', ''),
(9, '0061', '2019-04-16', '01:12:57', 10, 'autorizado', ''),
(9, '0085', '2019-04-16', '01:12:57', 10, 'autorizado', ''),
(9, '0020', '2019-04-16', '01:12:57', 10, 'autorizado', ''),
(9, '0062', '2019-04-16', '01:12:57', 10, 'autorizado', ''),
(9, '0023', '2019-04-16', '01:12:57', 10, 'autorizado', ''),
(9, '0063', '2019-04-16', '01:12:57', 10, 'autorizado', ''),
(9, '0008', '2019-04-16', '01:12:57', 10, 'autorizado', ''),
(9, '0064', '2019-04-16', '01:12:57', 10, 'autorizado', ''),
(10, 'CC01', '2019-04-16', '01:14:12', 1, 'autorizado', ''),
(10, 'CC03', '2019-04-16', '01:14:12', 1, 'autorizado', ''),
(10, 'CC06', '2019-04-16', '01:14:12', 1, 'autorizado', ''),
(11, 'BRAM', '2019-04-16', '02:09:51', 2, 'autorizado', ''),
(11, 'BRAZ', '2019-04-16', '02:09:51', 2, 'autorizado', ''),
(11, 'BRCI', '2019-04-16', '02:09:51', 2, 'autorizado', ''),
(11, 'BRMA', '2019-04-16', '02:09:51', 8, 'autorizado', ''),
(11, 'BRT1', '2019-04-16', '02:09:51', 4, 'autorizado', ''),
(11, 'BRTV', '2019-04-16', '02:09:51', 2, 'autorizado', ''),
(11, 'BRT5', '2019-04-16', '02:09:51', 9, 'autorizado', ''),
(11, 'BRTD', '2019-04-16', '02:09:51', 12, 'autorizado', ''),
(12, 'BRAM', '2019-04-16', '02:12:28', 2, 'autorizado', ''),
(12, 'BRAZ', '2019-04-16', '02:12:28', 2, 'autorizado', ''),
(12, 'BRCI', '2019-04-16', '02:12:28', 2, 'autorizado', ''),
(12, 'BRMA', '2019-04-16', '02:12:28', 8, 'autorizado', ''),
(12, 'BRT1', '2019-04-16', '02:12:28', 4, 'autorizado', ''),
(12, 'BRTV', '2019-04-16', '02:12:28', 2, 'autorizado', ''),
(12, 'BRT5', '2019-04-16', '02:12:28', 8, 'autorizado', ''),
(12, 'BRTD', '2019-04-16', '02:12:28', 12, 'autorizado', ''),
(13, 'BRAM', '2019-04-16', '02:13:51', 2, 'autorizado', ''),
(13, 'BRAZ', '2019-04-16', '02:13:51', 2, 'autorizado', ''),
(13, 'BRCI', '2019-04-16', '02:13:51', 2, 'autorizado', ''),
(13, 'BRMA', '2019-04-16', '02:13:51', 8, 'autorizado', ''),
(13, 'BRT1', '2019-04-16', '02:13:51', 4, 'autorizado', ''),
(13, 'BRTV', '2019-04-16', '02:13:51', 2, 'autorizado', ''),
(13, 'BRT5', '2019-04-16', '02:13:51', 8, 'autorizado', ''),
(13, 'BRTD', '2019-04-16', '02:13:51', 12, 'autorizado', ''),
(14, 'BRAM', '2019-04-16', '02:15:09', 2, 'autorizado', ''),
(14, 'BRAZ', '2019-04-16', '02:15:09', 2, 'autorizado', ''),
(14, 'BRCI', '2019-04-16', '02:15:09', 2, 'autorizado', ''),
(14, 'BRMA', '2019-04-16', '02:15:09', 8, 'autorizado', ''),
(14, 'BRT1', '2019-04-16', '02:15:09', 4, 'autorizado', ''),
(14, 'BRTV', '2019-04-16', '02:15:09', 2, 'autorizado', ''),
(14, 'BRT5', '2019-04-16', '02:15:09', 8, 'autorizado', ''),
(14, 'BRTD', '2019-04-16', '02:15:09', 12, 'autorizado', ''),
(15, 'BRAM', '2019-04-16', '02:15:30', 2, 'autorizado', ''),
(15, 'BRAZ', '2019-04-16', '02:15:30', 2, 'autorizado', ''),
(15, 'BRCI', '2019-04-16', '02:15:30', 2, 'autorizado', ''),
(15, 'BRMA', '2019-04-16', '02:15:30', 8, 'autorizado', ''),
(15, 'BRT1', '2019-04-16', '02:15:30', 4, 'autorizado', ''),
(15, 'BRTV', '2019-04-16', '02:15:30', 2, 'autorizado', ''),
(15, 'BRT5', '2019-04-16', '02:15:30', 8, 'autorizado', ''),
(15, 'BRTD', '2019-04-16', '02:15:30', 12, 'autorizado', ''),
(16, 'BRAM', '2019-04-16', '02:18:07', 2, 'autorizado', ''),
(16, 'BRAZ', '2019-04-16', '02:18:07', 2, 'autorizado', ''),
(16, 'BRCI', '2019-04-16', '02:18:07', 2, 'autorizado', ''),
(16, 'BRMA', '2019-04-16', '02:18:07', 8, 'autorizado', ''),
(16, 'BRT1', '2019-04-16', '02:18:07', 4, 'autorizado', ''),
(16, 'BRTV', '2019-04-16', '02:18:07', 2, 'autorizado', ''),
(16, 'BRT5', '2019-04-16', '02:18:07', 8, 'autorizado', ''),
(16, 'BRTD', '2019-04-16', '02:18:07', 12, 'autorizado', ''),
(17, 'BRAM', '2019-04-16', '02:18:58', 2, 'autorizado', ''),
(17, 'BRAZ', '2019-04-16', '02:18:58', 2, 'autorizado', ''),
(17, 'BRCI', '2019-04-16', '02:18:58', 2, 'autorizado', ''),
(17, 'BRMA', '2019-04-16', '02:18:58', 8, 'autorizado', ''),
(17, 'BRT1', '2019-04-16', '02:18:58', 4, 'autorizado', ''),
(17, 'BRTV', '2019-04-16', '02:18:58', 2, 'autorizado', ''),
(17, 'BRT5', '2019-04-16', '02:18:58', 8, 'autorizado', ''),
(17, 'BRTD', '2019-04-16', '02:18:58', 12, 'autorizado', ''),
(18, 'BRAM', '2019-04-16', '02:20:15', 2, 'autorizado', ''),
(18, 'BRAZ', '2019-04-16', '02:20:15', 2, 'autorizado', ''),
(18, 'BRCI', '2019-04-16', '02:20:15', 2, 'autorizado', ''),
(18, 'BRMA', '2019-04-16', '02:20:15', 8, 'autorizado', ''),
(18, 'BRT1', '2019-04-16', '02:20:15', 4, 'autorizado', ''),
(18, 'BRTV', '2019-04-16', '02:20:15', 2, 'autorizado', ''),
(18, 'BRT5', '2019-04-16', '02:20:15', 8, 'autorizado', ''),
(18, 'BRTD', '2019-04-16', '02:20:15', 13, 'autorizado', ''),
(19, 'BRAM', '2019-04-16', '02:21:39', 2, 'autorizado', ''),
(19, 'BRAZ', '2019-04-16', '02:21:39', 2, 'autorizado', ''),
(19, 'BRCI', '2019-04-16', '02:21:39', 2, 'autorizado', ''),
(19, 'BRMA', '2019-04-16', '02:21:39', 8, 'autorizado', ''),
(19, 'BRT1', '2019-04-16', '02:21:39', 4, 'autorizado', ''),
(19, 'BRTV', '2019-04-16', '02:21:39', 2, 'autorizado', ''),
(19, 'BRT5', '2019-04-16', '02:21:39', 8, 'autorizado', ''),
(19, 'BRTD', '2019-04-16', '02:21:39', 13, 'autorizado', ''),
(21, '0005', '2019-05-14', '11:04:14', 3, 'autorizado', ''),
(21, '0011', '2019-05-14', '11:04:14', 4, 'autorizado', ''),
(21, '0018', '2019-05-14', '11:04:14', 2.04, 'autorizado', ''),
(21, '0285', '2019-05-14', '11:04:14', 2, 'autorizado', ''),
(21, '0080', '2019-05-14', '11:04:14', 0.5, 'autorizado', ''),
(21, '0082', '2019-05-14', '11:04:14', 4, 'autorizado', ''),
(21, '0026', '2019-05-14', '11:04:14', 15, 'autorizado', ''),
(21, 'O282', '2019-05-14', '11:04:14', 1, 'autorizado', ''),
(21, '0073', '2019-05-14', '11:04:14', 3, 'autorizado', ''),
(21, '0027', '2019-05-14', '11:04:14', 1, 'autorizado', ''),
(21, '0292', '2019-05-14', '11:04:14', 2, 'autorizado', ''),
(21, '0028', '2019-05-14', '11:04:14', 6.05, 'autorizado', ''),
(21, '0086', '2019-05-14', '11:04:14', 1, 'autorizado', ''),
(21, '0016', '2019-05-14', '11:04:14', 1, 'autorizado', ''),
(21, '0030', '2019-05-14', '11:04:14', 3, 'autorizado', ''),
(21, '0081', '2019-05-14', '11:04:14', 2, 'autorizado', ''),
(21, '0290', '2019-05-14', '11:04:14', 3, 'autorizado', ''),
(21, '0032', '2019-05-14', '11:04:14', 0.2, 'autorizado', ''),
(21, '0003', '2019-05-14', '11:04:14', 1, 'autorizado', ''),
(21, '0079', '2019-05-14', '11:04:14', 3, 'autorizado', ''),
(21, '0033', '2019-05-14', '11:04:14', 1, 'autorizado', ''),
(21, '0036', '2019-05-14', '11:04:14', 5, 'autorizado', ''),
(21, '0295', '2019-05-14', '11:04:14', 15, 'autorizado', ''),
(21, '0077', '2019-05-14', '11:04:14', 1, 'autorizado', ''),
(21, '0283', '2019-05-14', '11:04:14', 1, 'autorizado', ''),
(21, 'COFI', '2019-05-14', '11:04:14', 0, 'autorizado', ''),
(21, '0009', '2019-05-14', '11:04:14', 1, 'autorizado', ''),
(21, '0076', '2019-05-14', '11:04:14', 4, 'autorizado', ''),
(21, '0040', '2019-05-14', '11:04:14', 1, 'autorizado', ''),
(21, '0074', '2019-05-14', '11:04:14', 15, 'autorizado', ''),
(21, '0041', '2019-05-14', '11:04:14', 15, 'autorizado', ''),
(21, '0042', '2019-05-14', '11:04:14', 1, 'autorizado', ''),
(21, '0065', '2019-05-14', '11:04:14', 8, 'autorizado', ''),
(21, '0043', '2019-05-14', '11:04:14', 2, 'autorizado', ''),
(21, '0046', '2019-05-14', '11:04:14', 4.42, 'autorizado', ''),
(21, '0010', '2019-05-14', '11:04:14', 1, 'autorizado', ''),
(21, '0047', '2019-05-14', '11:04:14', 1, 'autorizado', ''),
(21, '0004', '2019-05-14', '11:04:14', 1, 'autorizado', ''),
(21, '0286', '2019-05-14', '11:04:14', 4, 'autorizado', ''),
(21, '0049', '2019-05-14', '11:04:14', 4, 'autorizado', ''),
(21, '0075', '2019-05-14', '11:04:14', 5, 'autorizado', ''),
(21, '0072', '2019-05-14', '11:04:14', 5.52, 'autorizado', ''),
(21, '0021', '2019-05-14', '11:04:14', 3, 'autorizado', ''),
(21, '0050', '2019-05-14', '11:04:14', 1, 'autorizado', ''),
(21, '0051', '2019-05-14', '11:04:14', 3, 'autorizado', ''),
(21, '0291', '2019-05-14', '11:04:14', 4, 'autorizado', ''),
(21, '0052', '2019-05-14', '11:04:14', 1, 'autorizado', ''),
(21, '0013', '2019-05-14', '11:04:14', 3, 'autorizado', ''),
(21, '0293', '2019-05-14', '11:04:14', 1, 'autorizado', ''),
(21, '0053', '2019-05-14', '11:04:14', 1, 'autorizado', ''),
(21, '0284', '2019-05-14', '11:04:14', 2, 'autorizado', '');
INSERT INTO `pedido_producto` (`id_pedido`, `codingre`, `fecha_pedido`, `hora_pedido`, `num_prod`, `estado_prod`, `observacion`) VALUES
(21, '0002', '2019-05-14', '11:04:14', 2, 'autorizado', ''),
(21, '0058', '2019-05-14', '11:04:14', 2, 'autorizado', ''),
(21, '0084', '2019-05-14', '11:04:14', 2, 'autorizado', ''),
(21, '0087', '2019-05-14', '11:04:14', 3, 'autorizado', ''),
(21, '0019', '2019-05-14', '11:04:14', 10, 'autorizado', ''),
(21, '0088', '2019-05-14', '11:04:14', 1, 'autorizado', ''),
(21, '0068', '2019-05-14', '11:04:14', 6, 'autorizado', ''),
(21, '0288', '2019-05-14', '11:04:14', 2, 'autorizado', ''),
(21, '0022', '2019-05-14', '11:04:14', 5.01, 'autorizado', ''),
(21, '0014', '2019-05-14', '11:04:14', 1, 'autorizado', ''),
(21, '0006', '2019-05-14', '11:04:14', 1, 'autorizado', ''),
(21, '0015', '2019-05-14', '11:04:14', 2, 'autorizado', ''),
(21, '0287', '2019-05-14', '11:04:14', 4, 'autorizado', ''),
(21, '0061', '2019-05-14', '11:04:14', 1, 'autorizado', ''),
(21, '0085', '2019-05-14', '11:04:14', 9.6, 'autorizado', ''),
(21, '0243', '2019-05-14', '11:04:14', 15, 'autorizado', ''),
(21, '0020', '2019-05-14', '11:04:14', 15, 'autorizado', ''),
(21, '0062', '2019-05-14', '11:04:14', 1, 'autorizado', ''),
(21, '0023', '2019-05-14', '11:04:14', 1, 'autorizado', ''),
(21, '0063', '2019-05-14', '11:04:14', 2, 'autorizado', ''),
(21, '0064', '2019-05-14', '11:04:14', 1, 'autorizado', ''),
(21, '0038', '2019-05-14', '11:04:14', 10, 'autorizado', ''),
(21, '0069', '2019-05-14', '11:04:14', 10, 'autorizado', ''),
(22, '0005', '2019-05-14', '11:36:31', 3, 'autorizado', ''),
(22, '0011', '2019-05-14', '11:36:31', 4, 'autorizado', ''),
(22, '0018', '2019-05-14', '11:36:31', 2.04, 'autorizado', ''),
(22, '0285', '2019-05-14', '11:36:31', 2, 'autorizado', ''),
(22, '0080', '2019-05-14', '11:36:31', 0.5, 'autorizado', ''),
(22, '0082', '2019-05-14', '11:36:31', 4, 'autorizado', ''),
(22, '0026', '2019-05-14', '11:36:31', 15, 'autorizado', ''),
(22, 'O282', '2019-05-14', '11:36:31', 1, 'autorizado', ''),
(22, '0073', '2019-05-14', '11:36:31', 3, 'autorizado', ''),
(22, '0027', '2019-05-14', '11:36:31', 1, 'autorizado', ''),
(22, '0292', '2019-05-14', '11:36:31', 2, 'autorizado', ''),
(22, '0028', '2019-05-14', '11:36:31', 6.05, 'autorizado', ''),
(22, '0086', '2019-05-14', '11:36:31', 1, 'autorizado', ''),
(22, '0016', '2019-05-14', '11:36:31', 1, 'autorizado', ''),
(22, '0030', '2019-05-14', '11:36:31', 3, 'autorizado', ''),
(22, '0081', '2019-05-14', '11:36:31', 2, 'autorizado', ''),
(22, '0290', '2019-05-14', '11:36:31', 3, 'autorizado', ''),
(22, '0032', '2019-05-14', '11:36:31', 0.2, 'autorizado', ''),
(22, '0003', '2019-05-14', '11:36:31', 1, 'autorizado', ''),
(22, '0079', '2019-05-14', '11:36:31', 3, 'autorizado', ''),
(22, '0033', '2019-05-14', '11:36:31', 1, 'autorizado', ''),
(22, '0036', '2019-05-14', '11:36:31', 5, 'autorizado', ''),
(22, '0295', '2019-05-14', '11:36:31', 15, 'autorizado', ''),
(22, '0077', '2019-05-14', '11:36:31', 1, 'autorizado', ''),
(22, '0283', '2019-05-14', '11:36:31', 1, 'autorizado', ''),
(22, 'COFI', '2019-05-14', '11:36:31', 0, 'autorizado', ''),
(22, '0009', '2019-05-14', '11:36:31', 1, 'autorizado', ''),
(22, '0076', '2019-05-14', '11:36:31', 4, 'autorizado', ''),
(22, '0040', '2019-05-14', '11:36:31', 1, 'autorizado', ''),
(22, '0074', '2019-05-14', '11:36:31', 15, 'autorizado', ''),
(22, '0041', '2019-05-14', '11:36:31', 15, 'autorizado', ''),
(22, '0042', '2019-05-14', '11:36:31', 1, 'autorizado', ''),
(22, '0065', '2019-05-14', '11:36:31', 8, 'autorizado', ''),
(22, '0043', '2019-05-14', '11:36:31', 2, 'autorizado', ''),
(22, '0046', '2019-05-14', '11:36:31', 4.42, 'autorizado', ''),
(22, '0010', '2019-05-14', '11:36:31', 1, 'autorizado', ''),
(22, '0047', '2019-05-14', '11:36:31', 1, 'autorizado', ''),
(22, '0004', '2019-05-14', '11:36:31', 1, 'autorizado', ''),
(22, '0286', '2019-05-14', '11:36:31', 4, 'autorizado', ''),
(22, '0049', '2019-05-14', '11:36:31', 4, 'autorizado', ''),
(22, '0075', '2019-05-14', '11:36:31', 5, 'autorizado', ''),
(22, '0072', '2019-05-14', '11:36:31', 5.52, 'autorizado', ''),
(22, '0021', '2019-05-14', '11:36:31', 3, 'autorizado', ''),
(22, '0050', '2019-05-14', '11:36:31', 1, 'autorizado', ''),
(22, '0051', '2019-05-14', '11:36:31', 3, 'autorizado', ''),
(22, '0291', '2019-05-14', '11:36:31', 4, 'autorizado', ''),
(22, '0052', '2019-05-14', '11:36:31', 1, 'autorizado', ''),
(22, '0013', '2019-05-14', '11:36:31', 3, 'autorizado', ''),
(22, '0293', '2019-05-14', '11:36:31', 1, 'autorizado', ''),
(22, '0053', '2019-05-14', '11:36:31', 1, 'autorizado', ''),
(22, '0284', '2019-05-14', '11:36:31', 2, 'autorizado', ''),
(22, '0002', '2019-05-14', '11:36:31', 2, 'autorizado', ''),
(22, '0058', '2019-05-14', '11:36:31', 2, 'autorizado', ''),
(22, '0084', '2019-05-14', '11:36:31', 2, 'autorizado', ''),
(22, '0087', '2019-05-14', '11:36:31', 3, 'autorizado', ''),
(22, '0019', '2019-05-14', '11:36:31', 10, 'autorizado', ''),
(22, '0088', '2019-05-14', '11:36:31', 1, 'autorizado', ''),
(22, '0068', '2019-05-14', '11:36:31', 6, 'autorizado', ''),
(22, '0288', '2019-05-14', '11:36:31', 2, 'autorizado', ''),
(22, '0022', '2019-05-14', '11:36:31', 5.01, 'autorizado', ''),
(22, '0014', '2019-05-14', '11:36:31', 1, 'autorizado', ''),
(22, '0006', '2019-05-14', '11:36:31', 1, 'autorizado', ''),
(22, '0015', '2019-05-14', '11:36:31', 2, 'autorizado', ''),
(22, '0287', '2019-05-14', '11:36:31', 4, 'autorizado', ''),
(22, '0061', '2019-05-14', '11:36:31', 1, 'autorizado', ''),
(22, '0085', '2019-05-14', '11:36:31', 9.6, 'autorizado', ''),
(22, '0243', '2019-05-14', '11:36:31', 15, 'autorizado', ''),
(22, '0020', '2019-05-14', '11:36:31', 15, 'autorizado', ''),
(22, '0062', '2019-05-14', '11:36:31', 1, 'autorizado', ''),
(22, '0023', '2019-05-14', '11:36:31', 1, 'autorizado', ''),
(22, '0063', '2019-05-14', '11:36:31', 2, 'autorizado', ''),
(22, '0064', '2019-05-14', '11:36:31', 1, 'autorizado', ''),
(22, '0038', '2019-05-14', '11:36:31', 10, 'autorizado', ''),
(22, '0069', '2019-05-14', '11:36:31', 10, 'autorizado', ''),
(23, '5', '2019-05-14', '05:35:03', 2, 'autorizado', ''),
(23, '11', '2019-05-14', '05:35:03', 2, 'autorizado', ''),
(23, '18', '2019-05-14', '05:35:03', 2, 'autorizado', ''),
(23, '253', '2019-05-14', '05:35:03', 2, 'autorizado', ''),
(23, '66', '2019-05-14', '05:35:03', 2, 'autorizado', ''),
(23, '285', '2019-05-14', '05:35:03', 2, 'autorizado', ''),
(23, '80', '2019-05-14', '05:35:03', 2, 'autorizado', ''),
(23, '82', '2019-05-14', '05:35:03', 2, 'autorizado', ''),
(23, '26', '2019-05-14', '05:35:03', 2, 'autorizado', ''),
(23, 'O282', '2019-05-14', '05:35:03', 2, 'autorizado', ''),
(23, '73', '2019-05-14', '05:35:03', 2, 'autorizado', ''),
(23, '27', '2019-05-14', '05:35:03', 2, 'autorizado', ''),
(23, '292', '2019-05-14', '05:35:03', 2, 'autorizado', ''),
(23, '28', '2019-05-14', '05:35:03', 2, 'autorizado', ''),
(23, '86', '2019-05-14', '05:35:03', 2, 'autorizado', ''),
(23, '16', '2019-05-14', '05:35:03', 2, 'autorizado', ''),
(23, '30', '2019-05-14', '05:35:03', 2, 'autorizado', ''),
(23, '81', '2019-05-14', '05:35:03', 2, 'autorizado', ''),
(23, '290', '2019-05-14', '05:35:03', 2, 'autorizado', ''),
(23, '32', '2019-05-14', '05:35:03', 2, 'autorizado', ''),
(23, '3', '2019-05-14', '05:35:03', 2, 'autorizado', ''),
(23, '79', '2019-05-14', '05:35:03', 2, 'autorizado', ''),
(23, '33', '2019-05-14', '05:35:03', 2, 'autorizado', ''),
(23, '265', '2019-05-14', '05:35:03', 2, 'autorizado', ''),
(23, '35', '2019-05-14', '05:35:03', 2, 'autorizado', ''),
(23, '36', '2019-05-14', '05:35:03', 2, 'autorizado', ''),
(23, '295', '2019-05-14', '05:35:03', 2, 'autorizado', ''),
(23, '71', '2019-05-14', '05:35:03', 2, 'autorizado', ''),
(23, '77', '2019-05-14', '05:35:03', 2, 'autorizado', ''),
(23, '283', '2019-05-14', '05:35:03', 2, 'autorizado', ''),
(23, 'COFI', '2019-05-14', '05:35:03', 2, 'autorizado', ''),
(23, '9', '2019-05-14', '05:35:03', 2, 'autorizado', ''),
(23, '76', '2019-05-14', '05:35:03', 2, 'autorizado', ''),
(23, '40', '2019-05-14', '05:35:03', 2, 'autorizado', ''),
(23, '74', '2019-05-14', '05:35:03', 2, 'autorizado', ''),
(23, '41', '2019-05-14', '05:35:03', 2, 'autorizado', ''),
(23, '42', '2019-05-14', '05:35:03', 2, 'autorizado', ''),
(23, '261', '2019-05-14', '05:35:03', 2, 'autorizado', ''),
(23, '65', '2019-05-14', '05:35:03', 2, 'autorizado', ''),
(23, '280', '2019-05-14', '05:35:03', 2, 'autorizado', ''),
(23, '43', '2019-05-14', '05:35:03', 2, 'autorizado', ''),
(23, '46', '2019-05-14', '05:35:03', 2, 'autorizado', ''),
(23, '67', '2019-05-14', '05:35:03', 2, 'autorizado', ''),
(23, '301', '2019-05-14', '05:35:03', 2, 'autorizado', ''),
(23, '10', '2019-05-14', '05:35:03', 2, 'autorizado', ''),
(23, 'JULN', '2019-05-14', '05:35:03', 2, 'autorizado', ''),
(23, '47', '2019-05-14', '05:35:03', 2, 'autorizado', ''),
(23, '4', '2019-05-14', '05:35:03', 2, 'autorizado', ''),
(23, '286', '2019-05-14', '05:35:03', 2, 'autorizado', ''),
(23, '24', '2019-05-14', '05:35:03', 2, 'autorizado', ''),
(23, '17', '2019-05-14', '05:35:03', 2, 'autorizado', ''),
(23, '49', '2019-05-14', '05:35:03', 2, 'autorizado', ''),
(23, '252', '2019-05-14', '05:35:03', 2, 'autorizado', ''),
(23, '75', '2019-05-14', '05:35:03', 2, 'autorizado', ''),
(23, '72', '2019-05-14', '05:35:03', 2, 'autorizado', ''),
(23, '21', '2019-05-14', '05:35:03', 2, 'autorizado', ''),
(23, '50', '2019-05-14', '05:35:03', 2, 'autorizado', ''),
(23, '51', '2019-05-14', '05:35:03', 2, 'autorizado', ''),
(23, '291', '2019-05-14', '05:35:03', 2, 'autorizado', ''),
(23, '52', '2019-05-14', '05:35:03', 2, 'autorizado', ''),
(23, '13', '2019-05-14', '05:35:03', 2, 'autorizado', ''),
(23, '293', '2019-05-14', '05:35:03', 2, 'autorizado', ''),
(23, '53', '2019-05-14', '05:35:03', 2, 'autorizado', ''),
(23, '284', '2019-05-14', '05:35:03', 2, 'autorizado', ''),
(23, '2', '2019-05-14', '05:35:03', 2, 'autorizado', ''),
(23, '54', '2019-05-14', '05:35:03', 2, 'autorizado', ''),
(23, '55', '2019-05-14', '05:35:03', 2, 'autorizado', ''),
(23, '58', '2019-05-14', '05:35:03', 2, 'autorizado', ''),
(23, '84', '2019-05-14', '05:35:03', 2, 'autorizado', ''),
(23, '87', '2019-05-14', '05:35:03', 2, 'autorizado', ''),
(23, '60', '2019-05-14', '05:35:03', 2, 'autorizado', ''),
(23, '19', '2019-05-14', '05:35:03', 2, 'autorizado', ''),
(23, '88', '2019-05-14', '05:35:03', 2, 'autorizado', ''),
(23, '68', '2019-05-14', '05:35:03', 2, 'autorizado', ''),
(23, '271', '2019-05-14', '05:35:03', 2, 'autorizado', ''),
(23, '288', '2019-05-14', '05:35:03', 2, 'autorizado', ''),
(23, '22', '2019-05-14', '05:35:03', 2, 'autorizado', ''),
(23, '14', '2019-05-14', '05:35:03', 2, 'autorizado', ''),
(23, '6', '2019-05-14', '05:35:03', 2, 'autorizado', ''),
(23, '70', '2019-05-14', '05:35:03', 2, 'autorizado', ''),
(23, '15', '2019-05-14', '05:35:03', 2, 'autorizado', ''),
(23, '287', '2019-05-14', '05:35:03', 2, 'autorizado', ''),
(23, '61', '2019-05-14', '05:35:03', 2, 'autorizado', ''),
(23, '85', '2019-05-14', '05:35:03', 2, 'autorizado', ''),
(23, '243', '2019-05-14', '05:35:03', 2, 'autorizado', ''),
(23, '20', '2019-05-14', '05:35:03', 2, 'autorizado', ''),
(23, '62', '2019-05-14', '05:35:03', 2, 'autorizado', ''),
(23, '23', '2019-05-14', '05:35:03', 2, 'autorizado', ''),
(23, '63', '2019-05-14', '05:35:03', 2, 'autorizado', ''),
(23, '64', '2019-05-14', '05:35:03', 2, 'autorizado', ''),
(23, '38', '2019-05-14', '05:35:03', 2, 'autorizado', ''),
(23, '69', '2019-05-14', '05:35:03', 2, 'autorizado', ''),
(24, '5', '2019-05-18', '01:15:12', 0, 'pedido', ''),
(24, '18', '2019-05-18', '01:15:12', 0, 'pedido', ''),
(24, '80', '2019-05-18', '01:15:12', 0, 'pedido', ''),
(24, '27', '2019-05-18', '01:15:12', 0, 'pedido', ''),
(24, '86', '2019-05-18', '01:15:12', 0, 'pedido', ''),
(24, '36', '2019-05-18', '01:15:12', 0, 'pedido', ''),
(24, 'COFI', '2019-05-18', '01:15:12', 0, 'pedido', ''),
(24, '9', '2019-05-18', '01:15:12', 0, 'pedido', ''),
(24, '46', '2019-05-18', '01:15:12', 0, 'pedido', ''),
(24, '50', '2019-05-18', '01:15:12', 0, 'pedido', ''),
(24, '2', '2019-05-18', '01:15:12', 0, 'pedido', ''),
(24, '58', '2019-05-18', '01:15:12', 0, 'pedido', ''),
(24, '19', '2019-05-18', '01:15:12', 0, 'pedido', ''),
(24, '88', '2019-05-18', '01:15:12', 0, 'pedido', ''),
(24, '68', '2019-05-18', '01:15:12', 0, 'pedido', ''),
(24, '22', '2019-05-18', '01:15:12', 0, 'pedido', ''),
(24, '15', '2019-05-18', '01:15:12', 0, 'pedido', ''),
(24, '61', '2019-05-18', '01:15:12', 0, 'pedido', ''),
(24, '243', '2019-05-18', '01:15:12', 0, 'pedido', ''),
(24, '20', '2019-05-18', '01:15:12', 0, 'pedido', ''),
(48, 'CC04', '2019-05-19', '09:55:43', 2, 'pedido', ''),
(49, 'CC04', '2019-05-19', '09:56:58', 2, 'pedido', ''),
(49, 'CC05', '2019-05-19', '09:56:58', 1, 'pedido', ''),
(49, 'CC01', '2019-05-19', '09:56:58', 1, 'pedido', ''),
(49, 'CC03', '2019-05-19', '09:56:58', 1, 'pedido', ''),
(49, 'CC06', '2019-05-19', '09:56:58', 1, 'pedido', ''),
(50, 'CC02', '2019-05-19', '09:58:34', 1, 'pedido', ''),
(50, 'CC04', '2019-05-19', '09:58:34', 2, 'pedido', ''),
(50, 'CC05', '2019-05-19', '09:58:34', 1, 'pedido', ''),
(50, 'CC01', '2019-05-19', '09:58:34', 1, 'pedido', ''),
(50, 'CC03', '2019-05-19', '09:58:34', 1, 'pedido', ''),
(50, 'CC06', '2019-05-19', '09:58:34', 1, 'pedido', ''),
(51, 'CC02', '2019-05-19', '09:59:14', 1, 'pedido', ''),
(51, 'CC04', '2019-05-19', '09:59:14', 1, 'pedido', ''),
(51, 'CC05', '2019-05-19', '09:59:14', 1, 'pedido', ''),
(51, 'CC01', '2019-05-19', '09:59:14', 1, 'pedido', ''),
(51, 'CC03', '2019-05-19', '09:59:14', 1, 'pedido', ''),
(51, 'CC06', '2019-05-19', '09:59:14', 1, 'pedido', ''),
(52, 'CECR', '2019-05-19', '05:47:04', 1, 'pedido', ''),
(52, 'CECL', '2019-05-19', '05:47:04', 0, 'pedido', ''),
(52, 'CELE', '2019-05-19', '05:47:04', 0, 'pedido', ''),
(52, 'CEMS', '2019-05-19', '05:47:04', 0, 'pedido', ''),
(52, 'CENM', '2019-05-19', '05:47:04', 0, 'pedido', ''),
(52, 'CEPA', '2019-05-19', '05:47:04', 0, 'pedido', ''),
(52, 'CESE', '2019-05-19', '05:47:04', 0, 'pedido', ''),
(52, 'CEVI', '2019-05-19', '05:47:04', 0, 'pedido', ''),
(53, 'CECR', '2019-05-19', '05:53:13', 0, 'pedido', ''),
(53, 'CECL', '2019-05-19', '05:53:13', 0, 'pedido', ''),
(53, 'CELE', '2019-05-19', '05:53:13', 0, 'pedido', ''),
(53, 'CEMS', '2019-05-19', '05:53:13', 1, 'pedido', ''),
(53, 'CENM', '2019-05-19', '05:53:13', 0, 'pedido', ''),
(53, 'CEA9', '2019-05-19', '05:53:13', 1, 'pedido', ''),
(53, 'CEPA', '2019-05-19', '05:53:13', 0, 'pedido', ''),
(53, 'CESE', '2019-05-19', '05:53:13', 0, 'pedido', ''),
(53, 'CEVI', '2019-05-19', '05:53:13', 0, 'pedido', ''),
(54, 'CECR', '2019-05-19', '05:57:07', 0, 'pedido', ''),
(54, 'CECL', '2019-05-19', '05:57:07', 0, 'pedido', ''),
(54, 'CELE', '2019-05-19', '05:57:07', 0, 'pedido', ''),
(54, 'CEMS', '2019-05-19', '05:57:07', 1, 'pedido', ''),
(54, 'CENM', '2019-05-19', '05:57:07', 0, 'pedido', ''),
(54, 'CEA9', '2019-05-19', '05:57:07', 1, 'pedido', ''),
(54, 'CEPA', '2019-05-19', '05:57:07', 0, 'pedido', ''),
(54, 'CESE', '2019-05-19', '05:57:07', 0, 'pedido', ''),
(54, 'CEVI', '2019-05-19', '05:57:07', 0, 'pedido', ''),
(55, 'CECR', '2019-05-19', '06:02:55', 0, 'pedido', ''),
(55, 'CECL', '2019-05-19', '06:02:55', 0, 'pedido', ''),
(55, 'CELE', '2019-05-19', '06:02:55', 0, 'pedido', ''),
(55, 'CEMS', '2019-05-19', '06:02:55', 2, 'pedido', ''),
(55, 'CENM', '2019-05-19', '06:02:55', 0, 'pedido', ''),
(55, 'CEA9', '2019-05-19', '06:02:55', 1, 'pedido', ''),
(55, 'CEPA', '2019-05-19', '06:02:55', 0, 'pedido', ''),
(55, 'CESE', '2019-05-19', '06:02:55', 0, 'pedido', ''),
(55, 'CEVI', '2019-05-19', '06:02:55', 0, 'pedido', ''),
(56, 'CECR', '2019-05-19', '06:23:25', 0, 'pedido', ''),
(56, 'CECL', '2019-05-19', '06:23:25', 0, 'pedido', ''),
(56, 'CELE', '2019-05-19', '06:23:25', 0, 'pedido', ''),
(56, 'CEMS', '2019-05-19', '06:23:25', 1, 'pedido', ''),
(56, 'CENM', '2019-05-19', '06:23:25', 0, 'pedido', ''),
(56, 'CEA9', '2019-05-19', '06:23:25', 1, 'pedido', ''),
(56, 'CEPA', '2019-05-19', '06:23:25', 0, 'pedido', ''),
(56, 'CESE', '2019-05-19', '06:23:25', 0, 'pedido', ''),
(56, 'CEVI', '2019-05-19', '06:23:25', 0, 'pedido', ''),
(57, 'CECR', '2019-05-19', '06:24:24', 1, 'pedido', ''),
(57, 'CEMS', '2019-05-19', '06:24:24', 1, 'pedido', ''),
(57, 'CEA9', '2019-05-19', '06:24:24', 1, 'pedido', ''),
(58, 'CEMS', '2019-05-19', '06:25:10', 1, 'pedido', ''),
(58, 'CEA9', '2019-05-19', '06:25:10', 1, 'pedido', ''),
(58, 'CEVI', '2019-05-19', '06:25:10', 1, 'pedido', ''),
(59, 'CECR', '2019-05-19', '06:31:56', 0, 'pedido', ''),
(59, 'CECL', '2019-05-19', '06:31:56', 0, 'pedido', ''),
(59, 'CELE', '2019-05-19', '06:31:56', 0, 'pedido', ''),
(59, 'CEMS', '2019-05-19', '06:31:56', 1, 'pedido', ''),
(59, 'CENM', '2019-05-19', '06:31:56', 0, 'pedido', ''),
(59, 'CEOL', '2019-05-19', '06:31:56', 1, 'pedido', ''),
(59, 'CEA9', '2019-05-19', '06:31:56', 1, 'pedido', ''),
(59, 'CEPA', '2019-05-19', '06:31:56', 0, 'pedido', ''),
(59, 'CESE', '2019-05-19', '06:31:56', 0, 'pedido', ''),
(59, 'CEVI', '2019-05-19', '06:31:56', 0, 'pedido', ''),
(60, 'CEMS', '2019-05-19', '06:34:30', 1, 'pedido', ''),
(60, 'CEA9', '2019-05-19', '06:34:30', 1, 'pedido', ''),
(61, 'CECR', '2019-05-19', '06:34:56', 1, 'pedido', ''),
(61, 'CECL', '2019-05-19', '06:34:56', 1, 'pedido', ''),
(61, 'CEMS', '2019-05-19', '06:34:56', 1, 'pedido', ''),
(61, 'CEA9', '2019-05-19', '06:34:56', 1, 'pedido', ''),
(62, 'CEMS', '2019-05-19', '07:32:44', 1, 'pedido', ''),
(62, 'CEA9', '2019-05-19', '07:32:44', 1, 'pedido', ''),
(64, 'CC02', '2019-05-19', '07:37:34', 1, 'pedido', ''),
(65, 'CC02', '2019-05-19', '07:39:17', 2.5, 'pedido', ''),
(67, 'CC02', '2019-05-19', '08:58:16', 1, 'pedido', ''),
(68, 'CC04', '2019-05-20', '12:32:14', 1, 'pedido', ''),
(68, 'CC05', '2019-05-20', '12:32:14', 1, 'pedido', ''),
(68, 'CC01', '2019-05-20', '12:32:14', 1, 'pedido', ''),
(68, 'CC03', '2019-05-20', '12:32:14', 1, 'pedido', ''),
(68, 'CC06', '2019-05-20', '12:32:14', 1, 'pedido', ''),
(69, 'CC04', '2019-05-20', '12:33:16', 1, 'pedido', ''),
(69, 'CC05', '2019-05-20', '12:33:16', 1, 'pedido', ''),
(69, 'CC01', '2019-05-20', '12:33:16', 1, 'pedido', ''),
(69, 'CC03', '2019-05-20', '12:33:16', 1, 'pedido', ''),
(69, 'CC06', '2019-05-20', '12:33:16', 1, 'pedido', ''),
(70, 'CC02', '2019-05-20', '12:34:58', 1, 'pedido', ''),
(70, 'CC04', '2019-05-20', '12:34:58', 1, 'pedido', ''),
(70, 'CC05', '2019-05-20', '12:34:58', 1, 'pedido', ''),
(70, 'CC01', '2019-05-20', '12:34:58', 1, 'pedido', ''),
(70, 'CC03', '2019-05-20', '12:34:58', 1, 'pedido', ''),
(70, 'CC06', '2019-05-20', '12:34:58', 1, 'pedido', ''),
(72, 'CC02', '2019-05-20', '12:40:54', 1, 'pedido', ''),
(74, 'CC02', '2019-05-20', '01:04:17', 1, 'pedido', ''),
(75, 'CC02', '2019-05-20', '01:10:03', 1, 'pedido', ''),
(75, 'CC04', '2019-05-20', '01:10:03', 1, 'pedido', ''),
(75, 'CC05', '2019-05-20', '01:10:03', 1, 'pedido', ''),
(75, 'CC01', '2019-05-20', '01:10:03', 1, 'pedido', ''),
(75, 'CC03', '2019-05-20', '01:10:03', 1, 'pedido', ''),
(75, 'CC06', '2019-05-20', '01:10:03', 1, 'pedido', ''),
(76, 'CC02', '2019-05-20', '01:28:11', 1, 'pedido', ''),
(76, 'CC04', '2019-05-20', '01:28:11', 1, 'pedido', ''),
(76, 'CC05', '2019-05-20', '01:28:11', 1, 'pedido', ''),
(76, 'CC01', '2019-05-20', '01:28:11', 1, 'pedido', ''),
(76, 'CC03', '2019-05-20', '01:28:11', 1, 'pedido', ''),
(76, 'CC06', '2019-05-20', '01:28:11', 1, 'pedido', ''),
(77, 'CC02', '2019-05-20', '01:30:54', 1, 'pedido', ''),
(77, 'CC04', '2019-05-20', '01:30:54', 1, 'pedido', ''),
(77, 'CC05', '2019-05-20', '01:30:54', 1, 'pedido', ''),
(77, 'CC01', '2019-05-20', '01:30:54', 1, 'pedido', ''),
(77, 'CC03', '2019-05-20', '01:30:54', 1, 'pedido', ''),
(77, 'CC06', '2019-05-20', '01:30:54', 1, 'pedido', ''),
(78, 'CC02', '2019-05-20', '01:32:57', 1, 'pedido', ''),
(78, 'CC04', '2019-05-20', '01:32:57', 1, 'pedido', ''),
(78, 'CC05', '2019-05-20', '01:32:57', 1, 'pedido', ''),
(78, 'CC01', '2019-05-20', '01:32:57', 1, 'pedido', ''),
(78, 'CC03', '2019-05-20', '01:32:57', 1, 'pedido', ''),
(78, 'CC06', '2019-05-20', '01:32:57', 1, 'pedido', ''),
(79, 'CC02', '2019-05-20', '01:33:44', 1, 'pedido', ''),
(79, 'CC04', '2019-05-20', '01:33:44', 1, 'pedido', ''),
(79, 'CC05', '2019-05-20', '01:33:44', 1, 'pedido', ''),
(79, 'CC01', '2019-05-20', '01:33:44', 1, 'pedido', ''),
(79, 'CC03', '2019-05-20', '01:33:44', 1, 'pedido', ''),
(79, 'CC06', '2019-05-20', '01:33:44', 1, 'pedido', ''),
(80, 'CC02', '2019-05-20', '01:40:22', 1, 'pedido', ''),
(80, 'CC04', '2019-05-20', '01:40:22', 1, 'pedido', ''),
(80, 'CC05', '2019-05-20', '01:40:22', 1, 'pedido', ''),
(80, 'CC01', '2019-05-20', '01:40:22', 1, 'pedido', ''),
(80, 'CC03', '2019-05-20', '01:40:22', 1, 'pedido', ''),
(80, 'CC06', '2019-05-20', '01:40:22', 1, 'pedido', '');

-- --------------------------------------------------------

--
-- Estructura de tabla para la tabla `productos`
--

CREATE TABLE `productos` (
  `codingre` varchar(10) COLLATE utf8_bin NOT NULL,
  `descrip` varchar(35) COLLATE utf8_bin NOT NULL,
  `familia` varchar(10) COLLATE utf8_bin NOT NULL,
  `unidad` varchar(10) COLLATE utf8_bin DEFAULT NULL,
  `empaque` varchar(15) COLLATE utf8_bin DEFAULT NULL,
  `equivale` decimal(10,2) NOT NULL,
  `inventa0` decimal(10,2) NOT NULL,
  `inventa1` decimal(10,2) NOT NULL,
  `stockma0` decimal(10,2) NOT NULL,
  `stockma1` decimal(10,2) NOT NULL,
  `stockmi0` decimal(10,2) NOT NULL,
  `stockmi1` decimal(10,2) NOT NULL,
  `ultcosto` decimal(10,2) NOT NULL,
  `costprom` decimal(10,2) NOT NULL,
  `impuesto` decimal(10,2) NOT NULL,
  `pedido0` decimal(10,2) NOT NULL,
  `pedido1` decimal(10,2) NOT NULL,
  `status0` varchar(20) COLLATE utf8_bin DEFAULT NULL,
  `status1` varchar(20) COLLATE utf8_bin DEFAULT NULL,
  `redondeo` int(11) DEFAULT NULL,
  `fisico0` decimal(10,2) DEFAULT NULL,
  `fisico1` decimal(10,2) DEFAULT NULL,
  `dife0` decimal(10,2) DEFAULT NULL,
  `dife1` decimal(10,2) DEFAULT NULL
) ENGINE=InnoDB DEFAULT CHARSET=utf8 COLLATE=utf8_bin;

--
-- Volcado de datos para la tabla `productos`
--

INSERT INTO `productos` (`codingre`, `descrip`, `familia`, `unidad`, `empaque`, `equivale`, `inventa0`, `inventa1`, `stockma0`, `stockma1`, `stockmi0`, `stockmi1`, `ultcosto`, `costprom`, `impuesto`, `pedido0`, `pedido1`, `status0`, `status1`, `redondeo`, `fisico0`, `fisico1`, `dife0`, `dife1`) VALUES
('0002', 'PAPRIKA', 'ABARR', 'GR', '', '1.00', '0.00', '-6.19', '0.00', '0.00', '0.00', '0.00', '409.14', '409.14', '0.00', '0.00', '0.00', '', '', 1, '0.00', '0.00', '0.00', '0.00'),
('0003', 'CHILE JALAPE¤O LATA', 'ABARR', 'GG', '', '1.00', '0.00', '0.82', '0.00', '0.00', '0.00', '0.00', '46.03', '46.03', '0.00', '0.00', '0.00', '', '', 1, '0.00', '0.00', '0.00', '0.00'),
('0004', 'JUGO MAGGI', 'ABARR', 'GR', '', '1.00', '0.00', '2.00', '0.00', '0.00', '0.00', '0.00', '133.00', '133.00', '0.00', '0.00', '0.00', '', '', 1, '0.00', '0.00', '0.00', '0.00'),
('0005', 'ACEITE DE AJONJOLI', 'ABARR', 'GR', '', '1.00', '0.00', '-0.24', '0.00', '0.00', '0.00', '0.00', '307.79', '307.79', '0.00', '0.00', '0.00', '', '', 1, '0.00', '0.00', '0.00', '0.00'),
('0006', 'SALSA INGLESA', 'ABARR', 'GR', '', '1.00', '0.00', '2.00', '0.00', '0.00', '0.00', '0.00', '100.00', '100.00', '0.00', '0.00', '0.00', '', '', 1, '0.00', '0.00', '0.00', '0.00'),
('0007', 'ALMENDRA FILETEADA', 'VERDU', 'GR', '', '1.00', '0.00', '0.25', '0.00', '0.00', '0.00', '0.00', '0.24', '240.00', '0.00', '0.00', '0.00', '', '', 1, '0.00', '0.00', '0.00', '0.00'),
('0008', 'VINO ROSADO COCINA', 'BAJAA', 'GR', '', '1.00', '0.00', '0.00', '0.00', '0.00', '0.00', '0.00', '132.18', '132.18', '0.00', '0.00', '0.00', '', '', 1, '0.00', '0.00', '0.00', '0.00'),
('0009', 'CROUTONES', 'ABARR', 'GR', '', '1.00', '0.00', '-40.23', '0.00', '0.00', '0.00', '0.00', '157.00', '157.00', '0.00', '0.00', '0.00', '', '', 1, '0.00', '0.00', '0.00', '0.00'),
('0010', 'JARABE GRANADINA COCINA', 'ABARR', 'GR', '', '1.00', '0.00', '0.00', '0.00', '0.00', '0.00', '0.00', '50.92', '50.92', '0.00', '0.00', '0.00', '', '', 1, '0.00', '0.00', '0.00', '0.00'),
('0011', 'ACEITE DE OLIVA', 'ABARR', 'GR', '', '1.00', '0.00', '-89.06', '0.00', '0.00', '0.00', '0.00', '530.00', '530.00', '0.00', '0.00', '0.00', '', '', 1, '0.00', '0.00', '0.00', '0.00'),
('0012', 'ARANDANO DESHIDRATADO', 'VERDU', 'GR', '', '1.00', '0.00', '2.51', '0.00', '0.00', '0.00', '0.00', '130.00', '130.00', '0.00', '0.00', '0.00', '', '', 1, '0.00', '0.00', '0.00', '0.00'),
('0013', 'MOSTAZA DIJON', 'ABARR', 'GR', '', '1.00', '0.00', '2.00', '0.00', '0.00', '0.00', '0.00', '105.00', '105.00', '0.00', '0.00', '0.00', '', '', 1, '0.00', '0.00', '0.00', '0.00'),
('0014', 'SALSA DE SOYA', 'ABARR', 'GG', '', '1.00', '0.00', '2.00', '0.00', '0.00', '0.00', '0.00', '205.98', '205.98', '0.00', '0.00', '0.00', '', '', 1, '0.00', '0.00', '0.00', '0.00'),
('0015', 'SALSA TERIYAKI', 'ABARR', 'GR', '', '1.00', '0.00', '-210.66', '0.00', '0.00', '0.00', '0.00', '44.45', '44.45', '0.00', '0.00', '0.00', '', '', 1, '0.00', '0.00', '0.00', '0.00'),
('0016', 'CAJETA', 'ABARR', 'GR', '', '1.00', '0.00', '0.00', '0.00', '0.00', '0.00', '0.00', '78.50', '78.50', '0.00', '0.00', '0.00', '', '', 1, '0.00', '0.00', '0.00', '0.00'),
('0017', 'LECHE EVAPORADA', 'ABARR', 'GR', '', '1.00', '0.00', '19.00', '0.00', '0.00', '0.00', '0.00', '33.33', '33.33', '0.00', '0.00', '0.00', '', '', 1, '0.00', '0.00', '0.00', '0.00'),
('0018', 'ACEITE VEGETAL', 'ABARR', 'GR', '', '1.00', '0.00', '-1007.12', '0.00', '0.00', '0.00', '0.00', '430.00', '430.00', '0.00', '0.00', '0.00', '', '', 1, '0.00', '0.00', '0.00', '0.00'),
('0019', 'SAL FINA', 'ABARR', 'GR', '', '1.00', '0.00', '-26.23', '0.00', '0.00', '0.00', '0.00', '11.53', '11.53', '0.00', '0.00', '0.00', '', '', 1, '0.00', '0.00', '0.00', '0.00'),
('0020', 'TOSTADA CHARRA', 'ABARR', 'GR', '', '1.00', '0.00', '-9.35', '0.00', '0.00', '0.00', '0.00', '20.08', '20.08', '0.00', '0.00', '0.00', '', '', 1, '0.00', '0.00', '0.00', '0.00'),
('0021', 'MAYONESA', 'ABARR', 'GR', '', '1.00', '0.00', '-109.49', '0.00', '0.00', '0.00', '0.00', '169.55', '169.55', '0.00', '0.00', '0.00', '', '', 1, '0.00', '0.00', '0.00', '0.00'),
('0022', 'SALSA CATSUP', 'ABARR', 'GR', '', '1.00', '0.00', '-18.05', '0.00', '0.00', '0.00', '0.00', '66.55', '66.55', '0.00', '0.00', '0.00', '', '', 1, '0.00', '0.00', '0.00', '0.00'),
('0023', 'VINAGRE BLANCO', 'ABARR', 'GR', '', '1.00', '0.00', '3.00', '0.00', '0.00', '0.00', '0.00', '29.31', '29.31', '0.00', '0.00', '0.00', '', '', 1, '0.00', '0.00', '0.00', '0.00'),
('0024', 'LECHE ENTERA', 'ABARR', 'GR', '', '1.00', '0.00', '59.00', '0.00', '0.00', '0.00', '0.00', '18.33', '18.33', '0.00', '0.00', '0.00', '', '', 1, '0.00', '0.00', '0.00', '0.00'),
('0025', 'ALMENDRA EN POLVO', 'BAJAA', 'GR', '', '1.00', '0.00', '0.00', '0.00', '0.00', '0.00', '0.00', '200.00', '200.00', '0.00', '0.00', '0.00', '', '', 1, '0.00', '0.00', '0.00', '0.00'),
('0026', 'ARROZ BLANCO', 'ABARR', 'GR', '', '1.00', '0.00', '19.00', '0.00', '0.00', '0.00', '0.00', '22.20', '22.20', '0.00', '0.00', '0.00', '', '', 1, '0.00', '0.00', '0.00', '0.00'),
('0027', 'AZUCAR GLASS', 'ABARR', 'GR', '', '1.00', '0.00', '-20.17', '0.00', '0.00', '0.00', '0.00', '33.50', '33.50', '0.00', '0.00', '0.00', '', '', 1, '0.00', '0.00', '0.00', '0.00'),
('0028', 'AZUCAR REFINADA', 'ABARR', 'GR', '', '1.00', '0.00', '4.68', '0.00', '0.00', '0.00', '0.00', '17.14', '17.14', '0.00', '0.00', '0.00', '', '', 1, '0.00', '0.00', '0.00', '0.00'),
('0029', 'CACAHUATE', 'VERDU', 'GR', '', '1.00', '0.00', '2.50', '0.00', '0.00', '0.00', '0.00', '14.00', '14.00', '0.00', '0.00', '0.00', '', '', 1, '0.00', '0.00', '0.00', '0.00'),
('0030', 'CALAHUA CREMA COCO', 'ABARR', 'GR', '', '1.00', '0.00', '7.00', '0.00', '0.00', '0.00', '0.00', '46.50', '46.50', '0.00', '0.00', '0.00', '', '', 1, '0.00', '0.00', '0.00', '0.00'),
('0031', 'CANELA EN RAMA', 'VERDU', 'GR', '', '1.00', '0.00', '0.75', '0.00', '0.00', '0.00', '0.00', '380.00', '380.00', '0.00', '0.00', '0.00', '', '', 1, '0.00', '0.00', '0.00', '0.00'),
('0032', 'CHILE CHIPOTLE ADOB', 'ABARR', 'GR', '', '1.00', '0.00', '0.98', '0.00', '0.00', '0.00', '0.00', '158.55', '158.55', '0.00', '0.00', '0.00', '', '', 1, '0.00', '0.00', '0.00', '0.00'),
('0033', 'CHOCOLATE COBER OSC', 'ABARR', 'GR', '', '1.00', '0.00', '0.00', '0.00', '0.00', '0.00', '0.00', '146.54', '146.54', '0.00', '0.00', '0.00', '', '', 1, '0.00', '0.00', '0.00', '0.00'),
('0034', 'CHONGOS ZAMORANOS', 'BAJAA', 'GR', '', '1.00', '0.00', '0.00', '0.00', '0.00', '0.00', '0.00', '80.77', '80.77', '0.00', '0.00', '0.00', '', '', 1, '0.00', '0.00', '0.00', '0.00'),
('0035', 'CHURROS', 'ABARR', 'PZ', '', '1.00', '0.00', '284.00', '0.00', '0.00', '0.00', '0.00', '7.32', '7.32', '0.00', '0.00', '0.00', '', '', 1, '0.00', '0.00', '0.00', '0.00'),
('0036', 'COCADAS', 'ABARR', 'GR', '', '1.00', '0.00', '-1.00', '0.00', '0.00', '0.00', '0.00', '2.88', '2.88', '0.00', '0.00', '0.00', '', '', 1, '0.00', '0.00', '0.00', '0.00'),
('0037', 'COCO RAYADO', 'BAJAA', 'GR', '', '1.00', '0.00', '0.00', '0.00', '0.00', '0.00', '0.00', '36.00', '36.00', '0.00', '0.00', '0.00', '', '', 1, '0.00', '0.00', '0.00', '0.00'),
('0039', 'CREMA BATIDA', 'LACTE', 'GR', '', '1.00', '0.00', '-16.33', '0.00', '0.00', '0.00', '0.00', '39.50', '39.50', '0.00', '0.00', '0.00', '', '', 1, '0.00', '0.00', '0.00', '0.00'),
('0040', 'ESPECIAS CAJUN', 'ABARR', 'GR', '', '1.00', '0.00', '0.00', '0.00', '0.00', '0.00', '0.00', '365.03', '365.03', '0.00', '0.00', '0.00', '', '', 1, '0.00', '0.00', '0.00', '0.00'),
('0041', 'FRIJOL PINTO', 'ABARR', 'GR', '', '1.00', '0.00', '9.00', '0.00', '0.00', '0.00', '0.00', '20.18', '20.18', '0.00', '0.00', '0.00', '', '', 1, '0.00', '0.00', '0.00', '0.00'),
('0042', 'GALLETA DE ANIMALITO', 'ABARR', 'GR', '', '1.00', '0.00', '0.00', '0.00', '0.00', '0.00', '0.00', '12.89', '12.89', '0.00', '0.00', '0.00', '', '', 1, '0.00', '0.00', '0.00', '0.00'),
('0043', 'GLUCOSA', 'ABARR', 'GR', '', '1.00', '0.00', '0.00', '0.00', '0.00', '0.00', '0.00', '48.00', '48.00', '0.00', '0.00', '0.00', '', '', 1, '0.00', '0.00', '0.00', '0.00'),
('0044', 'GRENETINA', 'BAJAA', 'GR', '', '1.00', '0.00', '0.00', '0.00', '0.00', '0.00', '0.00', '162.00', '162.00', '0.00', '0.00', '0.00', '', '', 1, '0.00', '0.00', '0.00', '0.00'),
('0045', 'GUAYABA ALMIBAR', 'BAJAA', 'GR', '', '1.00', '0.00', '0.00', '0.00', '0.00', '0.00', '0.00', '50.00', '50.00', '0.00', '0.00', '0.00', '', '', 1, '0.00', '0.00', '0.00', '0.00'),
('0046', 'HARINA DE TRIGO', 'ABARR', 'GR', '', '1.00', '0.00', '-276.18', '0.00', '0.00', '0.00', '0.00', '9.20', '9.20', '0.00', '0.00', '0.00', '', '', 1, '0.00', '0.00', '0.00', '0.00'),
('0047', 'JUGO GUAYABA', 'ABARR', 'GR', '', '1.00', '0.00', '4.00', '0.00', '0.00', '0.00', '0.00', '15.35', '15.35', '0.00', '0.00', '0.00', '', '', 1, '0.00', '0.00', '0.00', '0.00'),
('0048', 'LECHE CONDENSADA', 'LACTE', 'ML', '', '1.00', '0.00', '12.00', '0.00', '0.00', '0.00', '0.00', '17.45', '17.45', '0.00', '0.00', '0.00', '', '', 1, '0.00', '0.00', '0.00', '0.00'),
('0049', 'LEVADURA FRESCA', 'ABARR', 'GR', '', '1.00', '0.00', '1.00', '0.00', '0.00', '0.00', '0.00', '16.50', '16.50', '0.00', '0.00', '0.00', '', '', 1, '0.00', '0.00', '0.00', '0.00'),
('0050', 'MAZAPAN', 'ABARR', 'PZ', '', '1.00', '0.00', '-19.00', '0.00', '0.00', '0.00', '0.00', '3.45', '3.45', '0.00', '0.00', '0.00', '', '', 1, '0.00', '0.00', '0.00', '0.00'),
('0051', 'MIEL DE ABEJA', 'ABARR', 'GR', '', '1.00', '0.00', '1.00', '0.00', '0.00', '0.00', '0.00', '107.95', '107.95', '0.00', '0.00', '0.00', '', '', 1, '0.00', '0.00', '0.00', '0.00'),
('0052', 'MOSTAZA AMARILLA', 'ABARR', 'GR', '', '1.00', '0.00', '0.00', '0.00', '0.00', '0.00', '0.00', '76.71', '76.71', '0.00', '0.00', '0.00', '', '', 1, '0.00', '0.00', '0.00', '0.00'),
('0053', 'NUTELLA', 'ABARR', 'GR', '', '1.00', '0.00', '0.52', '0.00', '0.00', '0.00', '0.00', '140.00', '140.00', '0.00', '0.00', '0.00', '', '', 1, '0.00', '0.00', '0.00', '0.00'),
('0054', 'PASTA FIDEO', 'ABARR', 'GR', '', '1.00', '0.00', '20.00', '0.00', '0.00', '0.00', '0.00', '5.50', '5.50', '0.00', '0.00', '0.00', '', '', 1, '0.00', '0.00', '0.00', '0.00'),
('0055', 'PASTA SPAGHETTI', 'ABARR', 'GR', '', '1.00', '0.00', '16.80', '0.00', '0.00', '0.00', '0.00', '21.75', '21.75', '0.00', '0.00', '0.00', '', '', 1, '0.00', '0.00', '0.00', '0.00'),
('0056', 'PEPITA DE GIRASOL', 'VERDU', 'GR', '', '1.00', '0.00', '0.50', '0.00', '0.00', '0.00', '0.00', '115.00', '115.00', '0.00', '0.00', '0.00', '', '', 1, '0.00', '0.00', '0.00', '0.00'),
('0057', 'PEPITA VERDE', 'VERDU', 'GR', '', '1.00', '0.00', '-0.05', '0.00', '0.00', '0.00', '0.00', '72.57', '72.57', '0.00', '0.00', '0.00', '', '', 1, '0.00', '0.00', '0.00', '0.00'),
('0058', 'POLVO PARA HORNEAR', 'ABARR', 'GR', '', '1.00', '0.00', '-28.25', '0.00', '0.00', '0.00', '0.00', '92.27', '92.27', '0.00', '0.00', '0.00', '', '', 1, '0.00', '0.00', '0.00', '0.00'),
('0059', 'SAL AMARILLA', 'BAJAA', 'GR', '', '1.00', '0.00', '0.00', '0.00', '0.00', '0.00', '0.00', '78.00', '78.00', '0.00', '0.00', '0.00', '', '', 1, '0.00', '0.00', '0.00', '0.00'),
('0060', 'SAL DE GRANO', 'ABARR', 'GR', '', '1.00', '0.00', '100.00', '0.00', '0.00', '0.00', '0.00', '5.10', '5.10', '0.00', '0.00', '0.00', '', '', 1, '0.00', '0.00', '0.00', '0.00'),
('0061', 'SEMILLA GIRASOL', 'ABARR', 'GR', '', '1.00', '0.00', '-10.07', '0.00', '0.00', '0.00', '0.00', '47.62', '47.62', '0.00', '0.00', '0.00', '', '', 1, '0.00', '0.00', '0.00', '0.00'),
('0062', 'VAINILLA LIQUIDA', 'ABARR', 'GR', '', '1.00', '0.00', '0.00', '0.00', '0.00', '0.00', '0.00', '43.96', '43.96', '0.00', '0.00', '0.00', '', '', 1, '0.00', '0.00', '0.00', '0.00'),
('0063', 'VINAGRE DE FRAMBUESA', 'ABARR', 'GR', '', '1.00', '0.00', '0.00', '0.00', '0.00', '0.00', '0.00', '140.00', '140.00', '0.00', '0.00', '0.00', '', '', 1, '0.00', '0.00', '0.00', '0.00'),
('0064', 'VINO TINTO COCINA', 'ABARR', 'GR', '', '1.00', '0.00', '0.00', '0.00', '0.00', '0.00', '0.00', '56.30', '56.30', '0.00', '0.00', '0.00', '', '', 1, '0.00', '0.00', '0.00', '0.00'),
('0065', 'GALLETAS SALMAS', 'ABARR', 'GR', '', '1.00', '0.00', '2.00', '0.00', '0.00', '0.00', '0.00', '95.00', '95.00', '0.00', '0.00', '0.00', '', '', 1, '0.00', '0.00', '0.00', '0.00'),
('0066', 'AGUA GARRAFON(20 LTS)', 'ABARR', 'MLG', '', '1.00', '0.00', '41.00', '0.00', '0.00', '0.00', '0.00', '27.00', '27.00', '0.00', '0.00', '0.00', '', '', 1, '0.00', '0.00', '0.00', '0.00'),
('0067', 'HUEVO', 'ABARR', 'GR', '', '1.00', '0.00', '147.00', '0.00', '0.00', '0.00', '0.00', '1.59', '1.59', '0.00', '0.00', '0.00', '', '', 1, '0.00', '0.00', '0.00', '0.00'),
('0068', 'SALSA BBQ', 'ABARR', 'GR', '', '1.00', '0.00', '-201.55', '0.00', '0.00', '0.00', '0.00', '49.00', '49.00', '0.00', '0.00', '0.00', '', '', 1, '0.00', '0.00', '0.00', '0.00'),
('0070', 'SALSA TABASCO(80 ML)', 'ABARR', 'GR', '', '1.00', '0.00', '5.00', '0.00', '0.00', '0.00', '0.00', '163.58', '163.58', '0.00', '0.00', '0.00', '', '', 1, '0.00', '0.00', '0.00', '0.00'),
('0071', 'CONDIMIX DE POLLO', 'ABARR', 'GR', '', '1.00', '0.00', '2.00', '0.00', '0.00', '0.00', '0.00', '191.70', '191.70', '0.00', '0.00', '0.00', '', '', 1, '0.00', '0.00', '0.00', '0.00'),
('0072', 'MANGO EN ALMIBAR', 'ABARR', 'GR', '', '1.00', '0.00', '-192.88', '0.00', '0.00', '0.00', '0.00', '29.90', '29.90', '0.00', '0.00', '0.00', '', '', 1, '0.00', '0.00', '0.00', '0.00'),
('0073', 'ATE DE GUAYABA', 'ABARR', 'GR', '', '1.00', '0.00', '0.00', '0.00', '0.00', '0.00', '0.00', '50.00', '50.00', '0.00', '0.00', '0.00', '', '', 1, '0.00', '0.00', '0.00', '0.00'),
('0074', 'FRIJOL NEGRO', 'ABARR', 'GR', '', '1.00', '0.00', '9.00', '0.00', '0.00', '0.00', '0.00', '19.21', '19.21', '0.00', '0.00', '0.00', '', '', 1, '0.00', '0.00', '0.00', '0.00'),
('0075', 'MAIZENA', 'ABARR', 'GR', '', '1.00', '0.00', '4.00', '0.00', '0.00', '0.00', '0.00', '48.30', '48.30', '0.00', '0.00', '0.00', '', '', 1, '0.00', '0.00', '0.00', '0.00'),
('0076', 'ELOTE EN GRANO LATA', 'ABARR', 'GR', '', '1.00', '0.00', '5.83', '0.00', '0.00', '0.00', '0.00', '15.20', '15.20', '0.00', '0.00', '0.00', '', '', 1, '0.00', '0.00', '0.00', '0.00'),
('0077', 'CONDIMIX DE RES', 'ABARR', 'GR', '', '1.00', '0.00', '1.00', '0.00', '0.00', '0.00', '0.00', '236.00', '236.00', '0.00', '0.00', '0.00', '', '', 1, '0.00', '0.00', '0.00', '0.00'),
('0078', 'GALLETAS MARIAS', 'BAJAA', 'GR', '', '1.00', '0.00', '0.00', '0.00', '0.00', '0.00', '0.00', '50.00', '50.00', '0.00', '0.00', '0.00', '', '', 1, '0.00', '0.00', '0.00', '0.00'),
('0079', 'CHOCOLATE ABUELITA', 'ABARR', 'GR', '', '1.00', '0.00', '3.00', '0.00', '0.00', '0.00', '0.00', '53.62', '53.62', '0.00', '0.00', '0.00', '', '', 1, '0.00', '0.00', '0.00', '0.00'),
('0080', 'AMARANTO', 'VERDU', 'GR', '', '1.00', '0.00', '-4.00', '0.00', '0.00', '0.00', '0.00', '33.04', '33.04', '0.00', '0.00', '0.00', '', '', 1, '0.00', '0.00', '0.00', '0.00'),
('0081', 'CANELA EN POLVO', 'ABARR', 'GR', '', '1.00', '0.00', '-1.00', '0.00', '0.00', '0.00', '0.00', '150.00', '150.00', '0.00', '0.00', '0.00', '', '', 1, '0.00', '0.00', '0.00', '0.00'),
('0082', 'ANCHOAS', 'ABARR', 'GR', '', '1.00', '0.00', '1.00', '0.00', '0.00', '0.00', '0.00', '31.00', '31.00', '0.00', '0.00', '0.00', '', '', 1, '0.00', '0.00', '0.00', '0.00'),
('0083', 'DULCE DE LECHE', 'BAJAA', 'GR', '', '1.00', '0.00', '0.00', '0.00', '0.00', '0.00', '0.00', '87.11', '87.11', '0.00', '0.00', '0.00', '', '', 1, '0.00', '0.00', '0.00', '0.00'),
('0084', 'PULPA GUANABANA', 'ABARR', 'GR', '', '1.00', '0.00', '4.00', '0.00', '0.00', '0.00', '0.00', '32.91', '32.91', '0.00', '0.00', '0.00', '', '', 1, '0.00', '0.00', '0.00', '0.00'),
('0085', 'TAJIN', 'ABARR', 'G}', '', '1.00', '0.00', '9.40', '0.00', '0.00', '0.00', '0.00', '43.02', '43.02', '0.00', '0.00', '0.00', '', '', 1, '0.00', '0.00', '0.00', '0.00'),
('0086', 'BALSAMICO DE PERA', 'ABARR', 'ML', '', '1.00', '0.00', '-0.44', '0.00', '0.00', '0.00', '0.00', '99.00', '99.00', '0.00', '0.00', '0.00', '', '', 1, '0.00', '0.00', '0.00', '0.00'),
('0087', 'PULQUE COCINA', 'ABARR', 'ML', '', '1.00', '0.00', '4.00', '0.00', '0.00', '0.00', '0.00', '30.00', '30.00', '0.00', '0.00', '0.00', '', '', 1, '0.00', '0.00', '0.00', '0.00'),
('0088', 'SAL MARINA', 'ABARR', 'GR', '', '1.00', '0.00', '-70.37', '0.00', '0.00', '0.00', '0.00', '55.00', '55.00', '0.00', '0.00', '0.00', '', '', 1, '0.00', '0.00', '0.00', '0.00'),
('0089', 'SHORT RIB C/H', 'CARNE', 'GR', '', '1.00', '0.00', '0.00', '0.00', '0.00', '0.00', '0.00', '180.00', '309.77', '0.00', '0.00', '0.00', '', '', 1, '0.00', '0.00', '0.00', '0.00'),
('0090', 'PICAÑA', 'CARNE', 'GR', '', '1.00', '0.00', '0.00', '0.00', '0.00', '0.00', '0.00', '168.91', '168.91', '0.00', '0.00', '0.00', '', '', 1, '0.00', '0.00', '0.00', '0.00'),
('0091', 'PECHUGA DE POLLO', 'CARNE', 'GR', '', '1.00', '0.00', '-624.61', '0.00', '0.00', '0.00', '0.00', '84.00', '84.00', '0.00', '0.00', '0.00', '', '', 1, '0.00', '0.00', '0.00', '0.00'),
('0092', 'RIB EYE', 'CARNE', 'GR', '', '1.00', '0.00', '-1003.50', '0.00', '0.00', '0.00', '0.00', '275.00', '275.00', '0.00', '0.00', '0.00', '', '', 1, '0.00', '0.00', '0.00', '0.00'),
('0093', 'CABEZA DE RES', 'CARNE', 'GR', '', '1.00', '0.00', '-337.85', '0.00', '0.00', '0.00', '0.00', '48.00', '48.00', '0.00', '0.00', '0.00', '', '', 1, '0.00', '0.00', '0.00', '0.00'),
('0094', 'CHICHARRON DE CERDO', 'CARNE', 'GR', '', '1.00', '0.00', '-470.65', '0.00', '0.00', '0.00', '0.00', '120.00', '120.00', '0.00', '0.00', '0.00', '', '', 1, '0.00', '0.00', '0.00', '0.00'),
('0095', 'PIERNA DE CERDO', 'CARNE', 'GR', '', '1.00', '0.00', '21.40', '0.00', '0.00', '0.00', '0.00', '98.00', '98.00', '0.00', '0.00', '0.00', '', '', 1, '0.00', '0.00', '0.00', '0.00'),
('0096', 'ASIENTOS CHICHARRON', 'CARNE', 'GR', '', '1.00', '0.00', '-90.61', '0.00', '0.00', '0.00', '0.00', '120.00', '120.00', '0.00', '0.00', '0.00', '', '', 1, '0.00', '0.00', '0.00', '0.00'),
('0097', 'TLALITOS DE CERDO', 'CARNE', 'GR', '', '1.00', '0.00', '-151.14', '0.00', '0.00', '0.00', '0.00', '120.00', '120.00', '0.00', '0.00', '0.00', '', '', 1, '0.00', '0.00', '0.00', '0.00'),
('0098', 'CECINA', 'CARNE', 'GR', '', '1.00', '0.00', '-781.23', '0.00', '0.00', '0.00', '0.00', '250.00', '250.00', '0.00', '0.00', '0.00', '', '', 1, '0.00', '0.00', '0.00', '0.00'),
('0099', 'CHAMORRO DE CERDO', 'CARNE', 'GR', '', '1.00', '0.00', '59.75', '0.00', '0.00', '0.00', '0.00', '65.00', '65.00', '0.00', '0.00', '0.00', '', '', 1, '0.00', '0.00', '0.00', '0.00'),
('0100', 'FILETE DE RES', 'CARNE', 'GR', '', '1.00', '0.00', '-41.22', '0.00', '0.00', '0.00', '0.00', '316.44', '316.44', '0.00', '0.00', '0.00', '', '', 1, '0.00', '0.00', '0.00', '0.00'),
('0101', 'SUADERO', 'CARNE', 'GR', '', '1.00', '0.00', '11.90', '0.00', '0.00', '0.00', '0.00', '125.00', '125.00', '0.00', '0.00', '0.00', '', '', 1, '0.00', '0.00', '0.00', '0.00'),
('0102', 'CARNE MOLIDA RES', 'CARNE', 'GR', '', '1.00', '0.00', '15.10', '0.00', '0.00', '0.00', '0.00', '135.00', '135.00', '0.00', '0.00', '0.00', '', '', 1, '0.00', '0.00', '0.00', '0.00'),
('0103', 'RETAZO DE POLLO', 'CARNE', 'GR', '', '1.00', '0.00', '2.40', '0.00', '0.00', '0.00', '0.00', '45.00', '45.00', '0.00', '0.00', '0.00', '', '', 1, '0.00', '0.00', '0.00', '0.00'),
('0104', 'CHICHARRON PRENSADO', 'CARNE', 'GR', '', '1.00', '0.00', '0.00', '0.00', '0.00', '0.00', '0.00', '84.84', '84.84', '0.00', '0.00', '0.00', '', '', 1, '0.00', '0.00', '0.00', '0.00'),
('0105', 'MANTECA DE CERDO', 'CARNE', 'GR', '', '1.00', '0.00', '-385.95', '0.00', '0.00', '0.00', '0.00', '45.00', '45.00', '0.00', '0.00', '0.00', '', '', 1, '0.00', '0.00', '0.00', '0.00'),
('0106', 'ARRACHERA TEXANA', 'CARNE', 'GR', '', '1.00', '0.00', '-948.01', '0.00', '0.00', '0.00', '0.00', '254.00', '254.00', '0.00', '0.00', '0.00', '', '', 1, '0.00', '0.00', '0.00', '0.00'),
('0107', 'HUESO TUETANO', 'CARNE', 'GR', '', '1.00', '0.00', '-3.20', '0.00', '0.00', '0.00', '0.00', '75.00', '75.00', '0.00', '0.00', '0.00', '', '', 1, '0.00', '0.00', '0.00', '0.00'),
('0108', 'MACHACA', 'CARNE', 'GR', '', '1.00', '0.00', '-40.61', '0.00', '0.00', '0.00', '0.00', '569.56', '569.56', '0.00', '0.00', '0.00', '', '', 1, '0.00', '0.00', '0.00', '0.00'),
('0109', 'LECHON', 'CARNE', 'GR', '', '1.00', '0.00', '0.00', '0.00', '0.00', '0.00', '0.00', '152.04', '152.04', '0.00', '0.00', '0.00', '', '', 1, '0.00', '0.00', '0.00', '0.00'),
('0110', 'ARRACHERA 1KG', 'CARNE', 'PZ', 'A', '1.00', '0.00', '-122.94', '0.00', '0.00', '0.00', '0.00', '260.00', '260.00', '0.00', '0.00', '0.00', '', '', 1, '0.00', '0.00', '0.00', '0.00'),
('0111', 'PICAÑA 300G', 'CARNE', 'PZ', '', '1.00', '0.00', '-2.00', '0.00', '0.00', '0.00', '0.00', '90.00', '90.00', '0.00', '0.00', '0.00', '', '', 1, '0.00', '0.00', '0.00', '0.00'),
('0112', 'ARRACHERA 300G', 'CARNE', 'PZ', '', '1.00', '0.00', '-35.00', '0.00', '0.00', '0.00', '0.00', '87.00', '103.43', '0.00', '0.00', '0.00', '', '', 1, '0.00', '0.00', '0.00', '0.00'),
('0113', 'ARRACHERA 200G', 'CARNE', 'PZ', '', '1.00', '0.00', '-3014.00', '0.00', '0.00', '0.00', '0.00', '73.00', '73.00', '0.00', '0.00', '0.00', '', '', 1, '0.00', '0.00', '0.00', '0.00'),
('0114', 'RIB EYE ANGUS', 'CARNE', 'PZ', '', '1.00', '0.00', '-1.00', '0.00', '0.00', '0.00', '0.00', '375.00', '375.00', '0.00', '0.00', '0.00', '', '', 1, '0.00', '0.00', '0.00', '0.00'),
('0115', 'NEW YORK 300G', 'CARNE', 'PZ', '', '1.00', '0.00', '9.00', '0.00', '0.00', '0.00', '0.00', '130.00', '130.00', '0.00', '0.00', '0.00', '', '', 1, '0.00', '0.00', '0.00', '0.00'),
('0116', 'TOMAHAWK 1KG', 'CARNE', 'PZ', '', '1.00', '0.00', '2.00', '0.00', '0.00', '0.00', '0.00', '630.00', '630.00', '0.00', '0.00', '0.00', '', '', 1, '0.00', '0.00', '0.00', '0.00'),
('0117', 'ARRACHERA 100G', 'CARNE', 'PZ', '', '1.00', '0.00', '-508.50', '0.00', '0.00', '0.00', '0.00', '34.88', '34.88', '0.00', '0.00', '0.00', '', '', 1, '0.00', '0.00', '0.00', '0.00'),
('0118', 'VACIO 300G', 'CARNE', 'PZ', '', '1.00', '0.00', '9.00', '0.00', '0.00', '0.00', '0.00', '115.00', '115.00', '0.00', '0.00', '0.00', '', '', 1, '0.00', '0.00', '0.00', '0.00'),
('0119', 'RIB EYE CHOICE 300G', 'CARNE', 'PZ', '', '1.00', '0.00', '3.00', '0.00', '0.00', '0.00', '0.00', '185.00', '185.00', '0.00', '0.00', '0.00', '', '', 1, '0.00', '0.00', '0.00', '0.00'),
('0120', 'RIB EYE NACIONAL', 'CARNE', 'GR', '', '1.00', '0.00', '-3945.30', '0.00', '0.00', '0.00', '0.00', '235.00', '235.00', '0.00', '0.00', '0.00', '', '', 1, '0.00', '0.00', '0.00', '0.00'),
('0121', 'PAPA FRANCESA', 'CONGE', 'GR', '', '1.00', '0.00', '-298.45', '0.00', '0.00', '0.00', '0.00', '99.98', '99.98', '0.00', '0.00', '0.00', '', '', 1, '0.00', '0.00', '0.00', '0.00'),
('0122', 'NUGGETS DE POLLO', 'CONGE', 'GR', '', '1.00', '0.00', '-119.84', '0.00', '0.00', '0.00', '0.00', '107.42', '107.42', '0.00', '0.00', '0.00', '', '', 1, '0.00', '0.00', '0.00', '0.00'),
('0123', 'HELADO VAINILLA', 'CONGE', 'GR', '', '1.00', '0.00', '-139.69', '0.00', '0.00', '0.00', '0.00', '285.42', '285.42', '0.00', '0.00', '0.00', '', '', 1, '0.00', '0.00', '0.00', '0.00'),
('0124', 'CHORIZO ROJO', 'EMBUT', 'GR', '', '1.00', '0.00', '-50.85', '0.00', '0.00', '0.00', '0.00', '73.76', '73.76', '0.00', '0.00', '0.00', '', '', 1, '0.00', '0.00', '0.00', '0.00'),
('0125', 'JAMON DE PAVO', 'EMBUT', 'GR', '', '1.00', '0.00', '8.00', '0.00', '0.00', '0.00', '0.00', '98.00', '98.00', '0.00', '0.00', '0.00', '', '', 1, '0.00', '0.00', '0.00', '0.00'),
('0126', 'CHISTORRA', 'EMBUT', 'GR', '', '1.00', '0.00', '-1019.28', '0.00', '0.00', '0.00', '0.00', '114.00', '114.00', '0.00', '0.00', '0.00', '', '', 1, '0.00', '0.00', '0.00', '0.00'),
('0127', 'TOCINO', 'EMBUT', 'GR', '', '1.00', '0.00', '-198.55', '0.00', '0.00', '0.00', '0.00', '154.00', '154.00', '0.00', '0.00', '0.00', '', '', 1, '0.00', '0.00', '0.00', '0.00'),
('0128', 'LONGANIZA', 'EMBUT', 'GR', '', '1.00', '0.00', '-883.99', '0.00', '0.00', '0.00', '0.00', '64.00', '64.00', '0.00', '0.00', '0.00', '', '', 1, '0.00', '0.00', '0.00', '0.00'),
('0129', 'CLAVO DE OLOR', 'ESPEC', 'GR', '', '1.00', '0.00', '0.00', '0.00', '0.00', '0.00', '0.00', '114.95', '114.95', '0.00', '0.00', '0.00', '', '', 1, '0.00', '0.00', '0.00', '0.00'),
('0130', 'TOMILLO', 'ESPEC', 'GR', '', '1.00', '0.00', '0.50', '0.00', '0.00', '0.00', '0.00', '60.00', '60.00', '0.00', '0.00', '0.00', '', '', 1, '0.00', '0.00', '0.00', '0.00'),
('0131', 'HOJA DE AGUACATE', 'ESPEC', 'GR', '', '1.00', '0.00', '1.00', '0.00', '0.00', '0.00', '0.00', '20.00', '20.00', '0.00', '0.00', '0.00', '', '', 1, '0.00', '0.00', '0.00', '0.00'),
('0132', 'COMINO', 'BAJAA', 'GR', '', '1.00', '0.00', '0.00', '0.00', '0.00', '0.00', '0.00', '70.76', '70.76', '0.00', '0.00', '0.00', '', '', 1, '0.00', '0.00', '0.00', '0.00'),
('0133', 'NUEZ QUEBRADA', 'ESPEC', 'GR', '', '1.00', '0.00', '2.26', '0.00', '0.00', '0.00', '0.00', '275.00', '275.00', '0.00', '0.00', '0.00', '', '', 1, '0.00', '0.00', '0.00', '0.00'),
('0134', 'PIMIENTA BLANCA MOL', 'ESPEC', 'GR', '', '1.00', '0.00', '0.00', '0.00', '0.00', '0.00', '0.00', '362.50', '362.50', '0.00', '0.00', '0.00', '', '', 1, '0.00', '0.00', '0.00', '0.00'),
('0135', 'ROMERO', 'ESPEC', 'GR', '', '1.00', '0.00', '0.00', '0.00', '0.00', '0.00', '0.00', '24.11', '24.11', '0.00', '0.00', '0.00', '', '', 1, '0.00', '0.00', '0.00', '0.00'),
('0136', 'PIMIENTA NEGRA MOLI', 'ESPEC', 'GR', '', '1.00', '0.00', '0.00', '0.00', '0.00', '0.00', '0.00', '276.00', '276.00', '0.00', '0.00', '0.00', '', '', 1, '0.00', '0.00', '0.00', '0.00'),
('0137', 'PIMIENTA LIMON', 'ESPEC', 'GR', '', '1.00', '0.00', '0.00', '0.00', '0.00', '0.00', '0.00', '315.31', '315.31', '0.00', '0.00', '0.00', '', '', 1, '0.00', '0.00', '0.00', '0.00'),
('0138', 'LAUREL', 'ESPEC', 'GR', '', '1.00', '0.00', '0.00', '0.00', '0.00', '0.00', '0.00', '43.75', '43.75', '0.00', '0.00', '0.00', '', '', 1, '0.00', '0.00', '0.00', '0.00'),
('0139', 'PEPITA DE CALABAZA', 'ESPEC', 'GR', '', '1.00', '0.00', '-20.12', '0.00', '0.00', '0.00', '0.00', '72.50', '72.50', '0.00', '0.00', '0.00', '', '', 1, '0.00', '0.00', '0.00', '0.00'),
('0140', 'OREGANO SECO', 'ESPEC', 'GR', '', '1.00', '0.00', '0.00', '0.00', '0.00', '0.00', '0.00', '35.00', '35.00', '0.00', '0.00', '0.00', '', '', 1, '0.00', '0.00', '0.00', '0.00'),
('0141', 'PIMIENTA NEGRA ENTE', 'ESPEC', 'GR', '', '1.00', '0.00', '0.00', '0.00', '0.00', '0.00', '0.00', '528.59', '528.59', '0.00', '0.00', '0.00', '', '', 1, '0.00', '0.00', '0.00', '0.00'),
('0142', 'FRESA', 'FRUTA', 'GR', '', '1.00', '0.00', '-159.09', '0.00', '0.00', '0.00', '0.00', '100.00', '100.00', '0.00', '0.00', '0.00', '', '', 1, '0.00', '0.00', '0.00', '0.00'),
('0143', 'CHILE MORITA', 'VERDU', 'GR', '', '1.00', '0.00', '0.00', '0.00', '0.00', '0.00', '0.00', '116.03', '116.03', '0.00', '0.00', '0.00', '', '', 1, '0.00', '0.00', '0.00', '0.00'),
('0144', 'APIO', 'FRUTA', 'GR', '', '1.00', '0.00', '1.94', '0.00', '0.00', '0.00', '0.00', '10.00', '10.00', '0.00', '0.00', '0.00', '', '', 1, '0.00', '0.00', '0.00', '0.00'),
('0145', 'CHILE CARIBE¤O', 'FRUTA', 'GR', '', '1.00', '0.00', '0.00', '0.00', '0.00', '0.00', '0.00', '45.05', '45.05', '0.00', '0.00', '0.00', '', '', 1, '0.00', '0.00', '0.00', '0.00'),
('0146', 'ZARZAMORA', 'FRUTA', 'GR', '', '1.00', '0.00', '4.76', '0.00', '0.00', '0.00', '0.00', '150.00', '150.00', '0.00', '0.00', '0.00', '', '', 1, '0.00', '0.00', '0.00', '0.00'),
('0147', 'PAPA ALPHA', 'FRUTA', 'GR', '', '1.00', '0.00', '-815.33', '0.00', '0.00', '0.00', '0.00', '18.00', '18.00', '0.00', '0.00', '0.00', '', '', 1, '0.00', '0.00', '0.00', '0.00'),
('0148', 'CHILE GUAJILLO', 'VERDU', 'GR', '', '1.00', '0.00', '-16.88', '0.00', '0.00', '0.00', '0.00', '100.00', '100.00', '0.00', '0.00', '0.00', '', '', 1, '0.00', '0.00', '0.00', '0.00'),
('0149', 'TOMATE VERDE', 'FRUTA', 'GR', '', '1.00', '0.00', '46.00', '0.00', '0.00', '0.00', '0.00', '14.00', '14.00', '0.00', '0.00', '0.00', '', '', 1, '0.00', '0.00', '0.00', '0.00'),
('0150', 'HUITLACOCHE', 'VERDU', 'GR', '', '1.00', '0.00', '2.00', '0.00', '0.00', '0.00', '0.00', '33.00', '33.00', '0.00', '0.00', '0.00', '', '', 1, '0.00', '0.00', '0.00', '0.00'),
('0151', 'LIMON SEMILLA', 'VERDU', 'GR', '', '1.00', '0.00', '0.00', '0.00', '0.00', '0.00', '0.00', '32.28', '32.28', '0.00', '0.00', '0.00', '', '', 1, '0.00', '0.00', '0.00', '0.00'),
('0152', 'CHILE MULATO', 'VERDU', 'GR', '', '1.00', '0.00', '0.25', '0.00', '0.00', '0.00', '0.00', '120.00', '120.00', '0.00', '0.00', '0.00', '', '', 1, '0.00', '0.00', '0.00', '0.00'),
('0153', 'CEBOLLA CAMBRAY BLA', 'VERDU', 'GR', '', '1.00', '0.00', '-1691.22', '0.00', '0.00', '0.00', '0.00', '12.00', '12.00', '0.00', '0.00', '0.00', '', '', 1, '0.00', '0.00', '0.00', '0.00'),
('0154', 'CHILE CHILTEPIN', 'VERDU', 'GR', '', '1.00', '0.00', '0.50', '0.00', '0.00', '0.00', '0.00', '400.00', '400.00', '0.00', '0.00', '0.00', '', '', 1, '0.00', '0.00', '0.00', '0.00'),
('0155', 'LECHUGA OREJONA', 'FRUTA', 'GR', '', '1.00', '0.00', '-192.30', '0.00', '0.00', '0.00', '0.00', '35.00', '35.00', '0.00', '0.00', '0.00', '', '', 1, '0.00', '0.00', '0.00', '0.00'),
('0156', 'CHILE ARBOL SECO', 'VERDU', 'GR', '', '1.00', '0.00', '-12.86', '0.00', '0.00', '0.00', '0.00', '110.00', '110.00', '0.00', '0.00', '0.00', '', '', 1, '0.00', '0.00', '0.00', '0.00'),
('0157', 'FLORES COMESTIBLES PZ', 'VERDU', 'GR', '', '1.00', '0.00', '1.00', '0.00', '0.00', '0.00', '0.00', '90.00', '90.00', '0.00', '0.00', '0.00', '', '', 1, '0.00', '0.00', '0.00', '0.00'),
('0158', 'CHILE JALAPE¤O', 'VERDU', 'GR', '', '1.00', '0.00', '-1145.68', '0.00', '0.00', '0.00', '0.00', '15.00', '15.00', '0.00', '0.00', '0.00', '', '', 1, '0.00', '0.00', '0.00', '0.00'),
('0159', 'FRAMBUESA', 'FRUTA', 'GR', '', '1.00', '0.00', '3.96', '0.00', '0.00', '0.00', '0.00', '225.00', '225.00', '0.00', '0.00', '0.00', '', '', 1, '0.00', '0.00', '0.00', '0.00'),
('0160', 'CHILE ANCHO', 'VERDU', 'GR', '', '1.00', '0.00', '1.25', '0.00', '0.00', '0.00', '0.00', '130.00', '130.00', '0.00', '0.00', '0.00', '', '', 1, '0.00', '0.00', '0.00', '0.00'),
('0161', 'CEBOLLIN', 'VERDU', 'GR', '', '1.00', '0.00', '0.00', '0.00', '0.00', '0.00', '0.00', '60.00', '60.00', '0.00', '0.00', '0.00', '', '', 1, '0.00', '0.00', '0.00', '0.00'),
('0162', 'CHILE ANAHEIM', 'FRUTA', 'GR', '', '1.00', '0.00', '0.00', '0.00', '0.00', '0.00', '0.00', '93.50', '93.50', '0.00', '0.00', '0.00', '', '', 1, '0.00', '0.00', '0.00', '0.00'),
('0163', 'CHILE CASCABEL', 'FRUTA', 'GR', '', '1.00', '0.00', '0.50', '0.00', '0.00', '0.00', '0.00', '155.00', '155.00', '0.00', '0.00', '0.00', '', '', 1, '0.00', '0.00', '0.00', '0.00'),
('0164', 'CHILE TAMPICO', 'VERDU', 'GR', '', '1.00', '0.00', '-3.70', '0.00', '0.00', '0.00', '0.00', '30.00', '30.00', '0.00', '0.00', '0.00', '', '', 1, '0.00', '0.00', '0.00', '0.00'),
('0165', 'COCO NATURAL', 'FRUTA', 'GR', '', '1.00', '0.00', '0.00', '0.00', '0.00', '0.00', '0.00', '60.00', '60.00', '0.00', '0.00', '0.00', '', '', 1, '0.00', '0.00', '0.00', '0.00'),
('0166', 'HOJA SANTA', 'FRUTA', 'GR', '', '1.00', '0.00', '-9.11', '0.00', '0.00', '0.00', '0.00', '35.00', '35.00', '0.00', '0.00', '0.00', '', '', 1, '0.00', '0.00', '0.00', '0.00'),
('0167', 'JICAMA', 'FRUTA', 'GR', '', '1.00', '0.00', '4.97', '0.00', '0.00', '0.00', '0.00', '13.00', '13.00', '0.00', '0.00', '0.00', '', '', 1, '0.00', '0.00', '0.00', '0.00'),
('0168', 'PERA', 'BAJAA', 'GR', '', '1.00', '0.00', '0.00', '0.00', '0.00', '0.00', '0.00', '52.50', '52.50', '0.00', '0.00', '0.00', '', '', 1, '0.00', '0.00', '0.00', '0.00'),
('0169', 'PULPA DE MARACUYA', 'FRUTA', 'GR', '', '1.00', '0.00', '1.00', '0.00', '0.00', '0.00', '0.00', '50.00', '50.00', '0.00', '0.00', '0.00', '', '', 1, '0.00', '0.00', '0.00', '0.00'),
('0170', 'PAPA SARATOGA', 'ABBAR', 'GG', '', '1.00', '0.00', '-2126.70', '0.00', '0.00', '0.00', '0.00', '200.00', '200.00', '0.00', '0.00', '0.00', '', '', 1, '0.00', '0.00', '0.00', '0.00'),
('0171', 'UVA', 'FRUTA', 'GR', '', '1.00', '0.00', '-65.25', '0.00', '0.00', '0.00', '0.00', '120.00', '120.00', '0.00', '0.00', '0.00', '', '', 1, '0.00', '0.00', '0.00', '0.00'),
('0172', 'PLATANO MACHO', 'FRUTA', 'GR', '', '1.00', '0.00', '-202.23', '0.00', '0.00', '0.00', '0.00', '15.00', '15.00', '0.00', '0.00', '0.00', '', '', 1, '0.00', '0.00', '0.00', '0.00'),
('0173', 'AGUACATE', 'FRUTA', 'GR', '', '1.00', '0.00', '-1063.62', '0.00', '0.00', '0.00', '0.00', '70.00', '70.00', '0.00', '0.00', '0.00', '', '', 1, '0.00', '0.00', '0.00', '0.00'),
('0174', 'JENGIBRE', 'FRUTA', 'GR', '', '1.00', '0.00', '0.00', '0.00', '0.00', '0.00', '0.00', '18.75', '18.75', '0.00', '0.00', '0.00', '', '', 1, '0.00', '0.00', '0.00', '0.00'),
('0176', 'NARANJA', 'FRUTA', 'GR', '', '1.00', '0.00', '117.00', '0.00', '0.00', '0.00', '0.00', '6.00', '6.00', '0.00', '0.00', '0.00', '', '', 1, '0.00', '0.00', '0.00', '0.00'),
('0177', 'JITOMATE SALADETE', 'FRUTA', 'GR', '', '1.00', '0.00', '164.07', '0.00', '0.00', '0.00', '0.00', '15.00', '15.00', '0.00', '0.00', '0.00', '', '', 1, '0.00', '0.00', '0.00', '0.00'),
('0178', 'LECHUGA SANGRIA', 'FRUTA', 'GR', '', '1.00', '0.00', '8.40', '0.00', '0.00', '0.00', '0.00', '20.00', '20.00', '0.00', '0.00', '0.00', '', '', 1, '0.00', '0.00', '0.00', '0.00'),
('0179', 'LEMONGRASS', 'ESPEC', 'GR', '', '1.00', '0.00', '0.00', '0.00', '0.00', '0.00', '0.00', '40.00', '40.00', '0.00', '0.00', '0.00', '', '', 1, '0.00', '0.00', '0.00', '0.00'),
('0180', 'MANGO ATAULFO', 'FRUTA', 'GR', '', '1.00', '0.00', '-13.00', '0.00', '0.00', '0.00', '0.00', '25.00', '25.00', '0.00', '0.00', '0.00', '', '', 1, '0.00', '0.00', '0.00', '0.00'),
('0181', 'CHILE MANZANO AMARI', 'BAJAA', 'GR', '', '1.00', '0.00', '0.00', '0.00', '0.00', '0.00', '0.00', '52.50', '52.50', '0.00', '0.00', '0.00', '', '', 1, '0.00', '0.00', '0.00', '0.00'),
('0182', 'PIMIENTO MORRON ROJO', 'FRUTA', 'GR', '', '1.00', '0.00', '-76.93', '0.00', '0.00', '0.00', '0.00', '50.00', '50.00', '0.00', '0.00', '0.00', '', '', 1, '0.00', '0.00', '0.00', '0.00'),
('0183', 'CEBOLLA MORADA', 'VERDU', 'GR', '', '1.00', '0.00', '-52.33', '0.00', '0.00', '0.00', '0.00', '30.00', '30.00', '0.00', '0.00', '0.00', '', '', 1, '0.00', '0.00', '0.00', '0.00'),
('0184', 'NOPAL', 'VERDU', 'GR', '', '1.00', '0.00', '-38062.00', '0.00', '0.00', '0.00', '0.00', '17.00', '17.00', '0.00', '0.00', '0.00', '', '', 1, '0.00', '0.00', '0.00', '0.00'),
('0185', 'PAPA CAMBRAY', 'FRUTA', 'GR', '', '1.00', '0.00', '-146.50', '0.00', '0.00', '0.00', '0.00', '18.00', '18.00', '0.00', '0.00', '0.00', '', '', 1, '0.00', '0.00', '0.00', '0.00'),
('0186', 'PERA LECHERA', 'BAJAA', 'GR', '', '1.00', '0.00', '0.00', '0.00', '0.00', '0.00', '0.00', '33.00', '33.00', '0.00', '0.00', '0.00', '', '', 1, '0.00', '0.00', '0.00', '0.00'),
('0187', 'CHAMPINON', 'VERDU', 'GR', '', '1.00', '0.00', '4.23', '0.00', '0.00', '0.00', '0.00', '58.00', '58.00', '0.00', '0.00', '0.00', '', '', 1, '0.00', '0.00', '0.00', '0.00'),
('0188', 'LIMON SIN SEMILLA', 'FRUTA', 'GR', '', '1.00', '0.00', '-564.91', '0.00', '0.00', '0.00', '0.00', '18.00', '18.00', '0.00', '0.00', '0.00', '', '', 1, '0.00', '0.00', '0.00', '0.00'),
('0189', 'CHILE RELLENO', 'BAJAA', 'GR', '', '1.00', '0.00', '0.00', '0.00', '0.00', '0.00', '0.00', '35.00', '35.00', '0.00', '0.00', '0.00', '', '', 1, '0.00', '0.00', '0.00', '0.00'),
('0190', 'ZANAHORIA', 'FRUTA', 'GR', '', '1.00', '0.00', '36.80', '0.00', '0.00', '0.00', '0.00', '8.00', '8.00', '0.00', '0.00', '0.00', '', '', 1, '0.00', '0.00', '0.00', '0.00'),
('0191', 'CEBOLLA BLANCA', 'VERDU', 'GR', '', '1.00', '0.00', '-852.31', '0.00', '0.00', '0.00', '0.00', '30.00', '30.00', '0.00', '0.00', '0.00', '', '', 1, '0.00', '0.00', '0.00', '0.00'),
('0192', 'PEPINO', 'FRUTA', 'GR', '', '1.00', '0.00', '-193.64', '0.00', '0.00', '0.00', '0.00', '10.00', '10.00', '0.00', '0.00', '0.00', '', '', 1, '0.00', '0.00', '0.00', '0.00'),
('0193', 'AJONJOLI BLANCO', 'FRUTA', 'GR', '', '1.00', '0.00', '-18.34', '0.00', '0.00', '0.00', '0.00', '48.00', '48.00', '0.00', '0.00', '0.00', '', '', 1, '0.00', '0.00', '0.00', '0.00'),
('0194', 'MANZANA VERDE', 'BAJAA', 'GR', '', '1.00', '0.00', '7.97', '0.00', '0.00', '0.00', '0.00', '75.00', '75.00', '0.00', '0.00', '0.00', '', '', 1, '0.00', '0.00', '0.00', '0.00'),
('0195', 'MENTA', 'FRUTA', 'GR', '', '1.00', '0.00', '0.00', '0.00', '0.00', '0.00', '0.00', '67.60', '67.60', '0.00', '0.00', '0.00', '', '', 1, '0.00', '0.00', '0.00', '0.00'),
('0196', 'RABANO GRANDE', 'FRUTA', 'GR', '', '1.00', '0.00', '-382.53', '0.00', '0.00', '0.00', '0.00', '32.00', '32.00', '0.00', '0.00', '0.00', '', '', 1, '0.00', '0.00', '0.00', '0.00'),
('0197', 'CHILE CHIPOTLE SECO', 'VERDU', 'GR', '', '1.00', '0.00', '1.25', '0.00', '0.00', '0.00', '0.00', '90.00', '90.00', '0.00', '0.00', '0.00', '', '', 1, '0.00', '0.00', '0.00', '0.00'),
('0198', 'CILANTRO RECIO', 'VERDU', 'GR', '', '1.00', '0.00', '-360.00', '0.00', '0.00', '0.00', '0.00', '12.00', '12.00', '0.00', '0.00', '0.00', '', '', 1, '0.00', '0.00', '0.00', '0.00'),
('0199', 'LECHUGA ROMANA', 'FRUTA', 'GR', '', '1.00', '0.00', '2.80', '0.00', '0.00', '0.00', '0.00', '32.50', '32.50', '0.00', '0.00', '0.00', '', '', 1, '0.00', '0.00', '0.00', '0.00'),
('0200', 'CILANTRO', 'VERDU', 'GG', '', '1.00', '0.00', '-659.21', '0.00', '0.00', '0.00', '0.00', '12.00', '12.00', '0.00', '0.00', '0.00', '', '', 1, '0.00', '0.00', '0.00', '0.00'),
('0201', 'CHILE PASILLA', 'FRUTA', 'GR', '', '1.00', '0.00', '-306.44', '0.00', '0.00', '0.00', '0.00', '130.00', '130.00', '0.00', '0.00', '0.00', '', '', 1, '0.00', '0.00', '0.00', '0.00'),
('0202', 'AJO BLANCO', 'FRUTA', 'GR', '', '1.00', '0.00', '-39.36', '0.00', '0.00', '0.00', '0.00', '180.00', '180.00', '0.00', '0.00', '0.00', '', '', 1, '0.00', '0.00', '0.00', '0.00'),
('0203', 'CHILE HABANERO', 'VERDU', 'GR', '', '1.00', '0.00', '-35.17', '0.00', '0.00', '0.00', '0.00', '120.00', '120.00', '0.00', '0.00', '0.00', '', '', 1, '0.00', '0.00', '0.00', '0.00'),
('0204', 'SANDIA', 'FRUTA', 'GR', '', '1.00', '0.00', '25.52', '0.00', '0.00', '0.00', '0.00', '15.00', '15.00', '0.00', '0.00', '0.00', '', '', 1, '0.00', '0.00', '0.00', '0.00'),
('0205', 'AJONJOLI NEGRO', 'FRUTA', 'GR', '', '1.00', '0.00', '-0.06', '0.00', '0.00', '0.00', '0.00', '55.00', '55.00', '0.00', '0.00', '0.00', '', '', 1, '0.00', '0.00', '0.00', '0.00'),
('0206', 'PEREJIL LISO', 'FRUTA', 'GR', '', '1.00', '0.00', '1.75', '0.00', '0.00', '0.00', '0.00', '12.00', '12.00', '0.00', '0.00', '0.00', '', '', 1, '0.00', '0.00', '0.00', '0.00'),
('0207', 'ESPINACA', 'FRUTA', 'GR', '', '1.00', '0.00', '3.50', '0.00', '0.00', '0.00', '0.00', '15.00', '15.00', '0.00', '0.00', '0.00', '', '', 1, '0.00', '0.00', '0.00', '0.00'),
('0208', 'EPAZOTE VERDE', 'FRUTA', 'GR', '', '1.00', '0.00', '2.08', '0.00', '0.00', '0.00', '0.00', '12.00', '12.00', '0.00', '0.00', '0.00', '', '', 1, '0.00', '0.00', '0.00', '0.00'),
('0209', 'FLOR DE CALABAZA', 'FRUTA', 'GR', '', '1.00', '0.00', '-143.06', '0.00', '0.00', '0.00', '0.00', '20.00', '20.00', '0.00', '0.00', '0.00', '', '', 1, '0.00', '0.00', '0.00', '0.00'),
('0210', 'CHILE POBLANO', 'VERDU', 'GR', '', '1.00', '0.00', '20.00', '0.00', '0.00', '0.00', '0.00', '22.00', '22.00', '0.00', '0.00', '0.00', '', '', 1, '0.00', '0.00', '0.00', '0.00'),
('0211', 'CHICHARO JAPONES', 'VERDU', 'GR', '', '1.00', '0.00', '3.75', '0.00', '0.00', '0.00', '0.00', '70.00', '70.00', '0.00', '0.00', '0.00', '', '', 1, '0.00', '0.00', '0.00', '0.00'),
('0212', 'PASAS', 'FRUTA', 'GR', '', '1.00', '0.00', '0.75', '0.00', '0.00', '0.00', '0.00', '45.00', '45.00', '0.00', '0.00', '0.00', '', '', 1, '0.00', '0.00', '0.00', '0.00'),
('0213', 'PIMIENTO MORRON VERDE', 'FRUTA', 'GR', '', '1.00', '0.00', '-18.25', '0.00', '0.00', '0.00', '0.00', '50.00', '50.00', '0.00', '0.00', '0.00', '', '', 1, '0.00', '0.00', '0.00', '0.00'),
('0214', 'PERA PANOCHERA', 'BAJAA', 'GR', '', '1.00', '0.00', '0.00', '0.00', '0.00', '0.00', '0.00', '15.00', '15.00', '0.00', '0.00', '0.00', '', '', 1, '0.00', '0.00', '0.00', '0.00'),
('0215', 'JITOMATE CHERRY ROJO', 'FRUTA', 'GR', '', '1.00', '0.00', '-69.61', '0.00', '0.00', '0.00', '0.00', '125.00', '125.00', '0.00', '0.00', '0.00', '', '', 1, '0.00', '0.00', '0.00', '0.00'),
('0216', 'PI¤A', 'FRUTA', 'GR', '', '1.00', '0.00', '-178.16', '0.00', '0.00', '0.00', '0.00', '11.00', '11.00', '0.00', '0.00', '0.00', '', '', 1, '0.00', '0.00', '0.00', '0.00'),
('0217', 'PILONCILLO', 'FRUTA', 'GR', '', '1.00', '0.00', '0.00', '0.00', '0.00', '0.00', '0.00', '31.63', '31.63', '0.00', '0.00', '0.00', '', '', 1, '0.00', '0.00', '0.00', '0.00'),
('0218', 'CHILE SERRANO VERDE', 'VERDU', 'GR', '', '1.00', '0.00', '2.00', '0.00', '0.00', '0.00', '0.00', '55.00', '55.00', '0.00', '0.00', '0.00', '', '', 1, '0.00', '0.00', '0.00', '0.00'),
('0219', 'FLORES COMESTIBLES', 'FRUTA', 'GR', '', '1.00', '0.00', '-1.00', '0.00', '0.00', '0.00', '0.00', '130.00', '130.00', '0.00', '0.00', '0.00', '', '', 1, '0.00', '0.00', '0.00', '0.00'),
('0220', 'QUESO RICOTTA', 'LACTE', 'GR', '', '1.00', '0.00', '-207.84', '0.00', '0.00', '0.00', '0.00', '79.00', '79.00', '0.00', '0.00', '0.00', '', '', 1, '0.00', '0.00', '0.00', '0.00'),
('0221', 'QUESO DE CABRA', 'LACTE', 'GR', '', '1.00', '0.00', '-130.70', '0.00', '0.00', '0.00', '0.00', '200.00', '200.00', '0.00', '0.00', '0.00', '', '', 1, '0.00', '0.00', '0.00', '0.00'),
('0222', 'QUESO CREMA', 'LACTE', 'GR', '', '1.00', '0.00', '0.00', '0.00', '0.00', '0.00', '0.00', '130.39', '130.39', '0.00', '0.00', '0.00', '', '', 1, '0.00', '0.00', '0.00', '0.00'),
('0223', 'MANTEQUILLA', 'LACTE', 'GR', '', '1.00', '0.00', '-49.29', '0.00', '0.00', '0.00', '0.00', '136.00', '136.00', '0.00', '0.00', '0.00', '', '', 1, '0.00', '0.00', '0.00', '0.00'),
('0224', 'JOCOQUE', 'LACTE', 'GR', '', '1.00', '0.00', '0.00', '0.00', '0.00', '0.00', '0.00', '139.50', '139.50', '0.00', '0.00', '0.00', '', '', 1, '0.00', '0.00', '0.00', '0.00'),
('0225', 'QUESO COTIJA', 'LACTE', 'GR', '', '1.00', '0.00', '-19.97', '0.00', '0.00', '0.00', '0.00', '110.00', '110.00', '0.00', '0.00', '0.00', '', '', 1, '0.00', '0.00', '0.00', '0.00'),
('0226', 'QUESO GOUDA', 'LACTE', 'GR', '', '1.00', '0.00', '-1899.58', '0.00', '0.00', '0.00', '0.00', '380.15', '380.15', '0.00', '0.00', '0.00', '', '', 1, '0.00', '0.00', '0.00', '0.00'),
('0227', 'QUESO MANCHEGO', 'LACTE', 'GR', '', '1.00', '0.00', '0.00', '0.00', '0.00', '0.00', '0.00', '126.75', '126.75', '0.00', '0.00', '0.00', '', '', 1, '0.00', '0.00', '0.00', '0.00'),
('0228', 'QUESO PARMESANO', 'LACTE', 'GR', '', '1.00', '0.00', '-170.69', '0.00', '0.00', '0.00', '0.00', '210.00', '210.00', '0.00', '0.00', '0.00', '', '', 1, '0.00', '0.00', '0.00', '0.00'),
('0229', 'QUESO PROVOLONE', 'LACTE', 'GR', '', '1.00', '0.00', '-449.34', '0.00', '0.00', '0.00', '0.00', '172.89', '172.89', '0.00', '0.00', '0.00', '', '', 1, '0.00', '0.00', '0.00', '0.00'),
('0230', 'YOGURTH NATURAL', 'LACTE', 'GR', '', '1.00', '0.00', '6.00', '0.00', '0.00', '0.00', '0.00', '28.30', '28.30', '0.00', '0.00', '0.00', '', '', 1, '0.00', '0.00', '0.00', '0.00'),
('0231', 'QUESO AMARILLO', 'LACTE', 'GR', '', '1.00', '0.00', '-1019.56', '0.00', '0.00', '0.00', '0.00', '23.00', '23.00', '0.00', '0.00', '0.00', '', '', 1, '0.00', '0.00', '0.00', '0.00'),
('0232', 'QUESO OAXACA', 'LACTE', 'GR', '', '1.00', '0.00', '-1824.56', '0.00', '0.00', '0.00', '0.00', '85.00', '85.00', '0.00', '0.00', '0.00', '', '', 1, '0.00', '0.00', '0.00', '0.00'),
('0233', 'CREMA NATURAL', 'LACTE', 'GR', '', '1.00', '0.00', '-1103.45', '0.00', '0.00', '0.00', '0.00', '140.00', '140.00', '0.00', '0.00', '0.00', '', '', 1, '0.00', '0.00', '0.00', '0.00'),
('0234', 'CREMA PARA BATIR', 'LACTE', 'GR', '', '1.00', '0.00', '-101.05', '0.00', '0.00', '0.00', '0.00', '61.00', '61.00', '0.00', '0.00', '0.00', '', '', 1, '0.00', '0.00', '0.00', '0.00'),
('0235', 'QUESO PANELA', 'LACTE', 'GR', '', '1.00', '0.00', '-768.40', '0.00', '0.00', '0.00', '0.00', '106.25', '106.25', '0.00', '0.00', '0.00', '', '', 1, '0.00', '0.00', '0.00', '0.00'),
('0236', 'QUESO MASCARPONE', 'BAJAA', 'GR', '', '1.00', '0.00', '0.00', '0.00', '0.00', '0.00', '0.00', '259.85', '259.85', '0.00', '0.00', '0.00', '', '', 1, '0.00', '0.00', '0.00', '0.00'),
('0237', 'TLAYUDAS', 'PANTO', 'PZ', '', '1.00', '0.00', '-8991.00', '0.00', '0.00', '0.00', '0.00', '7.00', '7.00', '0.00', '0.00', '0.00', '', '', 1, '0.00', '0.00', '0.00', '0.00'),
('0238', 'PAN HAMBURGUESA GDE', 'BAJAA', 'PZ', '', '1.00', '0.00', '0.00', '0.00', '0.00', '0.00', '0.00', '5.00', '5.00', '0.00', '0.00', '0.00', '', '', 1, '0.00', '0.00', '0.00', '0.00'),
('0239', 'TELERA PARA TORTA', 'PANTO', 'PZ', '', '1.00', '0.00', '-1015.00', '0.00', '0.00', '0.00', '0.00', '1.50', '1.50', '0.00', '0.00', '0.00', '', '', 1, '0.00', '0.00', '0.00', '0.00'),
('0240', 'TORTILLA CHALUPERA', 'PANTO', 'PZ', '', '1.00', '0.00', '-1930.44', '0.00', '0.00', '0.00', '0.00', '14.00', '14.00', '0.00', '0.00', '0.00', '', '', 1, '0.00', '0.00', '0.00', '0.00'),
('0241', 'MASA AZUL', 'PANTO', 'PZ', '', '1.00', '0.00', '-3139.48', '0.00', '0.00', '0.00', '0.00', '17.00', '17.00', '0.00', '0.00', '0.00', '', '', 1, '0.00', '0.00', '0.00', '0.00'),
('0242', 'TORTILLA DE MAIZ', 'PANTO', 'PZ', '', '1.00', '0.00', '-1299.00', '0.00', '0.00', '0.00', '0.00', '13.00', '13.00', '0.00', '0.00', '0.00', '', '', 1, '0.00', '0.00', '0.00', '0.00'),
('0243', 'TORTILLA DE HARINA', 'ABARR', 'GR', '', '1.00', '0.00', '-2575.16', '0.00', '0.00', '0.00', '0.00', '14.00', '14.00', '0.00', '0.00', '0.00', '', '', 1, '0.00', '0.00', '0.00', '0.00'),
('0244', 'CAMARON AGUACHILE', 'PESCA', 'PZ', '', '1.00', '0.00', '-251.50', '0.00', '0.00', '0.00', '0.00', '195.00', '195.00', '0.00', '0.00', '0.00', '', '', 1, '0.00', '0.00', '0.00', '0.00'),
('0245', 'CAMARON 31/35', 'PESCA', 'PZ', '', '1.00', '0.00', '-404.55', '0.00', '0.00', '0.00', '0.00', '288.00', '288.00', '0.00', '0.00', '0.00', '', '', 1, '0.00', '0.00', '0.00', '0.00'),
('0246', 'SALMON FRESCO', 'PESCA', 'PZ', '', '1.00', '0.00', '-441.94', '0.00', '0.00', '0.00', '0.00', '280.00', '280.00', '0.00', '0.00', '0.00', '', '', 1, '0.00', '0.00', '0.00', '0.00'),
('0247', 'FILETE TILAPIA', 'PESCA', 'PZ', '', '1.00', '0.00', '-232.66', '0.00', '0.00', '0.00', '0.00', '78.00', '78.00', '0.00', '0.00', '0.00', '', '', 1, '0.00', '0.00', '0.00', '0.00'),
('0248', 'ATUN FRESCO', 'PESCA', 'PZ', '', '1.00', '0.00', '-423.00', '0.00', '0.00', '0.00', '0.00', '230.00', '230.00', '0.00', '0.00', '0.00', '', '', 1, '0.00', '0.00', '0.00', '0.00'),
('0249', 'ATUN STAKE', 'PESCA', 'PZ', '', '1.00', '0.00', '5.20', '0.00', '0.00', '0.00', '0.00', '45.10', '45.10', '0.00', '0.00', '0.00', '', '', 1, '0.00', '0.00', '0.00', '0.00'),
('0250', 'PULPO', 'PESCA', 'PZ', '', '1.00', '0.00', '10.00', '0.00', '0.00', '0.00', '0.00', '190.00', '190.00', '0.00', '0.00', '0.00', '', '', 1, '0.00', '0.00', '0.00', '0.00'),
('0251', 'CAMARON PACOTILLA', 'PESCA', 'GR', '', '1.00', '0.00', '32.87', '0.00', '0.00', '0.00', '0.00', '221.00', '221.00', '0.00', '0.00', '0.00', '', '', 1, '0.00', '0.00', '0.00', '0.00'),
('0252', 'MAIZ POZOLERO', 'ABARR', 'GR', '', '1.00', '0.00', '9.00', '0.00', '0.00', '0.00', '0.00', '18.00', '18.00', '0.00', '0.00', '0.00', '', '', 1, '0.00', '0.00', '0.00', '0.00'),
('0253', 'ACHIOTE', 'ABARR', 'GR', '', '1.00', '0.00', '1.00', '0.00', '0.00', '0.00', '0.00', '54.00', '54.00', '0.00', '0.00', '0.00', '', '', 1, '0.00', '0.00', '0.00', '0.00'),
('0254', 'CALABAZA ITALIANA', 'VERDU', 'GR', '', '1.00', '0.00', '27.00', '0.00', '0.00', '0.00', '0.00', '16.00', '16.00', '0.00', '0.00', '0.00', '', '', 1, '0.00', '0.00', '0.00', '0.00'),
('0255', 'BROCOLI', 'VERDU', 'GR', '', '1.00', '0.00', '29.70', '0.00', '0.00', '0.00', '0.00', '12.00', '12.00', '0.00', '0.00', '0.00', '', '', 1, '0.00', '0.00', '0.00', '0.00'),
('0256', 'CHAYOTE', 'VERDU', 'GR', '', '1.00', '0.00', '3.00', '0.00', '0.00', '0.00', '0.00', '9.00', '9.00', '0.00', '0.00', '0.00', '', '', 1, '0.00', '0.00', '0.00', '0.00'),
('0257', 'LECHUGA ITALIANA', 'VERDU', 'GR', '', '1.00', '0.00', '11.20', '0.00', '0.00', '0.00', '0.00', '22.50', '22.50', '0.00', '0.00', '0.00', '', '', 1, '0.00', '0.00', '0.00', '0.00'),
('0258', 'ELOTE GRANO GRANEL', 'ABARR', 'GR', '', '1.00', '0.00', '34.00', '0.00', '0.00', '0.00', '0.00', '35.00', '35.00', '0.00', '0.00', '0.00', '', '', 1, '0.00', '0.00', '0.00', '0.00'),
('0259', 'COLIFLOR', 'VERDU', 'GR', '', '1.00', '0.00', '4.00', '0.00', '0.00', '0.00', '0.00', '18.00', '18.00', '0.00', '0.00', '0.00', '', '', 1, '0.00', '0.00', '0.00', '0.00'),
('0260', 'VERDOLAGA', 'VERDU', 'GR', '', '1.00', '0.00', '6.00', '0.00', '0.00', '0.00', '0.00', '25.00', '25.00', '0.00', '0.00', '0.00', '', '', 1, '0.00', '0.00', '0.00', '0.00'),
('0261', 'GALLETA SALADA', 'ABARR', 'PZ', '', '1.00', '0.00', '0.00', '0.00', '0.00', '0.00', '0.00', '1.00', '0.00', '0.00', '0.00', '0.00', '', '', 1, '0.00', '0.00', '0.00', '0.00'),
('0262', 'SURIMI', 'PESCA', 'GR', '', '1.00', '0.00', '0.00', '0.00', '0.00', '0.00', '0.00', '1.00', '0.00', '0.00', '0.00', '0.00', '', '', 1, '0.00', '0.00', '0.00', '0.00'),
('0263', 'FALDA DE RES', 'CARNE', 'GR', '', '1.00', '0.00', '9.20', '0.00', '0.00', '0.00', '0.00', '88.00', '88.00', '0.00', '0.00', '0.00', '', '', 1, '0.00', '0.00', '0.00', '0.00'),
('0265', 'CHOCOLATE LIQUIDO', 'ABARR', 'ML', '', '1.00', '0.00', '2.00', '0.00', '0.00', '0.00', '0.00', '37.50', '37.50', '0.00', '0.00', '0.00', '', '', 1, '0.00', '0.00', '0.00', '0.00'),
('0267', 'BOLS TRANS.1 kg', 'SURES', 'PZ', '', '1.00', '0.00', '0.00', '0.00', '0.00', '0.00', '0.00', '1.00', '0.00', '0.00', '0.00', '0.00', '', '', 1, '0.00', '0.00', '0.00', '0.00'),
('0268', 'BOLSA TRANS.5 kg', 'SURES', 'PZ', '', '1.00', '0.00', '0.00', '0.00', '0.00', '0.00', '0.00', '1.00', '0.00', '0.00', '0.00', '0.00', '', '', 1, '0.00', '0.00', '0.00', '0.00'),
('0269', 'MIGUELITO POLVO', 'ABBAR', 'GR', '', '1.00', '0.00', '3.00', '0.00', '0.00', '0.00', '0.00', '46.26', '46.26', '0.00', '0.00', '0.00', '', '', 1, '0.00', '0.00', '0.00', '0.00'),
('0270', 'PAN MOLIDO', 'PANTO', 'GR', '', '1.00', '0.00', '5.00', '0.00', '0.00', '0.00', '0.00', '18.00', '18.00', '0.00', '0.00', '0.00', '', '', 1, '0.00', '0.00', '0.00', '0.00'),
('0271', 'SALSA BOTANERA', 'ABARR', 'ML', '', '1.00', '0.00', '1.00', '0.00', '0.00', '0.00', '0.00', '43.65', '43.65', '0.00', '0.00', '0.00', '', '', 1, '0.00', '0.00', '0.00', '0.00'),
('0276', 'CARBON', 'SURES', 'GR', '', '1.00', '0.00', '55.00', '0.00', '0.00', '0.00', '0.00', '14.00', '14.00', '0.00', '0.00', '0.00', '', '', 1, '0.00', '0.00', '0.00', '0.00');
INSERT INTO `productos` (`codingre`, `descrip`, `familia`, `unidad`, `empaque`, `equivale`, `inventa0`, `inventa1`, `stockma0`, `stockma1`, `stockmi0`, `stockmi1`, `ultcosto`, `costprom`, `impuesto`, `pedido0`, `pedido1`, `status0`, `status1`, `redondeo`, `fisico0`, `fisico1`, `dife0`, `dife1`) VALUES
('0277', 'BLUEBERRY', 'FRUTA', 'GR', '', '1.00', '0.00', '1.40', '0.00', '0.00', '0.00', '0.00', '250.00', '250.00', '0.00', '0.00', '0.00', '', '', 1, '0.00', '0.00', '0.00', '0.00'),
('0278', 'RABO DE RES', 'CARNE', 'GR', '', '1.00', '0.00', '2.90', '0.00', '0.00', '0.00', '0.00', '95.00', '95.00', '0.00', '0.00', '0.00', '', '', 1, '0.00', '0.00', '0.00', '0.00'),
('0279', 'COSTILLA CERDO', 'CARNE', 'GR', '', '1.00', '0.00', '31.44', '0.00', '0.00', '0.00', '0.00', '88.00', '88.00', '0.00', '0.00', '0.00', '', '', 1, '0.00', '0.00', '0.00', '0.00'),
('0280', 'GELATINA SOBRE', 'ABARR', 'PZ', '', '1.00', '0.00', '5.00', '0.00', '0.00', '0.00', '0.00', '8.50', '8.50', '0.00', '0.00', '0.00', '', '', 1, '0.00', '0.00', '0.00', '0.00'),
('0281', 'TBONE', 'BUFET', 'GR', '', '1.00', '0.00', '15.00', '0.00', '0.00', '0.00', '0.00', '39.00', '39.00', '0.00', '0.00', '0.00', '', '', 1, '0.00', '0.00', '0.00', '0.00'),
('0283', 'CONSENTRADO CAMARON', 'ABARR', 'GR', '', '1.00', '0.00', '0.00', '0.00', '0.00', '0.00', '0.00', '1.00', '0.00', '0.00', '0.00', '0.00', '', '', 1, '0.00', '0.00', '0.00', '0.00'),
('0284', 'PANKO', 'ABARR', 'GR', '', '1.00', '0.00', '3.00', '0.00', '0.00', '0.00', '0.00', '72.00', '72.00', '0.00', '0.00', '0.00', '', '', 1, '0.00', '0.00', '0.00', '0.00'),
('0285', 'ALGA MARINA', 'ABARR', 'PZ', '', '1.00', '0.00', '1.00', '0.00', '0.00', '0.00', '0.00', '310.00', '310.00', '0.00', '0.00', '0.00', '', '', 1, '0.00', '0.00', '0.00', '0.00'),
('0286', 'LASAGNA PASTA', 'ABARR', 'GR', '', '1.00', '0.00', '0.00', '0.00', '0.00', '0.00', '0.00', '1.00', '0.00', '0.00', '0.00', '0.00', '', '', 1, '0.00', '0.00', '0.00', '0.00'),
('0287', 'SALSA VALENTINA', 'ABARR', 'ML', '', '1.00', '0.00', '0.00', '0.00', '0.00', '0.00', '0.00', '1.00', '0.00', '0.00', '0.00', '0.00', '', '', 1, '0.00', '0.00', '0.00', '0.00'),
('0288', 'SALSA BOTANERA', 'ABARR', 'ML', '', '1.00', '0.00', '0.00', '0.00', '0.00', '0.00', '0.00', '1.00', '0.00', '0.00', '0.00', '0.00', '', '', 1, '0.00', '0.00', '0.00', '0.00'),
('0290', 'CHAMOY', 'ABARR', 'ML', '', '1.00', '0.00', '0.00', '0.00', '0.00', '0.00', '0.00', '1.00', '0.00', '0.00', '0.00', '0.00', '', '', 1, '0.00', '0.00', '0.00', '0.00'),
('0291', 'MIGUELITO CHILE', 'ABARR', 'GR', '', '1.00', '0.00', '0.00', '0.00', '0.00', '0.00', '0.00', '1.00', '0.00', '0.00', '0.00', '0.00', '', '', 1, '0.00', '0.00', '0.00', '0.00'),
('0292', 'AZUCAR MOSCABADA', 'ABARR', 'GR', '', '1.00', '0.00', '2.00', '0.00', '0.00', '0.00', '0.00', '40.00', '40.00', '0.00', '0.00', '0.00', '', '', 1, '0.00', '0.00', '0.00', '0.00'),
('0293', 'NESCAFE CLASICO', 'ABARR', 'GR', '', '1.00', '0.00', '1.00', '0.00', '0.00', '0.00', '0.00', '117.14', '117.14', '0.00', '0.00', '0.00', '', '', 1, '0.00', '0.00', '0.00', '0.00'),
('0294', 'PANZA DE RES', 'CARNE', 'GR', '', '1.00', '0.00', '6.50', '0.00', '0.00', '0.00', '0.00', '98.00', '98.00', '0.00', '0.00', '0.00', '', '', 0, '0.00', '0.00', '0.00', '0.00'),
('0295', 'CODO PASTA', 'ABARR', 'GR', '', '1.00', '0.00', '0.00', '0.00', '0.00', '0.00', '0.00', '1.00', '0.00', '0.00', '0.00', '0.00', '', '', 1, '0.00', '0.00', '0.00', '0.00'),
('0296', 'QUESO ROQUEFORD', 'LACTE', 'GR', '', '1.00', '0.00', '1.05', '0.00', '0.00', '0.00', '0.00', '190.00', '190.00', '0.00', '0.00', '0.00', '', '', 1, '0.00', '0.00', '0.00', '0.00'),
('0297', 'YOGURTH FRESA', 'LACTE', 'GR', '', '1.00', '0.00', '5.00', '0.00', '0.00', '0.00', '0.00', '27.90', '27.90', '0.00', '0.00', '0.00', '', '', 1, '0.00', '0.00', '0.00', '0.00'),
('0298', 'CARNE ENCHILADA', 'CARNE', 'GR', '', '1.00', '0.00', '6.00', '0.00', '0.00', '0.00', '0.00', '98.00', '98.00', '0.00', '0.00', '0.00', '', '', 0, '0.00', '0.00', '0.00', '0.00'),
('0299', 'AGUA QUINA', 'REFRE', 'PZ', '', '1.00', '0.00', '144.00', '0.00', '0.00', '0.00', '0.00', '5.78', '5.78', '16.00', '0.00', '0.00', '', '', 0, '0.00', '0.00', '0.00', '0.00'),
('0300', 'RETAZO C/HUESO RES', 'BUFET', 'KG', '', '1.00', '0.00', '6.20', '0.00', '0.00', '0.00', '0.00', '0.09', '98.00', '0.00', '0.00', '0.00', '', '', 0, '0.00', '0.00', '0.00', '0.00'),
('0301', 'JAMAICA', 'BUFET', 'KG', '', '1.00', '0.00', '0.00', '0.00', '0.00', '0.00', '0.00', '1.00', '0.00', '0.00', '0.00', '0.00', '', '', 0, '0.00', '0.00', '0.00', '0.00'),
('0302', 'ESPARRAGOS', 'BUFET', 'KG', '', '1.00', '0.00', '0.50', '0.00', '0.00', '0.00', '0.00', '140.00', '140.00', '0.00', '0.00', '0.00', '', '', 0, '0.00', '0.00', '0.00', '0.00'),
('0303', 'AGUA MIN REFILL', 'REFRE', 'ML', '', '2000.00', '0.00', '24.00', '0.00', '0.00', '0.00', '0.00', '14.33', '14.33', '16.00', '0.00', '0.00', '', '', 0, '0.00', '0.00', '0.00', '0.00'),
('0304', 'SALCHICHA BUFFET', 'BUFET', '1', '', '1.00', '0.00', '4.00', '0.00', '0.00', '0.00', '0.00', '45.00', '45.00', '0.00', '0.00', '0.00', '', '', 0, '0.00', '0.00', '0.00', '0.00'),
('0305', 'BOLA RES BUFFET', 'BUFET', '1', '', '1.00', '0.00', '2.25', '0.00', '0.00', '0.00', '0.00', '160.00', '160.00', '0.00', '0.00', '0.00', '', '', 0, '0.00', '0.00', '0.00', '0.00'),
('0306', 'CHAMBERETE BUFFET', 'BUFET', '1', '', '1.00', '0.00', '6.10', '0.00', '0.00', '0.00', '0.00', '98.00', '98.00', '0.00', '0.00', '0.00', '', '', 0, '0.00', '0.00', '0.00', '0.00'),
('0307', 'BISTEC RES BUFFET', 'BUFET', '1', '', '1.00', '0.00', '0.00', '0.00', '0.00', '0.00', '0.00', '1.00', '0.00', '0.00', '0.00', '0.00', '', '', 0, '0.00', '0.00', '0.00', '0.00'),
('0308', 'BISTEC CERDO BUFFET', 'BUFET', '1', '', '1.00', '0.00', '3.00', '0.00', '0.00', '0.00', '0.00', '88.00', '88.00', '0.00', '0.00', '0.00', '', '', 0, '0.00', '0.00', '0.00', '0.00'),
('0309', 'BOLSA DE VERDURA', 'VERDU', '1', '', '1.00', '0.00', '0.00', '0.00', '0.00', '0.00', '0.00', '1.00', '0.00', '0.00', '0.00', '0.00', '', '', 0, '0.00', '0.00', '0.00', '0.00'),
('0310', 'TOP SIRLON', 'BUFET', 'GR', '', '1.00', '0.00', '0.00', '0.00', '0.00', '0.00', '0.00', '0.00', '0.00', '0.00', '0.00', '0.00', '', '', 0, '0.00', '0.00', '0.00', '0.00'),
('0311', 'CHILE CUARESMENO', 'VERDU', '1', '', '1.00', '0.00', '0.00', '0.00', '0.00', '0.00', '0.00', '1.00', '0.00', '0.00', '0.00', '0.00', '', '', 0, '0.00', '0.00', '0.00', '0.00'),
('0315', 'JITOMATE BUFETE', 'BUFET', 'GR', '', '1.00', '0.00', '10.00', '0.00', '0.00', '0.00', '0.00', '15.00', '15.00', '0.00', '0.00', '0.00', '', '', 0, '0.00', '0.00', '0.00', '0.00'),
('0316', 'CEBOLLA BCA BUFFET', 'BUFET', 'GR', '', '1.00', '0.00', '0.00', '0.00', '0.00', '0.00', '0.00', '1.00', '0.00', '0.00', '0.00', '0.00', '', '', 0, '0.00', '0.00', '0.00', '0.00'),
('ABEL', 'ABSOLUT ELYX', 'VODKA', 'ML', '', '750.00', '0.00', '0.00', '0.00', '0.00', '0.00', '0.00', '410.26', '410.26', '16.00', '0.00', '0.00', '', '', 1, '0.00', '0.00', '0.00', '0.00'),
('ABGM', 'GREY GOOSE 1.750', 'VODKA', 'ML', '', '1750.00', '0.00', '0.00', '0.00', '0.00', '0.00', '0.00', '846.84', '846.84', '0.00', '0.00', '0.00', '', '', 1, '0.00', '0.00', '0.00', '0.00'),
('AGCO', 'AGUA CORRIENTE', 'BAJAB', 'ML', '', '19000.00', '0.00', '8.00', '0.00', '0.00', '0.00', '0.00', '14.33', '14.33', '16.00', '0.00', '0.00', '', '', 1, '0.00', '0.00', '0.00', '0.00'),
('AGMI', 'AGUA MINERAL', 'BEBID', 'ML', '', '1.00', '0.00', '939.00', '0.00', '0.00', '0.00', '0.00', '7.90', '7.90', '16.00', '0.00', '0.00', '', '', 1, '0.00', '0.00', '0.00', '0.00'),
('AGMM', 'AGUA MINERAL MINI', 'BEBID', 'ML', '', '1.00', '0.00', '-2146.00', '0.00', '0.00', '0.00', '0.00', '5.53', '5.53', '16.00', '0.00', '0.00', '', '', 1, '0.00', '0.00', '0.00', '0.00'),
('AGNA', 'AGUA NATURAL', 'BEBID', 'ML', '', '1.00', '0.00', '80.00', '0.00', '0.00', '0.00', '0.00', '5.00', '5.00', '0.00', '0.00', '0.00', '', '', 1, '0.00', '0.00', '0.00', '0.00'),
('AGPE', 'PERRIER AGUA', 'BEBID', 'PZ', '', '1.00', '0.00', '-13.00', '0.00', '0.00', '0.00', '0.00', '14.69', '14.69', '0.00', '0.00', '0.00', '', '', 1, '0.00', '0.00', '0.00', '0.00'),
('AQSW', 'SWHEPPS', 'BEBID', 'ML', '', '1.00', '0.00', '0.00', '0.00', '0.00', '0.00', '0.00', '60.35', '60.35', '0.00', '0.00', '0.00', '', '', 1, '0.00', '0.00', '0.00', '0.00'),
('BOOS', 'BOOST', 'BAJAB', 'ML', '', '1.00', '0.00', '0.00', '0.00', '0.00', '0.00', '0.00', '13.26', '13.26', '0.00', '0.00', '0.00', '', '', 1, '0.00', '0.00', '0.00', '0.00'),
('BRAM', 'ALMA DE MAGNO', 'BRAND', 'ML', '', '700.00', '0.00', '-0.12', '0.00', '0.00', '0.00', '0.00', '232.74', '232.74', '16.00', '0.00', '0.00', '', '', 1, '0.00', '0.00', '0.00', '0.00'),
('BRAZ', 'AZTECA DE ORO', 'BRAND', 'ML', '', '700.00', '0.00', '-0.14', '0.00', '0.00', '0.00', '0.00', '108.62', '108.62', '16.00', '0.00', '0.00', '', '', 1, '0.00', '0.00', '0.00', '0.00'),
('BRCI', 'CARLOS I', 'BRAND', 'ML', '', '750.00', '0.00', '-0.24', '0.00', '0.00', '0.00', '0.00', '482.76', '482.76', '16.00', '0.00', '0.00', '', '', 1, '0.00', '0.00', '0.00', '0.00'),
('BRCM', 'CARDENAL DE MENDOZA', 'BAJAB', 'ML', '', '750.00', '0.00', '0.00', '0.00', '0.00', '0.00', '0.00', '761.77', '761.77', '16.00', '0.00', '0.00', '', '', 1, '0.00', '0.00', '0.00', '0.00'),
('BRDA', 'DUQUE DE ALBA', 'BAJAB', 'ML', '', '700.00', '0.00', '-0.91', '0.00', '0.00', '0.00', '0.00', '582.80', '582.80', '16.00', '0.00', '0.00', '', '', 1, '0.00', '0.00', '0.00', '0.00'),
('BRFU', 'FUNDADOR', 'BAJAB', 'ML', '', '700.00', '0.00', '-0.33', '0.00', '0.00', '0.00', '0.00', '150.00', '150.00', '16.00', '0.00', '0.00', '', '', 1, '0.00', '0.00', '0.00', '0.00'),
('BRMA', 'MAGNO', 'BRAND', 'ML', '', '700.00', '0.00', '-0.46', '0.00', '0.00', '0.00', '0.00', '146.54', '146.54', '16.00', '0.00', '0.00', '', '', 1, '0.00', '0.00', '0.00', '0.00'),
('BRT1', 'TORRES 15', 'BRAND', 'ML', '', '700.00', '0.00', '-8.22', '0.00', '0.00', '0.00', '0.00', '366.38', '366.38', '16.00', '0.00', '0.00', '', '', 1, '0.00', '0.00', '0.00', '0.00'),
('BRT5', 'TORRES 5 A¥OS', 'BRAND', 'ML', '', '750.00', '0.00', '6.00', '0.00', '0.00', '0.00', '0.00', '129.31', '129.31', '16.00', '0.00', '0.00', '', '', 1, '0.00', '0.00', '0.00', '0.00'),
('BRTD', 'TORRES 10', 'BRAND', 'ML', '', '750.00', '0.00', '-5.74', '0.00', '0.00', '0.00', '0.00', '188.78', '188.78', '16.00', '0.00', '0.00', '', '', 1, '0.00', '0.00', '0.00', '0.00'),
('BRTE', 'TERRY CENTENARIO 750 ML.', 'BAJAB', 'ML', '', '750.00', '0.00', '-0.36', '0.00', '0.00', '0.00', '0.00', '206.03', '206.03', '16.00', '0.00', '0.00', '', '', 1, '0.00', '0.00', '0.00', '0.00'),
('BRTV', 'TORRES 20 A¥OS', 'BRAND', 'ML', '', '700.00', '0.00', '-0.14', '0.00', '0.00', '0.00', '0.00', '611.20', '611.20', '16.00', '0.00', '0.00', '', '', 1, '0.00', '0.00', '0.00', '0.00'),
('CAU2', 'CAMARON U15', 'PESCA', 'GR', '', '1000.00', '0.00', '10.00', '0.00', '0.00', '0.00', '0.00', '260.00', '260.00', '0.00', '0.00', '0.00', '', '', 1, '0.00', '0.00', '0.00', '0.00'),
('CC01', 'ESPRESO DECAF', 'CAFEE', 'ML', '', '16.00', '0.00', '0.00', '0.00', '1.00', '0.00', '1.00', '498.75', '498.75', '16.00', '0.00', '0.00', '', 'pedido', 1, '0.00', '0.00', '0.00', '0.00'),
('CC02', 'CAPSULA LUNGO DECAF', 'CAFEE', 'PZ', '', '50.00', '0.00', '0.00', '0.00', '1.00', '0.00', '1.00', '545.00', '545.00', '0.00', '0.00', '0.00', '', 'pedido', 1, '0.00', '0.00', '0.00', '0.00'),
('CC03', 'LUNGO FORTE EXPRESSO', 'CAFEE', 'ML', '', '16.00', '0.00', '0.00', '0.00', '1.00', '0.00', '1.00', '326.72', '326.72', '16.00', '0.00', '0.00', '', 'pedido', 1, '0.00', '0.00', '0.00', '0.00'),
('CC04', 'CAPSULA LUNGO FORTE', 'CAFEE', 'PZ', '', '50.00', '0.00', '0.00', '0.00', '1.00', '0.00', '1.00', '390.00', '634.48', '16.00', '0.00', '0.00', '', 'pedido', 1, '0.00', '0.00', '0.00', '0.00'),
('CC05', 'CAPSULA LUNGO SABORES', 'CAFEE', 'PZ', '', '16.00', '0.00', '0.00', '0.00', '1.00', '0.00', '1.00', '390.00', '404.31', '16.00', '0.00', '0.00', '', 'pedido', 1, '0.00', '0.00', '0.00', '0.00'),
('CC06', 'LUNGO FORTE VAINILLA', 'CAFEE', 'ML', '', '16.00', '0.00', '0.00', '0.00', '1.00', '0.00', '1.00', '950.00', '950.00', '16.00', '0.00', '0.00', '', 'pedido', 1, '0.00', '0.00', '0.00', '0.00'),
('CEA9', 'ODULS S/ALCOHOL', 'CERVE', 'PZ', '', '355.00', '0.00', '0.00', '0.00', '0.00', '0.00', '0.00', '8.90', '8.90', '0.00', '0.00', '0.00', '', 'pedido', 1, '0.00', '0.00', '0.00', '0.00'),
('CEBA', 'BARRIL DE CERVEZA', 'BAJAB', 'PZ', '', '12000.00', '0.00', '-1.34', '0.00', '0.00', '0.00', '0.00', '853.00', '853.00', '16.00', '0.00', '0.00', '', '', 1, '0.00', '0.00', '0.00', '0.00'),
('CEBN', 'BOCANEGRA', 'BAJAB', 'PZ', '', '1.00', '0.00', '-8165.00', '0.00', '0.00', '0.00', '0.00', '18.28', '18.28', '16.00', '0.00', '0.00', '', '', 1, '0.00', '0.00', '0.00', '0.00'),
('CEBO', 'BOHEMIA CLARA', 'BAJAB', 'PZ', '', '1.00', '0.00', '0.00', '0.00', '0.00', '0.00', '0.00', '9.99', '9.99', '0.00', '0.00', '0.00', '', '', 1, '0.00', '0.00', '0.00', '0.00'),
('CEBS', 'BOHEMIA OSCURA', 'BAJAB', 'PZ', '', '1.00', '0.00', '0.00', '0.00', '0.00', '0.00', '0.00', '9.98', '9.98', '0.00', '0.00', '0.00', '', '', 1, '0.00', '0.00', '0.00', '0.00'),
('CEBU', 'BUDWISER', 'BAJAB', 'PZ', '', '1.00', '0.00', '0.00', '0.00', '0.00', '0.00', '0.00', '11.75', '11.75', '16.00', '0.00', '0.00', '', '', 1, '0.00', '0.00', '0.00', '0.00'),
('CECL', 'CORONA LIGHT', 'CERVE', 'PZ', '', '1.00', '0.00', '-64.00', '0.00', '0.00', '0.00', '0.00', '7.58', '7.58', '16.00', '0.00', '0.00', '', 'pedido', 1, '0.00', '0.00', '0.00', '0.00'),
('CECR', 'CORONA', 'CERVE', 'PZ', '', '1.00', '0.00', '-251.00', '0.00', '0.00', '0.00', '0.00', '8.69', '8.69', '16.00', '0.00', '0.00', '', 'pedido', 1, '0.00', '0.00', '0.00', '0.00'),
('CEGH', 'GOUSE ISL.HONKER', 'BAJAB', 'PZ', '', '1.00', '0.00', '-25205.00', '0.00', '0.00', '0.00', '0.00', '1.00', '1.00', '16.00', '0.00', '0.00', '', '', 1, '0.00', '0.00', '0.00', '0.00'),
('CEGS', 'GOUSE ISLAND SOFIE', 'BAJAB', 'PZ', '', '1.00', '0.00', '-4260.00', '0.00', '0.00', '0.00', '0.00', '1.00', '1.00', '16.00', '0.00', '0.00', '', '', 1, '0.00', '0.00', '0.00', '0.00'),
('CEHE', 'HEINEKEN', 'BAJAB', 'PZ', '', '1.00', '0.00', '0.00', '0.00', '0.00', '0.00', '0.00', '13.00', '13.00', '0.00', '0.00', '0.00', '', '', 1, '0.00', '0.00', '0.00', '0.00'),
('CEHO', 'HOOGARDEN', 'BAJAB', 'PZ', '', '1.00', '0.00', '-30175.00', '0.00', '0.00', '0.00', '0.00', '29.00', '29.00', '0.00', '0.00', '0.00', '', '', 1, '0.00', '0.00', '0.00', '0.00'),
('CELE', 'LEON NEGRA CERVEZA', 'CERVE', 'PZ', '', '1.00', '0.00', '-81.00', '0.00', '0.00', '0.00', '0.00', '8.69', '8.69', '16.00', '0.00', '0.00', '', 'pedido', 1, '0.00', '0.00', '0.00', '0.00'),
('CEML', 'MODELO LIGHT', 'BAJAB', 'PZ', '', '1.00', '0.00', '0.00', '0.00', '0.00', '0.00', '0.00', '4.67', '4.67', '0.00', '0.00', '0.00', '', '', 1, '0.00', '0.00', '0.00', '0.00'),
('CEMS', 'MODELO ESP.', 'CERVE', 'PZ', '', '1.00', '0.00', '-227.00', '0.00', '0.00', '0.00', '0.00', '9.45', '9.45', '16.00', '0.00', '0.00', '', 'pedido', 1, '0.00', '0.00', '0.00', '0.00'),
('CENM', 'NEGRA MODELO', 'CERVE', 'PZ', '', '1.00', '0.00', '-290.00', '0.00', '0.00', '0.00', '0.00', '9.45', '9.45', '16.00', '0.00', '0.00', '', 'pedido', 1, '0.00', '0.00', '0.00', '0.00'),
('CEOL', 'ODULS', 'CERVE', 'PZ', '', '1.00', '0.00', '0.00', '0.00', '0.00', '0.00', '0.00', '9.89', '9.89', '16.00', '0.00', '0.00', '', 'pedido', 1, '0.00', '0.00', '0.00', '0.00'),
('CEPA', 'PACIFICO', 'CERVE', 'PZ', '', '1.00', '0.00', '-129.00', '0.00', '0.00', '0.00', '0.00', '8.24', '8.24', '16.00', '0.00', '0.00', '', 'pedido', 1, '0.00', '0.00', '0.00', '0.00'),
('CEQU', 'QUILMES', 'BAJAB', 'PZ', '', '1.00', '0.00', '-2485.00', '0.00', '0.00', '0.00', '0.00', '25.00', '25.00', '0.00', '0.00', '0.00', '', '', 1, '0.00', '0.00', '0.00', '0.00'),
('CESA', 'SAGA', 'BAJAB', 'PZ', '', '1.00', '0.00', '-10295.00', '0.00', '0.00', '0.00', '0.00', '1.00', '1.00', '16.00', '0.00', '0.00', '', '', 1, '0.00', '0.00', '0.00', '0.00'),
('CESE', 'STELLA', 'CERVE', 'PZ', '', '1.00', '0.00', '-70.00', '0.00', '0.00', '0.00', '0.00', '16.38', '16.38', '16.00', '0.00', '0.00', '', 'pedido', 1, '0.00', '0.00', '0.00', '0.00'),
('CESL', 'SOL LIGTH', 'BAJAB', 'PZ', '', '1.00', '0.00', '0.00', '0.00', '0.00', '0.00', '0.00', '5.00', '5.00', '0.00', '0.00', '0.00', '', '', 1, '0.00', '0.00', '0.00', '0.00'),
('CESO', 'SOL CERVEZA', 'BAJAB', 'PZ', '', '1.00', '0.00', '0.00', '0.00', '0.00', '0.00', '0.00', '7.25', '7.25', '0.00', '0.00', '0.00', '', '', 1, '0.00', '0.00', '0.00', '0.00'),
('CEST', 'STRONGBOW GOLD', 'BAJAB', 'PZ', '', '1.00', '0.00', '0.00', '0.00', '0.00', '0.00', '0.00', '1.00', '1.00', '0.00', '0.00', '0.00', '', '', 1, '0.00', '0.00', '0.00', '0.00'),
('CEVI', 'VICTORIA', 'CERVE', 'PZ', '', '1.00', '0.00', '-330.00', '0.00', '0.00', '0.00', '0.00', '8.69', '8.69', '16.00', '0.00', '0.00', '', 'pedido', 1, '0.00', '0.00', '0.00', '0.00'),
('CEXY', 'XY REGEL', 'BAJAB', 'PZ', '', '1.00', '0.00', '0.00', '0.00', '0.00', '0.00', '0.00', '1.00', '1.00', '0.00', '0.00', '0.00', '', '', 1, '0.00', '0.00', '0.00', '0.00'),
('CG01', 'CIGARRO BLANCO', 'CIGAR', 'pz', '', '1.00', '0.00', '50.00', '0.00', '0.00', '0.00', '0.00', '52.05', '52.05', '0.00', '0.00', '0.00', '', '', 1, '0.00', '0.00', '0.00', '0.00'),
('CG02', 'CIGARRO ROJO', 'CIGAR', 'pz', '', '1.00', '0.00', '110.00', '0.00', '0.00', '0.00', '0.00', '52.05', '52.05', '0.00', '0.00', '0.00', '', '', 1, '0.00', '0.00', '0.00', '0.00'),
('CGCV', 'COURVOISIER VSOP', 'BAJAB', 'ML', '', '700.00', '0.00', '0.00', '0.00', '0.00', '0.00', '0.00', '286.96', '286.96', '0.00', '0.00', '0.00', '', '', 1, '0.00', '0.00', '0.00', '0.00'),
('CGCX', 'COURVOISIER X.O.', 'BAJAB', 'ML', '', '700.00', '0.00', '0.00', '0.00', '0.00', '0.00', '0.00', '1182.00', '1182.00', '0.00', '0.00', '0.00', '', '', 1, '0.00', '0.00', '0.00', '0.00'),
('CGHV', 'HENNESY VS', 'COGNA', 'ML', '', '700.00', '0.00', '-0.26', '0.00', '0.00', '0.00', '0.00', '905.78', '905.78', '16.00', '0.00', '0.00', '', '', 1, '0.00', '0.00', '0.00', '0.00'),
('CGMM', 'MARTEL V.S.O.P', 'COGNA', 'ML', '', '700.00', '0.00', '0.21', '0.00', '0.00', '0.00', '0.00', '603.44', '603.44', '16.00', '0.00', '0.00', '', '', 1, '0.00', '0.00', '0.00', '0.00'),
('CGMS', 'MARTEL V.S.', 'COGNA', 'ML', '', '700.00', '0.00', '0.00', '0.00', '0.00', '0.00', '0.00', '303.48', '303.48', '0.00', '0.00', '0.00', '', '', 1, '0.00', '0.00', '0.00', '0.00'),
('CGVS', 'REMY MARTIN VS', 'BAJAB', 'ML', '', '700.00', '0.00', '0.00', '0.00', '0.00', '0.00', '0.00', '300.00', '300.00', '0.00', '0.00', '0.00', '', '', 1, '0.00', '0.00', '0.00', '0.00'),
('CGXO', 'HENNESY VSOP', 'COGNA', 'ML', '', '700.00', '0.00', '0.00', '0.00', '0.00', '0.00', '0.00', '2771.97', '2771.97', '16.00', '0.00', '0.00', '', '', 1, '0.00', '0.00', '0.00', '0.00'),
('CHBB', 'MOET BABY BRUT', 'BAJAB', 'ML', '', '200.00', '0.00', '0.00', '0.00', '0.00', '0.00', '0.00', '251.42', '251.42', '0.00', '0.00', '0.00', '', '', 1, '0.00', '0.00', '0.00', '0.00'),
('CHBN', 'MOET BABY NECTAR', 'BAJAB', 'ML', '', '355.00', '0.00', '0.00', '0.00', '0.00', '0.00', '0.00', '300.00', '300.00', '0.00', '0.00', '0.00', '', '', 1, '0.00', '0.00', '0.00', '0.00'),
('CHBO', 'BOTTEGGA GOLD', 'CHAMP', 'ML', '', '750.00', '0.00', '0.00', '0.00', '0.00', '0.00', '0.00', '535.72', '535.72', '0.00', '0.00', '0.00', '', '', 1, '0.00', '0.00', '0.00', '0.00'),
('CHBR', 'MOET BABY ROSE', 'BAJAB', 'ML', '', '355.00', '0.00', '0.00', '0.00', '0.00', '0.00', '0.00', '300.00', '300.00', '0.00', '0.00', '0.00', '', '', 1, '0.00', '0.00', '0.00', '0.00'),
('CHDL', 'DOM PERIGNON LUMINUS', 'BAJAB', 'ML', '', '750.00', '0.00', '0.00', '0.00', '0.00', '0.00', '0.00', '1.00', '1.00', '0.00', '0.00', '0.00', '', '', 1, '0.00', '0.00', '0.00', '0.00'),
('CHDM', 'DOM PERIGNON', 'CHAMP', 'ML', '', '750.00', '0.00', '0.00', '0.00', '0.00', '0.00', '0.00', '3089.14', '3089.14', '16.00', '0.00', '0.00', '', '', 1, '0.00', '0.00', '0.00', '0.00'),
('CHDR', 'DOM PERIGNON ROSE', 'BAJAB', 'ML', '', '750.00', '0.00', '0.00', '0.00', '0.00', '0.00', '0.00', '700.00', '700.00', '0.00', '0.00', '0.00', '', '', 1, '0.00', '0.00', '0.00', '0.00'),
('CHJB', 'JOUDE BLASON ROSE', 'BAJAB', 'ML', '', '750.00', '0.00', '0.00', '0.00', '0.00', '0.00', '0.00', '1.00', '1.00', '0.00', '0.00', '0.00', '', '', 1, '0.00', '0.00', '0.00', '0.00'),
('CHM1', 'MOET BRUT 1.5 LTS', 'BAJAB', 'ML', '', '1500.00', '0.00', '0.00', '0.00', '0.00', '0.00', '0.00', '1383.34', '1383.34', '0.00', '0.00', '0.00', '', '', 1, '0.00', '0.00', '0.00', '0.00'),
('CHM3', 'MOET CHANDON 3 LTS', 'BAJAB', 'ML', '', '3000.00', '0.00', '0.00', '0.00', '0.00', '0.00', '0.00', '1.00', '1.00', '0.00', '0.00', '0.00', '', '', 1, '0.00', '0.00', '0.00', '0.00'),
('CHM6', 'MOET CHANDON 6 LTS', 'BAJAB', 'ML', '', '6000.00', '0.00', '0.00', '0.00', '0.00', '0.00', '0.00', '1.00', '1.00', '0.00', '0.00', '0.00', '', '', 1, '0.00', '0.00', '0.00', '0.00'),
('CHMC', 'MOET BRUT', 'CHAMP', 'ML', '', '750.00', '0.00', '-5.00', '0.00', '0.00', '0.00', '0.00', '830.43', '830.43', '16.00', '0.00', '0.00', '', '', 1, '0.00', '0.00', '0.00', '0.00'),
('CHMI', 'MOET CHANDON ICE', 'CHAMP', 'ML', '', '750.00', '0.00', '0.00', '0.00', '0.00', '0.00', '0.00', '1006.50', '1006.50', '16.00', '0.00', '0.00', '', '', 1, '0.00', '0.00', '0.00', '0.00'),
('CHMR', 'MOET ROSE', 'CHAMP', 'ML', '', '750.00', '0.00', '0.00', '0.00', '0.00', '0.00', '0.00', '1003.23', '1003.23', '16.00', '0.00', '0.00', '', '', 1, '0.00', '0.00', '0.00', '0.00'),
('CHNE', 'MOET NECTAR', 'CHAMP', 'ML', '', '750.00', '0.00', '0.00', '0.00', '0.00', '0.00', '0.00', '883.66', '883.66', '16.00', '0.00', '0.00', '', '', 1, '0.00', '0.00', '0.00', '0.00'),
('CHNR', 'MOET NECTAR ROSE', 'CHAMP', 'ML', '', '750.00', '0.00', '0.00', '0.00', '0.00', '0.00', '0.00', '897.41', '897.41', '16.00', '0.00', '0.00', '', '', 1, '0.00', '0.00', '0.00', '0.00'),
('CHPB', 'PERRIER G.BRUT 750', 'BAJAB', 'ML', '', '750.00', '0.00', '0.00', '0.00', '0.00', '0.00', '0.00', '566.86', '566.86', '0.00', '0.00', '0.00', '', '', 1, '0.00', '0.00', '0.00', '0.00'),
('CHPJ', 'PERRIER JOUDE 200 ML', 'BAJAB', 'ML', '', '200.00', '0.00', '0.00', '0.00', '0.00', '0.00', '0.00', '171.98', '171.98', '0.00', '0.00', '0.00', '', '', 1, '0.00', '0.00', '0.00', '0.00'),
('CHVC', 'VEUVE CLICQUOT', 'BAJAB', 'ML', '', '750.00', '0.00', '0.00', '0.00', '0.00', '0.00', '0.00', '700.00', '700.00', '0.00', '0.00', '0.00', '', '', 1, '0.00', '0.00', '0.00', '0.00'),
('CHVP', 'VEUVE CLIQUOT PONSARDINI', 'BAJAB', 'ML', '', '750.00', '0.00', '0.00', '0.00', '0.00', '0.00', '0.00', '1.00', '1.00', '0.00', '0.00', '0.00', '', '', 1, '0.00', '0.00', '0.00', '0.00'),
('CI00', 'MARLBORO ROJOS', 'CIGAR', 'PZ', '', '1.00', '0.00', '0.00', '0.00', '0.00', '0.00', '0.00', '1.00', '0.00', '16.00', '0.00', '0.00', '', '', 1, '0.00', '0.00', '0.00', '0.00'),
('CI01', 'MARLBORO BLANCO', 'CIGAR', 'PZ', '', '1.00', '0.00', '0.00', '0.00', '0.00', '0.00', '0.00', '1.00', '0.00', '16.00', '0.00', '0.00', '', '', 1, '0.00', '0.00', '0.00', '0.00'),
('CIMR', 'CIGARRO', 'CIGAR', 'PZ', '', '1.00', '0.00', '-105.00', '0.00', '0.00', '0.00', '0.00', '18.76', '18.76', '0.00', '0.00', '0.00', '', '', 1, '0.00', '0.00', '0.00', '0.00'),
('CIRO', 'CINZANO ROJO', 'VINOS', 'ML', '', '750.00', '0.00', '0.00', '0.00', '0.00', '0.00', '0.00', '123.23', '123.23', '16.00', '0.00', '0.00', '', '', 1, '0.00', '0.00', '0.00', '0.00'),
('CLAM', 'CLAMATO 1.89 LT', 'ABBAR', 'ML', '', '1890.00', '0.00', '15.56', '0.00', '0.00', '0.00', '0.00', '48.21', '48.21', '0.00', '0.00', '0.00', '', '', 1, '0.00', '0.00', '0.00', '0.00'),
('COFI', 'COSTO FIJO BUFFETE', 'ABARR', 'PZ', '', '1.00', '0.00', '-418.50', '0.00', '0.00', '0.00', '0.00', '45.00', '0.00', '0.00', '0.00', '0.00', '', '', 1, '0.00', '0.00', '0.00', '0.00'),
('COHV', 'HENNESY VS', 'COGNA', 'ML', '', '750.00', '0.00', '-0.12', '0.00', '0.00', '0.00', '0.00', '550.95', '550.95', '16.00', '0.00', '0.00', '', '', 1, '0.00', '0.00', '0.00', '0.00'),
('COMV', 'MARTELL V.S.', 'COGNA', 'ML', '', '750.00', '0.00', '0.00', '0.00', '0.00', '0.00', '0.00', '100.00', '100.00', '0.00', '0.00', '0.00', '', '', 1, '0.00', '0.00', '0.00', '0.00'),
('CT3V', 'CAS MADERO 3V', 'VINOS', 'ML', '', '750.00', '0.00', '-5.34', '0.00', '0.00', '0.00', '0.00', '225.00', '0.00', '0.00', '0.00', '0.00', '', '', 1, '0.00', '0.00', '0.00', '0.00'),
('GIB2', 'BEEFFATER 24', 'BAJAB', 'ML', '', '750.00', '0.00', '0.00', '0.00', '0.00', '0.00', '0.00', '473.28', '473.28', '16.00', '0.00', '0.00', '', '', 1, '0.00', '0.00', '0.00', '0.00'),
('GIBE', 'BEEFEATER GIN. 750 ML.', 'GINEB', 'ML', '', '750.00', '0.00', '0.62', '0.00', '0.00', '0.00', '0.00', '258.61', '258.61', '16.00', '0.00', '0.00', '', '', 1, '0.00', '0.00', '0.00', '0.00'),
('GIBM', 'BOODLES MULBERRY', 'GINEB', 'ML', '', '750.00', '0.00', '0.00', '0.00', '0.00', '0.00', '0.00', '1.00', '1.00', '0.00', '0.00', '0.00', '', '', 1, '0.00', '0.00', '0.00', '0.00'),
('GIBO', 'BOMBAY SAPPHIRE', 'GINEB', 'ML', '', '750.00', '0.00', '1.38', '0.00', '0.00', '0.00', '0.00', '318.97', '318.97', '16.00', '0.00', '0.00', '', '', 1, '0.00', '0.00', '0.00', '0.00'),
('GIBP', 'BEEFETER PINK', 'GINEB', 'ML', '', '750.00', '0.00', '0.00', '0.00', '0.00', '0.00', '0.00', '1.00', '0.00', '16.00', '0.00', '0.00', '', '', 1, '0.00', '0.00', '0.00', '0.00'),
('GIBT', 'BOTANICA PREMIUM', 'BAJAB', 'ML', '', '700.00', '0.00', '0.00', '0.00', '0.00', '0.00', '0.00', '567.24', '567.24', '16.00', '0.00', '0.00', '', '', 1, '0.00', '0.00', '0.00', '0.00'),
('GIBU', 'BULLDOG', 'GINEB', 'ML', '', '750.00', '0.00', '0.82', '0.00', '0.00', '0.00', '0.00', '314.64', '314.64', '16.00', '0.00', '0.00', '', '', 1, '0.00', '0.00', '0.00', '0.00'),
('GICT', 'CITADELLE', 'BAJAB', 'ML', '', '750.00', '0.00', '0.00', '0.00', '0.00', '0.00', '0.00', '1.00', '1.00', '16.00', '0.00', '0.00', '', '', 1, '0.00', '0.00', '0.00', '0.00'),
('GIHE', 'HENDRICKS', 'GINEB', 'ML', '', '750.00', '0.00', '-0.96', '0.00', '0.00', '0.00', '0.00', '493.97', '493.97', '16.00', '0.00', '0.00', '', '', 1, '0.00', '0.00', '0.00', '0.00'),
('GIL1', 'LONDON # 1', 'GINEB', 'ML', '', '700.00', '0.00', '-0.25', '0.00', '0.00', '0.00', '0.00', '542.24', '542.24', '16.00', '0.00', '0.00', '', '', 1, '0.00', '0.00', '0.00', '0.00'),
('GILD', 'LONDON DRY BOODLES', 'BAJAB', 'ML', '', '750.00', '0.00', '0.00', '0.00', '0.00', '0.00', '0.00', '325.00', '325.00', '16.00', '0.00', '0.00', '', '', 1, '0.00', '0.00', '0.00', '0.00'),
('GILR', 'LARIOS ROSE', 'GINEB', 'ML', '', '700.00', '0.00', '0.86', '0.00', '0.00', '0.00', '0.00', '249.29', '249.29', '16.00', '0.00', '0.00', '', '', 1, '0.00', '0.00', '0.00', '0.00'),
('GIM7', 'MONKEY 47', 'GINEB', 'ML', '', '500.00', '0.00', '0.00', '0.00', '0.00', '0.00', '0.00', '1181.03', '1181.03', '16.00', '0.00', '0.00', '', '', 1, '0.00', '0.00', '0.00', '0.00'),
('GIMA', 'MARE GIN', 'BAJAB', 'ML', '', '700.00', '0.00', '0.00', '0.00', '0.00', '0.00', '0.00', '516.38', '516.38', '16.00', '0.00', '0.00', '', '', 1, '0.00', '0.00', '0.00', '0.00'),
('GIMO', 'MOM GINEBRA', 'GINEB', 'ML', '', '700.00', '0.00', '0.79', '0.00', '0.00', '0.00', '0.00', '323.27', '323.27', '16.00', '0.00', '0.00', '', '', 1, '0.00', '0.00', '0.00', '0.00'),
('GION', 'OSO NEGRO GIN', 'BAJAB', 'ML', '', '1000.00', '0.00', '0.00', '0.00', '0.00', '0.00', '0.00', '60.00', '60.00', '0.00', '0.00', '0.00', '', '', 1, '0.00', '0.00', '0.00', '0.00'),
('GIPA', 'PRINCIPE DE LOS APOSTOLES', 'BAJAB', 'ML', '', '700.00', '0.00', '-1.06', '0.00', '0.00', '0.00', '0.00', '1.00', '1.00', '16.00', '0.00', '0.00', '', '', 1, '0.00', '0.00', '0.00', '0.00'),
('GITA', 'TANQUERAY LONDON', 'GINEB', 'ML', '', '750.00', '0.00', '2.36', '0.00', '0.00', '0.00', '0.00', '249.15', '249.15', '16.00', '0.00', '0.00', '', '', 1, '0.00', '0.00', '0.00', '0.00'),
('GITS', 'TANQUERAY SEVILLA', 'GINEB', 'ML', '', '750.00', '0.00', '0.00', '0.00', '0.00', '0.00', '0.00', '550.86', '550.86', '16.00', '0.00', '0.00', '', '', 1, '0.00', '0.00', '0.00', '0.00'),
('GITT', 'TANQUERAY TEN', 'GINEB', 'ML', '', '700.00', '0.00', '-1.13', '0.00', '0.00', '0.00', '0.00', '465.52', '465.52', '16.00', '0.00', '0.00', '', '', 1, '0.00', '0.00', '0.00', '0.00'),
('HIEL', 'HIELO', 'HIELO', 'PZ', '', '1000.00', '0.00', '3045.80', '0.00', '0.00', '0.00', '0.00', '3.60', '3.60', '0.00', '0.00', '0.00', '', '', 1, '0.00', '0.00', '0.00', '0.00'),
('INDI', 'INDIO CERVEZA', 'CERVE', 'PZ', '', '1.00', '0.00', '0.00', '0.00', '0.00', '0.00', '0.00', '6.00', '7.24', '16.00', '0.00', '0.00', '', '', 1, '0.00', '0.00', '0.00', '0.00'),
('JAGR', 'JARABE GRANADINA', 'LICOR', 'ML', '', '1000.00', '0.00', '0.84', '0.00', '0.00', '0.00', '0.00', '52.75', '52.75', '16.00', '0.00', '0.00', '', '', 1, '0.00', '0.00', '0.00', '0.00'),
('JANA', 'JARABE NATURAL', 'LICOR', 'ML', '', '1000.00', '0.00', '11.82', '0.00', '0.00', '0.00', '0.00', '34.48', '34.48', '16.00', '0.00', '0.00', '', '', 1, '0.00', '0.00', '0.00', '0.00'),
('JEDS', 'DRY SACK', 'BAJAB', 'ML', '', '750.00', '0.00', '-0.24', '0.00', '0.00', '0.00', '0.00', '237.07', '237.07', '0.00', '0.00', '0.00', '', '', 1, '0.00', '0.00', '0.00', '0.00'),
('JELI', 'LA INA 750 ML', 'BAJAB', 'ML', '', '750.00', '0.00', '0.00', '0.00', '0.00', '0.00', '0.00', '194.18', '194.18', '0.00', '0.00', '0.00', '', '', 1, '0.00', '0.00', '0.00', '0.00'),
('JEOP', 'OPORTO FERREIRA', 'BAJAB', 'ML', '', '750.00', '0.00', '0.00', '0.00', '0.00', '0.00', '0.00', '320.00', '320.00', '0.00', '0.00', '0.00', '', '', 1, '0.00', '0.00', '0.00', '0.00'),
('JEOT', 'OPORTO FERREIRA TAWNY', 'JEREZ', 'ML', '', '750.00', '0.00', '0.00', '0.00', '0.00', '0.00', '0.00', '1.00', '1.00', '0.00', '0.00', '0.00', '', '', 1, '0.00', '0.00', '0.00', '0.00'),
('JEPO', 'POCHOLA', 'JEREZ', 'ML', '', '750.00', '0.00', '0.00', '0.00', '0.00', '0.00', '0.00', '83.40', '83.40', '0.00', '0.00', '0.00', '', '', 1, '0.00', '0.00', '0.00', '0.00'),
('JETP', 'TIO PEPE', 'JEREZ', 'ML', '', '750.00', '0.00', '-0.06', '0.00', '0.00', '0.00', '0.00', '229.31', '229.31', '16.00', '0.00', '0.00', '', '', 1, '0.00', '0.00', '0.00', '0.00'),
('JUAR', 'JUGO ARANDANO', 'BEBID', 'ML', '', '1000.00', '0.00', '24.00', '0.00', '0.00', '0.00', '0.00', '20.50', '20.50', '0.00', '0.00', '0.00', '', '', 1, '0.00', '0.00', '0.00', '0.00'),
('JUDU', 'JUGO DURAZNO', 'BEBID', 'ML', '', '1000.00', '0.00', '12.00', '0.00', '0.00', '0.00', '0.00', '17.41', '17.41', '0.00', '0.00', '0.00', '', '', 1, '0.00', '0.00', '0.00', '0.00'),
('JULN', 'JUGO DE LIMON NATURAL', 'ABARR', 'GR', '', '1000.00', '0.00', '96.00', '0.00', '0.00', '0.00', '0.00', '21.25', '21.25', '0.00', '0.00', '0.00', '', '', 1, '0.00', '0.00', '0.00', '0.00'),
('JUMA', 'JUGO MANGO', 'BEBID', 'ML', '', '1000.00', '0.00', '-5.00', '0.00', '0.00', '0.00', '0.00', '1.00', '1.00', '16.00', '0.00', '0.00', '', '', 1, '0.00', '0.00', '0.00', '0.00'),
('JUMZ', 'JUGO MANZANA', 'BEBID', 'ML', '', '1000.00', '0.00', '0.00', '0.00', '0.00', '0.00', '0.00', '473.28', '473.28', '16.00', '0.00', '0.00', '', '', 1, '0.00', '0.00', '0.00', '0.00'),
('JUNA', 'JUGO NARANJA', 'BEBID', 'ML', '', '1000.00', '0.00', '41.82', '0.00', '0.00', '0.00', '0.00', '18.30', '18.30', '0.00', '0.00', '0.00', '', '', 1, '0.00', '0.00', '0.00', '0.00'),
('JUNL', 'JUGI NATURAL LIMON', 'BEBID', 'ML', '', '1000.00', '0.00', '0.00', '0.00', '0.00', '0.00', '0.00', '541.00', '541.00', '16.00', '0.00', '0.00', '', '', 1, '0.00', '0.00', '0.00', '0.00'),
('JUNN', 'JUGO NATURAL NARANJA', 'BEBID', 'ML', '', '1000.00', '0.00', '28.00', '0.00', '0.00', '0.00', '0.00', '21.25', '21.25', '0.00', '0.00', '0.00', '', '', 1, '0.00', '0.00', '0.00', '0.00'),
('JUPI', 'JUGO PIÑA', 'BEBID', 'ML', '', '1000.00', '0.00', '10.00', '0.00', '0.00', '0.00', '0.00', '17.43', '17.43', '0.00', '0.00', '0.00', '', '', 1, '0.00', '0.00', '0.00', '0.00'),
('JUTO', 'JUGO DE TOMATE', 'BEBID', 'ML', '', '1000.00', '0.00', '10.00', '0.00', '0.00', '0.00', '0.00', '17.17', '17.17', '0.00', '0.00', '0.00', '', '', 1, '0.00', '0.00', '0.00', '0.00'),
('JUUV', 'JUGO UVA', 'BEBID', 'ML', '', '1000.00', '0.00', '-2.00', '0.00', '0.00', '0.00', '0.00', '1.00', '1.00', '16.00', '0.00', '0.00', '', '', 1, '0.00', '0.00', '0.00', '0.00'),
('JWPL', 'JW PLATINUM 18', 'WHISK', 'ML', '', '750.00', '0.00', '0.00', '0.00', '0.00', '0.00', '0.00', '1812.93', '1812.93', '16.00', '0.00', '0.00', '', '', 1, '0.00', '0.00', '0.00', '0.00'),
('L001', 'TAPETE MIJITORIO', 'SULI', 'PZ', '', '1.00', '0.00', '0.00', '0.00', '0.00', '0.00', '0.00', '1.00', '0.00', '16.00', '0.00', '0.00', '', '', 1, '0.00', '0.00', '0.00', '0.00'),
('L002', 'BOLSA NEGRA 90X1.20', 'SULI', 'KG', '', '1.00', '0.00', '0.00', '0.00', '0.00', '0.00', '0.00', '1.00', '0.00', '16.00', '0.00', '0.00', '', '', 1, '0.00', '0.00', '0.00', '0.00'),
('L003', 'BOLS ANEGRA 60X90', 'SULI', 'KGP', '', '1.00', '0.00', '0.00', '0.00', '0.00', '0.00', '0.00', '1.00', '0.00', '16.00', '0.00', '0.00', '', '', 1, '0.00', '0.00', '0.00', '0.00'),
('L004', 'ALCOHOL SOLIDO', 'SURES', 'PZ', '', '1.00', '0.00', '24.00', '0.00', '0.00', '0.00', '0.00', '12.46', '12.46', '0.00', '0.00', '0.00', '', '', 1, '0.00', '0.00', '0.00', '0.00'),
('L005', 'PAPEL ALUMINO', 'SURES', 'PZ', '', '1.00', '0.00', '1.00', '0.00', '0.00', '0.00', '0.00', '235.48', '235.48', '0.00', '0.00', '0.00', '', '', 1, '0.00', '0.00', '0.00', '0.00'),
('L006', 'VITAFILM', 'SURES', 'PZ', '', '1.00', '0.00', '8.00', '0.00', '0.00', '0.00', '0.00', '144.42', '144.42', '0.00', '0.00', '0.00', '', '', 1, '0.00', '0.00', '0.00', '0.00'),
('L007', 'AGITADORES (100 PZ)', 'SURES', 'PZ', '', '100.00', '0.00', '17.00', '0.00', '0.00', '0.00', '0.00', '38.00', '38.00', '0.00', '0.00', '0.00', '', '', 1, '0.00', '0.00', '0.00', '0.00'),
('L008', 'PINGUINOS MARINELA', 'SURES', 'PZ', '', '1.00', '0.00', '1.00', '0.00', '0.00', '0.00', '0.00', '71.51', '71.51', '0.00', '0.00', '0.00', '', '', 1, '0.00', '0.00', '0.00', '0.00'),
('L009', 'DETERGENTE LIQUIDO', 'SULI', 'PZ', '', '1.00', '0.00', '0.00', '0.00', '0.00', '0.00', '0.00', '1.00', '0.00', '0.00', '0.00', '0.00', '', '', 1, '0.00', '0.00', '0.00', '0.00'),
('L010', 'CLORO', 'SULI', 'ML', '', '1000.00', '0.00', '24.00', '0.00', '0.00', '0.00', '0.00', '7.75', '7.75', '0.00', '0.00', '0.00', '', '', 1, '0.00', '0.00', '0.00', '0.00'),
('L011', 'DETERGENTE ROMA', 'SULI', 'GR', '', '1000.00', '0.00', '0.00', '0.00', '0.00', '0.00', '0.00', '1.00', '0.00', '0.00', '0.00', '0.00', '', '', 1, '0.00', '0.00', '0.00', '0.00'),
('L012', 'FIBRA ACERO', 'SULI', 'PZ', '', '1.00', '0.00', '0.00', '0.00', '0.00', '0.00', '0.00', '1.00', '0.00', '0.00', '0.00', '0.00', '', '', 1, '0.00', '0.00', '0.00', '0.00'),
('L013', 'PASTILLA BANO', 'SULI', 'PZ', '', '1.00', '0.00', '0.00', '0.00', '0.00', '0.00', '0.00', '1.00', '0.00', '0.00', '0.00', '0.00', '', '', 1, '0.00', '0.00', '0.00', '0.00'),
('L014', 'MECHUDO', 'SULI', 'PZ', '', '1.00', '0.00', '0.00', '0.00', '0.00', '0.00', '0.00', '1.00', '0.00', '0.00', '0.00', '0.00', '', '', 1, '0.00', '0.00', '0.00', '0.00'),
('L015', 'ESCOBA', 'SULI', 'PZ', '', '1.00', '0.00', '0.00', '0.00', '0.00', '0.00', '0.00', '1.00', '0.00', '0.00', '0.00', '0.00', '', '', 1, '0.00', '0.00', '0.00', '0.00'),
('L018', 'AJAX BICARBONATO', 'SULI', 'MLP', '', '1890.00', '0.00', '0.00', '0.00', '0.00', '0.00', '0.00', '1.00', '0.00', '0.00', '0.00', '0.00', '', '', 1, '0.00', '0.00', '0.00', '0.00'),
('LI43', 'LICOR 43', 'LICOR', 'ML', '', '750.00', '0.00', '-61.66', '0.00', '0.00', '0.00', '0.00', '308.61', '308.61', '16.00', '0.00', '0.00', '', '', 1, '0.00', '0.00', '0.00', '0.00'),
('LI4O', 'LICOR 43 OROCHATA', 'LICOR', 'ML', '', '700.00', '0.00', '-0.04', '0.00', '0.00', '0.00', '0.00', '316.94', '316.94', '16.00', '0.00', '0.00', '', '', 1, '0.00', '0.00', '0.00', '0.00'),
('LIAA', 'AMARGO ANGOSTURA 1L', 'BAJAB', 'ML', '', '1000.00', '0.00', '0.00', '0.00', '0.00', '0.00', '0.00', '23.70', '23.70', '0.00', '0.00', '0.00', '', '', 1, '0.00', '0.00', '0.00', '0.00'),
('LIAB', 'ABSINTH', 'BAJAB', 'ML', '', '750.00', '0.00', '0.00', '0.00', '0.00', '0.00', '0.00', '512.07', '512.07', '16.00', '0.00', '0.00', '', '', 1, '0.00', '0.00', '0.00', '0.00'),
('LIAC', 'LAS CADENAS', 'LICOR', 'ML', '', '1000.00', '0.00', '0.00', '0.00', '0.00', '0.00', '0.00', '275.86', '275.86', '16.00', '0.00', '0.00', '', '', 1, '0.00', '0.00', '0.00', '0.00'),
('LIAD', 'AMARETTO DISARONO', 'LICOR', 'ML', '', '700.00', '0.00', '-0.26', '0.00', '0.00', '0.00', '0.00', '287.93', '287.93', '16.00', '0.00', '0.00', '', '', 1, '0.00', '0.00', '0.00', '0.00'),
('LIAM', 'APEROL', 'LICOR', 'ML', '', '750.00', '0.00', '-6.30', '0.00', '0.00', '0.00', '0.00', '206.38', '206.38', '16.00', '0.00', '0.00', '', '', 1, '0.00', '0.00', '0.00', '0.00'),
('LIAN', 'AMARETTO CONTI 750 ML', 'LICOR', 'ML', '', '750.00', '0.00', '0.00', '0.00', '0.00', '0.00', '0.00', '144.83', '144.83', '16.00', '0.00', '0.00', '', '', 1, '0.00', '0.00', '0.00', '0.00'),
('LIAP', 'PERNOD 700 ML.', 'BAJAB', 'ML', '', '700.00', '0.00', '0.00', '0.00', '0.00', '0.00', '0.00', '163.63', '163.63', '0.00', '0.00', '0.00', '', '', 1, '0.00', '0.00', '0.00', '0.00'),
('LIAR', 'ANCHO REYES', 'LICOR', 'ML', '', '750.00', '0.00', '0.00', '0.00', '0.00', '0.00', '0.00', '189.98', '189.98', '16.00', '0.00', '0.00', '', '', 1, '0.00', '0.00', '0.00', '0.00'),
('LIAS', 'DEL MONO SECO  750 ML', 'BAJAB', 'ML', '', '750.00', '0.00', '0.00', '0.00', '0.00', '0.00', '0.00', '186.20', '186.20', '16.00', '0.00', '0.00', '', '', 1, '0.00', '0.00', '0.00', '0.00'),
('LIAU', 'COINTREAU 750 ML', 'BAJAB', 'ML', '', '700.00', '0.00', '0.00', '0.00', '0.00', '0.00', '0.00', '369.83', '369.83', '16.00', '0.00', '0.00', '', '', 1, '0.00', '0.00', '0.00', '0.00'),
('LIAZ', 'LICOR AZUL CURACAO 7', 'BAJAB', 'ML', '', '750.00', '0.00', '0.00', '0.00', '0.00', '0.00', '0.00', '95.97', '95.97', '0.00', '0.00', '0.00', '', '', 1, '0.00', '0.00', '0.00', '0.00'),
('LIBA', 'BAILEYS', 'LICOR', 'ML', '', '750.00', '0.00', '-0.32', '0.00', '0.00', '0.00', '0.00', '207.98', '207.98', '16.00', '0.00', '0.00', '', '', 1, '0.00', '0.00', '0.00', '0.00'),
('LIBD', 'CINZANO BCO EXSE', 'LICOR', 'ML', '', '750.00', '0.00', '0.00', '0.00', '0.00', '0.00', '0.00', '123.23', '123.23', '16.00', '0.00', '0.00', '', '', 1, '0.00', '0.00', '0.00', '0.00'),
('LIBE', 'BENEDICTINE', 'BAJAB', 'ML', '', '750.00', '0.00', '0.00', '0.00', '0.00', '0.00', '0.00', '302.61', '302.61', '0.00', '0.00', '0.00', '', '', 1, '0.00', '0.00', '0.00', '0.00'),
('LIBL', 'BAILEYS CARAMELO 750 ML.', 'BAJAB', 'ML', '', '750.00', '0.00', '-1.00', '0.00', '0.00', '0.00', '0.00', '284.18', '284.18', '16.00', '0.00', '0.00', '', '', 1, '0.00', '0.00', '0.00', '0.00'),
('LICA', 'CAROLANS', 'BAJAB', 'ML', '', '750.00', '0.00', '0.00', '0.00', '0.00', '0.00', '0.00', '1.00', '1.00', '16.00', '0.00', '0.00', '', '', 1, '0.00', '0.00', '0.00', '0.00'),
('LICB', 'CACAO BLANCO', 'BAJAB', 'ML', '', '750.00', '0.00', '0.00', '0.00', '0.00', '0.00', '0.00', '95.97', '95.97', '16.00', '0.00', '0.00', '', '', 1, '0.00', '0.00', '0.00', '0.00'),
('LICC', 'CHBACANO LICOR', 'BAJAB', 'ML', '', '750.00', '0.00', '0.00', '0.00', '0.00', '0.00', '0.00', '1.00', '1.00', '0.00', '0.00', '0.00', '', '', 1, '0.00', '0.00', '0.00', '0.00'),
('LICE', 'LICOR FRESA FLAMINGO', 'LICOR', 'ML', '', '750.00', '0.00', '0.00', '0.00', '0.00', '0.00', '0.00', '43.00', '43.00', '0.00', '0.00', '0.00', '', '', 1, '0.00', '0.00', '0.00', '0.00'),
('LICH', 'CHAMBOARD', 'BAJAB', 'ML', '', '750.00', '0.00', '0.00', '0.00', '0.00', '0.00', '0.00', '1.00', '1.00', '0.00', '0.00', '0.00', '', '', 1, '0.00', '0.00', '0.00', '0.00'),
('LICI', 'LICOR CIRUELA JAPONESA', 'BAJAB', 'ML', '', '750.00', '0.00', '0.00', '0.00', '0.00', '0.00', '0.00', '1.00', '1.00', '0.00', '0.00', '0.00', '', '', 1, '0.00', '0.00', '0.00', '0.00'),
('LICL', 'CINZANO BCO DULCE', 'BAJAB', 'ML', '', '750.00', '0.00', '0.00', '0.00', '0.00', '0.00', '0.00', '123.23', '123.23', '0.00', '0.00', '0.00', '', '', 1, '0.00', '0.00', '0.00', '0.00'),
('LICM', 'CAMPARI BITTER', 'LICOR', 'ML', '', '750.00', '0.00', '0.00', '0.00', '0.00', '0.00', '0.00', '211.91', '211.91', '16.00', '0.00', '0.00', '', '', 1, '0.00', '0.00', '0.00', '0.00'),
('LICN', 'CONTROY', 'LICOR', 'ML', '', '1000.00', '0.00', '0.73', '0.00', '0.00', '0.00', '0.00', '116.37', '116.37', '16.00', '0.00', '0.00', '', '', 1, '0.00', '0.00', '0.00', '0.00'),
('LICO', 'CACAO OBSCUR0', 'BAJAB', 'ML', '', '750.00', '0.00', '0.00', '0.00', '0.00', '0.00', '0.00', '66.09', '66.09', '0.00', '0.00', '0.00', '', '', 1, '0.00', '0.00', '0.00', '0.00'),
('LICR', 'CHARTREUSE AMARILLO', 'BAJAB', 'ML', '', '700.00', '0.00', '0.00', '0.00', '0.00', '0.00', '0.00', '560.68', '560.68', '16.00', '0.00', '0.00', '', '', 1, '0.00', '0.00', '0.00', '0.00'),
('LICS', 'CASIS SISCA', 'LICOR', 'ML', '', '750.00', '0.00', '0.00', '0.00', '0.00', '0.00', '0.00', '358.71', '358.71', '16.00', '0.00', '0.00', '', '', 1, '0.00', '0.00', '0.00', '0.00'),
('LICU', 'CURACAO', 'BAJAB', 'ML', '', '750.00', '0.00', '0.00', '0.00', '0.00', '0.00', '0.00', '102.59', '102.59', '16.00', '0.00', '0.00', '', '', 1, '0.00', '0.00', '0.00', '0.00'),
('LICV', 'CHARTREUSE VERDE', 'BAJAB', 'ML', '', '700.00', '0.00', '0.00', '0.00', '0.00', '0.00', '0.00', '629.31', '629.31', '16.00', '0.00', '0.00', '', '', 1, '0.00', '0.00', '0.00', '0.00'),
('LIDC', 'CHINCHON DULCE', 'LICOR', 'ML', '', '1000.00', '0.00', '0.82', '0.00', '0.00', '0.00', '0.00', '163.78', '163.78', '16.00', '0.00', '0.00', '', '', 1, '0.00', '0.00', '0.00', '0.00'),
('LIDD', 'DULCE DOMECQ', 'BAJAB', 'ML', '', '750.00', '0.00', '0.00', '0.00', '0.00', '0.00', '0.00', '155.00', '155.00', '0.00', '0.00', '0.00', '', '', 1, '0.00', '0.00', '0.00', '0.00'),
('LIDP', 'KALHUA LICOR DE CAFE', 'BAJAB', 'ML', '', '1000.00', '0.00', '0.00', '0.00', '0.00', '0.00', '0.00', '118.97', '118.97', '16.00', '0.00', '0.00', '', '', 1, '0.00', '0.00', '0.00', '0.00'),
('LIDR', 'DRAMBUIE', 'BAJAB', 'ML', '', '750.00', '0.00', '0.00', '0.00', '0.00', '0.00', '0.00', '399.57', '399.57', '16.00', '0.00', '0.00', '', '', 1, '0.00', '0.00', '0.00', '0.00'),
('LIDS', 'CHINCHON SEMIDULCE', 'BAJAB', 'ML', '', '1000.00', '0.00', '0.00', '0.00', '0.00', '0.00', '0.00', '184.48', '184.48', '16.00', '0.00', '0.00', '', '', 1, '0.00', '0.00', '0.00', '0.00'),
('LIDU', 'DUBONET', 'BAJAB', 'ML', '', '750.00', '0.00', '0.00', '0.00', '0.00', '0.00', '0.00', '234.61', '234.61', '16.00', '0.00', '0.00', '', '', 1, '0.00', '0.00', '0.00', '0.00'),
('LIDZ', 'LICOR DE DURAZNO/MELOCOTO', 'BAJAB', 'ML', '', '750.00', '0.00', '0.00', '0.00', '0.00', '0.00', '0.00', '89.66', '89.66', '16.00', '0.00', '0.00', '', '', 1, '0.00', '0.00', '0.00', '0.00'),
('LIFD', 'LICOR DE FRUTAS DEKUYPER', 'BAJAB', 'ML', '', '750.00', '0.00', '0.00', '0.00', '0.00', '0.00', '0.00', '86.09', '86.09', '0.00', '0.00', '0.00', '', '', 1, '0.00', '0.00', '0.00', '0.00'),
('LIFE', 'FERNET', 'LICOR', 'ML', '', '750.00', '0.00', '0.00', '0.00', '0.00', '0.00', '0.00', '124.14', '124.14', '16.00', '0.00', '0.00', '', '', 1, '0.00', '0.00', '0.00', '0.00'),
('LIFF', 'FRESA LICOR', 'BAJAB', 'ML', '', '750.00', '0.00', '0.00', '0.00', '0.00', '0.00', '0.00', '1.00', '1.00', '16.00', '0.00', '0.00', '', '', 1, '0.00', '0.00', '0.00', '0.00'),
('LIFR', 'FRANGELICO', 'LICOR', 'ML', '', '700.00', '0.00', '0.00', '0.00', '0.00', '0.00', '0.00', '254.31', '254.31', '16.00', '0.00', '0.00', '', '', 1, '0.00', '0.00', '0.00', '0.00'),
('LIGA', 'GALLIANO', 'BAJAB', 'ML', '', '500.00', '0.00', '0.00', '0.00', '0.00', '0.00', '0.00', '192.45', '192.45', '16.00', '0.00', '0.00', '', '', 1, '0.00', '0.00', '0.00', '0.00'),
('LIGN}', 'GRANADA PAMA', 'LICOR', 'ML', '', '750.00', '0.00', '0.00', '0.00', '0.00', '0.00', '0.00', '341.30', '341.30', '0.00', '0.00', '0.00', '', '', 1, '0.00', '0.00', '0.00', '0.00'),
('LIGR', 'GRAND MARNIER CORDON', 'LICOR', 'ML', '', '700.00', '0.00', '-0.04', '0.00', '0.00', '0.00', '0.00', '486.21', '486.21', '16.00', '0.00', '0.00', '', '', 1, '0.00', '0.00', '0.00', '0.00'),
('LIHP', 'HPNOTIQ', 'LICOR', 'ML', '', '750.00', '0.00', '-0.84', '0.00', '0.00', '0.00', '0.00', '421.41', '421.41', '16.00', '0.00', '0.00', '', '', 1, '0.00', '0.00', '0.00', '0.00'),
('LIHU', 'HURACAN', 'BAJAB', 'ML', '', '750.00', '0.00', '0.00', '0.00', '0.00', '0.00', '0.00', '1.00', '1.00', '0.00', '0.00', '0.00', '', '', 1, '0.00', '0.00', '0.00', '0.00'),
('LIII', 'AMOR LICOR', 'BAJAB', 'ML', '', '750.00', '0.00', '0.00', '0.00', '0.00', '0.00', '0.00', '1.00', '1.00', '0.00', '0.00', '0.00', '', '', 1, '0.00', '0.00', '0.00', '0.00'),
('LIJA', 'JAGERMEISTER', 'LICOR', 'ML', '', '700.00', '0.00', '-0.26', '0.00', '0.00', '0.00', '0.00', '254.31', '254.31', '16.00', '0.00', '0.00', '', '', 1, '0.00', '0.00', '0.00', '0.00'),
('LILI', 'LICOR LIMONCELLO', 'BAJAB', 'ML', '', '750.00', '0.00', '0.00', '0.00', '0.00', '0.00', '0.00', '1.00', '1.00', '0.00', '0.00', '0.00', '', '', 1, '0.00', '0.00', '0.00', '0.00'),
('LIMB', 'MENTA BLANCA', 'BAJAB', 'ML', '', '750.00', '0.00', '0.00', '0.00', '0.00', '0.00', '0.00', '50.00', '50.00', '0.00', '0.00', '0.00', '', '', 1, '0.00', '0.00', '0.00', '0.00'),
('LIMD', 'MARTINI BCO DULCE', 'BAJAB', 'ML', '', '750.00', '0.00', '0.00', '0.00', '0.00', '0.00', '0.00', '141.38', '141.38', '16.00', '0.00', '0.00', '', '', 1, '0.00', '0.00', '0.00', '0.00'),
('LIME', 'LICOR DE MELON', 'BAJAB', 'ML', '', '750.00', '0.00', '0.00', '0.00', '0.00', '0.00', '0.00', '267.24', '267.24', '16.00', '0.00', '0.00', '', '', 1, '0.00', '0.00', '0.00', '0.00'),
('LIMM', 'MELON MIDORI', 'BAJAB', 'ML', '', '750.00', '0.00', '0.00', '0.00', '0.00', '0.00', '0.00', '30.00', '30.00', '0.00', '0.00', '0.00', '', '', 1, '0.00', '0.00', '0.00', '0.00'),
('LIMN', 'MANDARINE NAPOLEON', 'BAJAB', 'ML', '', '750.00', '0.00', '0.00', '0.00', '0.00', '0.00', '0.00', '423.37', '423.37', '16.00', '0.00', '0.00', '', '', 1, '0.00', '0.00', '0.00', '0.00'),
('LIMR', 'MARTINI ROJO', 'LICOR', 'ML', '', '750.00', '0.00', '0.00', '0.00', '0.00', '0.00', '0.00', '155.09', '155.09', '16.00', '0.00', '0.00', '', '', 1, '0.00', '0.00', '0.00', '0.00'),
('LIMS', 'MARTINI BCO SECO', 'BAJAB', 'ML', '', '750.00', '0.00', '0.00', '0.00', '0.00', '0.00', '0.00', '155.09', '155.09', '16.00', '0.00', '0.00', '', '', 1, '0.00', '0.00', '0.00', '0.00'),
('LIMV', 'MENTA VERDE', 'BAJAB', 'ML', '', '750.00', '0.00', '0.00', '0.00', '0.00', '0.00', '0.00', '70.00', '70.00', '16.00', '0.00', '0.00', '', '', 1, '0.00', '0.00', '0.00', '0.00'),
('LIMZ', 'LICOR DE MANZANA', 'LICOR', 'ML', '', '750.00', '0.00', '0.00', '0.00', '0.00', '0.00', '0.00', '113.79', '113.79', '16.00', '0.00', '0.00', '', '', 1, '0.00', '0.00', '0.00', '0.00'),
('LINU', 'NUVO', 'BAJAB', 'ML', '', '750.00', '0.00', '0.00', '0.00', '0.00', '0.00', '0.00', '1.00', '1.00', '0.00', '0.00', '0.00', '', '', 1, '0.00', '0.00', '0.00', '0.00'),
('LIOR', 'LICOR ORUJO', 'BAJAB', 'ML', '', '750.00', '0.00', '0.00', '0.00', '0.00', '0.00', '0.00', '1.00', '1.00', '0.00', '0.00', '0.00', '', '', 1, '0.00', '0.00', '0.00', '0.00'),
('LIPA', 'LICOR PASSOA', 'BAJAB', 'ML', '', '750.00', '0.00', '0.00', '0.00', '0.00', '0.00', '0.00', '40.00', '40.00', '0.00', '0.00', '0.00', '', '', 1, '0.00', '0.00', '0.00', '0.00'),
('LIPL', 'LICOR DE PLATANO 750', 'BAJAB', 'ML', '', '750.00', '0.00', '0.00', '0.00', '0.00', '0.00', '0.00', '95.97', '95.97', '0.00', '0.00', '0.00', '', '', 1, '0.00', '0.00', '0.00', '0.00'),
('LIPX', 'PACHARA BASARANA', 'BAJAB', 'ML', '', '750.00', '0.00', '0.00', '0.00', '0.00', '0.00', '0.00', '240.78', '240.78', '16.00', '0.00', '0.00', '', '', 1, '0.00', '0.00', '0.00', '0.00'),
('LIRB', 'ROMANA SAMBUCA BIANCO', 'BAJAB', 'ML', '', '700.00', '0.00', '0.00', '0.00', '0.00', '0.00', '0.00', '1.00', '1.00', '16.00', '0.00', '0.00', '', '', 1, '0.00', '0.00', '0.00', '0.00'),
('LIRD', 'LICOR CINZANO ROJO D', 'LICOR', 'ML', '', '750.00', '0.00', '0.00', '0.00', '0.00', '0.00', '0.00', '102.61', '102.61', '0.00', '0.00', '0.00', '', '', 1, '0.00', '0.00', '0.00', '0.00'),
('LIRI', 'RICHARDS LICOR', 'BAJAB', 'ML', '', '750.00', '0.00', '0.00', '0.00', '0.00', '0.00', '0.00', '100.00', '100.00', '0.00', '0.00', '0.00', '', '', 1, '0.00', '0.00', '0.00', '0.00'),
('LIRN', 'ROMANA SAMBUCA NERO', 'LICOR', 'ML', '', '700.00', '0.00', '0.00', '0.00', '0.00', '0.00', '0.00', '1.00', '1.00', '16.00', '0.00', '0.00', '', '', 1, '0.00', '0.00', '0.00', '0.00'),
('LIRO', 'ROMPOPE', 'LICOR', 'ML', '', '900.00', '0.00', '0.00', '0.00', '0.00', '0.00', '0.00', '93.30', '93.30', '0.00', '0.00', '0.00', '', '', 1, '0.00', '0.00', '0.00', '0.00'),
('LISA', 'LICOR DE SANDIA DEKUYPER', 'BAJAB', 'ML', '', '750.00', '0.00', '0.00', '0.00', '0.00', '0.00', '0.00', '104.69', '104.69', '0.00', '0.00', '0.00', '', '', 1, '0.00', '0.00', '0.00', '0.00'),
('LISC', 'CHINCHON SECO', 'LICOR', 'ML', '', '1000.00', '0.00', '-0.12', '0.00', '0.00', '0.00', '0.00', '184.48', '184.48', '16.00', '0.00', '0.00', '', '', 1, '0.00', '0.00', '0.00', '0.00'),
('LISD', 'SECO DOMECQ', 'BAJAB', 'ML', '', '750.00', '0.00', '0.00', '0.00', '0.00', '0.00', '0.00', '60.00', '60.00', '0.00', '0.00', '0.00', '', '', 1, '0.00', '0.00', '0.00', '0.00'),
('LISG', 'SAMBUCA BCO', 'BAJAB', 'ML', '', '700.00', '0.00', '-46.13', '0.00', '0.00', '0.00', '0.00', '211.04', '211.04', '16.00', '0.00', '0.00', '', '', 1, '0.00', '0.00', '0.00', '0.00'),
('LISN', 'SAMBUCA NEGRO', 'LICOR', 'ML', '', '700.00', '0.00', '0.06', '0.00', '0.00', '0.00', '0.00', '210.34', '210.34', '16.00', '0.00', '0.00', '', '', 1, '0.00', '0.00', '0.00', '0.00'),
('LISO', 'CITRIC SOUTH COMFOR', 'BAJAB', 'ML', '', '750.00', '0.00', '0.00', '0.00', '0.00', '0.00', '0.00', '1.00', '1.00', '0.00', '0.00', '0.00', '', '', 1, '0.00', '0.00', '0.00', '0.00'),
('LIVR', 'CINZANO ROJO', 'LICOR', 'ML', '', '750.00', '0.00', '0.00', '0.00', '0.00', '0.00', '0.00', '113.79', '113.79', '16.00', '0.00', '0.00', '', '', 1, '0.00', '0.00', '0.00', '0.00'),
('LIVX', 'CINZANO  EXTRA SECO', 'LICOR', 'ML', '', '750.00', '0.00', '0.00', '0.00', '0.00', '0.00', '0.00', '534.78', '534.78', '16.00', '0.00', '0.00', '', '', 1, '0.00', '0.00', '0.00', '0.00'),
('LSR1', 'ANEXO MOLE POBLANO', 'PRODU', '', '', '1.00', '0.00', '0.00', '0.00', '0.00', '0.00', '0.00', '31.86', '31.86', '0.00', '0.00', '0.00', '', '', 1, '0.00', '0.00', '0.00', '0.00');
INSERT INTO `productos` (`codingre`, `descrip`, `familia`, `unidad`, `empaque`, `equivale`, `inventa0`, `inventa1`, `stockma0`, `stockma1`, `stockmi0`, `stockmi1`, `ultcosto`, `costprom`, `impuesto`, `pedido0`, `pedido1`, `status0`, `status1`, `redondeo`, `fisico0`, `fisico1`, `dife0`, `dife1`) VALUES
('LSR2', 'ANEXO PIPIAN VERDE', 'PRODU', '', '', '1.00', '0.00', '0.00', '0.00', '0.00', '0.00', '0.00', '20.50', '20.50', '0.00', '0.00', '0.00', '', '', 1, '0.00', '0.00', '0.00', '0.00'),
('MALM', 'ALMEJAS', 'PESCA', 'GR', '', '1000.00', '0.00', '10.00', '0.00', '0.00', '0.00', '0.00', '75.00', '75.00', '0.00', '0.00', '0.00', '', '', 1, '0.00', '0.00', '0.00', '0.00'),
('MARV', 'MARTELL VSOP', 'COGNA', 'ML', '', '1.00', '0.00', '0.00', '0.00', '0.00', '0.00', '0.00', '564.66', '564.66', '16.00', '0.00', '0.00', '', '', 1, '0.00', '0.00', '0.00', '0.00'),
('ME4C', '400 CONEJOS ESPADIN BCO', 'MEZCA', 'ML', '', '700.00', '0.00', '-4.69', '0.00', '0.00', '0.00', '0.00', '306.00', '306.00', '16.00', '0.00', '0.00', '', '', 1, '0.00', '0.00', '0.00', '0.00'),
('ME4R', '400 CONEJOS REPOSADO', 'MEZCA', 'ML', '', '700.00', '0.00', '-0.05', '0.00', '0.00', '0.00', '0.00', '407.14', '407.14', '16.00', '0.00', '0.00', '', '', 1, '0.00', '0.00', '0.00', '0.00'),
('MEAC', 'AMORES CUPRETA JOVEN', 'MEZCA', 'ML', '', '750.00', '0.00', '0.00', '0.00', '0.00', '0.00', '0.00', '418.10', '418.10', '16.00', '0.00', '0.00', '', '', 1, '0.00', '0.00', '0.00', '0.00'),
('MEAE', 'AMORES ESPADIN JOVEN', 'MEZCA', 'ML', '', '750.00', '0.00', '1.00', '0.00', '0.00', '0.00', '0.00', '422.40', '422.40', '16.00', '0.00', '0.00', '', '', 1, '0.00', '0.00', '0.00', '0.00'),
('MEAR', 'AMORES REPOSADO', 'MEZCA', 'ML', '', '750.00', '0.00', '0.58', '0.00', '0.00', '0.00', '0.00', '474.13', '474.13', '16.00', '0.00', '0.00', '', '', 1, '0.00', '0.00', '0.00', '0.00'),
('MECE', 'CONVITE ENS.ESAPDIN', 'BAJAB', 'ML', '', '1.00', '0.00', '0.00', '0.00', '0.00', '0.00', '0.00', '492.20', '492.20', '16.00', '0.00', '0.00', '', '', 1, '0.00', '0.00', '0.00', '0.00'),
('MECR', 'CREYENTE MEZCAL', 'BAJAB', 'ML', '', '700.00', '0.00', '0.00', '0.00', '0.00', '0.00', '0.00', '498.28', '498.28', '16.00', '0.00', '0.00', '', '', 1, '0.00', '0.00', '0.00', '0.00'),
('MECT', 'CONVITE TOBALA', 'BAJAB', 'ML', '', '700.00', '0.00', '0.00', '0.00', '0.00', '0.00', '0.00', '875.00', '875.00', '0.00', '0.00', '0.00', '', '', 1, '0.00', '0.00', '0.00', '0.00'),
('MEDA', 'DANZANTES A¥EJO', 'BAJAB', 'ML', '', '750.00', '0.00', '0.00', '0.00', '0.00', '0.00', '0.00', '1040.69', '1040.69', '16.00', '0.00', '0.00', '', '', 1, '0.00', '0.00', '0.00', '0.00'),
('MEMA', 'MONO AZUL', 'MEZCA', 'ML', '', '750.00', '0.00', '0.00', '0.00', '0.00', '0.00', '0.00', '297.42', '297.42', '16.00', '0.00', '0.00', '', '', 1, '0.00', '0.00', '0.00', '0.00'),
('MEQU', 'QUETZAL ARROQUEÑO ESPADIN', 'MEZCA', 'ML', '', '750.00', '0.00', '0.00', '0.00', '0.00', '0.00', '0.00', '593.97', '593.97', '16.00', '0.00', '0.00', '', '', 1, '0.00', '0.00', '0.00', '0.00'),
('MEUJ', 'UNION JOVEN', 'MEZCA', 'ML', '', '700.00', '0.00', '0.00', '0.00', '0.00', '0.00', '0.00', '1.00', '1.00', '16.00', '0.00', '0.00', '', '', 1, '0.00', '0.00', '0.00', '0.00'),
('MEVM', 'VERDE MOMENTO', 'BAJAB', 'ML', '', '700.00', '0.00', '5.00', '0.00', '0.00', '0.00', '0.00', '288.83', '288.83', '16.00', '0.00', '0.00', '', '', 1, '0.00', '0.00', '0.00', '0.00'),
('MOST', 'OSTIONES', 'PESCA', 'GR', '', '1000.00', '0.00', '150.00', '0.00', '0.00', '0.00', '0.00', '12.00', '12.00', '0.00', '0.00', '0.00', '', '', 1, '0.00', '0.00', '0.00', '0.00'),
('O282', 'ARROZ TSURIMI', 'ABARR', 'GR', '', '22400.00', '0.00', '22.00', '0.00', '0.00', '0.00', '0.00', '26.59', '26.59', '0.00', '0.00', '0.00', '', '', 1, '0.00', '0.00', '0.00', '0.00'),
('PULQ', 'PULQUE BARRA', 'TEQUI', 'ML', '', '1000.00', '0.00', '0.00', '0.00', '0.00', '0.00', '0.00', '35.00', '35.00', '0.00', '0.00', '0.00', '', '', 1, '0.00', '0.00', '0.00', '0.00'),
('REDB', 'RED BULL', 'BEBID', 'PZ', '', '1.00', '0.00', '8.00', '0.00', '0.00', '0.00', '0.00', '18.97', '18.97', '16.00', '0.00', '0.00', '', '', 1, '0.00', '0.00', '0.00', '0.00'),
('RFCO', 'REFIL COCACOLA', 'BEBID', 'PZ', '', '1.00', '0.00', '18.00', '0.00', '0.00', '0.00', '0.00', '22.38', '22.38', '16.00', '0.00', '0.00', '', '', 1, '0.00', '0.00', '0.00', '0.00'),
('RFMA', 'REFIL MANZANA', 'BEBID', 'PZ', '', '1.00', '0.00', '0.00', '0.00', '0.00', '0.00', '0.00', '510.34', '510.34', '16.00', '0.00', '0.00', '', '', 1, '0.00', '0.00', '0.00', '0.00'),
('RO10', 'BACARDI 101  700 ML', 'BAJAB', 'ML', '', '700.00', '0.00', '0.00', '0.00', '0.00', '0.00', '0.00', '99.13', '99.13', '0.00', '0.00', '0.00', '', '', 1, '0.00', '0.00', '0.00', '0.00'),
('ROA1', 'APPLETON STATE 12', 'RONNN', 'ML', '', '750.00', '0.00', '-1.51', '0.00', '0.00', '0.00', '0.00', '387.93', '387.93', '16.00', '0.00', '0.00', '', '', 1, '0.00', '0.00', '0.00', '0.00'),
('ROAB', 'APPLETON BLANCO', 'BAJAB', 'ML', '', '750.00', '0.00', '0.00', '0.00', '0.00', '0.00', '0.00', '86.21', '86.21', '16.00', '0.00', '0.00', '', '', 1, '0.00', '0.00', '0.00', '0.00'),
('ROAO', 'APPLETON ESPECIAL', 'RONNN', 'ML', '', '750.00', '0.00', '-0.24', '0.00', '0.00', '0.00', '0.00', '94.83', '94.83', '16.00', '0.00', '0.00', '', '', 1, '0.00', '0.00', '0.00', '0.00'),
('ROAP', 'APPLETON ESTATE V/X 750 M', 'RONNN', 'ML', '', '750.00', '0.00', '-0.80', '0.00', '0.00', '0.00', '0.00', '150.85', '150.85', '16.00', '0.00', '0.00', '', '', 1, '0.00', '0.00', '0.00', '0.00'),
('ROAR', 'APPLETON ESTATE RES.BLEND', 'RONNN', 'ML', '', '1.00', '0.00', '0.00', '0.00', '0.00', '0.00', '0.00', '1.00', '1.00', '0.00', '0.00', '0.00', '', '', 1, '0.00', '0.00', '0.00', '0.00'),
('ROB2', 'BOTRAN 12', 'RONNN', 'ML', '', '750.00', '0.00', '-0.12', '0.00', '0.00', '0.00', '0.00', '288.79', '288.79', '16.00', '0.00', '0.00', '', '', 1, '0.00', '0.00', '0.00', '0.00'),
('ROB8', 'BACARDI 8', 'RONNN', 'ML', '', '700.00', '0.00', '0.00', '0.00', '0.00', '0.00', '0.00', '284.48', '284.48', '16.00', '0.00', '0.00', '', '', 1, '0.00', '0.00', '0.00', '0.00'),
('ROBA', 'BACARDI AÑEJO', 'RONNN', 'ML', '', '750.00', '0.00', '0.00', '0.00', '0.00', '0.00', '0.00', '88.70', '88.70', '0.00', '0.00', '0.00', '', '', 1, '0.00', '0.00', '0.00', '0.00'),
('ROBB', 'BACARDI BLANCO', 'RONNN', 'ML', '', '750.00', '0.00', '-3.19', '0.00', '0.00', '0.00', '0.00', '99.13', '99.13', '16.00', '0.00', '0.00', '', '', 1, '0.00', '0.00', '0.00', '0.00'),
('ROBG', 'BACARDI 10 GRAN RES', 'RONNN', 'ML', '', '750.00', '0.00', '-0.12', '0.00', '0.00', '0.00', '0.00', '383.62', '383.62', '16.00', '0.00', '0.00', '', '', 1, '0.00', '0.00', '0.00', '0.00'),
('ROBM', 'BACARDI GRAN RESERVA', 'RONNN', 'ML', '', '3000.00', '0.00', '0.00', '0.00', '0.00', '0.00', '0.00', '557.18', '557.18', '0.00', '0.00', '0.00', '', '', 1, '0.00', '0.00', '0.00', '0.00'),
('ROBV', 'BOTRAN SOLERA G.RES', 'BAJAB', 'ML', '', '750.00', '0.00', '0.00', '0.00', '0.00', '0.00', '0.00', '530.17', '530.17', '16.00', '0.00', '0.00', '', '', 1, '0.00', '0.00', '0.00', '0.00'),
('ROCB', 'CAPT.MORGAN BLACK', 'BAJAB', 'mL', '', '750.00', '0.00', '0.00', '0.00', '0.00', '0.00', '0.00', '172.79', '172.79', '0.00', '0.00', '0.00', '', '', 1, '0.00', '0.00', '0.00', '0.00'),
('ROCM', 'CAPT.MORGAN ORIGINAL', 'RONNN', 'ML', '', '750.00', '0.00', '0.32', '0.00', '0.00', '0.00', '0.00', '85.34', '85.34', '16.00', '0.00', '0.00', '', '', 1, '0.00', '0.00', '0.00', '0.00'),
('ROCW', 'CAPT.MORGAN WHITE', 'RONNN', 'ML', '', '750.00', '0.00', '0.00', '0.00', '0.00', '0.00', '0.00', '112.07', '112.07', '16.00', '0.00', '0.00', '', '', 1, '0.00', '0.00', '0.00', '0.00'),
('ROF1', 'FLOR CA¥A 12 A¥OS', 'BAJAB', 'NM', '', '750.00', '0.00', '-2.00', '0.00', '0.00', '0.00', '0.00', '425.00', '425.00', '16.00', '0.00', '0.00', '', '', 1, '0.00', '0.00', '0.00', '0.00'),
('ROF5', 'FLOR CA¥A 5 A¥OS', 'BAJAB', 'ML', '', '750.00', '0.00', '0.00', '0.00', '0.00', '0.00', '0.00', '1.00', '1.00', '0.00', '0.00', '0.00', '', '', 1, '0.00', '0.00', '0.00', '0.00'),
('ROF7', 'FLOR CA¥A 7 A¥OS', 'RONNN', 'ML', '', '750.00', '0.00', '-1.16', '0.00', '0.00', '0.00', '0.00', '218.10', '218.10', '16.00', '0.00', '0.00', '', '', 1, '0.00', '0.00', '0.00', '0.00'),
('ROF8', 'FLOR DE CANA 18', 'RONNN', 'ML', '', '700.00', '0.00', '0.00', '0.00', '0.00', '0.00', '0.00', '1.00', '1.00', '0.00', '0.00', '0.00', '', '', 1, '0.00', '0.00', '0.00', '0.00'),
('ROH3', 'HAVANA 3 A¥OS A¥EJO ESP.', 'RONNN', 'ML', '', '750.00', '0.00', '-5.00', '0.00', '0.00', '0.00', '0.00', '106.88', '106.88', '16.00', '0.00', '0.00', '', '', 1, '0.00', '0.00', '0.00', '0.00'),
('ROH7', 'HAVANA 7 A¥OS', 'RONNN', 'ML', '', '750.00', '0.00', '-1.37', '0.00', '0.00', '0.00', '0.00', '237.05', '237.05', '16.00', '0.00', '0.00', '', '', 1, '0.00', '0.00', '0.00', '0.00'),
('ROHB', 'HAVANA BARREL PROFF', 'BAJAB', 'ML', '', '750.00', '0.00', '0.00', '0.00', '0.00', '0.00', '0.00', '1.00', '1.00', '0.00', '0.00', '0.00', '', '', 1, '0.00', '0.00', '0.00', '0.00'),
('ROHC', 'HAVANA BLANCO', 'RONNN', 'ML', '', '750.00', '0.00', '7.00', '0.00', '0.00', '0.00', '0.00', '103.44', '103.44', '16.00', '0.00', '0.00', '', '', 1, '0.00', '0.00', '0.00', '0.00'),
('ROHG', 'HAVANA GRAN RESERVA', 'BAJAB', 'ML', '', '750.00', '0.00', '0.00', '0.00', '0.00', '0.00', '0.00', '1.00', '1.00', '0.00', '0.00', '0.00', '', '', 1, '0.00', '0.00', '0.00', '0.00'),
('ROHM', 'HAVANA SELC.MAESTROS', 'BAJAB', 'ML', '', '750.00', '0.00', '0.00', '0.00', '0.00', '0.00', '0.00', '650.86', '650.86', '16.00', '0.00', '0.00', '', '', 1, '0.00', '0.00', '0.00', '0.00'),
('ROHR', 'HAVANA RESERVA', 'BAJAB', 'ML', '', '750.00', '0.00', '0.00', '0.00', '0.00', '0.00', '0.00', '1.00', '1.00', '0.00', '0.00', '0.00', '', '', 1, '0.00', '0.00', '0.00', '0.00'),
('ROHS', 'HAVANA SILVER', 'BAJAB', 'ML', '', '750.00', '0.00', '0.00', '0.00', '0.00', '0.00', '0.00', '1.00', '1.00', '0.00', '0.00', '0.00', '', '', 1, '0.00', '0.00', '0.00', '0.00'),
('ROKG', 'KRAKEN GHOST', 'BAJAB', 'ML', '', '750.00', '0.00', '0.00', '0.00', '0.00', '0.00', '0.00', '117.33', '117.33', '16.00', '0.00', '0.00', '', '', 1, '0.00', '0.00', '0.00', '0.00'),
('ROKR', 'KRAKEN BLACK', 'RONNN', 'ML', '', '750.00', '0.00', '-0.72', '0.00', '0.00', '0.00', '0.00', '126.72', '126.72', '16.00', '0.00', '0.00', '', '', 1, '0.00', '0.00', '0.00', '0.00'),
('ROM1', 'MATUSALEM G.RES. 18 A¥OS', 'RONNN', 'ML', '', '750.00', '0.00', '0.00', '0.00', '0.00', '0.00', '0.00', '418.49', '418.49', '16.00', '0.00', '0.00', '', '', 1, '0.00', '0.00', '0.00', '0.00'),
('ROM3', 'MATUSALEM 23', 'BAJAB', 'ML', '', '750.00', '0.00', '0.00', '0.00', '0.00', '0.00', '0.00', '863.19', '863.19', '16.00', '0.00', '0.00', '', '', 1, '0.00', '0.00', '0.00', '0.00'),
('ROMA', 'MALIBU COCO WHITE', 'BAJAB', 'ML', '', '750.00', '0.00', '0.00', '0.00', '0.00', '0.00', '0.00', '136.21', '136.21', '16.00', '0.00', '0.00', '', '', 1, '0.00', '0.00', '0.00', '0.00'),
('ROMB', 'MALIBU BLACK', 'BAJAB', 'ML', '', '750.00', '0.00', '0.00', '0.00', '0.00', '0.00', '0.00', '141.68', '141.68', '0.00', '0.00', '0.00', '', '', 1, '0.00', '0.00', '0.00', '0.00'),
('ROMC', 'MATUSALEM CLASICO', 'RONNN', 'ML', '', '750.00', '0.00', '-0.48', '0.00', '0.00', '0.00', '0.00', '150.85', '150.85', '16.00', '0.00', '0.00', '', '', 1, '0.00', '0.00', '0.00', '0.00'),
('ROMG', 'MATUSALEM GRAN RESERVA', 'RONNN', 'ML', '', '750.00', '0.00', '-2.08', '0.00', '0.00', '0.00', '0.00', '231.03', '231.03', '16.00', '0.00', '0.00', '', '', 1, '0.00', '0.00', '0.00', '0.00'),
('ROMP', 'MATUSALEM PLATINO', 'RONNN', 'ML', '', '750.00', '0.00', '-0.64', '0.00', '0.00', '0.00', '0.00', '132.75', '132.75', '16.00', '0.00', '0.00', '', '', 1, '0.00', '0.00', '0.00', '0.00'),
('ROST', 'SANTA TERESA 1796', 'RONNN', 'ML', '', '750.00', '0.00', '0.00', '0.00', '0.00', '0.00', '0.00', '94.78', '94.78', '0.00', '0.00', '0.00', '', '', 1, '0.00', '0.00', '0.00', '0.00'),
('ROZ2', 'ZACAPA 23 A¥OS', 'RONNN', 'ML', '', '750.00', '0.00', '-2.72', '0.00', '0.00', '0.00', '0.00', '646.55', '646.55', '16.00', '0.00', '0.00', '', '', 1, '0.00', '0.00', '0.00', '0.00'),
('ROZA', 'ZACAPA 15', 'BAJAB', 'ML', '', '750.00', '0.00', '0.00', '0.00', '0.00', '0.00', '0.00', '1.00', '1.00', '0.00', '0.00', '0.00', '', '', 1, '0.00', '0.00', '0.00', '0.00'),
('ROZM', 'ZACAPA AMBER', 'RONNN', 'ML', '', '750.00', '0.00', '-1.72', '0.00', '0.00', '0.00', '0.00', '523.32', '523.32', '16.00', '0.00', '0.00', '', '', 1, '0.00', '0.00', '0.00', '0.00'),
('ROZX', 'ZACAPA XO', 'BAJAB', 'ML', '', '750.00', '0.00', '0.00', '0.00', '0.00', '0.00', '0.00', '1612.07', '1612.07', '16.00', '0.00', '0.00', '', '', 1, '0.00', '0.00', '0.00', '0.00'),
('SCDR', 'MANZANITA', 'BEBID', 'PZ', '', '1.00', '0.00', '120.00', '0.00', '0.00', '0.00', '0.00', '8.42', '8.42', '16.00', '0.00', '0.00', '', '', 1, '0.00', '0.00', '0.00', '0.00'),
('SOAE', 'GARRAFON DE AGUA', 'BEBID', 'PZ', '', '19000.00', '0.00', '8.00', '0.00', '0.00', '0.00', '0.00', '27.00', '27.00', '0.00', '0.00', '0.00', '', '', 1, '0.00', '0.00', '0.00', '0.00'),
('SOCC', 'COCA COLA CLASICA', 'BEBID', 'PZ', '', '1.00', '0.00', '454.00', '0.00', '0.00', '0.00', '0.00', '9.93', '9.93', '16.00', '0.00', '0.00', '', '', 1, '0.00', '0.00', '0.00', '0.00'),
('SOCL', 'COCA LIGTH', 'BEBID', 'PZ', '', '1.00', '0.00', '48.00', '0.00', '0.00', '0.00', '0.00', '9.93', '9.93', '16.00', '0.00', '0.00', '', '', 1, '0.00', '0.00', '0.00', '0.00'),
('SOCM', 'COCACOLA MINI', 'BEBID', 'PZ', '', '1.00', '0.00', '528.00', '0.00', '0.00', '0.00', '0.00', '7.44', '7.44', '16.00', '0.00', '0.00', '', '', 1, '0.00', '0.00', '0.00', '0.00'),
('SODC', 'COCA SIN AZUCAR', 'BEBID', 'PZ', '', '1.00', '0.00', '0.00', '0.00', '0.00', '0.00', '0.00', '4.57', '4.57', '0.00', '0.00', '0.00', '', '', 1, '0.00', '0.00', '0.00', '0.00'),
('SODE', 'DELAWARE', 'BEBID', 'PZ', '', '1.00', '0.00', '0.00', '0.00', '0.00', '0.00', '0.00', '1.00', '1.00', '0.00', '0.00', '0.00', '', '', 1, '0.00', '0.00', '0.00', '0.00'),
('SOFR', 'FRESCA', 'BEBID', 'PZ', '', '1.00', '0.00', '240.00', '0.00', '0.00', '0.00', '0.00', '8.42', '8.42', '16.00', '0.00', '0.00', '', '', 1, '0.00', '0.00', '0.00', '0.00'),
('SOGL', 'GINGER', 'BEBID', 'PZ', '', '1.00', '0.00', '15.00', '0.00', '0.00', '0.00', '0.00', '5.28', '5.28', '16.00', '0.00', '0.00', '', '', 1, '0.00', '0.00', '0.00', '0.00'),
('SOQQ', 'COCA COLA LIGTH MINI', 'BEBID', 'PZ', '', '1.00', '0.00', '0.00', '0.00', '0.00', '0.00', '0.00', '60.35', '60.35', '0.00', '0.00', '0.00', '', '', 1, '0.00', '0.00', '0.00', '0.00'),
('SORR', 'COCA COLA ZERO MINI', 'BEBID', 'PZ', '', '1.00', '0.00', '0.00', '0.00', '0.00', '0.00', '0.00', '60.35', '60.35', '0.00', '0.00', '0.00', '', '', 1, '0.00', '0.00', '0.00', '0.00'),
('SOSL', 'FANTA', 'BEBID', 'PZ', '', '1.00', '0.00', '24.00', '0.00', '0.00', '0.00', '0.00', '8.42', '8.42', '16.00', '0.00', '0.00', '', '', 1, '0.00', '0.00', '0.00', '0.00'),
('SOSP', 'SPRITE', 'BEBID', 'PZ', '', '1.00', '0.00', '48.00', '0.00', '0.00', '0.00', '0.00', '8.42', '8.42', '16.00', '0.00', '0.00', '', '', 1, '0.00', '0.00', '0.00', '0.00'),
('SOSQ', 'SPRITE ZERO', 'BEBID', 'PZ', '', '1.00', '0.00', '0.00', '0.00', '0.00', '0.00', '0.00', '3.42', '3.42', '0.00', '0.00', '0.00', '', '', 1, '0.00', '0.00', '0.00', '0.00'),
('SRR!', 'SR ACEITE DE AJO', 'PRODU', 'GR', '', '1000.00', '0.00', '-1.19', '0.00', '0.00', '0.00', '0.00', '141.38', '141.38', '0.00', '0.00', '0.00', '', '', 1, '0.00', '0.00', '0.00', '0.00'),
('SRR\"', 'SR ADEREZO CESAR', 'PRODU', 'GR', '', '1000.00', '0.00', '0.00', '0.00', '0.00', '0.00', '0.00', '116.87', '116.87', '0.00', '0.00', '0.00', '', '', 1, '0.00', '0.00', '0.00', '0.00'),
('SRR#', 'SR ADEREZO DULCE', 'PRODU', 'GR', '', '1000.00', '0.00', '-0.48', '0.00', '0.00', '0.00', '0.00', '137.57', '137.57', '0.00', '0.00', '0.00', '', '', 1, '0.00', '0.00', '0.00', '0.00'),
('SRR$', 'SR ADEREZO MARACUYA', 'PRODU', 'GR', '', '1000.00', '0.00', '-0.60', '0.00', '0.00', '0.00', '0.00', '68.37', '68.37', '0.00', '0.00', '0.00', '', '', 1, '0.00', '0.00', '0.00', '0.00'),
('SRR%', 'SR ADEREZO TOUGURTH', 'PRODU', 'GR', '', '1000.00', '0.00', '-0.60', '0.00', '0.00', '0.00', '0.00', '64.81', '64.81', '0.00', '0.00', '0.00', '', '', 1, '0.00', '0.00', '0.00', '0.00'),
('SRR&', 'SR ADOBO', 'PRODU', 'ML', '', '1000.00', '0.00', '-1.67', '0.00', '0.00', '0.00', '0.00', '91.14', '91.14', '0.00', '0.00', '0.00', '', '', 1, '0.00', '0.00', '0.00', '0.00'),
('SRR(', 'SR AD MAYO CHIPOTLES', 'PRODU', 'GR', '', '1350.00', '0.00', '-2.00', '0.00', '0.00', '0.00', '0.00', '69.69', '69.69', '0.00', '0.00', '0.00', '', '', 1, '0.00', '0.00', '0.00', '0.00'),
('SRR)', 'SR AGUACHILE MANGO HABANE', 'PRODU', 'GR', '', '1000.00', '0.00', '-5.10', '0.00', '0.00', '0.00', '0.00', '29.98', '29.98', '0.00', '0.00', '0.00', '', '', 1, '0.00', '0.00', '0.00', '0.00'),
('SRR-', 'SR AGUACHILE NEGRO', 'PRODU', 'GR', '', '1400.00', '0.00', '-0.21', '0.00', '0.00', '0.00', '0.00', '62.44', '62.44', '0.00', '0.00', '0.00', '', '', 1, '0.00', '0.00', '0.00', '0.00'),
('SRR.', 'SR AGUACHILE VERDE', 'PRODU', 'GR', '', '400.00', '0.00', '-13.05', '0.00', '0.00', '0.00', '0.00', '13.50', '13.50', '0.00', '0.00', '0.00', '', '', 1, '0.00', '0.00', '0.00', '0.00'),
('SRR0', 'SR AJILLO', 'PRODU', 'ML', '', '1000.00', '0.00', '-0.56', '0.00', '0.00', '0.00', '0.00', '150.54', '150.54', '0.00', '0.00', '0.00', '', '', 1, '0.00', '0.00', '0.00', '0.00'),
('SRR1', 'SR AJO FRITO', 'PRODU', 'GR', '', '200.00', '0.00', '-0.59', '0.00', '0.00', '0.00', '0.00', '58.70', '58.70', '0.00', '0.00', '0.00', '', '', 1, '0.00', '0.00', '0.00', '0.00'),
('SRR2', 'SR ALIOLI', 'PRODU', 'GR', '', '400.00', '0.00', '-0.50', '0.00', '0.00', '0.00', '0.00', '27.41', '27.41', '0.00', '0.00', '0.00', '', '', 1, '0.00', '0.00', '0.00', '0.00'),
('SRR3', 'SR ARROZ CON LECHE', 'PRODU', 'GR', '', '1500.00', '0.00', '-0.15', '0.00', '0.00', '0.00', '0.00', '57.18', '57.18', '0.00', '0.00', '0.00', '', '', 1, '0.00', '0.00', '0.00', '0.00'),
('SRR4', 'SR ARROZ ROJO', 'PRODU', 'GR', '', '2000.00', '0.00', '-2.90', '0.00', '0.00', '0.00', '0.00', '104.95', '104.95', '0.00', '0.00', '0.00', '', '', 1, '0.00', '0.00', '0.00', '0.00'),
('SRR5', 'SR CREMA DE CHIPOTLE', 'PRODU', 'ML', '', '700.00', '0.00', '-7.20', '0.00', '0.00', '0.00', '0.00', '34.18', '34.18', '0.00', '0.00', '0.00', '', '', 1, '0.00', '0.00', '0.00', '0.00'),
('SRR6', 'SR CALDILLO FRIJOL NEGRO', 'PRODU', 'GR', '', '1000.00', '0.00', '-0.86', '0.00', '0.00', '0.00', '0.00', '52.91', '52.91', '0.00', '0.00', '0.00', '', '', 1, '0.00', '0.00', '0.00', '0.00'),
('SRR7', 'SR CALDO DE POLLO', 'PRODU', 'ML', '', '1000.00', '0.00', '0.00', '0.00', '0.00', '0.00', '0.00', '57.05', '57.05', '0.00', '0.00', '0.00', '', '', 1, '0.00', '0.00', '0.00', '0.00'),
('SRR8', 'SR CARNE HAMBURGUESA', 'PRODU', 'GR', '', '1000.00', '0.00', '-10.75', '0.00', '0.00', '0.00', '0.00', '111.08', '111.08', '0.00', '0.00', '0.00', '', '', 1, '0.00', '0.00', '0.00', '0.00'),
('SRR9', 'SR CARNITAS PULQUE', 'PRODU', 'GR', '', '5500.00', '0.00', '-0.37', '0.00', '0.00', '0.00', '0.00', '1232.18', '1232.18', '0.00', '0.00', '0.00', '', '', 1, '0.00', '0.00', '0.00', '0.00'),
('SRR:', 'SR CEBOLLAS CAJUN LIMO', 'PRODU', 'GR', '', '150.00', '0.00', '-9.26', '0.00', '0.00', '0.00', '0.00', '86.09', '86.09', '0.00', '0.00', '0.00', '', '', 1, '0.00', '0.00', '0.00', '0.00'),
('SRR;', 'SR CEBOLLAS ENCURTIDAS', 'PRODU', 'GR', '', '1000.00', '0.00', '-2.53', '0.00', '0.00', '0.00', '0.00', '45.83', '45.83', '0.00', '0.00', '0.00', '', '', 1, '0.00', '0.00', '0.00', '0.00'),
('SRR<', 'SR CHICHARRON PRENSADO', 'PRODU', 'GR', '', '600.00', '0.00', '-9.00', '0.00', '0.00', '0.00', '0.00', '63.14', '63.14', '0.00', '0.00', '0.00', '', '', 1, '0.00', '0.00', '0.00', '0.00'),
('SRR>', 'SR CHILE/CEBOLLA TOREADOS', 'PRODU', 'GR', '', '1500.00', '0.00', '-0.46', '0.00', '0.00', '0.00', '0.00', '21.62', '21.62', '0.00', '0.00', '0.00', '', '', 1, '0.00', '0.00', '0.00', '0.00'),
('SRRA', 'SR CHILES EN VINAGRE', 'PRODU', 'GR', '', '4000.00', '0.00', '-0.40', '0.00', '0.00', '0.00', '0.00', '125.50', '125.50', '0.00', '0.00', '0.00', '', '', 1, '0.00', '0.00', '0.00', '0.00'),
('SRRB', 'SR CHIMICHURRI', 'PRODU', 'GR', '', '700.00', '0.00', '-0.17', '0.00', '0.00', '0.00', '0.00', '59.23', '59.23', '0.00', '0.00', '0.00', '', '', 1, '0.00', '0.00', '0.00', '0.00'),
('SRRC', 'SR CHOCOLATE CALIENTE', 'PRODU', 'ML', '', '1000.00', '0.00', '-0.80', '0.00', '0.00', '0.00', '0.00', '31.31', '31.31', '0.00', '0.00', '0.00', '', '', 1, '0.00', '0.00', '0.00', '0.00'),
('SRRD', 'SR PIE QUESO GUAYABA', 'PRODU', 'GR', '', '7.00', '0.00', '0.00', '0.00', '0.00', '0.00', '0.00', '94.30', '94.30', '0.00', '0.00', '0.00', '', '', 1, '0.00', '0.00', '0.00', '0.00'),
('SRRE', 'SR CREMA MASCARPONE', 'PRODU', 'GR', '', '900.00', '0.00', '0.00', '0.00', '0.00', '0.00', '0.00', '130.91', '130.91', '0.00', '0.00', '0.00', '', '', 1, '0.00', '0.00', '0.00', '0.00'),
('SRRF', 'SR CREME BRULEE', 'PRODU', 'PZ', '', '3000.00', '0.00', '0.00', '0.00', '0.00', '0.00', '0.00', '81.17', '81.17', '0.00', '0.00', '0.00', '', '', 1, '0.00', '0.00', '0.00', '0.00'),
('SRRG', 'SR CREMOSO AGUACATE', 'PRODU', 'GR', '', '1350.00', '0.00', '-6.95', '0.00', '0.00', '0.00', '0.00', '85.36', '85.36', '0.00', '0.00', '0.00', '', '', 1, '0.00', '0.00', '0.00', '0.00'),
('SRRH', 'SR ENSALADA DE NOPAL', 'PRODU', 'GR', '', '1000.00', '0.00', '-2.44', '0.00', '0.00', '0.00', '0.00', '187.48', '187.48', '0.00', '0.00', '0.00', '', '', 1, '0.00', '0.00', '0.00', '0.00'),
('SRRI', 'SR FIDEO SECO', 'PRODU', 'GR', '', '1000.00', '0.00', '-2.75', '0.00', '0.00', '0.00', '0.00', '34.73', '34.73', '0.00', '0.00', '0.00', '', '', 1, '0.00', '0.00', '0.00', '0.00'),
('SRRJ', 'SR FLAN', 'PRODU', 'GR', '', '12.00', '0.00', '-0.99', '0.00', '0.00', '0.00', '0.00', '117.03', '117.03', '0.00', '0.00', '0.00', '', '', 1, '0.00', '0.00', '0.00', '0.00'),
('SRRK', 'SR FRIJOLES DE OLLA', 'PRODU', 'GR', '', '2000.00', '0.00', '-1.84', '0.00', '0.00', '0.00', '0.00', '24.00', '24.00', '0.00', '0.00', '0.00', '', '', 1, '0.00', '0.00', '0.00', '0.00'),
('SRRL', 'SR FRIJOLES MANEADOS', 'PRODU', 'GR', '', '10000.00', '0.00', '-0.48', '0.00', '0.00', '0.00', '0.00', '466.22', '466.22', '0.00', '0.00', '0.00', '', '', 1, '0.00', '0.00', '0.00', '0.00'),
('SRRM', 'SR FRIJOLES REFRITOS', 'PRODU', 'GR', '', '2000.00', '0.00', '-5.13', '0.00', '0.00', '0.00', '0.00', '30.71', '30.71', '0.00', '0.00', '0.00', '', '', 1, '0.00', '0.00', '0.00', '0.00'),
('SRRN', 'SR GALLETA BASE', 'PRODU', 'GR', '', '320.00', '0.00', '0.00', '0.00', '0.00', '0.00', '0.00', '27.11', '27.11', '0.00', '0.00', '0.00', '', '', 1, '0.00', '0.00', '0.00', '0.00'),
('SRRO', 'SR GANACHE CHOCOLATE', 'PRODU', 'GR', '', '600.00', '0.00', '-0.95', '0.00', '0.00', '0.00', '0.00', '68.71', '68.71', '0.00', '0.00', '0.00', '', '', 1, '0.00', '0.00', '0.00', '0.00'),
('SRRP', 'SR GUACAMOLE', 'PRODU', 'GR', '', '1200.00', '0.00', '-19.28', '0.00', '0.00', '0.00', '0.00', '64.58', '64.58', '0.00', '0.00', '0.00', '', '', 1, '0.00', '0.00', '0.00', '0.00'),
('SRRQ', 'SR HUITLACOCHE', 'PRODU', 'GR', '', '1200.00', '0.00', '-0.74', '0.00', '0.00', '0.00', '0.00', '41.40', '41.40', '0.00', '0.00', '0.00', '', '', 1, '0.00', '0.00', '0.00', '0.00'),
('SRRR', 'SR JARABE 3 LECHES', 'PRODU', 'GR', '', '5000.00', '0.00', '0.00', '0.00', '0.00', '0.00', '0.00', '202.41', '202.41', '0.00', '0.00', '0.00', '', '', 1, '0.00', '0.00', '0.00', '0.00'),
('SRRS', 'SR JUGO DE CARNE', 'PRODU', 'ML', '', '1500.00', '0.00', '-2.14', '0.00', '0.00', '0.00', '0.00', '137.68', '137.68', '0.00', '0.00', '0.00', '', '', 1, '0.00', '0.00', '0.00', '0.00'),
('SRRT', 'SR JUGO DE LIMON', 'PRODU', 'ML', '', '400.00', '0.00', '-4.89', '0.00', '0.00', '0.00', '0.00', '18.00', '18.00', '0.00', '0.00', '0.00', '', '', 1, '0.00', '0.00', '0.00', '0.00'),
('SRRU', 'SR JUGO DE NARANJA', 'PRODU', 'ML', '', '1000.00', '0.00', '0.00', '0.00', '0.00', '0.00', '0.00', '15.00', '15.00', '0.00', '0.00', '0.00', '', '', 1, '0.00', '0.00', '0.00', '0.00'),
('SRRV', 'SR LECHON FIDEO', 'PRODU', 'GR', '', '1000.00', '0.00', '-1.40', '0.00', '0.00', '0.00', '0.00', '167.48', '167.48', '0.00', '0.00', '0.00', '', '', 1, '0.00', '0.00', '0.00', '0.00'),
('SRRW', 'SR LECHUGAS MIXTAS', 'PRODU', 'GR', '', '1000.00', '0.00', '-2.03', '0.00', '0.00', '0.00', '0.00', '27.50', '27.50', '0.00', '0.00', '0.00', '', '', 1, '0.00', '0.00', '0.00', '0.00'),
('SRRX', 'SR MAYONESA HABANERO', 'PRODU', 'GR', '', '1000.00', '0.00', '-0.96', '0.00', '0.00', '0.00', '0.00', '62.95', '62.95', '0.00', '0.00', '0.00', '', '', 1, '0.00', '0.00', '0.00', '0.00'),
('SRRY', 'SR MOLE POBLANO', 'PRODU', 'GR', '', '1000.00', '0.00', '-2.68', '0.00', '0.00', '0.00', '0.00', '103.80', '103.80', '0.00', '0.00', '0.00', '', '', 1, '0.00', '0.00', '0.00', '0.00'),
('SRRZ', 'SR MOLTEN ABUELITA', 'PRODU', 'PZ', '', '9.00', '0.00', '-2.10', '0.00', '0.00', '0.00', '0.00', '72.97', '72.97', '0.00', '0.00', '0.00', '', '', 1, '0.00', '0.00', '0.00', '0.00'),
('SRR[', 'SR MOUSSE ROMPOPE', 'PRODU', 'PZ', '', '4000.00', '0.00', '0.00', '0.00', '0.00', '0.00', '0.00', '109.20', '109.20', '0.00', '0.00', '0.00', '', '', 1, '0.00', '0.00', '0.00', '0.00'),
('SRR]', 'SR MONOS DE COCO', 'PRODU', 'GR', '', '230.00', '0.00', '-1.05', '0.00', '0.00', '0.00', '0.00', '69.25', '69.25', '0.00', '0.00', '0.00', '', '', 1, '0.00', '0.00', '0.00', '0.00'),
('SRR_', 'SR PAN DE HAMBURGUESA', 'PRODU', 'PZ', '', '6.00', '0.00', '-7.19', '0.00', '0.00', '0.00', '0.00', '18.24', '18.24', '0.00', '0.00', '0.00', '', '', 1, '0.00', '0.00', '0.00', '0.00'),
('SRRa', 'SR PICO DE AGUACATE', 'PRODU', 'GR', '', '850.00', '0.00', '-9.63', '0.00', '0.00', '0.00', '0.00', '81.79', '81.79', '0.00', '0.00', '0.00', '', '', 1, '0.00', '0.00', '0.00', '0.00'),
('SRRb', 'SR PICO DE MANG0/FRAMBUES', 'PRODU', 'GR', '', '300.00', '0.00', '-0.20', '0.00', '0.00', '0.00', '0.00', '10.81', '10.81', '0.00', '0.00', '0.00', '', '', 1, '0.00', '0.00', '0.00', '0.00'),
('SRRc', 'SR PIERNA HORNO', 'PRODU', 'GR', '', '7000.00', '0.00', '-0.54', '0.00', '0.00', '0.00', '0.00', '1025.04', '1025.04', '0.00', '0.00', '0.00', '', '', 1, '0.00', '0.00', '0.00', '0.00'),
('SRRd', 'SR PIPIAN ROJO', 'PRODU', 'GR', '', '1500.00', '0.00', '-0.48', '0.00', '0.00', '0.00', '0.00', '74.26', '74.26', '0.00', '0.00', '0.00', '', '', 1, '0.00', '0.00', '0.00', '0.00'),
('SRRe', 'SR PIPIAN VERDE', 'PRODU', 'GR', '', '2500.00', '0.00', '-0.28', '0.00', '0.00', '0.00', '0.00', '81.45', '81.45', '0.00', '0.00', '0.00', '', '', 1, '0.00', '0.00', '0.00', '0.00'),
('SRRf', 'SR PULPO COCIDO', 'PRODU', 'GR', '', '500.00', '0.00', '-1.04', '0.00', '0.00', '0.00', '0.00', '195.99', '195.99', '0.00', '0.00', '0.00', '', '', 1, '0.00', '0.00', '0.00', '0.00'),
('SRRg', 'SR RAJAS POBLANAS', 'PRODU', 'GR', '', '1000.00', '0.00', '-0.48', '0.00', '0.00', '0.00', '0.00', '42.48', '42.48', '0.00', '0.00', '0.00', '', '', 1, '0.00', '0.00', '0.00', '0.00'),
('SRRh', 'SR SALSA CERVEZA', 'PRODU', 'ML', '', '2200.00', '0.00', '-2.15', '0.00', '0.00', '0.00', '0.00', '95.85', '95.85', '0.00', '0.00', '0.00', '', '', 1, '0.00', '0.00', '0.00', '0.00'),
('SRRi', 'SR SALSA DULCE DE LECHE', 'PRODU', 'ML', '', '500.00', '0.00', '-0.48', '0.00', '0.00', '0.00', '0.00', '54.95', '54.95', '0.00', '0.00', '0.00', '', '', 1, '0.00', '0.00', '0.00', '0.00'),
('SRRj', 'SR SALSA DE ROMPOPE', 'PRODU', 'ML', '', '760.00', '0.00', '0.00', '0.00', '0.00', '0.00', '0.00', '57.35', '57.35', '0.00', '0.00', '0.00', '', '', 1, '0.00', '0.00', '0.00', '0.00'),
('SRRk', 'SR SALSA MACHA', 'PRODU', 'GR', '', '300.00', '0.00', '-0.34', '0.00', '0.00', '0.00', '0.00', '30.25', '30.25', '0.00', '0.00', '0.00', '', '', 1, '0.00', '0.00', '0.00', '0.00'),
('SRRl', 'SR SALSA MORITA', 'PRODU', 'GR', '', '1000.00', '0.00', '-0.65', '0.00', '0.00', '0.00', '0.00', '27.51', '27.51', '0.00', '0.00', '0.00', '', '', 1, '0.00', '0.00', '0.00', '0.00'),
('SRRm', 'SR SALSA NEGRA', 'PRODU', 'ML', '', '2000.00', '0.00', '-0.99', '0.00', '0.00', '0.00', '0.00', '153.44', '153.44', '0.00', '0.00', '0.00', '', '', 1, '0.00', '0.00', '0.00', '0.00'),
('SRRn', 'SR SALSA ORIENTAL', 'PRODU', 'ML', '', '700.00', '0.00', '-0.28', '0.00', '0.00', '0.00', '0.00', '84.58', '84.58', '0.00', '0.00', '0.00', '', '', 1, '0.00', '0.00', '0.00', '0.00'),
('SRRo', 'SR SALSA PONZU', 'PRODU', 'ML', '', '1000.00', '0.00', '-0.60', '0.00', '0.00', '0.00', '0.00', '69.18', '69.18', '0.00', '0.00', '0.00', '', '', 1, '0.00', '0.00', '0.00', '0.00'),
('SRRp', 'SR SALSA ROJA', 'PRODU', 'GR', '', '2500.00', '0.00', '-2.12', '0.00', '0.00', '0.00', '0.00', '35.64', '35.64', '0.00', '0.00', '0.00', '', '', 1, '0.00', '0.00', '0.00', '0.00'),
('SRRq', 'SR SALSA TAQUERA', 'PRODU', 'ML', '', '2000.00', '0.00', '-0.73', '0.00', '0.00', '0.00', '0.00', '49.97', '49.97', '0.00', '0.00', '0.00', '', '', 1, '0.00', '0.00', '0.00', '0.00'),
('SRRr', 'SR SALSA VENENO', 'PRODU', 'ML', '', '1000.00', '0.00', '-2.45', '0.00', '0.00', '0.00', '0.00', '101.34', '101.34', '0.00', '0.00', '0.00', '', '', 1, '0.00', '0.00', '0.00', '0.00'),
('SRRs', 'SR SALSA VERDE', 'PRODU', 'GR', '', '1500.00', '0.00', '-3.63', '0.00', '0.00', '0.00', '0.00', '30.92', '30.92', '0.00', '0.00', '0.00', '', '', 1, '0.00', '0.00', '0.00', '0.00'),
('SRRt', 'SR SALSA VERDE HABANERO', 'PRODU', 'GR', '', '5000.00', '0.00', '-0.06', '0.00', '0.00', '0.00', '0.00', '477.93', '477.93', '0.00', '0.00', '0.00', '', '', 1, '0.00', '0.00', '0.00', '0.00'),
('SRRu', 'SR SALSA VERDE AGUACATE', 'PRODU', 'GR', '', '800.00', '0.00', '-0.24', '0.00', '0.00', '0.00', '0.00', '22.41', '22.41', '0.00', '0.00', '0.00', '', '', 1, '0.00', '0.00', '0.00', '0.00'),
('SRRv', 'SR SALSA VILLAMELON', 'PRODU', 'ML', '', '600.00', '0.00', '-1.34', '0.00', '0.00', '0.00', '0.00', '24.23', '24.23', '0.00', '0.00', '0.00', '', '', 1, '0.00', '0.00', '0.00', '0.00'),
('SRRw', 'SR SHORT RIB', 'PRODU', 'GR', '', '650.00', '0.00', '-6.11', '0.00', '0.00', '0.00', '0.00', '193.52', '193.52', '0.00', '0.00', '0.00', '', '', 1, '0.00', '0.00', '0.00', '0.00'),
('SRRx', 'SR SOLETA', 'PRODU', 'GR', '', '200.00', '0.00', '0.00', '0.00', '0.00', '0.00', '0.00', '11.34', '11.34', '0.00', '0.00', '0.00', '', '', 1, '0.00', '0.00', '0.00', '0.00'),
('SRRy', 'SR SOPA DE TORTILLA', 'PRODU', 'ML', '', '1500.00', '0.00', '-5.40', '0.00', '0.00', '0.00', '0.00', '45.65', '45.65', '0.00', '0.00', '0.00', '', '', 1, '0.00', '0.00', '0.00', '0.00'),
('SRRz', 'SR SPAGUETTI BLANCO', 'PRODU', 'GR', '', '1000.00', '0.00', '-2.20', '0.00', '0.00', '0.00', '0.00', '4.57', '4.57', '0.00', '0.00', '0.00', '', '', 1, '0.00', '0.00', '0.00', '0.00'),
('SRR{', 'SR SPAGUETTO COCIDO', 'PRODU', 'GR', '', '1000.00', '0.00', '0.00', '0.00', '0.00', '0.00', '0.00', '14.67', '14.67', '0.00', '0.00', '0.00', '', '', 1, '0.00', '0.00', '0.00', '0.00'),
('SRR|', 'SR SUADERO', 'PRODU', 'GR', '', '800.00', '0.00', '-12.44', '0.00', '0.00', '0.00', '0.00', '164.45', '164.45', '0.00', '0.00', '0.00', '', '', 1, '0.00', '0.00', '0.00', '0.00'),
('SRR}', 'SR TARTARA JALAPEÑO', 'PRODU', 'GR', '', '800.00', '0.00', '0.00', '0.00', '0.00', '0.00', '0.00', '34.97', '34.97', '0.00', '0.00', '0.00', '', '', 1, '0.00', '0.00', '0.00', '0.00'),
('SRS1', 'SR ADEREZO CESAR', 'PRODU', '', '', '200.00', '0.00', '0.00', '0.00', '0.00', '0.00', '0.00', '22.52', '22.52', '0.00', '0.00', '0.00', '', '', 1, '0.00', '0.00', '0.00', '0.00'),
('SRS2', 'SR ADEREZO YOUGURTH', 'PRODU', '', '', '1500.00', '0.00', '0.00', '0.00', '0.00', '0.00', '0.00', '120.00', '120.00', '0.00', '0.00', '0.00', '', '', 1, '0.00', '0.00', '0.00', '0.00'),
('SRS3', 'SR ADEREZO MARACUYA', 'PRODU', '', '', '2000.00', '0.00', '0.00', '0.00', '0.00', '0.00', '0.00', '107.80', '107.80', '0.00', '0.00', '0.00', '', '', 1, '0.00', '0.00', '0.00', '0.00'),
('SRS4', 'SR ADEREZO DULCE', 'PRODU', '', '', '400.00', '0.00', '0.00', '0.00', '0.00', '0.00', '0.00', '50.57', '50.57', '0.00', '0.00', '0.00', '', '', 1, '0.00', '0.00', '0.00', '0.00'),
('SRS5', 'SR BASE CALDO QUESO', 'PRODU', '', '', '12000.00', '0.00', '0.00', '0.00', '0.00', '0.00', '0.00', '684.30', '684.30', '0.00', '0.00', '0.00', '', '', 1, '0.00', '0.00', '0.00', '0.00'),
('SRS6', 'SR ACEITE DE AJO', 'PRODU', '', '', '1000.00', '0.00', '0.00', '0.00', '0.00', '0.00', '0.00', '135.75', '135.75', '0.00', '0.00', '0.00', '', '', 1, '0.00', '0.00', '0.00', '0.00'),
('STAC', 'STA HELENA CHARDONAY', 'VINOS', '75', '', '750.00', '0.00', '0.00', '0.00', '0.00', '0.00', '0.00', '211.21', '211.21', '0.00', '0.00', '0.00', '', '', 1, '0.00', '0.00', '0.00', '0.00'),
('TE10', '100 A¥OS REP.VERDE 750 ML', 'BAJAB', 'ML', '', '750.00', '0.00', '0.00', '0.00', '0.00', '0.00', '0.00', '120.00', '120.00', '0.00', '0.00', '0.00', '', '', 1, '0.00', '0.00', '0.00', '0.00'),
('TE18', '1800 A¥EJO', 'TEQUI', 'ML', '', '700.00', '0.00', '-1.39', '0.00', '0.00', '0.00', '0.00', '369.81', '369.81', '16.00', '0.00', '0.00', '', '', 1, '0.00', '0.00', '0.00', '0.00'),
('TE1B', '1800 BLANCO', 'TEQUI', 'ML', '', '700.00', '0.00', '0.00', '0.00', '0.00', '0.00', '0.00', '268.62', '268.62', '16.00', '0.00', '0.00', '', '', 1, '0.00', '0.00', '0.00', '0.00'),
('TE1C', '1800 CRISTALINO', 'TEQUI', 'ML', '', '700.00', '0.00', '-0.34', '0.00', '0.00', '0.00', '0.00', '441.37', '441.37', '16.00', '0.00', '0.00', '', '', 1, '0.00', '0.00', '0.00', '0.00'),
('TE1R', '1800 REPOSADO', 'TEQUI', 'ML', '', '700.00', '0.00', '-0.72', '0.00', '0.00', '0.00', '0.00', '275.85', '275.85', '16.00', '0.00', '0.00', '', '', 1, '0.00', '0.00', '0.00', '0.00'),
('TE3A', '3 GEN.PLATA', 'TEQUI', 'ML', '', '750.00', '0.00', '0.00', '0.00', '0.00', '0.00', '0.00', '448.19', '448.19', '16.00', '0.00', '0.00', '', '', 1, '0.00', '0.00', '0.00', '0.00'),
('TE3G', '3 GEN.REPOSADO', 'TEQUI', 'ML', '', '750.00', '0.00', '0.00', '0.00', '0.00', '0.00', '0.00', '510.00', '510.00', '16.00', '0.00', '0.00', '', '', 1, '0.00', '0.00', '0.00', '0.00'),
('TEAC', 'CENTENARIO AZUL', 'BAJAB', 'ML', '', '750.00', '0.00', '0.00', '0.00', '0.00', '0.00', '0.00', '159.70', '159.70', '16.00', '0.00', '0.00', '', '', 1, '0.00', '0.00', '0.00', '0.00'),
('TEAN', 'HERRAD.ANT.REP', 'TEQUI', 'ML', '', '750.00', '0.00', '-0.39', '0.00', '0.00', '0.00', '0.00', '206.44', '206.44', '16.00', '0.00', '0.00', '', '', 1, '0.00', '0.00', '0.00', '0.00'),
('TEAP', 'ALTOS PLATA', 'BAJAB', 'ML', '', '750.00', '0.00', '0.00', '0.00', '0.00', '0.00', '0.00', '1.00', '1.00', '16.00', '0.00', '0.00', '', '', 1, '0.00', '0.00', '0.00', '0.00'),
('TEAR', 'ALTOS REPOSADO', 'BAJAB', 'ML', '', '750.00', '0.00', '0.00', '0.00', '0.00', '0.00', '0.00', '290.73', '290.73', '16.00', '0.00', '0.00', '', '', 1, '0.00', '0.00', '0.00', '0.00'),
('TEAZ', 'CAZADORES CRISTALINO', 'TEQUI', 'ML', '', '750.00', '0.00', '-0.28', '0.00', '0.00', '0.00', '0.00', '276.52', '276.52', '0.00', '0.00', '0.00', '', '', 1, '0.00', '0.00', '0.00', '0.00'),
('TEBL', 'CAZADORES BCO. LT.', 'BAJAB', 'ML', '', '950.00', '0.00', '0.00', '0.00', '0.00', '0.00', '0.00', '173.04', '173.04', '0.00', '0.00', '0.00', '', '', 1, '0.00', '0.00', '0.00', '0.00'),
('TECA', 'CAZADORES REP. 750', 'BAJAB', 'ML', '', '750.00', '0.00', '0.00', '0.00', '0.00', '0.00', '0.00', '427.01', '427.01', '0.00', '0.00', '0.00', '', '', 1, '0.00', '0.00', '0.00', '0.00'),
('TECC', 'CAZADORES CRIS. 750', 'TEQUI', 'ML', '', '3000.00', '0.00', '0.00', '0.00', '0.00', '0.00', '0.00', '763.47', '763.47', '0.00', '0.00', '0.00', '', '', 1, '0.00', '0.00', '0.00', '0.00'),
('TECE', 'CENTENARIO REP.', 'TEQUI', 'ML', '', '700.00', '0.00', '-0.59', '0.00', '0.00', '0.00', '0.00', '165.51', '165.51', '16.00', '0.00', '0.00', '', '', 1, '0.00', '0.00', '0.00', '0.00'),
('TECJ', 'DON JULIO REP.CLARO', 'TEQUI', 'ML', '', '999.99', '0.00', '1.00', '0.00', '0.00', '0.00', '0.00', '434.61', '434.61', '16.00', '0.00', '0.00', '', '', 1, '0.00', '0.00', '0.00', '0.00'),
('TECL', 'TRADICIONAL CRISTALINO', 'TEQUI', 'ML', '', '695.00', '0.00', '-3.15', '0.00', '0.00', '0.00', '0.00', '404.56', '404.56', '16.00', '0.00', '0.00', '', '', 1, '0.00', '0.00', '0.00', '0.00'),
('TECM', 'CENTENARIO AÑEJO', 'TEQUI', 'ML', '', '700.00', '0.00', '0.00', '0.00', '0.00', '0.00', '0.00', '427.01', '427.01', '0.00', '0.00', '0.00', '', '', 1, '0.00', '0.00', '0.00', '0.00'),
('TECP', 'CENTENARIO PLATA', 'TEQUI', 'ML', '', '700.00', '0.00', '-2.40', '0.00', '0.00', '0.00', '0.00', '190.00', '190.00', '16.00', '0.00', '0.00', '', '', 1, '0.00', '0.00', '0.00', '0.00'),
('TECR', 'TRADICIONAL', 'TEQUI', 'ML', '', '695.00', '0.00', '-5.17', '0.00', '0.00', '0.00', '0.00', '181.03', '181.03', '16.00', '0.00', '0.00', '', '', 1, '0.00', '0.00', '0.00', '0.00'),
('TECS', 'CUERVO ESPECIAL REP', 'TEQUI', 'ML', '', '990.00', '0.00', '1.00', '0.00', '0.00', '0.00', '0.00', '103.01', '103.01', '16.00', '0.00', '0.00', '', '', 1, '0.00', '0.00', '0.00', '0.00'),
('TECT', 'CENTENARIO REP', 'TEQUI', 'ML', '', '940.00', '0.00', '0.00', '0.00', '0.00', '0.00', '0.00', '160.87', '160.87', '0.00', '0.00', '0.00', '', '', 1, '0.00', '0.00', '0.00', '0.00'),
('TEC¥', 'CENTENARIO A¥EJO', 'TEQUI', 'ML', '', '750.00', '0.00', '0.00', '0.00', '0.00', '0.00', '0.00', '386.55', '386.55', '16.00', '0.00', '0.00', '', '', 1, '0.00', '0.00', '0.00', '0.00'),
('TED1', 'DON JULIO 70', 'TEQUI', 'ML', '', '750.00', '0.00', '-7.00', '0.00', '0.00', '0.00', '0.00', '435.33', '435.33', '16.00', '0.00', '0.00', '', '', 1, '0.00', '0.00', '0.00', '0.00'),
('TED4', 'DON JULIO REP.CLARO', 'TEQUI', 'ML', '', '750.00', '0.00', '0.88', '0.00', '0.00', '0.00', '0.00', '434.61', '434.61', '16.00', '0.00', '0.00', '', '', 1, '0.00', '0.00', '0.00', '0.00'),
('TEDB', 'DON JULIO BLANCO', 'TEQUI', 'ML', '', '750.00', '0.00', '3.36', '0.00', '0.00', '0.00', '0.00', '262.93', '262.93', '16.00', '0.00', '0.00', '', '', 1, '0.00', '0.00', '0.00', '0.00'),
('TEDJ', 'DON JULIO REP.', 'TEQUI', 'ML', '', '750.00', '0.00', '-1.56', '0.00', '0.00', '0.00', '0.00', '327.57', '327.57', '16.00', '0.00', '0.00', '', '', 1, '0.00', '0.00', '0.00', '0.00'),
('TEEB', 'ESPOLON BCO', 'TEQUI', 'ML', '', '750.00', '0.00', '0.00', '0.00', '0.00', '0.00', '0.00', '208.02', '208.02', '16.00', '0.00', '0.00', '', '', 1, '0.00', '0.00', '0.00', '0.00'),
('TEEC', 'ESPOLON COLORADO', 'TEQUI', 'ML', '', '750.00', '0.00', '0.00', '0.00', '0.00', '0.00', '0.00', '268.62', '268.62', '16.00', '0.00', '0.00', '', '', 1, '0.00', '0.00', '0.00', '0.00'),
('TEEM', 'ESPOLON MARANON', 'TEQUI', 'ML', '', '750.00', '0.00', '0.00', '0.00', '0.00', '0.00', '0.00', '343.97', '343.97', '16.00', '0.00', '0.00', '', '', 1, '0.00', '0.00', '0.00', '0.00'),
('TEHA', 'HERRAD.A¥EJO TEQ', 'BAJAB', 'ML', '', '750.00', '0.00', '0.00', '0.00', '0.00', '0.00', '0.00', '394.83', '394.83', '16.00', '0.00', '0.00', '', '', 1, '0.00', '0.00', '0.00', '0.00'),
('TEHB', 'HERRAD.BCO', 'TEQUI', 'ML', '', '950.00', '0.00', '0.53', '0.00', '0.00', '0.00', '0.00', '284.47', '284.47', '16.00', '0.00', '0.00', '', '', 1, '0.00', '0.00', '0.00', '0.00'),
('TEHJ', 'HERRAD.ANT.CRISTALINO', 'TEQUI', 'ML', '', '700.00', '0.00', '0.00', '0.00', '0.00', '0.00', '0.00', '0.00', '0.00', '0.00', '0.00', '0.00', '', '', 1, '0.00', '0.00', '0.00', '0.00'),
('TEHL', 'HACIENDA BLACK', 'BAJAB', 'ML', '', '750.00', '0.00', '0.00', '0.00', '0.00', '0.00', '0.00', '100.00', '100.00', '0.00', '0.00', '0.00', '', '', 1, '0.00', '0.00', '0.00', '0.00'),
('TEHN', 'HORNITOS BLACK BARREL', 'TEQUI', 'ML', '', '750.00', '0.00', '1.00', '0.00', '0.00', '0.00', '0.00', '345.91', '345.91', '16.00', '0.00', '0.00', '', '', 1, '0.00', '0.00', '0.00', '0.00'),
('TEHP', 'HORNITOS PLATA 750 ML.', 'TEQUI', 'ML', '', '750.00', '0.00', '0.00', '0.00', '0.00', '0.00', '0.00', '112.17', '112.17', '0.00', '0.00', '0.00', '', '', 1, '0.00', '0.00', '0.00', '0.00'),
('TEHR', 'HERRAD.REPOSADO', 'TEQUI', 'ML', '', '950.00', '0.00', '1.16', '0.00', '0.00', '0.00', '0.00', '343.95', '343.95', '16.00', '0.00', '0.00', '', '', 1, '0.00', '0.00', '0.00', '0.00'),
('TEHS', 'SAUZA HDA.REP. 700 MLS.', 'BAJAB', 'ML', '', '700.00', '0.00', '0.00', '0.00', '0.00', '0.00', '0.00', '107.83', '107.83', '0.00', '0.00', '0.00', '', '', 1, '0.00', '0.00', '0.00', '0.00'),
('TEHT', 'HERRAD.PLATA', 'TEQUI', 'ML', '', '750.00', '0.00', '-0.24', '0.00', '0.00', '0.00', '0.00', '284.47', '284.47', '16.00', '0.00', '0.00', '', '', 1, '0.00', '0.00', '0.00', '0.00'),
('TEHU', 'HERRAD.SEL.SUPREMA', 'BAJAB', 'ML', '', '750.00', '0.00', '0.00', '0.00', '0.00', '0.00', '0.00', '2122.44', '2122.44', '16.00', '0.00', '0.00', '', '', 1, '0.00', '0.00', '0.00', '0.00'),
('TEHX', 'HERRAD.ULTRA', 'TEQUI', 'ML', '', '750.00', '0.00', '-0.12', '0.00', '0.00', '0.00', '0.00', '491.37', '491.37', '16.00', '0.00', '0.00', '', '', 1, '0.00', '0.00', '0.00', '0.00'),
('TEHZ', 'HERRAD.ANT.BCO', 'BAJAB', 'ML', '', '750.00', '0.00', '0.00', '0.00', '0.00', '0.00', '0.00', '145.73', '145.73', '0.00', '0.00', '0.00', '', '', 1, '0.00', '0.00', '0.00', '0.00'),
('TEH¥', 'HORNITOS A¥EJO 750 ML.', 'BAJAB', 'ML', '', '750.00', '0.00', '-0.12', '0.00', '0.00', '0.00', '0.00', '173.04', '173.04', '0.00', '0.00', '0.00', '', '', 1, '0.00', '0.00', '0.00', '0.00'),
('TEJ7', 'JIMADOR REP 700', 'TEQUI', 'ML', '', '700.00', '0.00', '-0.13', '0.00', '0.00', '0.00', '0.00', '131.88', '131.88', '16.00', '0.00', '0.00', '', '', 1, '0.00', '0.00', '0.00', '0.00'),
('TEJA', 'DON JULIO A¥EJO', 'TEQUI', 'ML', '', '750.00', '0.00', '0.28', '0.00', '0.00', '0.00', '0.00', '420.68', '420.68', '16.00', '0.00', '0.00', '', '', 1, '0.00', '0.00', '0.00', '0.00'),
('TEJB', 'JIMADOR BCO', 'TEQUI', 'ML', '', '700.00', '0.00', '0.00', '0.00', '0.00', '0.00', '0.00', '90.61', '90.61', '0.00', '0.00', '0.00', '', '', 1, '0.00', '0.00', '0.00', '0.00'),
('TEJF', 'JIMADOR REP', 'TEQUI', 'ML', '', '700.00', '0.00', '0.00', '0.00', '0.00', '0.00', '0.00', '1.00', '1.00', '0.00', '0.00', '0.00', '', '', 1, '0.00', '0.00', '0.00', '0.00'),
('TEJI', 'JIMADOR LT.', 'BAJAB', 'ML', '', '950.00', '0.00', '0.00', '0.00', '0.00', '0.00', '0.00', '109.53', '109.53', '0.00', '0.00', '0.00', '', '', 1, '0.00', '0.00', '0.00', '0.00'),
('TEJJ', 'JIMADOR ANEJO', 'BAJAB', 'ML', '', '750.00', '0.00', '0.00', '0.00', '0.00', '0.00', '0.00', '214.66', '214.66', '16.00', '0.00', '0.00', '', '', 1, '0.00', '0.00', '0.00', '0.00'),
('TELA', 'LUNA AZUL', 'TEQUI', 'PZ', '', '355.00', '0.00', '0.00', '0.00', '0.00', '0.00', '0.00', '7.25', '7.25', '0.00', '0.00', '0.00', '', '', 1, '0.00', '0.00', '0.00', '0.00'),
('TEMA', 'MAESTRO TEQ.A¥EJO', 'BAJAB', 'ML', '', '750.00', '0.00', '0.00', '0.00', '0.00', '0.00', '0.00', '404.31', '404.31', '16.00', '0.00', '0.00', '', '', 1, '0.00', '0.00', '0.00', '0.00'),
('TEMB', 'MAESTRO TEQ.BCO', 'TEQUI', 'ML', '', '750.00', '0.00', '-0.12', '0.00', '0.00', '0.00', '0.00', '282.74', '282.74', '16.00', '0.00', '0.00', '', '', 1, '0.00', '0.00', '0.00', '0.00'),
('TEMD', 'MAESTRO TEQ.DOB.DIAMANTE', 'TEQUI', 'ML', '', '750.00', '0.00', '-1.52', '0.00', '0.00', '0.00', '0.00', '430.17', '430.17', '16.00', '0.00', '0.00', '', '', 1, '0.00', '0.00', '0.00', '0.00'),
('TEME', 'MAESTRO TEQ.REP', 'TEQUI', 'ML', '', '750.00', '0.00', '0.00', '0.00', '0.00', '0.00', '0.00', '217.24', '217.24', '16.00', '0.00', '0.00', '', '', 1, '0.00', '0.00', '0.00', '0.00'),
('TEMP', 'MILAGRO PLATA', 'BAJAB', 'ML', '', '750.00', '0.00', '0.00', '0.00', '0.00', '0.00', '0.00', '185.34', '185.34', '16.00', '0.00', '0.00', '', '', 1, '0.00', '0.00', '0.00', '0.00'),
('TEMR', 'MAESTRO TEQ.REPOSADO', 'TEQUI', 'ML', '', '750.00', '0.00', '0.00', '0.00', '0.00', '0.00', '0.00', '390.65', '390.65', '16.00', '0.00', '0.00', '', '', 1, '0.00', '0.00', '0.00', '0.00'),
('TEOO', 'ORENDAIN OLLITAS', 'BAJAB', 'ML', '', '750.00', '0.00', '0.00', '0.00', '0.00', '0.00', '0.00', '1.00', '1.00', '16.00', '0.00', '0.00', '', '', 1, '0.00', '0.00', '0.00', '0.00'),
('TEOR', 'ORENDAIN REPOSADO', 'BAJAB', 'ML', '', '750.00', '0.00', '0.00', '0.00', '0.00', '0.00', '0.00', '1.00', '1.00', '16.00', '0.00', '0.00', '', '', 1, '0.00', '0.00', '0.00', '0.00'),
('TEPA', 'PATRON A¥EJO', 'BAJAB', 'ML', '', '750.00', '0.00', '0.00', '0.00', '0.00', '0.00', '0.00', '545.80', '545.80', '16.00', '0.00', '0.00', '', '', 1, '0.00', '0.00', '0.00', '0.00'),
('TEPR', 'PATRON REPOSADO', 'TEQUI', 'ML', '', '750.00', '0.00', '0.00', '0.00', '0.00', '0.00', '0.00', '1.00', '1.00', '0.00', '0.00', '0.00', '', '', 1, '0.00', '0.00', '0.00', '0.00'),
('TEPS', 'PATRON SILVER', 'TEQUI', 'ML', '', '750.00', '0.00', '0.88', '0.00', '0.00', '0.00', '0.00', '368.95', '368.95', '0.00', '0.00', '0.00', '', '', 1, '0.00', '0.00', '0.00', '0.00'),
('TEPX', 'PATRON XO', 'BAJAB', 'ML', '', '750.00', '0.00', '0.00', '0.00', '0.00', '0.00', '0.00', '1.00', '1.00', '0.00', '0.00', '0.00', '', '', 1, '0.00', '0.00', '0.00', '0.00'),
('TERA', 'RESERVA FAMILIA A¥EJO', 'BAJAB', 'ML', '', '750.00', '0.00', '0.00', '0.00', '0.00', '0.00', '0.00', '1422.41', '1422.41', '16.00', '0.00', '0.00', '', '', 1, '0.00', '0.00', '0.00', '0.00'),
('TERB', 'CASA DRAGONES BCO', 'BAJAB', 'ML', '', '750.00', '0.00', '0.00', '0.00', '0.00', '0.00', '0.00', '948.28', '948.28', '16.00', '0.00', '0.00', '', '', 1, '0.00', '0.00', '0.00', '0.00'),
('TERH', 'REAL HACIENDA', 'BAJAB', 'ML', '', '750.00', '0.00', '0.00', '0.00', '0.00', '0.00', '0.00', '100.00', '100.00', '0.00', '0.00', '0.00', '', '', 1, '0.00', '0.00', '0.00', '0.00'),
('TERJ', 'CASA DRAGONES JOVEN', 'BAJAB', 'ML', '', '750.00', '0.00', '0.00', '0.00', '0.00', '0.00', '0.00', '1.00', '1.00', '0.00', '0.00', '0.00', '', '', 1, '0.00', '0.00', '0.00', '0.00'),
('TERR', 'RESERVA FAM.REPOSADO', 'BAJAB', 'ML', '', '750.00', '0.00', '-0.12', '0.00', '0.00', '0.00', '0.00', '901.68', '901.68', '16.00', '0.00', '0.00', '', '', 1, '0.00', '0.00', '0.00', '0.00'),
('TERS', 'RESERVA FAM PLATINO', 'BAJAB', 'ML', '', '750.00', '0.00', '-1.00', '0.00', '0.00', '0.00', '0.00', '490.52', '490.52', '16.00', '0.00', '0.00', '', '', 1, '0.00', '0.00', '0.00', '0.00'),
('TESA', 'SUAVE 35 MANDARIN', 'BAJAB', 'ML', '', '750.00', '0.00', '0.00', '0.00', '0.00', '0.00', '0.00', '1.00', '1.00', '0.00', '0.00', '0.00', '', '', 1, '0.00', '0.00', '0.00', '0.00'),
('TESC', 'SUAVE 35 CITRUS', 'BAJAB', 'ML', '', '750.00', '0.00', '0.00', '0.00', '0.00', '0.00', '0.00', '1.00', '1.00', '0.00', '0.00', '0.00', '', '', 1, '0.00', '0.00', '0.00', '0.00'),
('TESH', 'SAUZA HORNITOS', 'BAJAB', 'ML', '', '684.00', '0.00', '0.00', '0.00', '0.00', '0.00', '0.00', '117.39', '117.39', '0.00', '0.00', '0.00', '', '', 1, '0.00', '0.00', '0.00', '0.00'),
('TESM', 'SUAVE 35 MANDARINE TEQ.', 'BAJAB', 'ML', '', '1000.00', '0.00', '0.00', '0.00', '0.00', '0.00', '0.00', '155.65', '155.65', '0.00', '0.00', '0.00', '', '', 1, '0.00', '0.00', '0.00', '0.00'),
('TESU', 'HERRAD.SUAVE', 'BAJAB', 'ML', '', '700.00', '0.00', '0.00', '0.00', '0.00', '0.00', '0.00', '112.20', '112.20', '0.00', '0.00', '0.00', '', '', 1, '0.00', '0.00', '0.00', '0.00'),
('TETB', 'TEZON BCO', 'BAJAB', 'ML', '', '750.00', '0.00', '0.00', '0.00', '0.00', '0.00', '0.00', '1.00', '1.00', '0.00', '0.00', '0.00', '', '', 1, '0.00', '0.00', '0.00', '0.00'),
('TETP', 'TRADICIONAL PLATA', 'TEQUI', 'ML', '', '695.00', '0.00', '3.96', '0.00', '0.00', '0.00', '0.00', '170.68', '170.68', '16.00', '0.00', '0.00', '', '', 1, '0.00', '0.00', '0.00', '0.00'),
('TETR', 'TEZON REPOSADO', 'BAJAB', 'ML', '', '750.00', '0.00', '0.00', '0.00', '0.00', '0.00', '0.00', '1.00', '1.00', '0.00', '0.00', '0.00', '', '', 1, '0.00', '0.00', '0.00', '0.00'),
('TEVT', 'VOLCAN DE MI TIERRA', 'TEQUI', 'ML', '', '750.00', '0.00', '0.00', '0.00', '0.00', '0.00', '0.00', '100.00', '100.00', '0.00', '0.00', '0.00', '', '', 1, '0.00', '0.00', '0.00', '0.00'),
('TEZA', 'CAZADORES A¥EJO 750 ML', 'TEQUI', 'ML', '', '750.00', '0.00', '1.00', '0.00', '0.00', '0.00', '0.00', '506.10', '506.10', '16.00', '0.00', '0.00', '', '', 1, '0.00', '0.00', '0.00', '0.00'),
('VBAM', 'ASTI MARTI', 'VINOS', 'ML', '', '750.00', '0.00', '0.00', '0.00', '0.00', '0.00', '0.00', '206.90', '206.90', '16.00', '0.00', '0.00', '', '', 1, '0.00', '0.00', '0.00', '0.00'),
('VBAN', 'ANDRE ESPUMOSO', 'VINOS', 'ML', '', '750.00', '0.00', '0.00', '0.00', '0.00', '0.00', '0.00', '1.00', '1.00', '0.00', '0.00', '0.00', '', '', 1, '0.00', '0.00', '0.00', '0.00'),
('VBAS', 'ASTI RICADONNA', 'VINOS', 'ML', '', '750.00', '0.00', '0.00', '0.00', '0.00', '0.00', '0.00', '176.07', '176.07', '16.00', '0.00', '0.00', '', '', 1, '0.00', '0.00', '0.00', '0.00'),
('VBCB', 'CRUZ BLANCA BLANCO 4 LTS.', 'VINOS', 'ML', '', '4000.00', '0.00', '0.00', '0.00', '0.00', '0.00', '0.00', '17.94', '17.94', '0.00', '0.00', '0.00', '', '', 1, '0.00', '0.00', '0.00', '0.00'),
('VBEC', 'ELENA CHARDONAY', 'VINOS', 'ML', '', '750.00', '0.00', '0.00', '0.00', '0.00', '0.00', '0.00', '1.00', '1.00', '0.00', '0.00', '0.00', '', '', 1, '0.00', '0.00', '0.00', '0.00'),
('VBGA', 'LA CETTO BLANCO 750 ML', 'VINOS', 'ML', '', '750.00', '0.00', '0.00', '0.00', '0.00', '0.00', '0.00', '64.33', '64.33', '0.00', '0.00', '0.00', '', '', 1, '0.00', '0.00', '0.00', '0.00'),
('VBKB', 'KORBEL BRUT', 'VINOS', 'ML', '', '750.00', '0.00', '0.00', '0.00', '0.00', '0.00', '0.00', '1.00', '1.00', '0.00', '0.00', '0.00', '', '', 1, '0.00', '0.00', '0.00', '0.00'),
('VBKO', 'KORBEL SWEET ROSE', 'VINOS', 'ML', '', '750.00', '0.00', '0.00', '0.00', '0.00', '0.00', '0.00', '1.00', '1.00', '0.00', '0.00', '0.00', '', '', 1, '0.00', '0.00', '0.00', '0.00'),
('VBME', 'MARTINI ESPUMOSO', 'VINOS', 'ML', '', '750.00', '0.00', '0.00', '0.00', '0.00', '0.00', '0.00', '1.00', '1.00', '0.00', '0.00', '0.00', '', '', 1, '0.00', '0.00', '0.00', '0.00'),
('VEGU', 'VELVET GUANABANA', 'BEBID', 'ML', '', '1.00', '0.00', '0.00', '0.00', '0.00', '0.00', '0.00', '276.81', '276.81', '16.00', '0.00', '0.00', '', '', 1, '0.00', '0.00', '0.00', '0.00'),
('VELY', 'VELVET LYCHEE', 'BEBID', 'ML', '', '1.00', '0.00', '0.00', '0.00', '0.00', '0.00', '0.00', '1.00', '1.00', '0.00', '0.00', '0.00', '', '', 1, '0.00', '0.00', '0.00', '0.00'),
('VEMM', 'MOSCATO MEDITERRANEO', 'VINOS', 'ML', '', '750.00', '0.00', '0.00', '0.00', '0.00', '0.00', '0.00', '225.00', '225.00', '16.00', '0.00', '0.00', '', '', 1, '0.00', '0.00', '0.00', '0.00'),
('VEPO', 'VELVET POMELO', 'BEBID', 'ML', '', '1.00', '0.00', '0.00', '0.00', '0.00', '0.00', '0.00', '302.20', '302.20', '16.00', '0.00', '0.00', '', '', 1, '0.00', '0.00', '0.00', '0.00');
INSERT INTO `productos` (`codingre`, `descrip`, `familia`, `unidad`, `empaque`, `equivale`, `inventa0`, `inventa1`, `stockma0`, `stockma1`, `stockmi0`, `stockmi1`, `ultcosto`, `costprom`, `impuesto`, `pedido0`, `pedido1`, `status0`, `status1`, `redondeo`, `fisico0`, `fisico1`, `dife0`, `dife1`) VALUES
('VI01', 'SANTA ELENA VERNUS BLEND', 'VINOS', 'ML', '', '750.00', '0.00', '0.00', '0.00', '0.00', '0.00', '0.00', '335.00', '335.00', '0.00', '0.00', '0.00', '', '', 1, '0.00', '0.00', '0.00', '0.00'),
('VIBB', 'VINO BLANCO BATALLA', 'VINOS', 'ML', '', '1000.00', '0.00', '0.00', '0.00', '0.00', '0.00', '0.00', '200.01', '200.01', '0.00', '0.00', '0.00', '', '', 1, '0.00', '0.00', '0.00', '0.00'),
('VIC2', 'CASA M,ADERO 2V', 'VINOS', 'ML', '', '750.00', '0.00', '0.00', '0.00', '0.00', '0.00', '0.00', '181.03', '181.03', '16.00', '0.00', '0.00', '', '', 1, '0.00', '0.00', '0.00', '0.00'),
('VICC', 'CASA MADERO CAB. SAUV', 'VINOS', 'ML', '', '750.00', '0.00', '0.00', '0.00', '0.00', '0.00', '0.00', '249.37', '249.37', '16.00', '0.00', '0.00', '', '', 1, '0.00', '0.00', '0.00', '0.00'),
('VICS', 'CASA MADERO SHIRAZ', 'VINOS', 'ML', '', '750.00', '0.00', '-2.00', '0.00', '0.00', '0.00', '0.00', '249.37', '249.37', '16.00', '0.00', '0.00', '', '', 1, '0.00', '0.00', '0.00', '0.00'),
('VIMC', 'MATARROMERA CRIANZA', 'VINOS', 'ML', '', '750.00', '0.00', '-5.00', '0.00', '0.00', '0.00', '0.00', '486.84', '486.84', '16.00', '0.00', '0.00', '', '', 1, '0.00', '0.00', '0.00', '0.00'),
('VIMM', 'CASA MADERO MERLOT', 'VINOS', 'ML', '', '750.00', '0.00', '0.00', '0.00', '0.00', '0.00', '0.00', '229.82', '229.82', '16.00', '0.00', '0.00', '', '', 1, '0.00', '0.00', '0.00', '0.00'),
('VIMO', 'MOSCATO ESP.PETALO', 'VINOS', 'ML', '', '750.00', '0.00', '0.00', '0.00', '0.00', '0.00', '0.00', '179.35', '179.35', '16.00', '0.00', '0.00', '', '', 1, '0.00', '0.00', '0.00', '0.00'),
('VOAB', 'ABSOLUT AZUL', 'VODKA', 'ML', '', '750.00', '0.00', '0.16', '0.00', '0.00', '0.00', '0.00', '153.44', '153.44', '16.00', '0.00', '0.00', '', '', 1, '0.00', '0.00', '0.00', '0.00'),
('VOAE', 'ABSOLUT PEARS', 'VODKA', 'ML', '', '750.00', '0.00', '0.88', '0.00', '0.00', '0.00', '0.00', '153.44', '153.44', '16.00', '0.00', '0.00', '', '', 1, '0.00', '0.00', '0.00', '0.00'),
('VOAG', 'ABSOLUT LIMA', 'VODKA', 'ML', '', '750.00', '0.00', '0.00', '0.00', '0.00', '0.00', '0.00', '1.00', '1.00', '0.00', '0.00', '0.00', '', '', 1, '0.00', '0.00', '0.00', '0.00'),
('VOAK', 'ABSOLUT KURANT', 'BAJAB', 'ML', '', '750.00', '0.00', '0.00', '0.00', '0.00', '0.00', '0.00', '175.00', '175.00', '0.00', '0.00', '0.00', '', '', 1, '0.00', '0.00', '0.00', '0.00'),
('VOAM', 'ABSOLUT MANDARINE', 'VODKA', 'ML', '', '750.00', '0.00', '0.40', '0.00', '0.00', '0.00', '0.00', '153.44', '153.44', '16.00', '0.00', '0.00', '', '', 1, '0.00', '0.00', '0.00', '0.00'),
('VOAP', 'ABSOLUT APEACH', 'BAJAB', 'ML', '', '750.00', '0.00', '0.00', '0.00', '0.00', '0.00', '0.00', '143.48', '143.48', '0.00', '0.00', '0.00', '', '', 1, '0.00', '0.00', '0.00', '0.00'),
('VOAR', 'ABSOLUT RASPBERRY', 'VODKA', 'ML', '', '750.00', '0.00', '0.56', '0.00', '0.00', '0.00', '0.00', '153.44', '153.44', '16.00', '0.00', '0.00', '', '', 1, '0.00', '0.00', '0.00', '0.00'),
('VOAV', 'ABSOLUT VAINILLA', 'BAJAB', 'ML', '', '750.00', '0.00', '0.00', '0.00', '0.00', '0.00', '0.00', '135.65', '135.65', '0.00', '0.00', '0.00', '', '', 1, '0.00', '0.00', '0.00', '0.00'),
('VOBE', 'BELVEDERE', 'VODKA', 'ML', '', '700.00', '0.00', '0.00', '0.00', '0.00', '0.00', '0.00', '482.37', '482.37', '16.00', '0.00', '0.00', '', '', 1, '0.00', '0.00', '0.00', '0.00'),
('VOBR', 'BRISTOFF', 'VODKA', 'ML', '', '750.00', '0.00', '0.00', '0.00', '0.00', '0.00', '0.00', '1.00', '1.00', '0.00', '0.00', '0.00', '', '', 1, '0.00', '0.00', '0.00', '0.00'),
('VOCB', 'CIROC RED BERRY', 'BAJAB', 'ML', '', '750.00', '0.00', '0.00', '0.00', '0.00', '0.00', '0.00', '1.00', '1.00', '0.00', '0.00', '0.00', '', '', 1, '0.00', '0.00', '0.00', '0.00'),
('VOCC', 'CIROC COCONUT', 'BAJAB', 'ML', '', '750.00', '0.00', '0.00', '0.00', '0.00', '0.00', '0.00', '1.00', '1.00', '0.00', '0.00', '0.00', '', '', 1, '0.00', '0.00', '0.00', '0.00'),
('VOCI', 'ABSOLUT CITRON', 'VODKA', 'ML', '', '750.00', '0.00', '-0.24', '0.00', '0.00', '0.00', '0.00', '184.98', '184.98', '16.00', '0.00', '0.00', '', '', 1, '0.00', '0.00', '0.00', '0.00'),
('VOCR', 'CIROC', 'VODKA', 'ML', '', '750.00', '0.00', '0.00', '0.00', '0.00', '0.00', '0.00', '439.66', '439.66', '16.00', '0.00', '0.00', '', '', 1, '0.00', '0.00', '0.00', '0.00'),
('VODA', 'DANZKA VODKA NATURAL', 'BAJAB', 'ML', '', '750.00', '0.00', '0.00', '0.00', '0.00', '0.00', '0.00', '113.05', '113.05', '0.00', '0.00', '0.00', '', '', 1, '0.00', '0.00', '0.00', '0.00'),
('VODC', 'DANZKA CITRON VODKA', 'BAJAB', 'ML', '', '750.00', '0.00', '0.00', '0.00', '0.00', '0.00', '0.00', '126.09', '126.09', '0.00', '0.00', '0.00', '', '', 1, '0.00', '0.00', '0.00', '0.00'),
('VOER', 'ERISTOFF', 'VODKA', 'ML', '', '700.00', '0.00', '0.00', '0.00', '0.00', '0.00', '0.00', '67.83', '67.83', '0.00', '0.00', '0.00', '', '', 1, '0.00', '0.00', '0.00', '0.00'),
('VOFC', 'FINLANDIA CRANBERRY', 'BAJAB', 'ML', '', '750.00', '0.00', '0.00', '0.00', '0.00', '0.00', '0.00', '1.00', '1.00', '0.00', '0.00', '0.00', '', '', 1, '0.00', '0.00', '0.00', '0.00'),
('VOFI', 'FINLANDIA', 'BAJAB', 'ML', '', '750.00', '0.00', '0.00', '0.00', '0.00', '0.00', '0.00', '206.22', '206.22', '16.00', '0.00', '0.00', '', '', 1, '0.00', '0.00', '0.00', '0.00'),
('VOFL', 'FINLANDIA LIMON', 'BAJAB', 'ML', '', '750.00', '0.00', '0.00', '0.00', '0.00', '0.00', '0.00', '1.00', '1.00', '0.00', '0.00', '0.00', '', '', 1, '0.00', '0.00', '0.00', '0.00'),
('VOFM', 'FINLANDIA MANGO', 'BAJAB', 'ML', '', '750.00', '0.00', '0.00', '0.00', '0.00', '0.00', '0.00', '1.00', '1.00', '0.00', '0.00', '0.00', '', '', 1, '0.00', '0.00', '0.00', '0.00'),
('VOGC', 'GREY GOOSE CITRON', 'BAJAB', 'ML', '', '750.00', '0.00', '0.00', '0.00', '0.00', '0.00', '0.00', '1.00', '1.00', '0.00', '0.00', '0.00', '', '', 1, '0.00', '0.00', '0.00', '0.00'),
('VOGL', 'GREY GOOSE LA POIRE', 'BAJAB', 'ML', '', '750.00', '0.00', '0.00', '0.00', '0.00', '0.00', '0.00', '1.00', '1.00', '0.00', '0.00', '0.00', '', '', 1, '0.00', '0.00', '0.00', '0.00'),
('VOGO', 'GOTLAND', 'VODKA', 'ML', '', '750.00', '0.00', '0.00', '0.00', '0.00', '0.00', '0.00', '139.22', '139.22', '16.00', '0.00', '0.00', '', '', 1, '0.00', '0.00', '0.00', '0.00'),
('VOGR', 'GREY GOOSE VODKA', 'VODKA', 'ML', '', '700.00', '0.00', '-0.69', '0.00', '0.00', '0.00', '0.00', '422.41', '422.41', '16.00', '0.00', '0.00', '', '', 1, '0.00', '0.00', '0.00', '0.00'),
('VOKE', 'KETEL ONE', 'BAJAB', 'ML', '', '750.00', '0.00', '0.00', '0.00', '0.00', '0.00', '0.00', '250.00', '250.00', '16.00', '0.00', '0.00', '', '', 1, '0.00', '0.00', '0.00', '0.00'),
('VOMA', 'ABSOLUT MANGO', 'VODKA', 'ML', '', '750.00', '0.00', '0.00', '0.00', '0.00', '0.00', '0.00', '184.98', '184.98', '16.00', '0.00', '0.00', '', '', 1, '0.00', '0.00', '0.00', '0.00'),
('VOPU', 'PUR VODKA ULTRA PRMIUM', 'BAJAB', 'ML', '', '750.00', '0.00', '0.00', '0.00', '0.00', '0.00', '0.00', '1.00', '1.00', '16.00', '0.00', '0.00', '', '', 1, '0.00', '0.00', '0.00', '0.00'),
('VORR', 'ABSOLUT RUBY RED', 'BAJAB', 'ML', '', '750.00', '0.00', '0.00', '0.00', '0.00', '0.00', '0.00', '156.52', '156.52', '0.00', '0.00', '0.00', '', '', 1, '0.00', '0.00', '0.00', '0.00'),
('VOSE', 'STOLICHNAYA ELITE', 'BAJAB', 'ML', '', '750.00', '0.00', '0.00', '0.00', '0.00', '0.00', '0.00', '738.74', '738.74', '16.00', '0.00', '0.00', '', '', 1, '0.00', '0.00', '0.00', '0.00'),
('VOSK', 'SKYY', 'VODKA', 'ML', '', '750.00', '0.00', '0.00', '0.00', '0.00', '0.00', '0.00', '125.17', '125.17', '16.00', '0.00', '0.00', '', '', 1, '0.00', '0.00', '0.00', '0.00'),
('VOSM', 'SMIRNOF', 'VODKA', 'ML', '', '1000.00', '0.00', '-1.32', '0.00', '0.00', '0.00', '0.00', '115.52', '115.52', '16.00', '0.00', '0.00', '', '', 1, '0.00', '0.00', '0.00', '0.00'),
('VOSO', 'SMIRNOFF TAMARINDO', 'VODKA', 'ML', '', '750.00', '0.00', '2.00', '0.00', '0.00', '0.00', '0.00', '116.38', '116.38', '16.00', '0.00', '0.00', '', '', 1, '0.00', '0.00', '0.00', '0.00'),
('VOST', 'STOLICHNAYA NATURAL', 'VODKA', 'ML', '', '750.00', '0.00', '-1.80', '0.00', '0.00', '0.00', '0.00', '206.88', '206.88', '16.00', '0.00', '0.00', '', '', 1, '0.00', '0.00', '0.00', '0.00'),
('VOSZ', 'SMIRNOFF MANZANA ELEC', 'BAJAB', 'ML', '', '750.00', '0.00', '-2.40', '0.00', '0.00', '0.00', '0.00', '115.00', '115.00', '16.00', '0.00', '0.00', '', '', 1, '0.00', '0.00', '0.00', '0.00'),
('VOTH', 'THREE OLIVES', 'BAJAB', 'NM', '', '750.00', '0.00', '0.00', '0.00', '0.00', '0.00', '0.00', '256.50', '256.50', '16.00', '0.00', '0.00', '', '', 1, '0.00', '0.00', '0.00', '0.00'),
('VOWY', 'WYBOROWA NATURAL', 'VODKA', 'ML', '', '750.00', '0.00', '-1.02', '0.00', '0.00', '0.00', '0.00', '103.25', '103.25', '16.00', '0.00', '0.00', '', '', 1, '0.00', '0.00', '0.00', '0.00'),
('VTC3', 'CASA MADERO 3V', 'BAJAB', 'ML', '', '750.00', '0.00', '2.00', '0.00', '0.00', '0.00', '0.00', '283.61', '283.61', '16.00', '0.00', '0.00', '', '', 1, '0.00', '0.00', '0.00', '0.00'),
('VTC4', 'CALIFORNIA TTO 4 LTS', 'VINOS', 'ML', '', '4000.00', '0.00', '0.00', '0.00', '0.00', '0.00', '0.00', '159.48', '159.48', '16.00', '0.00', '0.00', '', '', 1, '0.00', '0.00', '0.00', '0.00'),
('VTCB', 'CRUZ BLANCA TINTO  4 LTS.', 'BAJAB', 'ML', '', '4000.00', '0.00', '0.00', '0.00', '0.00', '0.00', '0.00', '17.94', '17.94', '0.00', '0.00', '0.00', '', '', 1, '0.00', '0.00', '0.00', '0.00'),
('VTCD', 'CASILLERO DEL DIABLO', 'BAJAB', 'ML', '', '750.00', '0.00', '0.00', '0.00', '0.00', '0.00', '0.00', '83.48', '83.48', '0.00', '0.00', '0.00', '', '', 1, '0.00', '0.00', '0.00', '0.00'),
('VTCS', 'CABERNET SAVIGNON', 'BAJAB', 'ML', '', '750.00', '0.00', '0.00', '0.00', '0.00', '0.00', '0.00', '0.00', '0.00', '0.00', '0.00', '0.00', '', '', 1, '0.00', '0.00', '0.00', '0.00'),
('VTCT', 'CASILLEROS DE TIEBAS', 'BAJAB', 'ML', '', '750.00', '0.00', '0.00', '0.00', '0.00', '0.00', '0.00', '25.00', '25.00', '0.00', '0.00', '0.00', '', '', 1, '0.00', '0.00', '0.00', '0.00'),
('VTEV', 'ELENA VERNUS BLEND', 'BAJAB', 'ML', '', '750.00', '0.00', '0.00', '0.00', '0.00', '0.00', '0.00', '1.00', '1.00', '0.00', '0.00', '0.00', '', '', 1, '0.00', '0.00', '0.00', '0.00'),
('VTFC', 'FINCA LA CELIA', 'BAJAB', 'ML', '', '750.00', '0.00', '0.00', '0.00', '0.00', '0.00', '0.00', '272.06', '272.06', '0.00', '0.00', '0.00', '', '', 1, '0.00', '0.00', '0.00', '0.00'),
('VTFM', 'GRAFFIGNA MALBEC G.R', 'BAJAB', 'ML', '', '750.00', '0.00', '0.00', '0.00', '0.00', '0.00', '0.00', '284.48', '284.48', '0.00', '0.00', '0.00', '', '', 1, '0.00', '0.00', '0.00', '0.00'),
('VTG4', 'XA DOMEC SAB SAU 375 M', 'BAJAB', 'ML', '', '375.00', '0.00', '0.00', '0.00', '0.00', '0.00', '0.00', '30.43', '30.43', '0.00', '0.00', '0.00', '', '', 1, '0.00', '0.00', '0.00', '0.00'),
('VTGC', 'CASA GDE CABERNET', 'BAJAB', 'ML', '', '750.00', '0.00', '0.00', '0.00', '0.00', '0.00', '0.00', '468.65', '468.65', '16.00', '0.00', '0.00', '', '', 1, '0.00', '0.00', '0.00', '0.00'),
('VTGN', 'LA CETTO CAB SAU 750 ML.', 'BAJAB', 'ML', '', '750.00', '0.00', '0.00', '0.00', '0.00', '0.00', '0.00', '65.22', '65.22', '0.00', '0.00', '0.00', '', '', 1, '0.00', '0.00', '0.00', '0.00'),
('VTGR', 'GRAQFFINGA PINOT GRIGO', 'BAJAB', 'ML', '', '750.00', '0.00', '0.00', '0.00', '0.00', '0.00', '0.00', '161.17', '161.17', '0.00', '0.00', '0.00', '', '', 1, '0.00', '0.00', '0.00', '0.00'),
('VTGS', 'GRAFFIGNA C.S.CENTENARIO', 'BAJAB', 'ML', '', '750.00', '0.00', '0.00', '0.00', '0.00', '0.00', '0.00', '162.87', '162.87', '0.00', '0.00', '0.00', '', '', 1, '0.00', '0.00', '0.00', '0.00'),
('VTGT', 'GRAFIN SANTIAGO', 'BAJAB', 'ML', '', '750.00', '0.00', '0.00', '0.00', '0.00', '0.00', '0.00', '175.26', '175.26', '0.00', '0.00', '0.00', '', '', 1, '0.00', '0.00', '0.00', '0.00'),
('VTMC', 'MARQUES CACERES TTO', 'BAJAB', 'ML', '', '750.00', '0.00', '0.00', '0.00', '0.00', '0.00', '0.00', '138.29', '138.29', '0.00', '0.00', '0.00', '', '', 1, '0.00', '0.00', '0.00', '0.00'),
('VTMP', 'MARQUES PLUMA COSECHA', 'BAJAB', 'ML', '', '750.00', '0.00', '0.00', '0.00', '0.00', '0.00', '0.00', '231.00', '231.00', '16.00', '0.00', '0.00', '', '', 1, '0.00', '0.00', '0.00', '0.00'),
('VTMT', 'MARIA TINTO', 'BAJAB', 'ML', '', '750.00', '0.00', '0.00', '0.00', '0.00', '0.00', '0.00', '494.66', '494.66', '16.00', '0.00', '0.00', '', '', 1, '0.00', '0.00', '0.00', '0.00'),
('VTRM', 'RESERVA MAGNA', 'BAJAB', 'ML', '', '750.00', '0.00', '0.00', '0.00', '0.00', '0.00', '0.00', '1.00', '1.00', '0.00', '0.00', '0.00', '', '', 1, '0.00', '0.00', '0.00', '0.00'),
('VTRR', 'RESERVA REAL DOMECQ', 'BAJAB', 'ML', '', '750.00', '0.00', '0.00', '0.00', '0.00', '0.00', '0.00', '148.45', '148.45', '0.00', '0.00', '0.00', '', '', 1, '0.00', '0.00', '0.00', '0.00'),
('VTSA', 'SUAVE GAUDINA', 'BAJAB', 'ML', '', '750.00', '0.00', '0.00', '0.00', '0.00', '0.00', '0.00', '225.00', '225.00', '0.00', '0.00', '0.00', '', '', 1, '0.00', '0.00', '0.00', '0.00'),
('VTSG', 'CASA GDE SHIRAZ', 'BAJAB', 'ML', '', '750.00', '0.00', '0.00', '0.00', '0.00', '0.00', '0.00', '490.52', '490.52', '16.00', '0.00', '0.00', '', '', 1, '0.00', '0.00', '0.00', '0.00'),
('VTSH', 'SANTA HELENA R.C.', 'BAJAB', 'ML', '', '750.00', '0.00', '0.00', '0.00', '0.00', '0.00', '0.00', '145.04', '145.04', '0.00', '0.00', '0.00', '', '', 1, '0.00', '0.00', '0.00', '0.00'),
('VTSV', 'SANTA HELENA VARIETAL', 'BAJAB', 'ML', '', '750.00', '0.00', '0.00', '0.00', '0.00', '0.00', '0.00', '92.79', '92.79', '0.00', '0.00', '0.00', '', '', 1, '0.00', '0.00', '0.00', '0.00'),
('VTTA', 'TERRAZAS ANDES MALBEC', 'BAJAB', 'ML', '', '750.00', '0.00', '0.00', '0.00', '0.00', '0.00', '0.00', '265.41', '265.41', '0.00', '0.00', '0.00', '', '', 1, '0.00', '0.00', '0.00', '0.00'),
('VTVF', 'VI¥A FLORA', 'BAJAB', 'ML', '', '750.00', '0.00', '0.00', '0.00', '0.00', '0.00', '0.00', '197.00', '197.00', '16.00', '0.00', '0.00', '', '', 1, '0.00', '0.00', '0.00', '0.00'),
('WHB8', 'BUCHANANS 18 A¥OS', 'WHISK', 'ML', '', '750.00', '0.00', '0.40', '0.00', '0.00', '0.00', '0.00', '1017.23', '1017.23', '16.00', '0.00', '0.00', '', '', 1, '0.00', '0.00', '0.00', '0.00'),
('WHBA', 'BALLANTINES 12 A¥OS 750 M', 'BAJAB', 'ML', '', '750.00', '0.00', '0.00', '0.00', '0.00', '0.00', '0.00', '389.11', '389.11', '16.00', '0.00', '0.00', '', '', 1, '0.00', '0.00', '0.00', '0.00'),
('WHBB', 'BLACK BUSH', 'WHISK', 'ML', '', '750.00', '0.00', '-0.04', '0.00', '0.00', '0.00', '0.00', '464.35', '464.35', '16.00', '0.00', '0.00', '', '', 1, '0.00', '0.00', '0.00', '0.00'),
('WHBF', 'BALLANTINE FINE', 'WHISK', 'ML', '', '750.00', '0.00', '0.00', '0.00', '0.00', '0.00', '0.00', '175.86', '175.86', '16.00', '0.00', '0.00', '', '', 1, '0.00', '0.00', '0.00', '0.00'),
('WHBL', 'BULLEIT', 'WHISK', 'ML', '', '750.00', '0.00', '0.00', '0.00', '0.00', '0.00', '0.00', '305.25', '305.25', '16.00', '0.00', '0.00', '', '', 1, '0.00', '0.00', '0.00', '0.00'),
('WHBM', 'BUCHANANS MASTER', 'WHISK', 'ML', '', '750.00', '0.00', '-3.84', '0.00', '0.00', '0.00', '0.00', '521.54', '521.54', '16.00', '0.00', '0.00', '', '', 1, '0.00', '0.00', '0.00', '0.00'),
('WHBR', 'BUCHANANS RED SEAL', 'BAJAB', 'ML', '', '750.00', '0.00', '0.00', '0.00', '0.00', '0.00', '0.00', '2284.48', '2284.48', '16.00', '0.00', '0.00', '', '', 1, '0.00', '0.00', '0.00', '0.00'),
('WHBS', 'BUSHMILLS BLACK BUSH', 'WHISK', 'ML', '', '750.00', '0.00', '0.00', '0.00', '0.00', '0.00', '0.00', '1.00', '1.00', '0.00', '0.00', '0.00', '', '', 1, '0.00', '0.00', '0.00', '0.00'),
('WHBU', 'BUCHANANS 12 A¥OS', 'WHISK', 'ML', '', '750.00', '0.00', '-3.72', '0.00', '0.00', '0.00', '0.00', '430.17', '430.17', '16.00', '0.00', '0.00', '', '', 1, '0.00', '0.00', '0.00', '0.00'),
('WHBW', 'BLACK & WHITE', 'WHISK', 'ML', '', '700.00', '0.00', '-2.97', '0.00', '0.00', '0.00', '0.00', '111.20', '111.20', '16.00', '0.00', '0.00', '', '', 1, '0.00', '0.00', '0.00', '0.00'),
('WHC1', 'CHIVAS REGAL 21', 'BAJAB', 'ML', '', '750.00', '0.00', '0.00', '0.00', '0.00', '0.00', '0.00', '2309.47', '2309.47', '16.00', '0.00', '0.00', '', '', 1, '0.00', '0.00', '0.00', '0.00'),
('WHC5', 'CHIVAS REGAL EXTRA', 'WHISK', 'ML', '', '750.00', '0.00', '0.00', '0.00', '0.00', '0.00', '0.00', '1.00', '1.00', '0.00', '0.00', '0.00', '', '', 1, '0.00', '0.00', '0.00', '0.00'),
('WHC8', 'CHIVAS REGAL 18 AÑOS', 'WHISK', 'ML', '', '750.00', '0.00', '0.00', '0.00', '0.00', '0.00', '0.00', '1159.47', '1159.48', '16.00', '0.00', '0.00', '', '', 1, '0.00', '0.00', '0.00', '0.00'),
('WHCA', 'CARDHU SINGLE MALT', 'BAJAB', 'ML', '', '750.00', '0.00', '0.00', '0.00', '0.00', '0.00', '0.00', '538.79', '538.79', '16.00', '0.00', '0.00', '', '', 1, '0.00', '0.00', '0.00', '0.00'),
('WHCL', 'CHIVAS MAGUM 1.5', 'BAJAB', 'ML', '', '1500.00', '0.00', '0.00', '0.00', '0.00', '0.00', '0.00', '1.00', '1.00', '0.00', '0.00', '0.00', '', '', 1, '0.00', '0.00', '0.00', '0.00'),
('WHCM', 'CANADIAN MIST', 'BAJAB', 'ML', '', '750.00', '0.00', '0.00', '0.00', '0.00', '0.00', '0.00', '150.62', '150.62', '16.00', '0.00', '0.00', '', '', 1, '0.00', '0.00', '0.00', '0.00'),
('WHCR', 'CHIVAS REGAL 12 A¥OS', 'WHISK', 'ML', '', '750.00', '0.00', '0.76', '0.00', '0.00', '0.00', '0.00', '387.91', '387.91', '16.00', '0.00', '0.00', '', '', 1, '0.00', '0.00', '0.00', '0.00'),
('WHCV', 'COUVOISIER VS', 'COGNA', 'ML', '', '750.00', '0.00', '0.00', '0.00', '0.00', '0.00', '0.00', '1.00', '1.00', '0.00', '0.00', '0.00', '', '', 1, '0.00', '0.00', '0.00', '0.00'),
('WHD2', 'DALMORE 12', 'WHISK', 'ML', '', '700.00', '0.00', '0.00', '0.00', '0.00', '0.00', '0.00', '922.97', '922.97', '16.00', '0.00', '0.00', '', '', 1, '0.00', '0.00', '0.00', '0.00'),
('WHD5', 'DALMORE 15', 'BAJAB', 'ML', '', '700.00', '0.00', '0.00', '0.00', '0.00', '0.00', '0.00', '1658.41', '1658.41', '0.00', '0.00', '0.00', '', '', 1, '0.00', '0.00', '0.00', '0.00'),
('WHD8', 'DEWARS 15 AÑOS', 'WHISK', 'ML', '', '750.00', '0.00', '0.00', '0.00', '0.00', '0.00', '0.00', '3105.81', '3105.81', '0.00', '0.00', '0.00', '', '', 1, '0.00', '0.00', '0.00', '0.00'),
('WHDE', 'DEWARS 12 A¥OS', 'WHISK', 'ML', '', '750.00', '0.00', '0.00', '0.00', '0.00', '0.00', '0.00', '260.00', '260.00', '0.00', '0.00', '0.00', '', '', 1, '0.00', '0.00', '0.00', '0.00'),
('WHDW', 'DEWARS 18 A¥OS', 'WHISK', 'ML', '', '750.00', '0.00', '0.00', '0.00', '0.00', '0.00', '0.00', '144.35', '144.35', '0.00', '0.00', '0.00', '', '', 1, '0.00', '0.00', '0.00', '0.00'),
('WHEN', 'JW NEGRA', 'WHISK', 'ML', '', '750.00', '0.00', '-0.48', '0.00', '0.00', '0.00', '0.00', '452.57', '452.57', '16.00', '0.00', '0.00', '', '', 1, '0.00', '0.00', '0.00', '0.00'),
('WHER', 'JW ROJA', 'WHISK', 'ML', '', '700.00', '0.00', '-8.53', '0.00', '0.00', '0.00', '0.00', '171.54', '171.54', '16.00', '0.00', '0.00', '', '', 1, '0.00', '0.00', '0.00', '0.00'),
('WHET', 'EARLY TIMES', 'BAJAB', 'ML', '', '750.00', '0.00', '0.00', '0.00', '0.00', '0.00', '0.00', '123.56', '123.56', '16.00', '0.00', '0.00', '', '', 1, '0.00', '0.00', '0.00', '0.00'),
('WHG1', 'GLENFIDICH 15', 'BAJAB', 'ML', '', '750.00', '0.00', '0.00', '0.00', '0.00', '0.00', '0.00', '918.10', '918.10', '16.00', '0.00', '0.00', '', '', 1, '0.00', '0.00', '0.00', '0.00'),
('WHG5', 'GLENLIVET 15', 'BAJAB', 'ML', '', '750.00', '0.00', '0.00', '0.00', '0.00', '0.00', '0.00', '1.00', '1.00', '0.00', '0.00', '0.00', '', '', 1, '0.00', '0.00', '0.00', '0.00'),
('WHG8', 'GLENFIDDICH FOUNDERS RES', 'WHISK', 'ML', '', '750.00', '0.00', '0.00', '0.00', '0.00', '0.00', '0.00', '1482.76', '1482.76', '16.00', '0.00', '0.00', '', '', 1, '0.00', '0.00', '0.00', '0.00'),
('WHGE', 'GLENFIDDISH 12', 'WHISK', 'ML', '', '750.00', '0.00', '-0.08', '0.00', '0.00', '0.00', '0.00', '549.98', '549.98', '16.00', '0.00', '0.00', '', '', 1, '0.00', '0.00', '0.00', '0.00'),
('WHGG', 'GLEN GRANT', 'WHISK', 'ML', '', '750.00', '0.00', '-0.28', '0.00', '0.00', '0.00', '0.00', '228.45', '228.45', '16.00', '0.00', '0.00', '', '', 1, '0.00', '0.00', '0.00', '0.00'),
('WHGL', 'GLENLIVET 12', 'BAJAB', 'ML', '', '750.00', '0.00', '0.00', '0.00', '0.00', '0.00', '0.00', '634.00', '634.00', '0.00', '0.00', '0.00', '', '', 1, '0.00', '0.00', '0.00', '0.00'),
('WHGM', 'GLENMORANGIE ORIGINAL', 'WHISK', 'ML', '', '750.00', '0.00', '0.00', '0.00', '0.00', '0.00', '0.00', '692.84', '692.84', '16.00', '0.00', '0.00', '', '', 1, '0.00', '0.00', '0.00', '0.00'),
('WHGN', 'GENTLEMAN JACK', 'BAJAB', 'ML', '', '750.00', '0.00', '0.00', '0.00', '0.00', '0.00', '0.00', '495.69', '495.69', '16.00', '0.00', '0.00', '', '', 1, '0.00', '0.00', '0.00', '0.00'),
('WHJ#', 'JIM BEAM', 'WHISK', 'ML', '', '750.00', '0.00', '0.00', '0.00', '0.00', '0.00', '0.00', '1052.59', '1052.59', '0.00', '0.00', '0.00', '', '', 1, '0.00', '0.00', '0.00', '0.00'),
('WHJ1', 'JURA ORIGIN 10', 'BAJAB', 'ML', '', '700.00', '0.00', '-3.00', '0.00', '0.00', '0.00', '0.00', '724.21', '724.21', '0.00', '0.00', '0.00', '', '', 1, '0.00', '0.00', '0.00', '0.00'),
('WHJ6', 'SINGLETON 12', 'WHISK', 'ML', '', '700.00', '0.00', '0.00', '0.00', '0.00', '0.00', '0.00', '1127.58', '1127.58', '0.00', '0.00', '0.00', '', '', 1, '0.00', '0.00', '0.00', '0.00'),
('WHJA', 'JAMESON', 'WHISK', 'ML', '', '750.00', '0.00', '-0.36', '0.00', '0.00', '0.00', '0.00', '265.52', '265.52', '16.00', '0.00', '0.00', '', '', 1, '0.00', '0.00', '0.00', '0.00'),
('WHJB', 'J & B', 'BAJAB', 'ML', '', '750.00', '0.00', '0.00', '0.00', '0.00', '0.00', '0.00', '168.97', '168.97', '16.00', '0.00', '0.00', '', '', 1, '0.00', '0.00', '0.00', '0.00'),
('WHJD', 'JACK DANIELS', 'WHISK', 'ML', '', '700.00', '0.00', '-0.61', '0.00', '0.00', '0.00', '0.00', '288.78', '288.78', '16.00', '0.00', '0.00', '', '', 1, '0.00', '0.00', '0.00', '0.00'),
('WHJH', 'JACK DANIELS HONEY', 'WHISK', 'ML', '', '700.00', '0.00', '-1.57', '0.00', '0.00', '0.00', '0.00', '288.78', '288.78', '16.00', '0.00', '0.00', '', '', 1, '0.00', '0.00', '0.00', '0.00'),
('WHJK', 'JW DOUBLE BLACK', 'WHISK', 'ML', '', '750.00', '0.00', '0.16', '0.00', '0.00', '0.00', '0.00', '560.34', '560.34', '16.00', '0.00', '0.00', '', '', 1, '0.00', '0.00', '0.00', '0.00'),
('WHJO', 'JW DORADA', 'WHISK', 'ML', '', '750.00', '0.00', '0.00', '0.00', '0.00', '0.00', '0.00', '745.69', '745.69', '16.00', '0.00', '0.00', '', '', 1, '0.00', '0.00', '0.00', '0.00'),
('WHJP', 'JURA PROPHECY SINGLE MALT', 'BAJAB', 'ML', '', '700.00', '0.00', '0.00', '0.00', '0.00', '0.00', '0.00', '1405.60', '1405.60', '0.00', '0.00', '0.00', '', '', 1, '0.00', '0.00', '0.00', '0.00'),
('WHJR', 'JAMESON SP RESERVA', 'WHISK', 'ML', '', '750.00', '0.00', '0.00', '0.00', '0.00', '0.00', '0.00', '1.00', '1.00', '0.00', '0.00', '0.00', '', '', 1, '0.00', '0.00', '0.00', '0.00'),
('WHJS', 'JACK DANIELS SINGLE BARRE', 'BAJAB', 'ML', '', '700.00', '0.00', '0.00', '0.00', '0.00', '0.00', '0.00', '861.21', '861.21', '16.00', '0.00', '0.00', '', '', 1, '0.00', '0.00', '0.00', '0.00'),
('WHJU', 'JURA SUPERSTITION', 'BAJAB', 'ML', '', '700.00', '0.00', '0.00', '0.00', '0.00', '0.00', '0.00', '898.35', '898.35', '16.00', '0.00', '0.00', '', '', 1, '0.00', '0.00', '0.00', '0.00'),
('WHJV', 'JW VERDE', 'WHISK', 'ML', '', '750.00', '0.00', '-0.12', '0.00', '0.00', '0.00', '0.00', '706.89', '706.89', '16.00', '0.00', '0.00', '', '', 1, '0.00', '0.00', '0.00', '0.00'),
('WHJZ', 'JW AZUL', 'BAJAB', 'ML', '', '750.00', '0.00', '0.00', '0.00', '0.00', '0.00', '0.00', '3017.23', '3017.23', '16.00', '0.00', '0.00', '', '', 1, '0.00', '0.00', '0.00', '0.00'),
('WHM5', 'MACALLAN 15', 'BAJAB', 'ML', '', '700.00', '0.00', '0.00', '0.00', '0.00', '0.00', '0.00', '1.00', '1.00', '16.00', '0.00', '0.00', '', '', 1, '0.00', '0.00', '0.00', '0.00'),
('WHM8', 'MACALLAN 18 A¥OS', 'BAJAB', 'ML', '', '750.00', '0.00', '0.00', '0.00', '0.00', '0.00', '0.00', '1.00', '1.00', '0.00', '0.00', '0.00', '', '', 1, '0.00', '0.00', '0.00', '0.00'),
('WHMA', 'MACALLAN AMBER', 'WHISK', 'ML', '', '700.00', '0.00', '0.00', '0.00', '0.00', '0.00', '0.00', '1.00', '1.00', '16.00', '0.00', '0.00', '', '', 1, '0.00', '0.00', '0.00', '0.00'),
('WHMC', 'MACALLAN 12 A¥OS', 'WHISK', 'ML', '', '700.00', '0.00', '-3.95', '0.00', '0.00', '0.00', '0.00', '853.45', '853.45', '16.00', '0.00', '0.00', '', '', 1, '0.00', '0.00', '0.00', '0.00'),
('WHMK', 'MACALLAN RARE CASK', 'BAJAB', 'ML', '', '700.00', '0.00', '0.00', '0.00', '0.00', '0.00', '0.00', '1.00', '1.00', '16.00', '0.00', '0.00', '', '', 1, '0.00', '0.00', '0.00', '0.00'),
('WHMR', 'MACALLAN RUBY', 'BAJAB', 'ML', '', '750.00', '0.00', '0.00', '0.00', '0.00', '0.00', '0.00', '4344.83', '4344.83', '16.00', '0.00', '0.00', '', '', 1, '0.00', '0.00', '0.00', '0.00'),
('WHMX', 'MARKER MARK BOURBON', 'WHISK', 'ML', '', '750.00', '0.00', '-0.48', '0.00', '0.00', '0.00', '0.00', '1800.00', '1800.00', '0.00', '0.00', '0.00', '', '', 1, '0.00', '0.00', '0.00', '0.00'),
('WHNO', 'NOMAD', 'BAJAB', 'ML', '', '700.00', '0.00', '0.00', '0.00', '0.00', '0.00', '0.00', '1.00', '1.00', '16.00', '0.00', '0.00', '', '', 1, '0.00', '0.00', '0.00', '0.00'),
('WHOM', 'OLD PARR SMUGGLER', 'BAJAB', 'ML', '', '750.00', '0.00', '0.00', '0.00', '0.00', '0.00', '0.00', '88.79', '88.79', '16.00', '0.00', '0.00', '', '', 1, '0.00', '0.00', '0.00', '0.00'),
('WHOP', 'OLD PARR', 'WHISK', 'ML', '', '700.00', '0.00', '1.89', '0.00', '0.00', '0.00', '0.00', '387.93', '387.93', '16.00', '0.00', '0.00', '', '', 1, '0.00', '0.00', '0.00', '0.00'),
('WHOS', 'OLD PARR SILVER', 'BAJAB', 'ML', '', '750.00', '0.00', '-1.80', '0.00', '0.00', '0.00', '0.00', '331.90', '331.90', '16.00', '0.00', '0.00', '', '', 1, '0.00', '0.00', '0.00', '0.00'),
('WHPA', 'PASSPORT', 'WHISK', 'ML', '', '700.00', '0.00', '0.00', '0.00', '0.00', '0.00', '0.00', '117.24', '117.24', '16.00', '0.00', '0.00', '', '', 1, '0.00', '0.00', '0.00', '0.00'),
('WHSI', 'SINGLETON 12', 'WHISK', 'ML', '', '700.00', '0.00', '0.00', '0.00', '0.00', '0.00', '0.00', '215.52', '215.52', '16.00', '0.00', '0.00', '', '', 1, '0.00', '0.00', '0.00', '0.00'),
('WHWO', 'WOODFORD', 'BAJAB', 'ML', '', '750.00', '0.00', '0.00', '0.00', '0.00', '0.00', '0.00', '1.00', '1.00', '0.00', '0.00', '0.00', '', '', 1, '0.00', '0.00', '0.00', '0.00');

-- --------------------------------------------------------

--
-- Estructura de tabla para la tabla `usuario`
--

CREATE TABLE `usuario` (
  `id_user` int(10) NOT NULL,
  `username` varchar(30) COLLATE utf8_bin NOT NULL,
  `password` varchar(25) COLLATE utf8_bin NOT NULL,
  `cargo` varchar(30) COLLATE utf8_bin NOT NULL,
  `nombre` varchar(30) COLLATE utf8_bin NOT NULL,
  `email` varchar(50) COLLATE utf8_bin NOT NULL
) ENGINE=InnoDB DEFAULT CHARSET=utf8 COLLATE=utf8_bin;

--
-- Volcado de datos para la tabla `usuario`
--

INSERT INTO `usuario` (`id_user`, `username`, `password`, `cargo`, `nombre`, `email`) VALUES
(1, 'ivan', '12345', 'administrador', 'ivan colula', 'ivan_f789@hotmail.com'),
(2, 'paola', '12345', 'gerente1', 'paola paez', 'paola@gmail.com'),
(3, 'memo', '12345', 'cocina', 'julio', 'julio@gmail.com'),
(4, 'raul', '12345', 'barra', 'raul', 'raul@gmail.com'),
(5, 'Luis', '12345', 'barra', 'Luis sanchez', 'luis@gmail.com'),
(6, 'cocina', '12345', 'cocina', 'cocina', 'cocina@gmail.com'),
(8, 'raul', '12345', 'barra', 'raul rulo', 'raul@gmail.com'),
(9, 'jorge', 'jorge', 'no', 'jorgito', 'sada@dfs'),
(10, 'jose', '12345', 'cocina', 'Jose sanchez modificado', 'jose@gmail.com'),
(11, 'luis', '12345', 'cocina', 'luis lopez', 'luis@gmail.com'),
(12, '12345', '12345', 'barra', '12345', '');

--
-- Índices para tablas volcadas
--

--
-- Indices de la tabla `actualiza`
--
ALTER TABLE `actualiza`
  ADD PRIMARY KEY (`id_actualiza`),
  ADD UNIQUE KEY `id_actualiza` (`id_actualiza`);

--
-- Indices de la tabla `familia`
--
ALTER TABLE `familia`
  ADD PRIMARY KEY (`cod_familia`),
  ADD UNIQUE KEY `cod_familia` (`cod_familia`);

--
-- Indices de la tabla `inventario`
--
ALTER TABLE `inventario`
  ADD PRIMARY KEY (`id_invetario`);

--
-- Indices de la tabla `pedidos`
--
ALTER TABLE `pedidos`
  ADD PRIMARY KEY (`id_pedido`),
  ADD UNIQUE KEY `id_pedido` (`id_pedido`);

--
-- Indices de la tabla `pedido_producto`
--
ALTER TABLE `pedido_producto`
  ADD KEY `id_pedido` (`id_pedido`),
  ADD KEY `id_prod` (`codingre`);

--
-- Indices de la tabla `productos`
--
ALTER TABLE `productos`
  ADD PRIMARY KEY (`codingre`),
  ADD UNIQUE KEY `codingre` (`codingre`);

--
-- Indices de la tabla `usuario`
--
ALTER TABLE `usuario`
  ADD PRIMARY KEY (`id_user`),
  ADD UNIQUE KEY `user_id` (`id_user`);

--
-- AUTO_INCREMENT de las tablas volcadas
--

--
-- AUTO_INCREMENT de la tabla `actualiza`
--
ALTER TABLE `actualiza`
  MODIFY `id_actualiza` int(11) NOT NULL AUTO_INCREMENT, AUTO_INCREMENT=61;

--
-- AUTO_INCREMENT de la tabla `inventario`
--
ALTER TABLE `inventario`
  MODIFY `id_invetario` int(11) NOT NULL AUTO_INCREMENT;

--
-- AUTO_INCREMENT de la tabla `pedidos`
--
ALTER TABLE `pedidos`
  MODIFY `id_pedido` int(10) NOT NULL AUTO_INCREMENT, AUTO_INCREMENT=81;

--
-- AUTO_INCREMENT de la tabla `usuario`
--
ALTER TABLE `usuario`
  MODIFY `id_user` int(10) NOT NULL AUTO_INCREMENT, AUTO_INCREMENT=13;

--
-- Restricciones para tablas volcadas
--

--
-- Filtros para la tabla `pedido_producto`
--
ALTER TABLE `pedido_producto`
  ADD CONSTRAINT `pedido_producto_ibfk_2` FOREIGN KEY (`id_pedido`) REFERENCES `pedidos` (`id_pedido`);
COMMIT;

/*!40101 SET CHARACTER_SET_CLIENT=@OLD_CHARACTER_SET_CLIENT */;
/*!40101 SET CHARACTER_SET_RESULTS=@OLD_CHARACTER_SET_RESULTS */;
/*!40101 SET COLLATION_CONNECTION=@OLD_COLLATION_CONNECTION */;
