-- MySQL dump 10.16  Distrib 10.1.38-MariaDB, for Win32 (AMD64)
--
-- Host: localhost    Database: almacen
-- ------------------------------------------------------
-- Server version	10.1.38-MariaDB

/*!40101 SET @OLD_CHARACTER_SET_CLIENT=@@CHARACTER_SET_CLIENT */;
/*!40101 SET @OLD_CHARACTER_SET_RESULTS=@@CHARACTER_SET_RESULTS */;
/*!40101 SET @OLD_COLLATION_CONNECTION=@@COLLATION_CONNECTION */;
/*!40101 SET NAMES utf8 */;
/*!40103 SET @OLD_TIME_ZONE=@@TIME_ZONE */;
/*!40103 SET TIME_ZONE='+00:00' */;
/*!40014 SET @OLD_UNIQUE_CHECKS=@@UNIQUE_CHECKS, UNIQUE_CHECKS=0 */;
/*!40014 SET @OLD_FOREIGN_KEY_CHECKS=@@FOREIGN_KEY_CHECKS, FOREIGN_KEY_CHECKS=0 */;
/*!40101 SET @OLD_SQL_MODE=@@SQL_MODE, SQL_MODE='NO_AUTO_VALUE_ON_ZERO' */;
/*!40111 SET @OLD_SQL_NOTES=@@SQL_NOTES, SQL_NOTES=0 */;

--
-- Table structure for table `actualiza`
--

DROP TABLE IF EXISTS `actualiza`;
/*!40101 SET @saved_cs_client     = @@character_set_client */;
/*!40101 SET character_set_client = utf8 */;
CREATE TABLE `actualiza` (
  `id_actualiza` int(11) NOT NULL AUTO_INCREMENT,
  `nombre_archivo` varchar(15) COLLATE utf8_bin NOT NULL,
  `hora` time NOT NULL,
  `fecha` date NOT NULL,
  `peso` float NOT NULL,
  `estado` varchar(15) COLLATE utf8_bin DEFAULT NULL,
  PRIMARY KEY (`id_actualiza`),
  UNIQUE KEY `id_actualiza` (`id_actualiza`)
) ENGINE=InnoDB AUTO_INCREMENT=10 DEFAULT CHARSET=utf8 COLLATE=utf8_bin;
/*!40101 SET character_set_client = @saved_cs_client */;

--
-- Dumping data for table `actualiza`
--

LOCK TABLES `actualiza` WRITE;
/*!40000 ALTER TABLE `actualiza` DISABLE KEYS */;
INSERT INTO `actualiza` VALUES (9,'OCOMPRA.CSV','09:59:15','2019-04-22',53813,'Listo');
/*!40000 ALTER TABLE `actualiza` ENABLE KEYS */;
UNLOCK TABLES;

--
-- Table structure for table `familia`
--

DROP TABLE IF EXISTS `familia`;
/*!40101 SET @saved_cs_client     = @@character_set_client */;
/*!40101 SET character_set_client = utf8 */;
CREATE TABLE `familia` (
  `cod_familia` varchar(20) COLLATE utf8_bin NOT NULL,
  `descripcion` varchar(50) COLLATE utf8_bin NOT NULL,
  `area` varchar(15) COLLATE utf8_bin DEFAULT NULL,
  PRIMARY KEY (`cod_familia`),
  UNIQUE KEY `cod_familia` (`cod_familia`)
) ENGINE=InnoDB DEFAULT CHARSET=utf8 COLLATE=utf8_bin;
/*!40101 SET character_set_client = @saved_cs_client */;

--
-- Dumping data for table `familia`
--

LOCK TABLES `familia` WRITE;
/*!40000 ALTER TABLE `familia` DISABLE KEYS */;
INSERT INTO `familia` VALUES ('ABARR','Abarrote','cocina'),('BEBID','Bebida','barra'),('BRAND','Brandy','barra'),('CAFEE','Cafe','cocina'),('CARNE','Carne','cocina'),('CERVE','Cerveza','barra'),('CHAMP','champagne','barra'),('CIGAR','Cigarro','barra'),('COGNA','Cogna','barra'),('COMIS','COMIS','cocina'),('CONGE','Congelado','cocina'),('EMBUT','Embutido','cocina'),('ESPEC','ESPEC','cocina'),('FRUTA','Fruta','cocina'),('GINEB','Gineb','barra'),('HIELO','Hielo','barra'),('JEREZ','Jerez','barra'),('JUGOS','Jugos','barra'),('LACTE','Lacteo','cocina'),('LICOR','Licor','barra'),('MEZCA','Mezcal','barra'),('PAN Y','Pan','cocina'),('PESCA','Pescado','cocina'),('REFRE','Refresco','barra'),('RONNN','Ron','barra'),('SUBRE','SUBRE','cocina'),('TEQUI','Tequila','barra'),('VINOS','Vino','barra'),('VODKA','vodka','barra'),('WHISK','Whisky','barra');
/*!40000 ALTER TABLE `familia` ENABLE KEYS */;
UNLOCK TABLES;

--
-- Table structure for table `pedido_producto`
--

DROP TABLE IF EXISTS `pedido_producto`;
/*!40101 SET @saved_cs_client     = @@character_set_client */;
/*!40101 SET character_set_client = utf8 */;
CREATE TABLE `pedido_producto` (
  `id_pedido` int(10) NOT NULL,
  `codingre` varchar(10) COLLATE utf8_bin NOT NULL,
  `fecha_pedido` date NOT NULL,
  `hora_pedido` time NOT NULL,
  `num_prod` float NOT NULL,
  `estado_prod` varchar(20) COLLATE utf8_bin DEFAULT NULL,
  `observacion` varchar(150) COLLATE utf8_bin DEFAULT NULL,
  KEY `id_pedido` (`id_pedido`),
  KEY `id_prod` (`codingre`)
) ENGINE=InnoDB DEFAULT CHARSET=utf8 COLLATE=utf8_bin;
/*!40101 SET character_set_client = @saved_cs_client */;

--
-- Dumping data for table `pedido_producto`
--

LOCK TABLES `pedido_producto` WRITE;
/*!40000 ALTER TABLE `pedido_producto` DISABLE KEYS */;
INSERT INTO `pedido_producto` VALUES (1,'5','2019-04-22','10:09:55',3.01,'pedido',''),(1,'11','2019-04-22','10:09:55',4,'pedido',''),(1,'18','2019-04-22','10:09:55',3,'pedido',''),(1,'25','2019-04-22','10:09:55',1,'pedido',''),(1,'7','2019-04-22','10:09:55',1,'pedido',''),(1,'80','2019-04-22','10:09:55',0.5,'pedido',''),(1,'82','2019-04-22','10:09:55',4,'pedido',''),(1,'12','2019-04-22','10:09:55',0.56,'pedido',''),(1,'26','2019-04-22','10:09:55',15,'pedido',''),(1,'73','2019-04-22','10:09:55',3,'pedido',''),(1,'27','2019-04-22','10:09:55',1,'pedido',''),(1,'28','2019-04-22','10:09:55',11.05,'pedido',''),(1,'86','2019-04-22','10:09:55',1,'pedido',''),(1,'29','2019-04-22','10:09:55',1,'pedido',''),(1,'16','2019-04-22','10:09:55',1,'pedido',''),(1,'30','2019-04-22','10:09:55',3,'pedido',''),(1,'81','2019-04-22','10:09:55',2,'pedido',''),(1,'31','2019-04-22','10:09:55',0.75,'pedido',''),(1,'32','2019-04-22','10:09:55',0.2,'pedido',''),(1,'3','2019-04-22','10:09:55',1,'pedido',''),(1,'79','2019-04-22','10:09:55',3,'pedido',''),(1,'33','2019-04-22','10:09:55',1,'pedido',''),(1,'36','2019-04-22','10:09:55',5,'pedido',''),(1,'37','2019-04-22','10:09:55',1,'pedido',''),(1,'77','2019-04-22','10:09:55',1,'pedido',''),(1,'38','2019-04-22','10:09:55',4,'pedido',''),(1,'39','2019-04-22','10:09:55',5,'pedido',''),(1,'9','2019-04-22','10:09:55',1,'pedido',''),(1,'83','2019-04-22','10:09:55',1,'pedido',''),(1,'76','2019-04-22','10:09:55',4,'pedido',''),(1,'40','2019-04-22','10:09:55',1,'pedido',''),(1,'74','2019-04-22','10:09:55',15,'pedido',''),(1,'41','2019-04-22','10:09:55',15,'pedido',''),(1,'42','2019-04-22','10:09:55',1,'pedido',''),(1,'78','2019-04-22','10:09:55',1,'pedido',''),(1,'65','2019-04-22','10:09:55',8,'pedido',''),(1,'43','2019-04-22','10:09:55',2,'pedido',''),(1,'44','2019-04-22','10:09:55',1,'pedido',''),(1,'45','2019-04-22','10:09:55',1,'pedido',''),(1,'46','2019-04-22','10:09:55',4.4,'pedido',''),(1,'10','2019-04-22','10:09:55',1,'pedido',''),(1,'47','2019-04-22','10:09:55',1,'pedido',''),(1,'4','2019-04-22','10:09:55',1,'pedido',''),(1,'17','2019-04-22','10:09:55',1,'pedido',''),(1,'49','2019-04-22','10:09:55',4,'pedido',''),(1,'75','2019-04-22','10:09:55',5,'pedido',''),(1,'72','2019-04-22','10:09:55',5.46,'pedido',''),(1,'21','2019-04-22','10:09:55',3,'pedido',''),(1,'50','2019-04-22','10:09:55',1,'pedido',''),(1,'51','2019-04-22','10:09:55',3,'pedido',''),(1,'52','2019-04-22','10:09:55',1,'pedido',''),(1,'13','2019-04-22','10:09:55',3,'pedido',''),(1,'53','2019-04-22','10:09:55',2,'pedido',''),(1,'2','2019-04-22','10:09:55',2,'pedido',''),(1,'54','2019-04-22','10:09:55',3,'pedido',''),(1,'55','2019-04-22','10:09:55',1,'pedido',''),(1,'56','2019-04-22','10:09:55',1,'pedido',''),(1,'57','2019-04-22','10:09:55',1,'pedido',''),(1,'58','2019-04-22','10:09:55',2,'pedido',''),(1,'84','2019-04-22','10:09:55',2,'pedido',''),(1,'87','2019-04-22','10:09:55',3,'pedido',''),(1,'59','2019-04-22','10:09:55',6,'pedido',''),(1,'19','2019-04-22','10:09:55',10,'pedido',''),(1,'88','2019-04-22','10:09:55',1,'pedido',''),(1,'68','2019-04-22','10:09:55',6,'pedido',''),(1,'22','2019-04-22','10:09:55',5.01,'pedido',''),(1,'14','2019-04-22','10:09:55',1,'pedido',''),(1,'6','2019-04-22','10:09:55',1,'pedido',''),(1,'15','2019-04-22','10:09:55',2,'pedido',''),(1,'61','2019-04-22','10:09:55',1,'pedido',''),(1,'85','2019-04-22','10:09:55',9.6,'pedido',''),(1,'243','2019-04-22','10:09:55',15,'pedido',''),(1,'20','2019-04-22','10:09:55',15,'pedido',''),(1,'62','2019-04-22','10:09:55',1,'pedido',''),(1,'23','2019-04-22','10:09:55',1,'pedido',''),(1,'63','2019-04-22','10:09:55',2,'pedido',''),(1,'8','2019-04-22','10:09:55',1,'pedido',''),(1,'64','2019-04-22','10:09:55',1,'pedido',''),(2,'5','2019-04-22','10:13:31',3,'cancelado',''),(2,'11','2019-04-22','10:13:31',4,'cancelado',''),(2,'18','2019-04-22','10:13:31',3,'cancelado',''),(2,'25','2019-04-22','10:13:31',1,'cancelado',''),(2,'7','2019-04-22','10:13:31',1,'cancelado',''),(2,'80','2019-04-22','10:13:31',0.5,'cancelado',''),(2,'82','2019-04-22','10:13:31',4,'cancelado',''),(2,'12','2019-04-22','10:13:31',0.56,'cancelado',''),(2,'26','2019-04-22','10:13:31',15,'cancelado',''),(2,'73','2019-04-22','10:13:31',3,'cancelado',''),(2,'27','2019-04-22','10:13:31',1,'cancelado',''),(2,'28','2019-04-22','10:13:31',11.05,'cancelado',''),(2,'86','2019-04-22','10:13:31',1,'cancelado',''),(2,'29','2019-04-22','10:13:31',1,'cancelado',''),(2,'16','2019-04-22','10:13:31',1,'cancelado',''),(2,'30','2019-04-22','10:13:31',3,'cancelado',''),(2,'81','2019-04-22','10:13:31',2,'cancelado',''),(2,'31','2019-04-22','10:13:31',0.75,'cancelado',''),(2,'32','2019-04-22','10:13:31',0.2,'cancelado',''),(2,'3','2019-04-22','10:13:31',1,'cancelado',''),(2,'79','2019-04-22','10:13:31',3,'cancelado',''),(2,'33','2019-04-22','10:13:31',1,'cancelado',''),(2,'36','2019-04-22','10:13:31',5,'cancelado',''),(2,'37','2019-04-22','10:13:31',1,'cancelado',''),(2,'77','2019-04-22','10:13:31',1,'cancelado',''),(2,'38','2019-04-22','10:13:31',4,'cancelado',''),(2,'39','2019-04-22','10:13:31',5,'cancelado',''),(2,'9','2019-04-22','10:13:31',1,'cancelado',''),(2,'83','2019-04-22','10:13:31',1,'cancelado',''),(2,'76','2019-04-22','10:13:31',4,'cancelado',''),(2,'40','2019-04-22','10:13:31',1,'cancelado',''),(2,'74','2019-04-22','10:13:31',15,'cancelado',''),(2,'41','2019-04-22','10:13:31',15,'cancelado',''),(2,'42','2019-04-22','10:13:31',1,'cancelado',''),(2,'78','2019-04-22','10:13:31',1,'cancelado',''),(2,'65','2019-04-22','10:13:31',8,'cancelado',''),(2,'43','2019-04-22','10:13:31',2,'cancelado',''),(2,'44','2019-04-22','10:13:31',1,'cancelado',''),(2,'45','2019-04-22','10:13:31',1,'cancelado',''),(2,'46','2019-04-22','10:13:31',4.4,'cancelado',''),(2,'10','2019-04-22','10:13:31',1,'cancelado',''),(2,'47','2019-04-22','10:13:31',1,'cancelado',''),(2,'4','2019-04-22','10:13:31',1,'cancelado',''),(2,'17','2019-04-22','10:13:31',1,'cancelado',''),(2,'49','2019-04-22','10:13:31',4,'cancelado',''),(2,'75','2019-04-22','10:13:31',5,'cancelado',''),(2,'72','2019-04-22','10:13:31',5.46,'cancelado',''),(2,'21','2019-04-22','10:13:31',3,'cancelado',''),(2,'50','2019-04-22','10:13:31',1,'cancelado',''),(2,'51','2019-04-22','10:13:31',3,'cancelado',''),(2,'52','2019-04-22','10:13:31',1,'cancelado',''),(2,'13','2019-04-22','10:13:31',3,'cancelado',''),(2,'53','2019-04-22','10:13:31',2,'cancelado',''),(2,'2','2019-04-22','10:13:31',2,'cancelado',''),(2,'54','2019-04-22','10:13:31',3,'cancelado',''),(2,'55','2019-04-22','10:13:31',1,'cancelado',''),(2,'56','2019-04-22','10:13:31',1,'cancelado',''),(2,'57','2019-04-22','10:13:31',1,'cancelado',''),(2,'58','2019-04-22','10:13:31',2,'cancelado',''),(2,'84','2019-04-22','10:13:31',2,'cancelado',''),(2,'87','2019-04-22','10:13:31',3,'cancelado',''),(2,'59','2019-04-22','10:13:31',6,'cancelado',''),(2,'19','2019-04-22','10:13:31',10,'cancelado',''),(2,'88','2019-04-22','10:13:31',1,'cancelado',''),(2,'68','2019-04-22','10:13:31',6,'cancelado',''),(2,'22','2019-04-22','10:13:31',5.01,'cancelado',''),(2,'14','2019-04-22','10:13:31',1,'cancelado',''),(2,'6','2019-04-22','10:13:31',1,'cancelado',''),(2,'15','2019-04-22','10:13:31',2,'cancelado',''),(2,'61','2019-04-22','10:13:31',1,'cancelado',''),(2,'85','2019-04-22','10:13:31',9.6,'cancelado',''),(2,'243','2019-04-22','10:13:31',15,'cancelado',''),(2,'20','2019-04-22','10:13:31',15,'cancelado',''),(2,'62','2019-04-22','10:13:31',1,'cancelado',''),(2,'23','2019-04-22','10:13:31',1,'cancelado',''),(2,'63','2019-04-22','10:13:31',2,'cancelado',''),(2,'8','2019-04-22','10:13:31',1,'cancelado',''),(2,'64','2019-04-22','10:13:31',1,'cancelado',''),(3,'5','2019-04-22','11:14:46',3,'autorizado',''),(3,'11','2019-04-22','11:14:46',4,'autorizado',''),(3,'18','2019-04-22','11:14:46',3,'autorizado',''),(3,'25','2019-04-22','11:14:46',1,'autorizado',''),(3,'7','2019-04-22','11:14:46',1,'autorizado',''),(3,'80','2019-04-22','11:14:46',0.5,'autorizado',''),(3,'82','2019-04-22','11:14:46',4,'autorizado',''),(3,'12','2019-04-22','11:14:46',0.56,'autorizado',''),(3,'26','2019-04-22','11:14:46',15,'autorizado',''),(3,'73','2019-04-22','11:14:46',3,'autorizado',''),(3,'27','2019-04-22','11:14:46',1,'autorizado',''),(3,'28','2019-04-22','11:14:46',11.05,'autorizado',''),(3,'86','2019-04-22','11:14:46',1,'autorizado',''),(3,'29','2019-04-22','11:14:46',1,'autorizado',''),(3,'16','2019-04-22','11:14:46',1,'autorizado',''),(3,'30','2019-04-22','11:14:46',3,'autorizado',''),(3,'81','2019-04-22','11:14:46',2,'autorizado',''),(3,'31','2019-04-22','11:14:46',0.75,'autorizado',''),(3,'32','2019-04-22','11:14:46',0.2,'autorizado',''),(3,'3','2019-04-22','11:14:46',1,'autorizado',''),(3,'79','2019-04-22','11:14:46',3,'autorizado',''),(3,'33','2019-04-22','11:14:46',1,'autorizado',''),(3,'36','2019-04-22','11:14:46',5,'autorizado',''),(3,'37','2019-04-22','11:14:46',1,'autorizado',''),(3,'77','2019-04-22','11:14:46',1,'autorizado',''),(3,'38','2019-04-22','11:14:46',4,'autorizado',''),(3,'39','2019-04-22','11:14:46',5,'autorizado',''),(3,'9','2019-04-22','11:14:46',1,'autorizado',''),(3,'83','2019-04-22','11:14:46',1,'autorizado',''),(3,'76','2019-04-22','11:14:46',4,'autorizado',''),(3,'40','2019-04-22','11:14:46',1,'autorizado',''),(3,'74','2019-04-22','11:14:46',15,'autorizado',''),(3,'41','2019-04-22','11:14:46',15,'autorizado',''),(3,'42','2019-04-22','11:14:46',1,'autorizado',''),(3,'78','2019-04-22','11:14:46',1,'autorizado',''),(3,'65','2019-04-22','11:14:46',8,'autorizado',''),(3,'43','2019-04-22','11:14:46',2,'autorizado',''),(3,'44','2019-04-22','11:14:46',1,'autorizado',''),(3,'45','2019-04-22','11:14:46',1,'autorizado',''),(3,'46','2019-04-22','11:14:46',4.4,'autorizado',''),(3,'10','2019-04-22','11:14:46',1,'autorizado',''),(3,'47','2019-04-22','11:14:46',1,'autorizado',''),(3,'4','2019-04-22','11:14:46',1,'autorizado',''),(3,'17','2019-04-22','11:14:46',1,'autorizado',''),(3,'49','2019-04-22','11:14:46',4,'autorizado',''),(3,'75','2019-04-22','11:14:46',5,'autorizado',''),(3,'72','2019-04-22','11:14:46',5.46,'autorizado',''),(3,'21','2019-04-22','11:14:46',3,'autorizado',''),(3,'50','2019-04-22','11:14:46',1,'autorizado',''),(3,'51','2019-04-22','11:14:46',3,'autorizado',''),(3,'52','2019-04-22','11:14:46',1,'autorizado',''),(3,'13','2019-04-22','11:14:46',3,'autorizado',''),(3,'53','2019-04-22','11:14:46',2,'autorizado',''),(3,'2','2019-04-22','11:14:46',2,'autorizado',''),(3,'54','2019-04-22','11:14:46',3,'autorizado',''),(3,'55','2019-04-22','11:14:46',1,'autorizado',''),(3,'56','2019-04-22','11:14:46',1,'autorizado',''),(3,'57','2019-04-22','11:14:46',1,'autorizado',''),(3,'58','2019-04-22','11:14:46',2,'autorizado',''),(3,'84','2019-04-22','11:14:46',2,'autorizado',''),(3,'87','2019-04-22','11:14:46',3,'autorizado',''),(3,'59','2019-04-22','11:14:46',6,'autorizado',''),(3,'19','2019-04-22','11:14:46',10,'autorizado',''),(3,'88','2019-04-22','11:14:46',1,'autorizado',''),(3,'68','2019-04-22','11:14:46',6,'autorizado',''),(3,'22','2019-04-22','11:14:46',5.01,'autorizado',''),(3,'14','2019-04-22','11:14:46',1,'autorizado',''),(3,'6','2019-04-22','11:14:46',1,'autorizado',''),(3,'15','2019-04-22','11:14:46',2,'autorizado',''),(3,'61','2019-04-22','11:14:46',1,'autorizado',''),(3,'85','2019-04-22','11:14:46',9.6,'autorizado',''),(3,'243','2019-04-22','11:14:46',15,'autorizado',''),(3,'20','2019-04-22','11:14:46',15,'autorizado',''),(3,'62','2019-04-22','11:14:46',1,'autorizado',''),(3,'23','2019-04-22','11:14:46',1,'autorizado',''),(3,'63','2019-04-22','11:14:46',2,'autorizado',''),(3,'8','2019-04-22','11:14:46',1,'autorizado',''),(3,'64','2019-04-22','11:14:46',1,'autorizado','');
/*!40000 ALTER TABLE `pedido_producto` ENABLE KEYS */;
UNLOCK TABLES;

--
-- Table structure for table `pedidos`
--

DROP TABLE IF EXISTS `pedidos`;
/*!40101 SET @saved_cs_client     = @@character_set_client */;
/*!40101 SET character_set_client = utf8 */;
CREATE TABLE `pedidos` (
  `id_pedido` int(10) NOT NULL AUTO_INCREMENT,
  `fecha_pedido` date NOT NULL,
  `fecha_autoriza_cancela` date DEFAULT NULL,
  `hora` time NOT NULL,
  `hora_autoriza_cancela` time DEFAULT NULL,
  `autoriza` varchar(30) COLLATE utf8_bin DEFAULT NULL,
  `solicita` varchar(30) COLLATE utf8_bin NOT NULL,
  `estado` varchar(20) COLLATE utf8_bin NOT NULL,
  `observaciones` varchar(150) COLLATE utf8_bin DEFAULT NULL,
  `unidad_medida` varchar(10) COLLATE utf8_bin NOT NULL,
  `total_prod` float NOT NULL,
  `costo_total` float NOT NULL,
  PRIMARY KEY (`id_pedido`),
  UNIQUE KEY `id_pedido` (`id_pedido`)
) ENGINE=InnoDB AUTO_INCREMENT=4 DEFAULT CHARSET=utf8 COLLATE=utf8_bin;
/*!40101 SET character_set_client = @saved_cs_client */;

--
-- Dumping data for table `pedidos`
--

LOCK TABLES `pedidos` WRITE;
/*!40000 ALTER TABLE `pedidos` DISABLE KEYS */;
INSERT INTO `pedidos` VALUES (1,'2019-04-22',NULL,'10:09:55',NULL,NULL,'cocina1','pedido',NULL,'',92,15253.1),(2,'2019-04-22','2019-04-22','10:13:31','12:04:40','gerente','cocina1','cancelado',NULL,'',92,15250),(3,'2019-04-22','2019-04-22','11:14:46','12:04:35','gerente','cocina','autorizado',NULL,'',92,15250);
/*!40000 ALTER TABLE `pedidos` ENABLE KEYS */;
UNLOCK TABLES;

--
-- Table structure for table `productos`
--

DROP TABLE IF EXISTS `productos`;
/*!40101 SET @saved_cs_client     = @@character_set_client */;
/*!40101 SET character_set_client = utf8 */;
CREATE TABLE `productos` (
  `codingre` tinytext COLLATE utf8_bin NOT NULL,
  `descrip` varchar(35) COLLATE utf8_bin NOT NULL,
  `familia` varchar(10) COLLATE utf8_bin NOT NULL,
  `unidad` varchar(10) COLLATE utf8_bin DEFAULT NULL,
  `empaque` varchar(15) COLLATE utf8_bin DEFAULT NULL,
  `equivale` decimal(10,2) NOT NULL,
  `inventa1` decimal(10,2) NOT NULL,
  `stockmax` decimal(10,2) NOT NULL,
  `stockmin` decimal(10,2) NOT NULL,
  `ultcosto` decimal(10,2) NOT NULL,
  `costoprome` decimal(10,2) NOT NULL,
  `impuesto` decimal(10,2) NOT NULL,
  `pedido` decimal(10,2) NOT NULL,
  `status` varchar(20) COLLATE utf8_bin DEFAULT NULL,
  `redondeo` int(11) DEFAULT NULL,
  `inventaFisico` decimal(10,2) DEFAULT NULL,
  `diferencia` decimal(10,2) DEFAULT NULL
) ENGINE=InnoDB DEFAULT CHARSET=utf8 COLLATE=utf8_bin;
/*!40101 SET character_set_client = @saved_cs_client */;

--
-- Dumping data for table `productos`
--

LOCK TABLES `productos` WRITE;
/*!40000 ALTER TABLE `productos` DISABLE KEYS */;
INSERT INTO `productos` VALUES ('10','JARABE GRANADINA COCINA','ABARR','GR','',1000.00,0.00,1.00,0.00,50.92,50.92,0.00,1.00,'cancelado',0,NULL,NULL),('100','FILETE DE RES','CARNE','GR','',1000.00,-0.64,10.00,0.00,316.44,316.44,0.00,0.00,'',0,NULL,NULL),('101','SUADERO','CARNE','GR','',1000.00,0.00,3.00,0.00,115.94,115.94,0.00,0.00,'',0,NULL,NULL),('102','CARNE MOLIDA RES','CARNE','GR','',1000.00,0.00,4.00,0.00,114.70,114.70,0.00,0.00,'',0,NULL,NULL),('103','RETAZO DE POLLO','CARNE','GR','',1000.00,0.00,1.00,0.00,33.35,33.35,0.00,0.00,'',0,NULL,NULL),('104','CHICHARRON PRENSADO','CARNE','GR','',1000.00,0.00,15.00,0.00,84.84,84.84,0.00,0.00,'',0,NULL,NULL),('105','MANTECA DE CERDO','CARNE','GR','',480.00,-4.12,2.00,0.00,30.25,30.25,0.00,0.00,'',0,NULL,NULL),('106','ARRACHERA TEXANA','CARNE','GR','',1000.00,13.60,15.00,0.00,254.00,254.00,0.00,0.00,'',0,NULL,NULL),('107','HUESO TUETANO','CARNE','GR','',1000.00,-1.40,1.00,0.00,75.00,50.00,0.00,0.00,'',0,NULL,NULL),('108','MACHACA','CARNE','GR','',200.00,-0.06,2.00,0.00,569.56,569.56,0.00,0.00,'',0,NULL,NULL),('109','LECHON','CARNE','GR','',1000.00,0.00,1.00,0.00,152.04,152.04,0.00,0.00,'',0,NULL,NULL),('11','ACEITE DE OLIVA','ABARR','GR','',5000.00,-0.01,4.00,0.00,117.50,117.50,0.00,4.00,'cancelado',0,NULL,NULL),('110','ARRACHERA 1KG','CARNE','PZ','A',1000.00,-0.93,0.00,0.00,260.00,260.00,0.00,0.00,'',0,NULL,NULL),('111','PICA¤A 300G','CARNE','PZ','',1000.00,0.00,15.00,0.00,90.00,90.00,0.00,0.00,'',0,NULL,NULL),('112','ARRACHERA 300G','CARNE','PZ','',1000.00,-9.00,0.00,0.00,103.43,103.43,0.00,0.00,'',0,NULL,NULL),('113','ARRACHERA 200G','CARNE','PZ','',1000.00,-1.00,0.00,0.00,73.00,73.00,0.00,0.00,'',0,NULL,NULL),('114','RIB EYE ANGUS','CARNE','PZ','',1000.00,0.00,10.00,0.00,375.00,375.00,0.00,0.00,'',0,NULL,NULL),('115','NEW YORK 300G','CARNE','PZ','',1.00,0.00,5.00,0.00,130.00,130.00,0.00,0.00,'',0,NULL,NULL),('116','TOMAHAWK 1KG','CARNE','PZ','',1000.00,0.00,1.00,0.00,635.00,635.00,0.00,0.00,'',0,NULL,NULL),('117','ARRACHERA 100G','CARNE','PZ','',1000.00,-3.50,0.00,0.00,34.88,34.88,0.00,0.00,'',0,NULL,NULL),('118','VACIO 300G','CARNE','PZ','',1000.00,0.00,5.00,0.00,106.00,106.00,0.00,0.00,'',0,NULL,NULL),('119','RIB EYE CHOICE 300G','CARNE','PZ','',1000.00,-4.00,0.00,0.00,110.00,110.00,0.00,0.00,'',0,NULL,NULL),('12','ARANDANO DESHIDRATADO','ABARR','GR','',1000.00,0.44,1.00,0.00,130.00,130.00,0.00,0.56,'cancelado',0,NULL,NULL),('120','RIB EYE NACIONAL','CARNE','GR','',1000.00,-5.03,0.00,0.00,190.00,190.00,0.00,0.00,'',0,NULL,NULL),('121','PAPA FRANCESA','CONGE','GR','',2200.00,2.65,15.00,0.00,99.98,99.98,0.00,0.00,'',0,NULL,NULL),('122','NUGGETS DE POLLO','CONGE','GR','',1000.00,-0.24,1.00,0.00,68.73,68.73,0.00,0.00,'',0,NULL,NULL),('123','HELADO VAINILLA','CONGE','GR','',1690.00,0.96,2.00,0.00,285.42,285.42,0.00,0.00,'',0,NULL,NULL),('124','CHORIZO ROJO','EMBUT','GR','',1000.00,-0.35,0.00,0.00,73.76,73.76,0.00,0.00,'',0,NULL,NULL),('125','JAMON DE PAVO','EMBUT','GR','',1000.00,0.00,1.00,0.00,107.19,107.19,0.00,0.00,'',0,NULL,NULL),('126','CHISTORRA','EMBUT','GR','',1000.00,1.50,8.00,0.00,114.00,114.00,0.00,0.00,'',0,NULL,NULL),('127','TOCINO','EMBUT','GR','',1000.00,-0.69,1.00,0.00,89.41,89.41,0.00,0.00,'',0,NULL,NULL),('128','LONGANIZA','EMBUT','GR','',1000.00,1.64,0.00,0.00,64.00,64.00,0.00,0.00,'',0,NULL,NULL),('129','CLAVO DE OLOR','ESPEC','GR','',1000.00,0.00,0.00,0.00,114.95,114.95,0.00,0.00,'',0,NULL,NULL),('13','MOSTAZA DIJON','ABARR','GR','',865.00,0.00,3.00,0.00,203.69,203.69,0.00,3.00,'cancelado',0,NULL,NULL),('130','TOMILLO','ESPEC','GR','',1000.00,0.00,1.00,0.00,86.80,86.80,0.00,0.00,'',0,NULL,NULL),('131','HOJA DE AGUACATE','ESPEC','GR','',1000.00,0.00,1.00,0.00,39.00,39.00,0.00,0.00,'',0,NULL,NULL),('132','COMINO','ESPEC','GR','',1000.00,0.00,0.00,0.00,70.76,70.76,0.00,0.00,'',0,NULL,NULL),('133','NUEZ QUEBRADA','ESPEC','GR','',1000.00,0.44,1.00,0.00,275.00,275.00,0.00,0.00,'',0,NULL,NULL),('134','PIMIENTA BLANCA MOL','ESPEC','GR','',1000.00,0.00,0.00,0.00,362.50,362.50,0.00,0.00,'',0,NULL,NULL),('135','ROMERO','ESPEC','GR','',1000.00,0.00,0.00,0.00,24.11,24.11,0.00,0.00,'',0,NULL,NULL),('136','PIMIENTA NEGRA MOLI','ESPEC','GR','',510.00,0.00,2.00,0.00,276.00,276.00,0.00,0.00,'',0,NULL,NULL),('137','PIMIENTA LIMON','ESPEC','GR','',737.00,0.00,4.00,0.00,315.31,315.31,0.00,0.00,'',0,NULL,NULL),('138','LAUREL','ESPEC','GR','',1000.00,0.00,1.00,0.00,43.75,43.75,0.00,0.00,'',0,NULL,NULL),('139','PEPITA DE CALABAZA','ESPEC','GR','',1000.00,-0.02,0.00,0.00,72.50,72.50,0.00,0.00,'',0,NULL,NULL),('14','SALSA DE SOYA','ABARR','GG','',1890.00,1.00,2.00,0.00,205.96,205.96,0.00,1.00,'cancelado',0,NULL,NULL),('140','OREGANO SECO','ESPEC','GR','',1000.00,0.00,1.00,0.00,35.00,35.00,0.00,0.00,'',0,NULL,NULL),('141','PIMIENTA NEGRA ENTE','ESPEC','GR','',1000.00,0.00,1.00,0.00,528.59,528.59,0.00,0.00,'',0,NULL,NULL),('142','FRESA','FRUTA','GR','',1000.00,3.22,5.00,0.00,100.00,100.00,0.00,0.00,'',0,NULL,NULL),('143','CHILE MORITA','FRUTA','GR','',1000.00,0.00,1.00,0.00,116.03,116.03,0.00,0.00,'',0,NULL,NULL),('144','APIO','FRUTA','GR','',1000.00,-0.06,2.00,0.00,35.75,35.75,0.00,0.00,'',0,NULL,NULL),('145','CHILE CARIBE¤O','FRUTA','GR','',1000.00,0.00,0.00,0.00,45.05,45.05,0.00,0.00,'',0,NULL,NULL),('146','ZARZAMORA','FRUTA','GR','',1000.00,1.20,2.00,0.00,150.00,150.00,0.00,0.00,'',0,NULL,NULL),('147','PAPA ALPHA','FRUTA','GR','',1000.00,7.65,4.00,0.00,14.00,14.00,0.00,0.00,'',0,NULL,NULL),('148','CHILE GUAJILLO','FRUTA','GR','',1000.00,0.96,3.00,0.00,100.00,100.00,0.00,0.00,'',0,NULL,NULL),('149','TOMATE VERDE','FRUTA','GR','',1000.00,11.00,15.00,0.00,15.00,15.00,0.00,0.00,'',0,NULL,NULL),('15','SALSA TERIYAKI','ABARR','GR','',1890.00,-0.22,2.00,0.00,44.45,44.45,0.00,2.00,'cancelado',0,NULL,NULL),('150','HUITLACOCHE','FRUTA','GR','',1000.00,1.00,0.00,0.00,33.00,33.00,0.00,0.00,'',0,NULL,NULL),('151','LIMON SEMILLA','FRUTA','GR','',1000.00,0.00,0.00,0.00,32.28,32.28,0.00,0.00,'',0,NULL,NULL),('152','CHILE MULATO','FRUTA','GR','',1000.00,0.00,1.00,0.00,128.63,128.63,0.00,0.00,'',0,NULL,NULL),('153','CEBOLLA CAMBRAY BLA','FRUTA','GR','',1000.00,10.83,15.00,0.00,12.00,12.00,0.00,0.00,'',0,NULL,NULL),('154','CHILE CHILTEPIN','FRUTA','GR','',1000.00,0.00,1.00,0.00,568.31,568.31,0.00,0.00,'',0,NULL,NULL),('155','LECHUGA OREJONA','FRUTA','GR','',1000.00,1.50,2.00,0.00,30.00,30.00,0.00,0.00,'',0,NULL,NULL),('156','CHILE ARBOL SECO','FRUTA','GR','',1000.00,-0.02,0.00,0.00,150.94,150.94,0.00,0.00,'',0,NULL,NULL),('157','FLORES COMESTIBLES PZ','FRUTA','GR','',1000.00,0.00,0.00,0.00,3.25,3.25,0.00,0.00,'',0,NULL,NULL),('158','CHILE JALAPE¤O','FRUTA','GR','',1000.00,5.38,0.00,0.00,15.00,15.00,0.00,0.00,'',0,NULL,NULL),('159','FRAMBUESA','FRUTA','GR','',1000.00,0.40,2.00,0.00,225.00,225.00,0.00,0.00,'',0,NULL,NULL),('16','CAJETA','ABARR','GR','',1200.00,0.00,1.00,0.00,78.50,78.50,0.00,1.00,'cancelado',0,NULL,NULL),('160','CHILE ANCHO','FRUTA','GR','',1000.00,0.00,2.00,0.00,125.73,125.73,0.00,0.00,'',0,NULL,NULL),('161','CEBOLLIN','FRUTA','GR','',1000.00,0.00,0.10,0.00,60.00,60.00,0.00,0.00,'',0,NULL,NULL),('162','CHILE ANAHEIM','FRUTA','GR','',1000.00,0.00,1.00,0.00,93.50,93.50,0.00,0.00,'',0,NULL,NULL),('163','CHILE CASCABEL','FRUTA','GR','',1000.00,0.00,1.00,0.00,150.94,150.94,0.00,0.00,'',0,NULL,NULL),('164','CHILE TAMPICO','FRUTA','GR','',1000.00,0.93,3.00,0.00,30.00,30.00,0.00,0.00,'',0,NULL,NULL),('165','COCO NATURAL','FRUTA','GR','',1000.00,0.00,2.00,0.00,60.00,60.00,0.00,0.00,'',0,NULL,NULL),('166','HOJA SANTA','FRUTA','GR','',1000.00,-0.01,1.00,0.00,39.00,39.00,0.00,0.00,'',0,NULL,NULL),('167','JICAMA','FRUTA','GR','',1000.00,1.00,3.00,0.00,15.00,15.00,0.00,0.00,'',0,NULL,NULL),('168','PERA','FRUTA','GR','',1000.00,0.00,0.00,0.00,52.50,52.50,0.00,0.00,'',0,NULL,NULL),('169','PULPA DE MARACUYA','FRUTA','GR','',1000.00,0.00,2.00,0.00,68.25,68.25,0.00,0.00,'',0,NULL,NULL),('17','LECHE EVAPORADA','ABARR','GR','',1000.00,0.00,1.00,0.00,38.00,38.00,0.00,1.00,'cancelado',0,NULL,NULL),('170','PAPA SARATOGA','FRUTA','GG','',1000.00,-5.32,0.00,0.00,175.00,175.00,0.00,0.00,'',0,NULL,NULL),('171','UVA','FRUTA','GR','',1000.00,0.93,1.00,0.00,80.00,80.00,0.00,0.00,'',0,NULL,NULL),('172','PLATANO MACHO','FRUTA','GR','',1000.00,3.90,2.00,0.00,15.00,15.00,0.00,0.00,'',0,NULL,NULL),('173','AGUACATE','FRUTA','GR','',1000.00,32.00,50.00,0.00,44.00,44.00,0.00,0.00,'',0,NULL,NULL),('174','JENGIBRE','FRUTA','GR','',1000.00,0.00,0.10,0.00,18.75,18.75,0.00,0.00,'',0,NULL,NULL),('175','JITOMATE BOLA','FRUTA','GR','',1000.00,0.00,0.00,0.00,18.89,18.89,0.00,0.00,'',0,NULL,NULL),('176','NARANJA','FRUTA','GR','',1000.00,17.20,5.00,0.00,5.00,5.00,0.00,0.00,'',0,NULL,NULL),('177','JITOMATE SALADETE','FRUTA','GR','',1000.00,29.65,60.00,0.00,15.00,15.00,0.00,0.00,'',0,NULL,NULL),('178','LECHUGA SANGRIA','FRUTA','GR','',1000.00,2.00,3.00,0.00,20.00,20.00,0.00,0.00,'',0,NULL,NULL),('179','LEMONGRASS','FRUTA','GR','',1000.00,0.00,0.00,0.00,40.00,40.00,0.00,0.00,'',0,NULL,NULL),('18','ACEITE VEGETAL','ABARR','GR','',20000.00,-0.04,3.00,0.00,28.70,28.70,0.00,3.00,'cancelado',0,NULL,NULL),('180','MANGO ATAULFO','FRUTA','GR','',1000.00,3.00,2.00,0.00,25.00,25.00,0.00,0.00,'',0,NULL,NULL),('181','CHILE MANZANO AMARI','FRUTA','GR','',1000.00,0.00,0.00,0.00,52.50,52.50,0.00,0.00,'',0,NULL,NULL),('182','PIMIENTO MORRON ROJO','FRUTA','GR','',1000.00,4.51,3.00,0.00,70.00,70.00,0.00,0.00,'',0,NULL,NULL),('183','CEBOLLA MORADA','FRUTA','GR','',1000.00,6.62,10.00,0.00,28.00,28.00,0.00,0.00,'',0,NULL,NULL),('184','NOPAL','VERDU','GR','',1.00,-35990.00,10.00,0.00,17.00,17.00,0.00,0.00,'',0,NULL,NULL),('185','PAPA CAMBRAY','FRUTA','GR','',1000.00,2.76,15.00,0.00,14.00,14.00,0.00,0.00,'',0,NULL,NULL),('186','PERA LECHERA','FRUTA','GR','',1000.00,0.00,0.00,0.00,33.00,33.00,0.00,0.00,'',0,NULL,NULL),('187','CHAMPINON','FRUTA','GR','',1000.00,0.33,0.25,0.00,58.00,58.00,0.00,0.00,'',0,NULL,NULL),('188','LIMON SIN SEMILLA','FRUTA','GR','',1000.00,63.44,15.00,0.00,14.00,14.00,0.00,0.00,'',0,NULL,NULL),('189','CHILE RELLENO','FRUTA','GR','',1000.00,0.00,0.00,0.00,35.00,35.00,0.00,0.00,'',0,NULL,NULL),('19','SAL FINA','ABARR','GR','',1000.00,-0.08,10.00,0.00,12.50,12.50,0.00,10.00,'cancelado',0,NULL,NULL),('190','ZANAHORIA','FRUTA','GR','',1000.00,6.90,5.00,0.00,8.00,8.00,0.00,0.00,'',0,NULL,NULL),('191','CEBOLLA BLANCA','FRUTA','GR','',1000.00,12.98,15.00,0.00,30.00,30.00,0.00,0.00,'',0,NULL,NULL),('192','PEPINO','FRUTA','GR','',1000.00,13.26,10.00,0.00,15.00,15.00,0.00,0.00,'',0,NULL,NULL),('193','AJONJOLI BLANCO','FRUTA','GR','',1000.00,-0.08,3.00,0.00,71.50,71.50,0.00,0.00,'',0,NULL,NULL),('194','MANZANA VERDE','FRUTA','GR','',1000.00,3.00,0.00,0.00,45.00,45.00,0.00,0.00,'',0,NULL,NULL),('195','MENTA','FRUTA','GR','',1000.00,0.00,0.10,0.00,67.60,67.60,0.00,0.00,'',0,NULL,NULL),('196','RABANO GRANDE','FRUTA','GR','',1000.00,0.66,4.00,0.00,32.00,32.00,0.00,0.00,'',0,NULL,NULL),('197','CHILE CHIPOTLE SECO','FRUTA','GR','',1000.00,0.00,1.00,0.00,208.69,208.69,0.00,0.00,'',0,NULL,NULL),('198','CILANTRO RECIO','FRUTA','GR','',1000.00,2.53,1.00,0.00,12.00,12.00,0.00,0.00,'',0,NULL,NULL),('199','LECHUGA ROMANA','FRUTA','GR','',1000.00,1.20,6.00,0.00,32.50,32.50,0.00,0.00,'',0,NULL,NULL),('2','PAPRIKA','ABARR','GR','',510.00,-0.04,2.00,0.00,409.14,409.14,0.00,2.00,'cancelado',0,NULL,NULL),('20','TOSTADA CHARRA','ABARR','GR','',20.00,-0.95,15.00,0.00,22.40,22.40,0.00,15.00,'cancelado',0,NULL,NULL),('200','CILANTRO','FRUTA','GG','',1000.00,9.89,5.00,0.00,12.00,12.00,0.00,0.00,'',0,NULL,NULL),('201','CHILE PASILLA','FRUTA','GR','',1000.00,-0.45,1.00,0.00,132.99,132.99,0.00,0.00,'',0,NULL,NULL),('202','AJO BLANCO','FRUTA','GR','',1000.00,1.89,3.00,0.00,75.00,75.00,0.00,0.00,'',0,NULL,NULL),('203','CHILE HABANERO','FRUTA','GR','',1000.00,0.96,15.00,0.00,70.00,70.00,0.00,0.00,'',0,NULL,NULL),('204','SANDIA','FRUTA','GR','',1000.00,5.84,2.00,0.00,15.00,15.00,0.00,0.00,'',0,NULL,NULL),('205','AJONJOLI NEGRO','FRUTA','GR','',1000.00,-0.02,1.00,0.00,55.00,55.00,0.00,0.00,'',0,NULL,NULL),('206','PEREJIL LISO','FRUTA','GR','',1000.00,0.50,1.00,0.00,12.00,12.00,0.00,0.00,'',0,NULL,NULL),('207','ESPINACA','FRUTA','GR','',1000.00,0.00,2.00,0.00,38.50,38.50,0.00,0.00,'',0,NULL,NULL),('208','EPAZOTE VERDE','FRUTA','GR','',1000.00,3.00,0.00,0.00,12.00,12.00,0.00,0.00,'',0,NULL,NULL),('209','FLOR DE CALABAZA','FRUTA','GR','',1000.00,1.49,1.00,0.00,20.00,20.00,0.00,0.00,'',0,NULL,NULL),('21','MAYONESA','ABARR','GR','',3400.00,-0.19,3.00,0.00,64.39,64.39,0.00,3.00,'cancelado',0,NULL,NULL),('210','CHILE POBLANO','FRUTA','GR','',1000.00,4.00,0.00,0.00,18.00,18.00,0.00,0.00,'',0,NULL,NULL),('211','CHICHARO JAPONES','FRUTA','GR','',1000.00,0.50,2.00,0.00,70.00,70.00,0.00,0.00,'',0,NULL,NULL),('212','PASAS','FRUTA','GR','',1000.00,0.25,15.00,0.00,45.00,45.00,0.00,0.00,'',0,NULL,NULL),('213','PIMIENTO MORRON VERDE','FRUTA','GR','',1000.00,3.87,3.00,0.00,70.00,70.00,0.00,0.00,'',0,NULL,NULL),('214','PERA PANOCHERA','FRUTA','GR','',1000.00,0.00,0.00,0.00,15.00,15.00,0.00,0.00,'',0,NULL,NULL),('215','JITOMATE CHERRY ROJO','FRUTA','GR','',1000.00,0.04,2.00,0.00,125.00,125.00,0.00,0.00,'',0,NULL,NULL),('216','PI¤A','FRUTA','GR','',1000.00,8.72,2.00,0.00,11.00,11.00,0.00,0.00,'',0,NULL,NULL),('217','PILONCILLO','FRUTA','GR','',1000.00,0.00,2.00,0.00,31.63,31.63,0.00,0.00,'',0,NULL,NULL),('218','CHILE SERRANO VERDE','FRUTA','GR','',1000.00,0.50,0.50,0.00,55.00,55.00,0.00,0.00,'',0,NULL,NULL),('219','FLORES COMESTIBLES','FRUTA','GR','',1000.00,0.00,1.00,0.00,130.00,130.00,0.00,0.00,'',0,NULL,NULL),('22','SALSA CATSUP','ABARR','GR','',2800.00,0.99,6.00,0.00,35.24,35.24,0.00,5.01,'cancelado',0,NULL,NULL),('220','QUESO RICOTTA','LACTE','GR','',1000.00,-0.21,2.00,0.00,132.30,132.30,0.00,0.00,'',0,NULL,NULL),('221','QUESO DE CABRA','LACTE','GR','',1000.00,-0.23,2.00,0.00,242.50,242.50,0.00,0.00,'',0,NULL,NULL),('222','QUESO CREMA','LACTE','GR','',1000.00,0.00,1.00,0.00,130.39,130.39,0.00,0.00,'',0,NULL,NULL),('223','MANTEQUILLA','LACTE','GR','',1000.00,0.91,4.00,0.00,136.00,136.00,0.00,0.00,'',0,NULL,NULL),('224','JOCOQUE','LACTE','GR','',500.00,0.00,2.00,0.00,139.50,139.50,0.00,0.00,'',0,NULL,NULL),('225','QUESO COTIJA','LACTE','GR','',1000.00,-0.02,1.00,0.00,84.92,84.92,0.00,0.00,'',0,NULL,NULL),('226','QUESO GOUDA','LACTE','GR','',3000.00,-1.45,3.00,0.00,347.22,115.75,0.00,0.00,'',0,NULL,NULL),('227','QUESO MANCHEGO','LACTE','GR','',1000.00,0.00,0.00,0.00,126.75,126.75,0.00,0.00,'',0,NULL,NULL),('228','QUESO PARMESANO','LACTE','GR','',1000.00,-0.58,1.00,0.00,210.00,210.00,0.00,0.00,'',0,NULL,NULL),('229','QUESO PROVOLONE','LACTE','GR','',1000.00,-1.59,3.00,0.00,162.50,162.50,0.00,0.00,'',0,NULL,NULL),('23','VINAGRE BLANCO','ABARR','GR','',1000.00,1.00,2.00,0.00,26.90,26.90,0.00,1.00,'cancelado',0,NULL,NULL),('230','YOGURTH NATURAL','LACTE','GR','',1000.00,6.00,2.00,0.00,28.30,28.30,0.00,0.00,'',0,NULL,NULL),('231','QUESO AMARILLO','LACTE','GR','',1000.00,-7.02,4.00,0.00,0.76,0.76,0.00,0.00,'',0,NULL,NULL),('232','QUESO OAXACA','LACTE','GR','',1000.00,-1.92,3.00,0.00,85.00,85.00,0.00,0.00,'',0,NULL,NULL),('233','CREMA NATURAL','LACTE','GR','',1000.00,5.91,15.00,0.00,35.00,35.00,0.00,0.00,'',0,NULL,NULL),('234','CREMA PARA BATIR','LACTE','GR','',1000.00,-0.22,6.00,0.00,59.18,59.18,0.00,0.00,'',0,NULL,NULL),('235','QUESO PANELA','LACTE','GR','',1000.00,0.99,15.00,0.00,106.25,106.25,0.00,0.00,'',0,NULL,NULL),('236','QUESO MASCARPONE','LACTE','GR','',1000.00,0.00,0.00,0.00,259.85,259.85,0.00,0.00,'',0,NULL,NULL),('237','TLAYUDAS','PANTO','PZ','',1000.00,-15.00,3.00,0.00,7.00,7.00,0.00,0.00,'',0,NULL,NULL),('238','PAN HAMBURGUESA GDE','PANTO','PZ','',1000.00,0.00,0.00,0.00,5.00,5.00,0.00,0.00,'',0,NULL,NULL),('239','TELERA PARA TORTA','PANTO','PZ','',1000.00,-16.00,0.00,0.00,3.30,3.30,0.00,0.00,'',0,NULL,NULL),('24','LECHE ENTERA','ABARR','GR','',1000.00,18.00,6.00,0.00,18.33,18.33,0.00,0.00,'',0,NULL,NULL),('240','TORTILLA CHALUPERA','PANTO','PZ','',1000.00,294.12,0.00,0.00,0.24,0.24,0.00,0.00,'',0,NULL,NULL),('241','MASA AZUL','PANTO','PZ','',1000.00,4.56,0.00,0.00,17.00,17.00,0.00,0.00,'',0,NULL,NULL),('242','TORTILLA DE MAIZ','PANTO','PZ','',1000.00,-1.18,50.00,0.00,14.00,14.00,0.00,0.00,'',0,NULL,NULL),('243','TORTILLA DE HARINA','ABARR','GR','',1000.00,-10.72,15.00,0.00,14.00,14.00,0.00,15.00,'cancelado',0,NULL,NULL),('244','CAMARON AGUACHILE','PESCA','PZ','',1000.00,4.58,12.00,0.00,170.00,170.00,0.00,0.00,'',0,NULL,NULL),('245','CAMARON 31/35','PESCA','PZ','',1000.00,-1.20,12.00,0.00,288.00,288.00,0.00,0.00,'',0,NULL,NULL),('246','SALMON FRESCO','PESCA','PZ','',1000.00,-0.98,0.00,0.00,320.00,320.00,0.00,0.00,'',0,NULL,NULL),('247','FILETE TILAPIA','PESCA','PZ','',1000.00,10.58,25.00,0.00,69.00,69.00,0.00,0.00,'',0,NULL,NULL),('248','ATUN FRESCO','PESCA','PZ','',1000.00,-1.00,4.00,0.00,230.00,230.00,0.00,0.00,'',0,NULL,NULL),('249','ATUN STAKE','PESCA','PZ','',1000.00,-0.40,0.00,0.00,229.69,229.69,0.00,0.00,'',0,NULL,NULL),('25','ALMENDRA EN POLVO','ABARR','GR','',1000.00,0.00,1.00,0.00,200.00,200.00,0.00,1.00,'cancelado',0,NULL,NULL),('250','PULPO','PESCA','PZ','',1000.00,0.00,4.00,0.00,230.00,230.00,0.00,0.00,'',0,NULL,NULL),('251','CAMARON PACOTILLA','PESCA','GR','',1000.00,4.24,0.00,0.00,180.00,180.00,0.00,0.00,'',0,NULL,NULL),('252','MAIZ POZOLERO','ABARR','GR','',1000.00,3.00,0.00,0.00,18.00,18.00,0.00,0.00,'',0,NULL,NULL),('253','ACHIOTE','ABARR','GR','',1000.00,1.00,0.00,0.00,54.00,54.00,0.00,0.00,'',0,NULL,NULL),('254','CALABAZA ITALIANA','VERDU','GR','',1000.00,5.00,0.00,0.00,16.00,16.00,0.00,0.00,'',0,NULL,NULL),('255','BROCOLI','VERDU','GR','',1000.00,8.90,0.00,0.00,18.00,18.00,0.00,0.00,'',0,NULL,NULL),('256','CHAYOTE','VERDU','GR','',1000.00,2.00,0.00,0.00,9.00,9.00,0.00,0.00,'',0,NULL,NULL),('257','LECHUGA ITALIANA','VERDU','GR','',1000.00,2.00,0.00,0.00,9.00,9.00,0.00,0.00,'',0,NULL,NULL),('258','ELOTE GRANO GRANEL','VERDU','GR','',1000.00,4.00,0.00,0.00,35.00,35.00,0.00,0.00,'',0,NULL,NULL),('259','COLIFLOR','VERDU','GR','',1000.00,0.00,0.00,0.00,1.00,0.00,0.00,0.00,'',0,NULL,NULL),('26','ARROZ BLANCO','ABARR','GR','',1000.00,0.00,15.00,0.00,26.60,26.60,0.00,15.00,'cancelado',0,NULL,NULL),('260','VERDOLAGA','VERDU','GR','',1000.00,0.00,0.00,0.00,1.00,0.00,0.00,0.00,'',0,NULL,NULL),('261','GALLETA SALADA','ABARR','PZ','',200.00,0.00,0.00,0.00,1.00,0.00,0.00,0.00,'',0,NULL,NULL),('262','SURIMI','PESCA','GR','',1000.00,0.00,0.00,0.00,1.00,0.00,0.00,0.00,'',0,NULL,NULL),('263','FALADA DE RES','CARNE','GR','',1000.00,0.00,0.00,0.00,1.00,0.00,0.00,0.00,'',0,NULL,NULL),('265','CHOCOLATE LIQUIDO','ABARR','ML','',454.00,1.00,0.00,0.00,41.00,41.00,0.00,0.00,'',0,NULL,NULL),('267','BOLS TRANS.1 kg','SURES','PZ','',1.00,0.00,0.00,0.00,1.00,0.00,0.00,0.00,'',0,NULL,NULL),('268','BOLSA TRANS.5 kg','SURES','PZ','',1.00,0.00,0.00,0.00,1.00,0.00,0.00,0.00,'',0,NULL,NULL),('269','MIGUELITO POLVO','ABBAR','GR','',1000.00,1.00,0.00,0.00,46.26,46.26,0.00,0.00,'',0,NULL,NULL),('27','AZUCAR GLASS','ABARR','GR','',1000.00,-0.01,1.00,0.00,33.50,33.50,0.00,1.00,'cancelado',0,NULL,NULL),('270','PAN MOLIDO','PANTO','GR','',1000.00,0.00,0.00,0.00,1.00,0.00,0.00,0.00,'',0,NULL,NULL),('271','SALSA BOTANERA','ABARR','ML','',3800.00,0.00,0.00,0.00,1.00,0.00,0.00,0.00,'',0,NULL,NULL),('277','BLUEBERRY','FRUTA','GR','',1000.00,0.20,0.00,0.00,250.00,250.00,0.00,0.00,'',0,NULL,NULL),('28','AZUCAR REFINADA','ABARR','GR','',1000.00,3.95,15.00,0.00,17.14,17.14,0.00,11.05,'cancelado',0,NULL,NULL),('29','CACAHUATE','ABARR','GR','',1000.00,0.00,1.00,0.00,60.00,60.00,0.00,1.00,'cancelado',0,NULL,NULL),('3','CHILE JALAPE¤O LATA','ABARR','GG','',1000.00,-0.06,1.00,0.00,102.27,102.27,0.00,1.00,'cancelado',0,NULL,NULL),('30','CALAHUA CREMA COCO','ABARR','GR','',1000.00,2.00,5.00,0.00,46.50,46.50,0.00,3.00,'cancelado',0,NULL,NULL),('31','CANELA EN RAMA','ABARR','GR','',1000.00,0.25,1.00,0.00,380.00,380.00,0.00,0.75,'cancelado',0,NULL,NULL),('32','CHILE CHIPOTLE ADOB','ABARR','GR','',2800.00,0.00,0.20,0.00,66.94,66.94,0.00,0.20,'cancelado',0,NULL,NULL),('33','CHOCOLATE COBER OSC','ABARR','GR','',1000.00,0.00,1.00,0.00,146.54,146.54,0.00,1.00,'cancelado',0,NULL,NULL),('34','CHONGOS ZAMORANOS','ABARR','GR','',450.00,0.00,0.00,0.00,80.77,80.77,0.00,0.00,'',0,NULL,NULL),('35','CHURROS','ABARR','PZ','',1.00,100.00,50.00,0.00,7.32,7.32,0.00,0.00,'',0,NULL,NULL),('36','COCADAS','ABARR','GR','',1.00,5.00,10.00,0.00,2.88,2.88,0.00,5.00,'cancelado',0,NULL,NULL),('37','COCO RAYADO','ABARR','GR','',1000.00,0.00,1.00,0.00,36.00,36.00,0.00,1.00,'cancelado',0,NULL,NULL),('38','CREMA BALSAMICA','ABARR','GR','',1000.00,0.00,4.00,0.00,90.00,90.00,0.00,4.00,'cancelado',0,NULL,NULL),('39','CREMA BATIDA','ABARR','GR','',920.00,-0.06,5.00,0.00,244.56,244.56,0.00,5.00,'cancelado',0,NULL,NULL),('4','JUGO MAGGI','ABARR','GR','',800.00,1.00,2.00,0.00,133.00,133.00,0.00,1.00,'cancelado',0,NULL,NULL),('40','ESPECIAS CAJUN','ABARR','GR','',75.00,0.00,1.00,0.00,365.03,365.03,0.00,1.00,'cancelado',0,NULL,NULL),('41','FRIJOL PINTO','ABARR','GR','',1000.00,0.00,15.00,0.00,37.00,37.00,0.00,15.00,'cancelado',0,NULL,NULL),('42','GALLETA DE ANIMALITO','ABARR','GR','',1000.00,0.00,1.00,0.00,12.89,12.89,0.00,1.00,'cancelado',0,NULL,NULL),('43','GLUCOSA','ABARR','GR','',1000.00,0.00,2.00,0.00,48.00,48.00,0.00,2.00,'cancelado',0,NULL,NULL),('44','GRENETINA','ABARR','GR','',1000.00,0.00,1.00,0.00,162.00,162.00,0.00,1.00,'cancelado',0,NULL,NULL),('45','GUAYABA ALMIBAR','ABARR','GR','',480.00,0.00,1.00,0.00,50.00,50.00,0.00,1.00,'cancelado',0,NULL,NULL),('46','HARINA DE TRIGO','ABARR','GR','',1000.00,1.60,6.00,0.00,9.20,9.20,0.00,4.40,'cancelado',0,NULL,NULL),('47','JUGO GUAYABA','ABARR','GR','',1000.00,0.00,1.00,0.00,13.90,13.90,0.00,1.00,'cancelado',0,NULL,NULL),('48','LECHE CONDENSADA','LACTE','ML','',387.00,6.00,15.00,0.00,17.45,17.45,0.00,0.00,'',0,NULL,NULL),('49','LEVADURA FRESCA','ABARR','GR','',1000.00,0.00,4.00,0.00,41.50,41.50,0.00,4.00,'cancelado',0,NULL,NULL),('5','ACEITE DE AJONJOLI','ABARR','GR','',250.00,-0.12,3.00,0.00,307.79,307.79,0.00,3.00,'cancelado',0,2.00,1.00),('50','MAZAPAN','ABARR','PZ','',1.00,-1.00,1.00,0.00,3.45,3.45,0.00,1.00,'cancelado',0,NULL,NULL),('51','MIEL DE ABEJA','ABARR','GR','',1000.00,0.00,3.00,0.00,123.33,123.33,0.00,3.00,'cancelado',0,NULL,NULL),('52','MOSTAZA AMARILLA','ABARR','GR','',1000.00,0.00,1.00,0.00,76.71,76.71,0.00,1.00,'cancelado',0,NULL,NULL),('53','NUTELLA','ABARR','GR','',1000.00,0.00,2.00,0.00,150.53,150.53,0.00,2.00,'cancelado',0,NULL,NULL),('54','PASTA FIDEO','ABARR','GR','',1000.00,0.00,3.00,0.00,26.67,26.67,0.00,3.00,'cancelado',0,NULL,NULL),('55','PASTA SPAGHETTI','ABARR','GR','',1000.00,0.00,1.00,0.00,26.67,26.67,0.00,1.00,'cancelado',0,NULL,NULL),('56','PEPITA DE GIRASOL','ABARR','GR','',1000.00,0.00,1.00,0.00,54.00,54.00,0.00,1.00,'cancelado',0,NULL,NULL),('57','PEPITA VERDE','ABARR','GR','',1000.00,-0.01,1.00,0.00,72.57,72.57,0.00,1.00,'cancelado',0,NULL,NULL),('58','POLVO PARA HORNEAR','ABARR','GR','',454.00,-0.08,2.00,0.00,92.27,92.27,0.00,2.00,'cancelado',0,NULL,NULL),('59','SAL AMARILLA','ABARR','GR','',1000.00,0.00,6.00,0.00,78.00,78.00,0.00,6.00,'cancelado',0,NULL,NULL),('6','SALSA INGLESA','ABARR','GR','',980.00,1.00,2.00,0.00,100.00,100.00,0.00,1.00,'cancelado',0,NULL,NULL),('60','SAL DE GRANO','ABARR','GR','',1000.00,50.00,2.00,0.00,5.10,5.10,0.00,0.00,'',0,NULL,NULL),('61','SEMILLA GIRASOL','ABARR','GR','',1000.00,-0.01,1.00,0.00,47.62,47.62,0.00,1.00,'cancelado',0,NULL,NULL),('62','VAINILLA LIQUIDA','ABARR','GR','',1000.00,0.00,1.00,0.00,43.96,43.96,0.00,1.00,'cancelado',0,NULL,NULL),('63','VINAGRE DE FRAMBUESA','ABARR','GR','',1000.00,0.00,2.00,0.00,140.00,140.00,0.00,2.00,'cancelado',0,NULL,NULL),('64','VINO TINTO COCINA','ABARR','GR','',1000.00,0.00,1.00,0.00,56.30,56.30,0.00,1.00,'cancelado',0,NULL,NULL),('65','GALLETAS SALMAS','ABARR','GR','',1000.00,0.00,8.00,0.00,2.53,2.53,0.00,8.00,'cancelado',0,NULL,NULL),('66','AGUA GARRAFON(20 LTS)','ABARR','MLG','',20000.00,8.00,0.00,0.00,27.00,27.00,0.00,0.00,'',0,NULL,NULL),('67','HUEVO','ABARR','GR','',1.00,90.00,10.00,0.00,1.55,1.55,0.00,0.00,'',0,NULL,NULL),('68','SALSA BBQ','ABARR','GR','',620.00,-1.02,6.00,0.00,56.04,56.04,0.00,6.00,'cancelado',0,NULL,NULL),('7','ALMENDRA ENTERA','ABARR','GR','',1000.00,0.00,1.00,0.00,241.80,241.80,0.00,1.00,'cancelado',0,NULL,NULL),('70','SALSA TABASCO(80 ML)','ABARR','GR','',60.00,4.00,1.00,0.00,36.29,36.29,0.00,0.00,'',0,NULL,NULL),('71','CONDIMIX DE POLLO','ABARR','GR','',1850.00,2.00,1.00,0.00,191.70,191.70,0.00,0.00,'',0,NULL,NULL),('72','MANGO EN ALMIBAR','ABARR','GR','',1000.00,2.54,8.00,0.00,29.90,29.90,0.00,5.46,'cancelado',0,NULL,NULL),('73','ATE DE GUAYABA','ABARR','GR','',1000.00,0.00,3.00,0.00,50.00,50.00,0.00,3.00,'cancelado',0,NULL,NULL),('74','FRIJOL NEGRO','ABARR','GR','',1000.00,0.00,15.00,0.00,32.52,32.52,0.00,15.00,'cancelado',0,NULL,NULL),('75','MAIZENA','ABARR','GR','',750.00,3.00,8.00,0.00,48.30,48.30,0.00,5.00,'cancelado',0,NULL,NULL),('76','ELOTE EN GRANO LATA','ABARR','GR','',1200.00,-0.06,4.00,0.00,35.00,35.00,0.00,4.00,'cancelado',0,NULL,NULL),('77','CONDIMIX DE RES','ABARR','GR','',1600.00,0.00,1.00,0.00,153.64,153.64,0.00,1.00,'cancelado',0,NULL,NULL),('78','GALLETAS MARIAS','ABARR','GR','',1000.00,0.00,1.00,0.00,50.00,50.00,0.00,1.00,'cancelado',0,NULL,NULL),('79','CHOCOLATE ABUELITA','ABARR','GR','',540.00,0.00,3.00,0.00,70.96,121.10,0.00,3.00,'cancelado',0,NULL,NULL),('8','VINO ROSADO COCINA','ABARR','GR','',1000.00,0.00,1.00,0.00,132.18,132.18,0.00,1.00,'cancelado',0,NULL,NULL),('80','AMARANTO','ABARR','GR','',1000.00,0.00,0.50,0.00,33.04,33.04,0.00,0.50,'cancelado',0,NULL,NULL),('81','CANELA EN POLVO','ABARR','GR','',511.00,0.00,2.00,0.00,150.00,150.00,0.00,2.00,'cancelado',0,NULL,NULL),('82','ANCHOAS','ABARR','GR','',110.00,0.00,4.00,0.00,1.00,1.00,0.00,4.00,'cancelado',0,NULL,NULL),('83','DULCE DE LECHE','ABARR','GR','',625.00,0.00,1.00,0.00,87.11,87.11,0.00,1.00,'cancelado',0,NULL,NULL),('84','PULPA GUANABANA','ABARR','GR','',1000.00,0.00,2.00,0.00,62.50,62.50,0.00,2.00,'cancelado',0,NULL,NULL),('85','TAJIN','ABARR','G}','',4000.00,5.40,15.00,0.00,42.54,42.54,0.00,9.60,'cancelado',0,NULL,NULL),('86','BALSAMICO DE PERA','ABARR','ML','',250.00,-0.36,1.00,0.00,250.00,250.00,0.00,1.00,'cancelado',0,NULL,NULL),('87','PULQUE COCINA','ABARR','ML','',1000.00,0.00,3.00,0.00,15.00,15.00,0.00,3.00,'cancelado',0,NULL,NULL),('88','SAL MARINA','ABARR','GR','',1000.00,-0.10,1.00,0.00,55.00,55.00,0.00,1.00,'cancelado',0,NULL,NULL),('89','SHORT RIB C/H','CARNE','GR','',1000.00,0.00,2.00,0.00,180.00,309.77,0.00,0.00,'',0,NULL,NULL),('9','CROUTONES','ABARR','GR','',907.00,-0.02,1.00,0.00,157.00,157.00,0.00,1.00,'cancelado',0,NULL,NULL),('90','PICA¤A','CARNE','GR','',1000.00,0.00,1.00,0.00,168.91,168.91,0.00,0.00,'',0,NULL,NULL),('91','PECHUGA DE POLLO','CARNE','GR','',1000.00,6.58,12.00,0.00,78.00,78.00,0.00,0.00,'',0,NULL,NULL),('92','RIB EYE','CARNE','GR','',1000.00,0.00,1.00,0.00,275.00,275.00,0.00,0.00,'',0,NULL,NULL),('93','CABEZA DE RES','CARNE','GR','',1000.00,-0.25,1.00,0.00,107.13,107.13,0.00,0.00,'',0,NULL,NULL),('94','CHICHARRON DE CERDO','CARNE','GR','',1000.00,0.73,2.00,0.00,120.00,120.00,0.00,0.00,'',0,NULL,NULL),('95','PIERNA DE CERDO','CARNE','GR','',1000.00,0.00,4.00,0.00,91.04,91.04,0.00,0.00,'',0,NULL,NULL),('96','ASIENTOS CHICHARRON','CARNE','GR','',1000.00,-0.25,1.00,0.00,120.00,120.00,0.00,0.00,'',0,NULL,NULL),('97','TLALITOS DE CERDO','CARNE','GR','',1000.00,-0.54,1.00,0.00,120.00,120.00,0.00,0.00,'',0,NULL,NULL),('98','CECINA','CARNE','GR','',1000.00,1.02,8.00,0.00,250.00,250.00,0.00,0.00,'',0,NULL,NULL),('99','CHAMORRO DE CERDO','CARNE','GR','',1000.00,-6.00,16.00,0.00,72.83,72.83,0.00,0.00,'',0,NULL,NULL),('ABEL','ABSOLUT ELYX','VODKA','ML','',750.00,0.00,0.00,0.00,410.26,410.26,16.00,0.00,'',0,NULL,NULL),('ABGM','GREY GOOSE 1.750','VODKA','ML','',1750.00,0.00,0.00,0.00,846.84,846.84,0.00,0.00,'',0,NULL,NULL),('AGCO','AGUA CORRIENTE','BEBID','ML','',19000.00,0.00,0.00,0.00,30.59,30.59,0.00,0.00,'',0,NULL,NULL),('AGMI','AGUA MINERAL','BEBID','ML','',1.00,312.00,792.00,0.00,7.11,7.11,16.00,0.00,'',0,NULL,NULL),('AGMM','AGUA MINERAL MINI','BEBID','ML','',1.00,-821.00,720.00,0.00,5.53,5.53,16.00,0.00,'',0,NULL,NULL),('AGNA','AGUA NATURAL','BEBID','ML','',1.00,25.00,144.00,0.00,4.21,4.21,0.00,0.00,'',0,NULL,NULL),('AGPE','PERRIER AGUA','BEBID','PZ','',1.00,-16.00,36.00,0.00,24.75,297.42,0.00,0.00,'',0,NULL,NULL),('AQSW','SWHEPPS','BEBID','ML','',1.00,0.00,24.00,0.00,60.35,60.35,0.00,0.00,'',0,NULL,NULL),('BOOS','BOOST','BEBID','ML','',1.00,0.00,0.00,0.00,13.26,13.26,0.00,0.00,'',0,NULL,NULL),('BRAM','ALMA DE MAGNO','BRAND','ML','',700.00,-1.66,2.00,0.00,232.74,232.74,16.00,0.00,'',0,NULL,NULL),('BRAZ','AZTECA DE ORO','BRAND','ML','',700.00,0.00,2.00,0.00,108.62,108.62,16.00,0.00,'',0,NULL,NULL),('BRCI','CARLOS I','BRAND','ML','',750.00,-0.24,2.00,0.00,482.76,482.76,16.00,0.00,'',0,NULL,NULL),('BRCM','CARDENAL DE MENDOZA','BRAND','ML','',750.00,0.00,0.00,0.00,761.77,761.77,16.00,0.00,'',0,NULL,NULL),('BRDA','DUQUE DE ALBA','BRAND','ML','',700.00,-0.26,0.00,0.00,582.80,582.80,16.00,0.00,'',0,NULL,NULL),('BRFU','FUNDADOR','BRAND','ML','',700.00,-0.26,0.00,0.00,150.00,150.00,16.00,0.00,'',0,NULL,NULL),('BRMA','MAGNO','BRAND','ML','',700.00,-0.49,8.00,0.00,146.54,146.54,16.00,0.00,'',0,NULL,NULL),('BRT1','TORRES 15','BRAND','ML','',700.00,-3.39,4.00,0.00,366.38,366.38,16.00,0.00,'',0,NULL,NULL),('BRT5','TORRES 5 A¥OS','BRAND','ML','',750.00,2.00,8.00,0.00,129.31,129.31,16.00,0.00,'',0,NULL,NULL),('BRTD','TORRES 10','BRAND','ML','',750.00,-3.97,12.00,0.00,188.78,188.78,16.00,0.00,'',0,NULL,NULL),('BRTE','TERRY CENTENARIO 750 ML.','BRAND','ML','',750.00,-0.24,0.00,0.00,206.03,206.03,16.00,0.00,'',0,NULL,NULL),('BRTV','TORRES 20 A¥OS','BRAND','ML','',700.00,0.00,2.00,0.00,642.24,642.24,16.00,0.00,'',0,NULL,NULL),('CAU2','CAMARON U12','PESCA','GR','',1000.00,0.00,0.00,0.00,1.00,0.00,0.00,0.00,'',0,NULL,NULL),('CC01','ESPRESO DECAF','CAFEE','ML','',16.00,0.00,1.00,0.00,498.75,498.75,16.00,0.00,'',0,NULL,NULL),('CC02','CAPSULA LUNGO DECAF','CAFEE','PZ','',50.00,2.00,1.00,0.00,545.00,545.00,0.00,0.00,'',0,NULL,NULL),('CC03','LUNGO FORTE EXPRESSO','CAFEE','ML','',16.00,0.00,1.00,0.00,326.72,326.72,16.00,0.00,'',0,NULL,NULL),('CC04','CAPSULA LUNGO FORTE','CAFEE','PZ','',50.00,-0.64,1.00,0.00,390.00,634.48,16.00,0.00,'',0,NULL,NULL),('CC05','CAPSULA LUNGO SABORES','CAFEE','PZ','',16.00,0.00,1.00,0.00,390.00,404.31,16.00,0.00,'',0,NULL,NULL),('CC06','LUNGO FORTE VAINILLA','CAFEE','ML','',16.00,0.00,1.00,0.00,950.00,950.00,16.00,0.00,'',0,NULL,NULL),('CEA9','ODULS S/ALCOHOL','CERVE','PZ','',355.00,0.00,10.00,0.00,8.90,8.90,0.00,0.00,'',0,NULL,NULL),('CEBA','BARRIL DE CERVEZA','CERVE','PZ','',12000.00,-1.34,0.00,0.00,853.00,853.00,16.00,0.00,'',0,NULL,NULL),('CEBN','BOCANEGRA','CERVE','PZ','',1.00,-8165.00,0.00,0.00,18.28,18.28,16.00,0.00,'',0,NULL,NULL),('CEBO','BOHEMIA CLARA','CERVE','PZ','',1.00,0.00,0.00,0.00,9.99,9.99,0.00,0.00,'',0,NULL,NULL),('CEBS','BOHEMIA OSCURA','CERVE','PZ','',1.00,0.00,0.00,0.00,9.98,9.98,0.00,0.00,'',0,NULL,NULL),('CEBU','BUDWISER','CERVE','PZ','',1.00,0.00,0.00,0.00,11.75,11.75,16.00,0.00,'',0,NULL,NULL),('CECA','CUCAPA AMBAR','CERVE','PZ','',1.00,0.00,0.00,0.00,19.83,19.83,16.00,0.00,'',0,NULL,NULL),('CECB','CUCAPA OBSCURA','CERVE','PZ','',1.00,-7.00,0.00,0.00,19.83,19.83,16.00,0.00,'',0,NULL,NULL),('CECC','CUCAPA CLASICA','CERVE','PZ','',1.00,0.00,0.00,0.00,19.83,19.83,16.00,0.00,'',0,NULL,NULL),('CECL','CORONA LIGHT','CERVE','PZ','',1.00,0.00,180.00,0.00,7.58,7.58,16.00,0.00,'',0,NULL,NULL),('CECO','TECATE','CERVE','PZ','',1.00,0.00,0.00,0.00,7.24,7.24,0.00,0.00,'',0,NULL,NULL),('CECR','CORONA','CERVE','PZ','',1.00,0.00,240.00,0.00,8.69,8.69,16.00,0.00,'',0,NULL,NULL),('CEGH','GOUSE ISL.HONKER','CERVE','PZ','',1.00,-25205.00,0.00,0.00,1.00,1.00,16.00,0.00,'',0,NULL,NULL),('CEGS','GOUSE ISLAND SOFIE','CERVE','PZ','',1.00,-4260.00,0.00,0.00,1.00,1.00,16.00,0.00,'',0,NULL,NULL),('CEHE','HEINEKEN','CERVE','PZ','',1.00,0.00,0.00,0.00,13.00,13.00,0.00,0.00,'',0,NULL,NULL),('CEHO','HOOGARDEN','CERVE','PZ','',1.00,-29465.00,0.00,0.00,29.00,29.00,0.00,0.00,'',0,NULL,NULL),('CELE','LEON NEGRA CERVEZA','CERVE','PZ','',1.00,0.00,180.00,0.00,8.69,8.69,16.00,0.00,'',0,NULL,NULL),('CEML','MODELO LIGHT','CERVE','PZ','',1.00,0.00,0.00,0.00,4.67,4.67,0.00,0.00,'',0,NULL,NULL),('CEMS','MODELO ESP.','CERVE','PZ','',1.00,0.00,300.00,0.00,9.45,9.45,16.00,0.00,'',0,NULL,NULL),('CENM','NEGRA MODELO','CERVE','PZ','',1.00,0.00,300.00,0.00,9.45,9.45,16.00,0.00,'',0,NULL,NULL),('CEOL','ODULS','CERVE','PZ','',1.00,0.00,36.00,0.00,9.89,9.89,16.00,0.00,'',0,NULL,NULL),('CEOS','OSADIA','CERVE','PZ','',1.00,-2485.00,0.00,0.00,1.00,1.00,16.00,0.00,'',0,NULL,NULL),('CEPA','PACIFICO','CERVE','PZ','',1.00,0.00,180.00,0.00,8.24,8.24,16.00,0.00,'',0,NULL,NULL),('CEQU','QUILMES','CERVE','PZ','',1.00,-2485.00,0.00,0.00,25.00,25.00,0.00,0.00,'',0,NULL,NULL),('CESA','SAGA','CERVE','PZ','',1.00,-10295.00,0.00,0.00,1.00,1.00,16.00,0.00,'',0,NULL,NULL),('CESE','STELLA','CERVE','PZ','',1.00,-28.00,60.00,0.00,16.38,16.38,16.00,0.00,'',0,NULL,NULL),('CESL','SOL LIGTH','CERVE','PZ','',1.00,0.00,0.00,0.00,5.00,5.00,0.00,0.00,'',0,NULL,NULL),('CESO','SOL CERVEZA','CERVE','PZ','',1.00,0.00,0.00,0.00,7.25,7.25,0.00,0.00,'',0,NULL,NULL),('CEST','STRONGBOW GOLD','CERVE','PZ','',1.00,0.00,0.00,0.00,1.00,1.00,0.00,0.00,'',0,NULL,NULL),('CEVI','VICTORIA','CERVE','PZ','',1.00,0.00,300.00,0.00,8.69,8.69,16.00,0.00,'',0,NULL,NULL),('CEXY','XY REGEL','CERVE','PZ','',1.00,0.00,0.00,0.00,1.00,1.00,0.00,0.00,'',0,NULL,NULL),('CG01','CIGARRO BLANCO','CIGAR','pz','',1.00,10.00,24.00,0.00,44.42,44.42,16.00,0.00,'',0,NULL,NULL),('CG02','CIGARRO ROJO','CIGAR','pz','',1.00,20.00,24.00,0.00,44.64,44.64,16.00,0.00,'',0,NULL,NULL),('CGCV','COURVOISIER VSOP','COGNA','ML','',700.00,0.00,0.00,0.00,286.96,286.96,0.00,0.00,'',0,NULL,NULL),('CGCX','COURVOISIER X.O.','COGNA','ML','',700.00,0.00,0.00,0.00,1182.00,1182.00,0.00,0.00,'',0,NULL,NULL),('CGHV','HENNESY VS','COGNA','ML','',700.00,0.00,2.00,0.00,905.78,905.78,16.00,0.00,'',0,NULL,NULL),('CGMM','MARTEL V.S.O.P','COGNA','ML','',700.00,0.00,4.00,0.00,564.66,564.66,16.00,0.00,'',0,NULL,NULL),('CGMS','MARTEL V.S.','COGNA','ML','',700.00,0.00,2.00,0.00,303.48,303.48,0.00,0.00,'',0,NULL,NULL),('CGVS','REMY MARTIN VS','COGNA','ML','',700.00,0.00,0.00,0.00,300.00,300.00,0.00,0.00,'',0,NULL,NULL),('CGXO','HENNESY VSOP','COGNA','ML','',700.00,0.00,2.00,0.00,2771.97,2771.97,16.00,0.00,'',0,NULL,NULL),('CHBB','MOET BABY BRUT','CHAMP','ML','',200.00,0.00,0.00,0.00,251.42,251.42,0.00,0.00,'',0,NULL,NULL),('CHBN','MOET BABY NECTAR','CHAMP','ML','',355.00,0.00,0.00,0.00,300.00,300.00,0.00,0.00,'',0,NULL,NULL),('CHBO','BOTTEGGA GOLD','CHAMP','ML','',750.00,0.00,2.00,0.00,535.72,535.72,0.00,0.00,'',0,NULL,NULL),('CHBR','MOET BABY ROSE','CHAMP','ML','',355.00,0.00,0.00,0.00,300.00,300.00,0.00,0.00,'',0,NULL,NULL),('CHDL','DOM PERIGNON LUMINUS','CHAMP','ML','',750.00,0.00,0.00,0.00,1.00,1.00,0.00,0.00,'',0,NULL,NULL),('CHDM','DOM PERIGNON','CHAMP','ML','',750.00,0.00,0.00,0.00,3089.14,3089.14,16.00,0.00,'',0,NULL,NULL),('CHDR','DOM PERIGNON ROSE','CHAMP','ML','',750.00,0.00,0.00,0.00,700.00,700.00,0.00,0.00,'',0,NULL,NULL),('CHJB','JOUDE BLASON ROSE','CHAMP','ML','',750.00,0.00,0.00,0.00,1.00,1.00,0.00,0.00,'',0,NULL,NULL),('CHM1','MOET BRUT 1.5 LTS','CHAMP','ML','',1500.00,0.00,0.00,0.00,1383.34,1383.34,0.00,0.00,'',0,NULL,NULL),('CHM3','MOET CHANDON 3 LTS','CHAMP','ML','',3000.00,0.00,0.00,0.00,1.00,1.00,0.00,0.00,'',0,NULL,NULL),('CHM6','MOET CHANDON 6 LTS','CHAMP','ML','',6000.00,0.00,0.00,0.00,1.00,1.00,0.00,0.00,'',0,NULL,NULL),('CHMC','MOET BRUT','CHAMP','ML','',750.00,0.00,3.00,0.00,830.43,830.43,16.00,0.00,'',0,NULL,NULL),('CHMI','MOET CHANDON ICE','CHAMP','ML','',750.00,0.00,2.00,0.00,1006.50,1006.50,16.00,0.00,'',0,NULL,NULL),('CHMR','MOET ROSE','CHAMP','ML','',750.00,0.00,2.00,0.00,1003.23,1003.23,16.00,0.00,'',0,NULL,NULL),('CHNE','MOET NECTAR','CHAMP','ML','',750.00,0.00,2.00,0.00,883.66,883.66,16.00,0.00,'',0,NULL,NULL),('CHNR','MOET NECTAR ROSE','CHAMP','ML','',750.00,0.00,2.00,0.00,897.41,897.41,16.00,0.00,'',0,NULL,NULL),('CHPB','PERRIER G.BRUT 750','CHAMP','ML','',750.00,0.00,0.00,0.00,566.86,566.86,0.00,0.00,'',0,NULL,NULL),('CHPJ','PERRIER JOUDE 200 ML','CHAMP','ML','',200.00,0.00,0.00,0.00,171.98,171.98,0.00,0.00,'',0,NULL,NULL),('CHVC','VEUVE CLICQUOT','CHAMP','ML','',750.00,0.00,0.00,0.00,700.00,700.00,0.00,0.00,'',0,NULL,NULL),('CHVP','VEUVE CLIQUOT PONSARDINI','CHAMP','ML','',750.00,0.00,0.00,0.00,1.00,1.00,0.00,0.00,'',0,NULL,NULL),('CI00','MARLBORO ROJOS','CIGAR','PZ','',1.00,0.00,0.00,0.00,1.00,0.00,16.00,0.00,'',0,NULL,NULL),('CI01','MARLBORO BLANCO','CIGAR','PZ','',1.00,0.00,0.00,0.00,1.00,0.00,16.00,0.00,'',0,NULL,NULL),('CIMR','CIGARRO','CIGAR','PZ','',1.00,-31.00,10.00,0.00,18.76,18.76,0.00,0.00,'',0,NULL,NULL),('CIRO','CINZANO ROJO','VINOS','ML','',750.00,0.00,10.00,0.00,123.23,123.23,16.00,0.00,'',0,NULL,NULL),('CLAM','CLAMATO 1.89 LT','ABBAR','ML','',1890.00,7.56,24.00,0.00,23.93,23.93,0.00,0.00,'',0,NULL,NULL),('COHV','HENNESY VS','COGNA','ML','',750.00,0.00,2.00,0.00,550.95,550.95,16.00,0.00,'',0,NULL,NULL),('COMV','MARTELL V.S.','COGNA','ML','',750.00,0.00,2.00,0.00,100.00,100.00,0.00,0.00,'',0,NULL,NULL),('CT3V','CAS MADERO 3V','VINOS','ML','',750.00,-0.34,0.00,0.00,225.00,0.00,0.00,0.00,'',0,NULL,NULL),('GIB2','BEEFFATER 24','GINEB','ML','',750.00,0.00,0.00,0.00,473.28,473.28,16.00,0.00,'',0,NULL,NULL),('GIBE','BEEFEATER GIN. 750 ML.','GINEB','ML','',750.00,0.00,0.00,0.00,300.86,300.86,16.00,0.00,'',0,NULL,NULL),('GIBM','BOODLES MULBERRY','GINEB','ML','',750.00,0.00,1.00,0.00,1.00,1.00,0.00,0.00,'',0,NULL,NULL),('GIBO','BOMBAY SAPPHIRE','GINEB','ML','',750.00,0.04,3.00,0.00,318.97,318.97,16.00,0.00,'',0,NULL,NULL),('GIBT','BOTANICA PREMIUM','GINEB','ML','',700.00,0.00,0.00,0.00,567.24,567.24,16.00,0.00,'',0,NULL,NULL),('GIBU','BULLDOG','GINEB','ML','',750.00,0.00,2.00,0.00,387.07,387.07,16.00,0.00,'',0,NULL,NULL),('GICT','CITADELLE','GINEB','ML','',750.00,0.00,0.00,0.00,1.00,1.00,16.00,0.00,'',0,NULL,NULL),('GIHE','HENDRICKS','GINEB','ML','',750.00,-0.06,4.00,0.00,493.97,493.97,16.00,0.00,'',0,NULL,NULL),('GIL1','LONDON # 1','GINEB','ML','',700.00,-0.25,3.00,0.00,542.24,542.24,16.00,0.00,'',0,NULL,NULL),('GILD','LONDON DRY BOODLES','GINEB','ML','',750.00,0.00,0.00,0.00,325.00,325.00,16.00,0.00,'',0,NULL,NULL),('GIM7','MONKEY 47','GINEB','ML','',500.00,0.00,3.00,0.00,1181.03,1181.03,16.00,0.00,'',0,NULL,NULL),('GIMA','MARE GIN','GINEB','ML','',700.00,0.00,0.00,0.00,516.38,516.38,16.00,0.00,'',0,NULL,NULL),('GIMO','MOM GINEBRA','GINEB','ML','',700.00,-0.07,3.00,0.00,323.27,323.27,16.00,0.00,'',0,NULL,NULL),('GION','OSO NEGRO GIN','GINEB','ML','',1000.00,0.00,0.00,0.00,60.00,60.00,0.00,0.00,'',0,NULL,NULL),('GIPA','PRINCIPE DE LOS APOSTOLES','GINEB','ML','',700.00,-0.42,0.00,0.00,1.00,1.00,16.00,0.00,'',0,NULL,NULL),('GITA','TANQUERAY LONDON','GINEB','ML','',750.00,0.10,4.00,0.00,249.15,249.15,16.00,0.00,'',0,NULL,NULL),('GITS','TANQUERAY SEVILLA','GINEB','ML','',750.00,0.00,1.00,0.00,550.86,550.86,16.00,0.00,'',0,NULL,NULL),('GITT','TANQUERAY TEN','GINEB','ML','',700.00,0.00,4.00,0.00,465.52,465.52,16.00,0.00,'',0,NULL,NULL),('HIEL','HIELO','HIELO','PZ','',1000.00,485.83,10.00,0.00,3.60,3.60,0.00,0.00,'',0,NULL,NULL),('INDI','INDIO CERVEZA','CERVE','PZ','',1.00,0.00,10.00,0.00,6.00,7.24,16.00,0.00,'',0,NULL,NULL),('JAGR','JARABE GRANADINA','LICOR','ML','',1000.00,0.98,3.00,0.00,52.75,52.75,16.00,0.00,'',0,NULL,NULL),('JANA','JARABE NATURAL','LICOR','ML','',1000.00,1.43,6.00,0.00,43.44,43.44,16.00,0.00,'',0,NULL,NULL),('JEDS','DRY SACK','JEREZ','ML','',750.00,-0.24,0.00,0.00,237.07,237.07,0.00,0.00,'',0,NULL,NULL),('JELI','LA INA 750 ML','JEREZ','ML','',750.00,0.00,0.00,0.00,194.18,194.18,0.00,0.00,'',0,NULL,NULL),('JEOP','OPORTO FERREIRA','JEREZ','ML','',750.00,0.00,0.00,0.00,320.00,320.00,0.00,0.00,'',0,NULL,NULL),('JEOT','OPORTO FERREIRA TAWNY','JEREZ','ML','',750.00,0.00,1.00,0.00,1.00,1.00,0.00,0.00,'',0,NULL,NULL),('JEPO','POCHOLA','JEREZ','ML','',750.00,0.00,1.00,0.00,83.40,83.40,0.00,0.00,'',0,NULL,NULL),('JETP','TIO PEPE','JEREZ','ML','',750.00,-0.06,2.00,0.00,229.31,229.31,16.00,0.00,'',0,NULL,NULL),('JUAR','JUGO ARANDANO','BEBID','ML','',1000.00,0.00,3.00,0.00,1.00,1.00,0.00,0.00,'',0,NULL,NULL),('JUDU','JUGO DURAZNO','BEBID','ML','',1000.00,0.00,1.00,0.00,1.00,1.00,0.00,0.00,'',0,NULL,NULL),('JULN','JUGO DE LIMON NATURAL','ABARR','GR','',1000.00,12.00,0.00,0.00,23.75,23.75,0.00,0.00,'',0,NULL,NULL),('JUMA','JUGO MANGO','BEBID','ML','',1000.00,0.00,1.00,0.00,1.00,1.00,16.00,0.00,'',0,NULL,NULL),('JUMZ','JUGO MANZANA','BEBID','ML','',1000.00,0.00,1.00,0.00,473.28,473.28,16.00,0.00,'',0,NULL,NULL),('JUNA','JUGO NARANJA','BEBID','ML','',1000.00,0.55,2.00,0.00,16.63,16.63,0.00,0.00,'',0,NULL,NULL),('JUNL','JUGI NATURAL LIMON','BEBID','ML','',1000.00,0.00,1.00,0.00,541.00,541.00,16.00,0.00,'',0,NULL,NULL),('JUNN','JUGO NATURAL NARANJA','BEBID','ML','',1000.00,8.00,1.00,0.00,21.25,21.25,0.00,0.00,'',0,NULL,NULL),('JUPI','JUGO PIÑA','BEBID','ML','',1000.00,-1.00,1.00,0.00,1.00,1.00,0.00,0.00,'',0,NULL,NULL),('JUTO','JUGO DE TOMATE','BEBID','ML','',1000.00,4.00,2.00,0.00,17.17,17.17,0.00,0.00,'',0,NULL,NULL),('JUUV','JUGO UVA','BEBID','ML','',1000.00,-1.00,1.00,0.00,1.00,1.00,16.00,0.00,'',0,NULL,NULL),('JWPL','JW PLATINUM 18','WHISK','ML','',750.00,0.00,0.00,0.00,1812.93,1812.93,16.00,0.00,'',0,NULL,NULL),('L001','TAPETE MIJITORIO','SULI','PZ','',1.00,0.00,0.00,0.00,1.00,0.00,16.00,0.00,'',0,NULL,NULL),('L002','BOLSA NEGRA 90X1.20','SULI','KG','',1.00,0.00,0.00,0.00,1.00,0.00,16.00,0.00,'',0,NULL,NULL),('L003','BOLS ANEGRA 60X90','SULI','KGP','',1.00,0.00,0.00,0.00,1.00,0.00,16.00,0.00,'',0,NULL,NULL),('L004','ALCOHOL SOLIDO','SURES','PZ','',1.00,24.00,0.00,0.00,12.46,12.46,0.00,0.00,'',0,NULL,NULL),('L005','PAPEL ALUMINO','SURES','PZ','',1.00,1.00,0.00,0.00,235.48,235.48,0.00,0.00,'',0,NULL,NULL),('L006','VITAFILM','SURES','PZ','',1.00,4.00,0.00,0.00,144.42,144.42,0.00,0.00,'',0,NULL,NULL),('L007','AGITADORES (100 PZ)','SURES','PZ','',100.00,8.00,0.00,0.00,38.00,38.00,0.00,0.00,'',0,NULL,NULL),('L008','PINGUINOS MARINELA','SURES','PZ','',1.00,17.00,0.00,0.00,71.51,71.51,0.00,0.00,'',0,NULL,NULL),('L009','DETERGENTE LIQUIDO','SULI','PZ','',1.00,0.00,0.00,0.00,1.00,0.00,0.00,0.00,'',0,NULL,NULL),('L010','CLORO','SULI','ML','',1000.00,12.00,0.00,0.00,7.75,7.75,0.00,0.00,'',0,NULL,NULL),('L011','DETERGENTE ROMA','SULI','GR','',1000.00,0.00,0.00,0.00,1.00,0.00,0.00,0.00,'',0,NULL,NULL),('L012','FIBRA ACERO','SULI','PZ','',1.00,0.00,0.00,0.00,1.00,0.00,0.00,0.00,'',0,NULL,NULL),('L013','PASTILLA BANO','SULI','PZ','',1.00,0.00,0.00,0.00,1.00,0.00,0.00,0.00,'',0,NULL,NULL),('L014','MECHUDO','SULI','PZ','',1.00,0.00,0.00,0.00,1.00,0.00,0.00,0.00,'',0,NULL,NULL),('L015','ESCOBA','SULI','PZ','',1.00,0.00,0.00,0.00,1.00,0.00,0.00,0.00,'',0,NULL,NULL),('L018','AJAX BICARBONATO','SULI','MLP','',1890.00,0.00,0.00,0.00,1.00,0.00,0.00,0.00,'',0,NULL,NULL),('LI43','LICOR 43','LICOR','ML','',750.00,-24.36,3.00,0.00,308.61,308.61,16.00,0.00,'',0,NULL,NULL),('LI4O','LICOR 43 OROCHATA','LICOR','ML','',700.00,0.00,2.00,0.00,316.94,316.94,16.00,0.00,'',0,NULL,NULL),('LIAA','AMARGO ANGOSTURA 1L','LICOR','ML','',1000.00,0.00,0.00,0.00,23.70,23.70,0.00,0.00,'',0,NULL,NULL),('LIAB','ABSINTH','LICOR','ML','',750.00,0.00,0.00,0.00,512.07,512.07,16.00,0.00,'',0,NULL,NULL),('LIAC','LAS CADENAS','LICOR','ML','',1000.00,0.00,1.00,0.00,275.86,275.86,16.00,0.00,'',0,NULL,NULL),('LIAD','AMARETTO DISARONO','LICOR','ML','',700.00,0.00,0.00,0.00,287.93,287.93,16.00,0.00,'',0,NULL,NULL),('LIAM','APEROL','LICOR','ML','',750.00,-0.54,2.00,0.00,206.38,206.38,16.00,0.00,'',0,NULL,NULL),('LIAN','AMARETTO CONTI 750 ML','LICOR','ML','',750.00,0.00,2.00,0.00,144.83,144.83,16.00,0.00,'',0,NULL,NULL),('LIAP','PERNOD 700 ML.','LICOR','ML','',700.00,0.00,0.00,0.00,163.63,163.63,0.00,0.00,'',0,NULL,NULL),('LIAR','ANCHO REYES','LICOR','ML','',750.00,0.00,1.00,0.00,189.98,189.98,16.00,0.00,'',0,NULL,NULL),('LIAS','DEL MONO SECO  750 ML','LICOR','ML','',750.00,0.00,0.00,0.00,186.20,186.20,16.00,0.00,'',0,NULL,NULL),('LIAU','COINTREAU 750 ML','LICOR','ML','',700.00,0.00,0.00,0.00,369.83,369.83,16.00,0.00,'',0,NULL,NULL),('LIAZ','LICOR AZUL CURACAO 7','LICOR','ML','',750.00,0.00,0.00,0.00,95.97,95.97,0.00,0.00,'',0,NULL,NULL),('LIBA','BAILEYS','LICOR','ML','',750.00,-0.88,2.00,0.00,206.90,206.90,16.00,0.00,'',0,NULL,NULL),('LIBD','CINZANO BCO EXSE','LICOR','ML','',750.00,0.00,0.00,0.00,123.23,123.23,16.00,0.00,'',0,NULL,NULL),('LIBE','BENEDICTINE','LICOR','ML','',750.00,0.00,0.00,0.00,302.61,302.61,0.00,0.00,'',0,NULL,NULL),('LIBL','BAILEYS CARAMELO 750 ML.','LICOR','ML','',750.00,0.00,0.00,0.00,284.18,284.18,16.00,0.00,'',0,NULL,NULL),('LICA','CAROLANS','LICOR','ML','',750.00,0.00,0.00,0.00,1.00,1.00,16.00,0.00,'',0,NULL,NULL),('LICB','CACAO BLANCO','LICOR','ML','',750.00,0.00,0.00,0.00,95.97,95.97,16.00,0.00,'',0,NULL,NULL),('LICC','CHBACANO LICOR','LICOR','ML','',750.00,0.00,0.00,0.00,1.00,1.00,0.00,0.00,'',0,NULL,NULL),('LICE','LICOR FRESA FLAMINGO','LICOR','ML','',750.00,0.00,1.00,0.00,43.00,43.00,0.00,0.00,'',0,NULL,NULL),('LICH','CHAMBOARD','LICOR','ML','',750.00,0.00,0.00,0.00,1.00,1.00,0.00,0.00,'',0,NULL,NULL),('LICI','LICOR CIRUELA JAPONESA','LICOR','ML','',750.00,0.00,0.00,0.00,1.00,1.00,0.00,0.00,'',0,NULL,NULL),('LICL','CINZANO BCO DULCE','LICOR','ML','',750.00,0.00,0.00,0.00,123.23,123.23,0.00,0.00,'',0,NULL,NULL),('LICM','CAMPARI BITTER','LICOR','ML','',750.00,0.00,1.00,0.00,211.91,211.91,16.00,0.00,'',0,NULL,NULL),('LICN','CONTROY','LICOR','ML','',1000.00,0.88,1.00,0.00,116.37,116.37,16.00,0.00,'',0,NULL,NULL),('LICO','CACAO OBSCUR0','LICOR','ML','',750.00,0.00,0.00,0.00,66.09,66.09,0.00,0.00,'',0,NULL,NULL),('LICR','CHARTREUSE AMARILLO','LICOR','ML','',700.00,0.00,0.00,0.00,560.68,560.68,16.00,0.00,'',0,NULL,NULL),('LICS','CASIS SISCA','LICOR','ML','',750.00,0.00,2.00,0.00,358.71,358.71,16.00,0.00,'',0,NULL,NULL),('LICU','CURACAO','LICOR','ML','',750.00,0.00,0.00,0.00,102.59,102.59,16.00,0.00,'',0,NULL,NULL),('LICV','CHARTREUSE VERDE','LICOR','ML','',700.00,0.00,0.00,0.00,629.31,629.31,16.00,0.00,'',0,NULL,NULL),('LIDC','CHINCHON DULCE','LICOR','ML','',1000.00,0.00,2.00,0.00,184.48,184.48,16.00,0.00,'',0,NULL,NULL),('LIDD','DULCE DOMECQ','LICOR','ML','',750.00,0.00,0.00,0.00,155.00,155.00,0.00,0.00,'',0,NULL,NULL),('LIDP','KALHUA LICOR DE CAFE','LICOR','ML','',1000.00,0.00,0.00,0.00,118.97,118.97,16.00,0.00,'',0,NULL,NULL),('LIDR','DRAMBUIE','LICOR','ML','',750.00,0.00,0.00,0.00,399.57,399.57,16.00,0.00,'',0,NULL,NULL),('LIDS','CHINCHON SEMIDULCE','LICOR','ML','',1000.00,0.00,0.00,0.00,184.48,184.48,16.00,0.00,'',0,NULL,NULL),('LIDU','DUBONET','LICOR','ML','',750.00,0.00,0.00,0.00,234.61,234.61,16.00,0.00,'',0,NULL,NULL),('LIDZ','LICOR DE DURAZNO/MELOCOTO','LICOR','ML','',750.00,0.00,0.00,0.00,89.66,89.66,16.00,0.00,'',0,NULL,NULL),('LIFD','LICOR DE FRUTAS DEKUYPER','LICOR','ML','',750.00,0.00,0.00,0.00,86.09,86.09,0.00,0.00,'',0,NULL,NULL),('LIFE','FERNET','LICOR','ML','',750.00,0.00,2.00,0.00,124.14,124.14,16.00,0.00,'',0,NULL,NULL),('LIFF','FRESA LICOR','LICOR','ML','',750.00,0.00,0.00,0.00,1.00,1.00,16.00,0.00,'',0,NULL,NULL),('LIFR','FRANGELICO','LICOR','ML','',700.00,0.00,2.00,0.00,254.31,254.31,16.00,0.00,'',0,NULL,NULL),('LIGA','GALLIANO','LICOR','ML','',500.00,0.00,0.00,0.00,192.45,192.45,16.00,0.00,'',0,NULL,NULL),('LIGN}','GRANADA PAMA','LICOR','ML','',750.00,0.00,1.00,0.00,341.30,341.30,0.00,0.00,'',0,NULL,NULL),('LIGR','GRAND MARNIER CORDON','LICOR','ML','',700.00,0.00,1.00,0.00,486.21,486.21,16.00,0.00,'',0,NULL,NULL),('LIHP','HPNOTIQ','LICOR','ML','',750.00,0.00,2.00,0.00,421.41,421.41,16.00,0.00,'',0,NULL,NULL),('LIHU','HURACAN','LICOR','ML','',750.00,0.00,0.00,0.00,1.00,1.00,0.00,0.00,'',0,NULL,NULL),('LIII','AMOR LICOR','LICOR','ML','',750.00,0.00,0.00,0.00,1.00,1.00,0.00,0.00,'',0,NULL,NULL),('LIJA','JAGERMEISTER','LICOR','ML','',700.00,-0.13,4.00,0.00,254.31,254.31,16.00,0.00,'',0,NULL,NULL),('LILI','LICOR LIMONCELLO','LICOR','ML','',750.00,0.00,0.00,0.00,1.00,1.00,0.00,0.00,'',0,NULL,NULL),('LIMB','MENTA BLANCA','LICOR','ML','',750.00,0.00,0.00,0.00,50.00,50.00,0.00,0.00,'',0,NULL,NULL),('LIMD','MARTINI BCO DULCE','LICOR','ML','',750.00,0.00,0.00,0.00,141.38,141.38,16.00,0.00,'',0,NULL,NULL),('LIME','LICOR DE MELON','LICOR','ML','',750.00,0.00,0.00,0.00,267.24,267.24,16.00,0.00,'',0,NULL,NULL),('LIMM','MELON MIDORI','LICOR','ML','',750.00,0.00,0.00,0.00,30.00,30.00,0.00,0.00,'',0,NULL,NULL),('LIMN','MANDARINE NAPOLEON','LICOR','ML','',750.00,0.00,0.00,0.00,423.37,423.37,16.00,0.00,'',0,NULL,NULL),('LIMR','MARTINI ROJO','LICOR','ML','',750.00,0.00,0.00,0.00,155.09,155.09,16.00,0.00,'',0,NULL,NULL),('LIMS','MARTINI BCO SECO','LICOR','ML','',750.00,0.00,0.00,0.00,155.09,155.09,16.00,0.00,'',0,NULL,NULL),('LIMV','MENTA VERDE','LICOR','ML','',750.00,0.00,0.00,0.00,70.00,70.00,16.00,0.00,'',0,NULL,NULL),('LIMZ','LICOR DE MANZANA','LICOR','ML','',750.00,0.00,1.00,0.00,113.79,113.79,16.00,0.00,'',0,NULL,NULL),('LINU','NUVO','LICOR','ML','',750.00,0.00,0.00,0.00,1.00,1.00,0.00,0.00,'',0,NULL,NULL),('LIOR','LICOR ORUJO','LICOR','ML','',750.00,0.00,0.00,0.00,1.00,1.00,0.00,0.00,'',0,NULL,NULL),('LIPA','LICOR PASSOA','LICOR','ML','',750.00,0.00,0.00,0.00,40.00,40.00,0.00,0.00,'',0,NULL,NULL),('LIPL','LICOR DE PLATANO 750','LICOR','ML','',750.00,0.00,0.00,0.00,95.97,95.97,0.00,0.00,'',0,NULL,NULL),('LIPX','PACHARA BASARANA','LICOR','ML','',750.00,0.00,0.00,0.00,240.78,240.78,16.00,0.00,'',0,NULL,NULL),('LIRB','ROMANA SAMBUCA BIANCO','LICOR','ML','',700.00,0.00,0.00,0.00,1.00,1.00,16.00,0.00,'',0,NULL,NULL),('LIRD','LICOR CINZANO ROJO D','LICOR','ML','',750.00,0.00,0.00,0.00,102.61,102.61,0.00,0.00,'',0,NULL,NULL),('LIRI','RICHARDS LICOR','LICOR','ML','',750.00,0.00,0.00,0.00,100.00,100.00,0.00,0.00,'',0,NULL,NULL),('LIRN','ROMANA SAMBUCA NERO','LICOR','ML','',700.00,0.00,1.00,0.00,1.00,1.00,16.00,0.00,'',0,NULL,NULL),('LIRO','ROMPOPE','LICOR','ML','',900.00,0.00,1.00,0.00,93.30,93.30,0.00,0.00,'',0,NULL,NULL),('LISA','LICOR DE SANDIA DEKUYPER','LICOR','ML','',750.00,0.00,0.00,0.00,104.69,104.69,0.00,0.00,'',0,NULL,NULL),('LISC','CHINCHON SECO','LICOR','ML','',1000.00,0.00,2.00,0.00,184.48,184.48,16.00,0.00,'',0,NULL,NULL),('LISD','SECO DOMECQ','LICOR','ML','',750.00,0.00,0.00,0.00,60.00,60.00,0.00,0.00,'',0,NULL,NULL),('LISG','SAMBUCA BCO','LICOR','ML','',700.00,-10.71,0.00,0.00,211.04,211.04,16.00,0.00,'',0,NULL,NULL),('LISN','SAMBUCA NEGRO','LICOR','ML','',700.00,-0.13,2.00,0.00,228.45,228.45,16.00,0.00,'',0,NULL,NULL),('LISO','CITRIC SOUTH COMFOR','LICOR','ML','',750.00,0.00,0.00,0.00,1.00,1.00,0.00,0.00,'',0,NULL,NULL),('LIVR','CINZANO ROJO','LICOR','ML','',750.00,0.00,1.00,0.00,113.79,113.79,16.00,0.00,'',0,NULL,NULL),('LIVX','CINZANO  EXTRA SECO','LICOR','ML','',750.00,0.00,1.00,0.00,534.78,534.78,16.00,0.00,'',0,NULL,NULL),('LSR1','ANEXO MOLE POBLANO','PRODU','','',1.00,0.00,0.00,0.00,37.11,37.11,0.00,0.00,'',0,NULL,NULL),('LSR2','ANEXO PIPIAN VERDE','PRODU','','',1.00,0.00,0.00,0.00,27.08,27.08,0.00,0.00,'',0,NULL,NULL),('MALM','ALMEJAS','PESCA','GR','',1000.00,0.00,0.00,0.00,1.00,0.00,0.00,0.00,'',0,NULL,NULL),('MARV','MARTELL VSOP','COGNA','ML','',1.00,0.00,4.00,0.00,564.66,564.66,16.00,0.00,'',0,NULL,NULL),('ME4C','400 CONEJOS ESPADIN BCO','MEZCA','ML','',700.00,-1.96,6.00,0.00,303.03,303.03,16.00,0.00,'',0,NULL,NULL),('ME4R','400 CONEJOS REPOSADO','MEZCA','ML','',700.00,-0.43,3.00,0.00,407.14,407.14,16.00,0.00,'',0,NULL,NULL),('MEAC','AMORES CUPRETA JOVEN','MEZCA','ML','',750.00,0.00,2.00,0.00,418.10,418.10,16.00,0.00,'',0,NULL,NULL),('MEAE','AMORES ESPADIN JOVEN','MEZCA','ML','',750.00,1.00,2.00,0.00,422.40,422.40,16.00,0.00,'',0,NULL,NULL),('MEAR','AMORES REPOSADO','MEZCA','ML','',750.00,0.00,3.00,0.00,1.00,1.00,16.00,0.00,'',0,NULL,NULL),('MECE','CONVITE ENS.ESAPDIN','MEZCA','ML','',1.00,0.00,0.00,0.00,492.20,492.20,16.00,0.00,'',0,NULL,NULL),('MECR','CREYENTE MEZCAL','MEZCA','ML','',700.00,0.00,0.00,0.00,498.28,498.28,16.00,0.00,'',0,NULL,NULL),('MECT','CONVITE TOBALA','MEZCA','ML','',700.00,0.00,0.00,0.00,875.00,875.00,0.00,0.00,'',0,NULL,NULL),('MEDA','DANZANTES A¥EJO','MEZCA','ML','',750.00,0.00,0.00,0.00,1040.69,1040.69,16.00,0.00,'',0,NULL,NULL),('MEMA','MONO AZUL','MEZCA','ML','',750.00,0.00,1.00,0.00,297.42,297.42,16.00,0.00,'',0,NULL,NULL),('MEQU','QUETZAL ARROQUEÑO ESPADIN','MEZCA','ML','',750.00,0.00,1.00,0.00,593.97,593.97,16.00,0.00,'',0,NULL,NULL),('MEUJ','UNION JOVEN','MEZCA','ML','',700.00,0.00,1.00,0.00,1.00,1.00,16.00,0.00,'',0,NULL,NULL),('MEVM','VERDE MOMENTO','MEZCA','ML','',700.00,1.00,0.00,0.00,249.99,249.99,16.00,0.00,'',0,NULL,NULL),('MOST','OSTIONES','PESCA','GR','',1000.00,0.00,0.00,0.00,1.00,0.00,0.00,0.00,'',0,NULL,NULL),('PULQ','PULQUE BARRA','TEQUI','ML','',1000.00,0.00,10.00,0.00,35.00,35.00,0.00,0.00,'',0,NULL,NULL),('REDB','RED BULL','BEBID','PZ','',1.00,12.00,96.00,0.00,18.97,18.97,16.00,0.00,'',0,NULL,NULL),('RFCO','REFIL COCACOLA','BEBID','PZ','',1.00,9.00,12.00,0.00,20.84,20.84,16.00,0.00,'RF',0,NULL,NULL),('RFMA','REFIL MANZANA','BEBID','PZ','',1.00,0.00,12.00,0.00,510.34,510.34,16.00,0.00,'',0,NULL,NULL),('RO10','BACARDI 101  700 ML','RONNN','ML','',700.00,0.00,0.00,0.00,99.13,99.13,0.00,0.00,'',0,NULL,NULL),('ROA1','APPLETON STATE 12','RONNN','ML','',750.00,-0.12,2.00,0.00,387.93,387.93,16.00,0.00,'',0,NULL,NULL),('ROAB','APPLETON BLANCO','RONNN','ML','',750.00,0.00,0.00,0.00,86.21,86.21,16.00,0.00,'',0,NULL,NULL),('ROAO','APPLETON ESPECIAL','RONNN','ML','',750.00,0.00,2.00,0.00,94.83,94.83,16.00,0.00,'',0,NULL,NULL),('ROAP','APPLETON ESTATE V/X 750 M','RONNN','ML','',750.00,-1.56,4.00,0.00,165.52,165.52,16.00,0.00,'',0,NULL,NULL),('ROAR','APPLETON ESTATE RES.BLEND','RONNN','ML','',1.00,0.00,2.00,0.00,1.00,1.00,0.00,0.00,'',0,NULL,NULL),('ROB2','BOTRAN 12','RONNN','ML','',750.00,0.00,2.00,0.00,288.79,288.79,16.00,0.00,'',0,NULL,NULL),('ROB8','BACARDI 8','RONNN','ML','',700.00,0.00,2.00,0.00,284.48,284.48,16.00,0.00,'',0,NULL,NULL),('ROBA','BACARDI AÑEJO','RONNN','ML','',750.00,0.00,3.00,0.00,88.70,88.70,0.00,0.00,'',0,NULL,NULL),('ROBB','BACARDI BLANCO','RONNN','ML','',750.00,-1.88,12.00,0.00,99.13,99.13,16.00,0.00,'',0,NULL,NULL),('ROBG','BACARDI 10 GRAN RES','RONNN','ML','',750.00,-0.12,2.00,0.00,383.62,383.62,16.00,0.00,'',0,NULL,NULL),('ROBM','BACARDI GRAN RESERVA','RONNN','ML','',3000.00,0.00,2.00,0.00,557.18,557.18,0.00,0.00,'',0,NULL,NULL),('ROBV','BOTRAN SOLERA G.RES','RONNN','ML','',750.00,0.00,0.00,0.00,530.17,530.17,16.00,0.00,'',0,NULL,NULL),('ROCB','CAPT.MORGAN BLACK','RONNN','mL','',750.00,0.00,0.00,0.00,172.79,172.79,0.00,0.00,'',0,NULL,NULL),('ROCM','CAPT.MORGAN ORIGINAL','RONNN','ML','',750.00,-0.24,4.00,0.00,111.21,111.21,16.00,0.00,'',0,NULL,NULL),('ROCW','CAPT.MORGAN WHITE','RONNN','ML','',750.00,0.00,3.00,0.00,112.07,112.07,16.00,0.00,'',0,NULL,NULL),('ROF1','FLOR CA¥A 12 A¥OS','RONNN','NM','',750.00,0.00,0.00,0.00,425.00,425.00,16.00,0.00,'',0,NULL,NULL),('ROF5','FLOR CA¥A 5 A¥OS','RONNN','ML','',750.00,0.00,0.00,0.00,1.00,1.00,0.00,0.00,'',0,NULL,NULL),('ROF7','FLOR CA¥A 7 A¥OS','RONNN','ML','',750.00,0.72,3.00,0.00,218.10,218.10,16.00,0.00,'',0,NULL,NULL),('ROF8','FLOR DE CANA 18','RONNN','ML','',700.00,0.00,10.00,0.00,1.00,1.00,0.00,0.00,'',0,NULL,NULL),('ROH3','HAVANA 3 A¥OS A¥EJO ESP.','RONNN','ML','',750.00,-1.00,0.00,0.00,106.88,106.88,16.00,0.00,'',0,NULL,NULL),('ROH7','HAVANA 7 A¥OS','RONNN','ML','',750.00,-4.20,8.00,0.00,237.05,237.05,16.00,0.00,'',0,NULL,NULL),('ROHB','HAVANA BARREL PROFF','RONNN','ML','',750.00,0.00,0.00,0.00,1.00,1.00,0.00,0.00,'',0,NULL,NULL),('ROHC','HAVANA BLANCO','RONNN','ML','',750.00,2.00,6.00,0.00,103.44,103.44,16.00,0.00,'',0,NULL,NULL),('ROHG','HAVANA GRAN RESERVA','RONNN','ML','',750.00,0.00,0.00,0.00,1.00,1.00,0.00,0.00,'',0,NULL,NULL),('ROHM','HAVANA SELC.MAESTROS','RONNN','ML','',750.00,0.00,0.00,0.00,650.86,650.86,16.00,0.00,'',0,NULL,NULL),('ROHR','HAVANA RESERVA','RONNN','ML','',750.00,0.00,0.00,0.00,1.00,1.00,0.00,0.00,'',0,NULL,NULL),('ROHS','HAVANA SILVER','RONNN','ML','',750.00,0.00,0.00,0.00,1.00,1.00,0.00,0.00,'',0,NULL,NULL),('ROKG','KRAKEN GHOST','RONNN','ML','',750.00,0.00,0.00,0.00,117.33,117.33,16.00,0.00,'',0,NULL,NULL),('ROKR','KRAKEN BLACK','RONNN','ML','',750.00,0.00,2.00,0.00,126.72,126.72,16.00,0.00,'',0,NULL,NULL),('ROM1','MATUSALEM G.RES. 18 A¥OS','RONNN','ML','',750.00,0.00,0.00,0.00,418.49,418.49,16.00,0.00,'',0,NULL,NULL),('ROM3','MATUSALEM 23','RONNN','ML','',750.00,0.00,0.00,0.00,863.19,863.19,16.00,0.00,'',0,NULL,NULL),('ROMA','MALIBU COCO WHITE','RONNN','ML','',750.00,0.00,0.00,0.00,136.21,136.21,16.00,0.00,'',0,NULL,NULL),('ROMB','MALIBU BLACK','RONNN','ML','',750.00,0.00,0.00,0.00,141.68,141.68,0.00,0.00,'',0,NULL,NULL),('ROMC','MATUSALEM CLASICO','RONNN','ML','',750.00,-0.44,8.00,0.00,150.85,150.85,16.00,0.00,'',0,NULL,NULL),('ROMG','MATUSALEM GRAN RESERVA','RONNN','ML','',750.00,-1.00,6.00,0.00,231.03,231.03,16.00,0.00,'',0,NULL,NULL),('ROMP','MATUSALEM PLATINO','RONNN','ML','',750.00,-0.36,6.00,0.00,105.73,105.73,16.00,0.00,'',0,NULL,NULL),('ROST','SANTA TERESA 1796','RONNN','ML','',750.00,0.00,2.00,0.00,94.78,94.78,0.00,0.00,'',0,NULL,NULL),('ROZ2','ZACAPA 23 A¥OS','RONNN','ML','',750.00,-0.36,4.00,0.00,646.55,646.55,16.00,0.00,'',0,NULL,NULL),('ROZA','ZACAPA 15','RONNN','ML','',750.00,0.00,0.00,0.00,1.00,1.00,0.00,0.00,'',0,NULL,NULL),('ROZM','ZACAPA AMBER','RONNN','ML','',750.00,0.00,4.00,0.00,523.32,523.32,16.00,0.00,'',0,NULL,NULL),('ROZX','ZACAPA XO','RONNN','ML','',750.00,0.00,0.00,0.00,1612.07,1612.07,16.00,0.00,'',0,NULL,NULL),('SCDR','MANZANITA','BEBID','PZ','',1.00,24.00,96.00,0.00,8.42,8.42,16.00,0.00,'',0,NULL,NULL),('SOAE','GARRAFON DE AGUA','BEBID','PZ','',19000.00,0.00,10.00,0.00,27.00,27.00,0.00,0.00,'',0,NULL,NULL),('SOCC','COCA COLA CLASICA','BEBID','PZ','',1.00,97.00,480.00,0.00,9.93,9.93,16.00,0.00,'',0,NULL,NULL),('SOCL','COCA LIGTH','BEBID','PZ','',1.00,0.00,96.00,0.00,6.90,6.90,16.00,0.00,'',0,NULL,NULL),('SOCM','COCACOLA MINI','BEBID','PZ','',1.00,144.00,360.00,0.00,7.44,7.44,16.00,0.00,'',0,NULL,NULL),('SODC','COCA SIN AZUCAR','BEBID','PZ','',1.00,0.00,72.00,0.00,4.57,4.57,0.00,0.00,'',0,NULL,NULL),('SODE','DELAWARE','BEBID','PZ','',1.00,0.00,24.00,0.00,1.00,1.00,0.00,0.00,'',0,NULL,NULL),('SOFR','FRESCA','BEBID','PZ','',1.00,48.00,144.00,0.00,8.42,8.42,16.00,0.00,'',0,NULL,NULL),('SOGL','GINGER','BEBID','PZ','',1.00,0.00,72.00,0.00,4.74,4.74,16.00,0.00,'',0,NULL,NULL),('SOQQ','COCA COLA LIGTH MINI','BEBID','PZ','',1.00,0.00,72.00,0.00,60.35,60.35,0.00,0.00,'',0,NULL,NULL),('SORR','COCA COLA ZERO MINI','BEBID','PZ','',1.00,0.00,24.00,0.00,60.35,60.35,0.00,0.00,'',0,NULL,NULL),('SOSL','FANTA','BEBID','PZ','',1.00,0.00,48.00,0.00,4.57,4.57,16.00,0.00,'',0,NULL,NULL),('SOSP','SPRITE','BEBID','PZ','',1.00,0.00,72.00,0.00,14.13,14.13,0.00,0.00,'',0,NULL,NULL),('SOSQ','SPRITE ZERO','BEBID','PZ','',1.00,0.00,48.00,0.00,3.42,3.42,0.00,0.00,'',0,NULL,NULL),('SRR!','SR ACEITE DE AJO','PRODU','GR','',1000.00,-0.24,10.00,0.00,141.38,141.38,0.00,0.00,'',0,NULL,NULL),('SRR\"','SR ADEREZO CESAR','PRODU','GR','',1000.00,0.00,10.00,0.00,116.87,116.87,0.00,0.00,'',0,NULL,NULL),('SRR#','SR ADEREZO DULCE','PRODU','GR','',1000.00,-0.08,10.00,0.00,137.57,137.57,0.00,0.00,'',0,NULL,NULL),('SRR$','SR ADEREZO MARACUYA','PRODU','GR','',1000.00,-0.12,10.00,0.00,68.37,68.37,0.00,0.00,'',0,NULL,NULL),('SRR%','SR ADEREZO TOUGURTH','PRODU','GR','',1000.00,-0.12,10.00,0.00,64.81,64.81,0.00,0.00,'',0,NULL,NULL),('SRR&','SR ADOBO','PRODU','ML','',1000.00,-0.20,10.00,0.00,91.14,91.14,0.00,0.00,'',0,NULL,NULL),('SRR(','SR AD MAYO CHIPOTLES','PRODU','GR','',1350.00,-0.56,10.00,0.00,27.31,27.31,0.00,0.00,'',0,NULL,NULL),('SRR)','SR AGUACHILE MANGO HABANE','PRODU','GR','',1000.00,-1.05,10.00,0.00,34.10,34.10,0.00,0.00,'',0,NULL,NULL),('SRR-','SR AGUACHILE NEGRO','PRODU','GR','',1400.00,0.00,10.00,0.00,45.48,45.48,0.00,0.00,'',0,NULL,NULL),('SRR.','SR AGUACHILE VERDE','PRODU','GR','',400.00,-3.35,10.00,0.00,10.60,10.60,0.00,0.00,'',0,NULL,NULL),('SRR0','SR AJILLO','PRODU','ML','',1000.00,-0.03,10.00,0.00,66.06,66.06,0.00,0.00,'',0,NULL,NULL),('SRR1','SR AJO FRITO','PRODU','GR','',200.00,-0.20,10.00,0.00,42.20,42.20,0.00,0.00,'',0,NULL,NULL),('SRR2','SR ALIOLI','PRODU','GR','',400.00,0.00,10.00,0.00,20.36,20.36,0.00,0.00,'',0,NULL,NULL),('SRR3','SR ARROZ CON LECHE','PRODU','GR','',1500.00,0.00,10.00,0.00,61.58,61.58,0.00,0.00,'',0,NULL,NULL),('SRR4','SR ARROZ ROJO','PRODU','GR','',2000.00,-0.49,10.00,0.00,100.69,100.69,0.00,0.00,'',0,NULL,NULL),('SRR5','SR CREMA DE CHIPOTLE','PRODU','ML','',700.00,-0.60,10.00,0.00,26.00,26.00,0.00,0.00,'',0,NULL,NULL),('SRR6','SR CALDILLO FRIJOL NEGRO','PRODU','GR','',1000.00,0.00,10.00,0.00,59.92,59.92,0.00,0.00,'',0,NULL,NULL),('SRR7','SR CALDO DE POLLO','PRODU','ML','',1000.00,0.00,10.00,0.00,49.29,49.29,0.00,0.00,'',0,NULL,NULL),('SRR8','SR CARNE HAMBURGUESA','PRODU','GR','',1000.00,-3.50,10.00,0.00,99.04,99.04,0.00,0.00,'',0,NULL,NULL),('SRR9','SR CARNITAS PULQUE','PRODU','GR','',5500.00,-0.02,10.00,0.00,1318.32,1318.32,0.00,0.00,'',0,NULL,NULL),('SRR:','SR CEBOLLAS CAJUN LIMO','PRODU','GR','',150.00,-3.06,10.00,0.00,81.86,81.86,0.00,0.00,'',0,NULL,NULL),('SRR;','SR CEBOLLAS ENCURTIDAS','PRODU','GR','',1000.00,-0.16,10.00,0.00,39.37,39.37,0.00,0.00,'',0,NULL,NULL),('SRR<','SR CHICHARRON PRENSADO','PRODU','GR','',600.00,-0.80,10.00,0.00,61.54,61.54,0.00,0.00,'',0,NULL,NULL),('SRR>','SR CHILE/CEBOLLA TOREADOS','PRODU','GR','',1500.00,-0.03,10.00,0.00,21.11,21.11,0.00,0.00,'',0,NULL,NULL),('SRRA','SR CHILES EN VINAGRE','PRODU','GR','',4000.00,-0.07,10.00,0.00,104.60,104.60,0.00,0.00,'',0,NULL,NULL),('SRRB','SR CHIMICHURRI','PRODU','GR','',700.00,0.00,10.00,0.00,34.41,34.41,0.00,0.00,'',0,NULL,NULL),('SRRC','SR CHOCOLATE CALIENTE','PRODU','ML','',1000.00,0.00,10.00,0.00,36.07,36.07,0.00,0.00,'',0,NULL,NULL),('SRRD','SR PIE QUESO GUAYABA','PRODU','GR','',7.00,0.00,10.00,0.00,97.27,97.27,0.00,0.00,'',0,NULL,NULL),('SRRE','SR CREMA MASCARPONE','PRODU','GR','',900.00,0.00,10.00,0.00,130.76,130.76,0.00,0.00,'',0,NULL,NULL),('SRRF','SR CREME BRULEE','PRODU','PZ','',3000.00,0.00,10.00,0.00,77.87,77.87,0.00,0.00,'',0,NULL,NULL),('SRRG','SR CREMOSO AGUACATE','PRODU','GR','',1350.00,-0.82,10.00,0.00,58.19,58.19,0.00,0.00,'',0,NULL,NULL),('SRRH','SR ENSALADA DE NOPAL','PRODU','GR','',1000.00,-0.26,10.00,0.00,180.37,180.37,0.00,0.00,'',0,NULL,NULL),('SRRI','SR FIDEO SECO','PRODU','GR','',1000.00,0.00,10.00,0.00,43.19,43.19,0.00,0.00,'',0,NULL,NULL),('SRRJ','SR FLAN','PRODU','GR','',12.00,0.00,10.00,0.00,123.20,123.20,0.00,0.00,'',0,NULL,NULL),('SRRK','SR FRIJOLES DE OLLA','PRODU','GR','',2000.00,-0.21,10.00,0.00,37.34,37.34,0.00,0.00,'',0,NULL,NULL),('SRRL','SR FRIJOLES MANEADOS','PRODU','GR','',10000.00,-0.04,10.00,0.00,539.50,539.50,0.00,0.00,'',0,NULL,NULL),('SRRM','SR FRIJOLES REFRITOS','PRODU','GR','',2000.00,-0.88,10.00,0.00,42.04,42.04,0.00,0.00,'',0,NULL,NULL),('SRRN','SR GALLETA BASE','PRODU','GR','',320.00,0.00,10.00,0.00,27.11,27.11,0.00,0.00,'',0,NULL,NULL),('SRRO','SR GANACHE CHOCOLATE','PRODU','GR','',600.00,-0.05,10.00,0.00,68.34,68.34,0.00,0.00,'',0,NULL,NULL),('SRRP','SR GUACAMOLE','PRODU','GR','',1200.00,-4.51,10.00,0.00,45.03,45.03,0.00,0.00,'',0,NULL,NULL),('SRRQ','SR HUITLACOCHE','PRODU','GR','',1200.00,-0.16,10.00,0.00,41.02,41.02,0.00,0.00,'',0,NULL,NULL),('SRRR','SR JARABE 3 LECHES','PRODU','GR','',5000.00,0.00,10.00,0.00,226.73,226.73,0.00,0.00,'',0,NULL,NULL),('SRRS','SR JUGO DE CARNE','PRODU','ML','',1500.00,-0.07,10.00,0.00,142.98,142.98,0.00,0.00,'',0,NULL,NULL),('SRRT','SR JUGO DE LIMON','PRODU','ML','',400.00,-1.03,10.00,0.00,14.00,14.00,0.00,0.00,'',0,NULL,NULL),('SRRU','SR JUGO DE NARANJA','PRODU','ML','',1000.00,0.00,10.00,0.00,12.50,12.50,0.00,0.00,'',0,NULL,NULL),('SRRV','SR LECHON FIDEO','PRODU','GR','',1000.00,-0.05,10.00,0.00,171.18,171.18,0.00,0.00,'',0,NULL,NULL),('SRRW','SR LECHUGAS MIXTAS','PRODU','GR','',1000.00,0.00,10.00,0.00,25.00,25.00,0.00,0.00,'',0,NULL,NULL),('SRRX','SR MAYONESA HABANERO','PRODU','GR','',1000.00,-0.12,10.00,0.00,26.78,26.78,0.00,0.00,'',0,NULL,NULL),('SRRY','SR MOLE POBLANO','PRODU','GR','',1000.00,-0.10,10.00,0.00,113.07,113.07,0.00,0.00,'',0,NULL,NULL),('SRRZ','SR MOLTEN ABUELITA','PRODU','PZ','',9.00,-0.11,10.00,0.00,80.19,80.19,0.00,0.00,'',0,NULL,NULL),('SRR[','SR MOUSSE ROMPOPE','PRODU','PZ','',4000.00,0.00,10.00,0.00,112.03,112.03,0.00,0.00,'',0,NULL,NULL),('SRR]','SR MONOS DE COCO','PRODU','GR','',230.00,0.00,10.00,0.00,71.18,71.18,0.00,0.00,'',0,NULL,NULL),('SRR_','SR PAN DE HAMBURGUESA','PRODU','PZ','',6.00,-2.34,10.00,0.00,18.50,18.50,0.00,0.00,'',0,NULL,NULL),('SRRa','SR PICO DE AGUACATE','PRODU','GR','',850.00,-2.39,10.00,0.00,54.80,54.80,0.00,0.00,'',0,NULL,NULL),('SRRb','SR PICO DE MANG0/FRAMBUES','PRODU','GR','',300.00,0.00,10.00,0.00,14.97,14.97,0.00,0.00,'',0,NULL,NULL),('SRRc','SR PIERNA HORNO','PRODU','GR','',7000.00,-0.10,10.00,0.00,955.44,955.44,0.00,0.00,'',0,NULL,NULL),('SRRd','SR PIPIAN ROJO','PRODU','GR','',1500.00,-0.07,10.00,0.00,88.77,88.77,0.00,0.00,'',0,NULL,NULL),('SRRe','SR PIPIAN VERDE','PRODU','GR','',2500.00,-0.04,10.00,0.00,90.79,90.79,0.00,0.00,'',0,NULL,NULL),('SRRf','SR PULPO COCIDO','PRODU','GR','',500.00,0.00,10.00,0.00,236.01,236.01,0.00,0.00,'',0,NULL,NULL),('SRRg','SR RAJAS POBLANAS','PRODU','GR','',1000.00,0.00,10.00,0.00,41.40,41.40,0.00,0.00,'',0,NULL,NULL),('SRRh','SR SALSA CERVEZA','PRODU','ML','',2200.00,-0.07,10.00,0.00,96.60,96.60,0.00,0.00,'',0,NULL,NULL),('SRRi','SR SALSA DULCE DE LECHE','PRODU','ML','',500.00,0.00,10.00,0.00,55.02,55.02,0.00,0.00,'',0,NULL,NULL),('SRRj','SR SALSA DE ROMPOPE','PRODU','ML','',760.00,0.00,10.00,0.00,57.45,57.45,0.00,0.00,'',0,NULL,NULL),('SRRk','SR SALSA MACHA','PRODU','GR','',300.00,-0.07,10.00,0.00,23.78,23.78,0.00,0.00,'',0,NULL,NULL),('SRRl','SR SALSA MORITA','PRODU','GR','',1000.00,-0.05,10.00,0.00,26.80,26.80,0.00,0.00,'',0,NULL,NULL),('SRRm','SR SALSA NEGRA','PRODU','ML','',2000.00,-0.08,10.00,0.00,113.65,113.65,0.00,0.00,'',0,NULL,NULL),('SRRn','SR SALSA ORIENTAL','PRODU','ML','',700.00,0.00,10.00,0.00,59.26,59.26,0.00,0.00,'',0,NULL,NULL),('SRRo','SR SALSA PONZU','PRODU','ML','',1000.00,-0.20,10.00,0.00,43.37,43.37,0.00,0.00,'',0,NULL,NULL),('SRRp','SR SALSA ROJA','PRODU','GR','',2500.00,-0.36,10.00,0.00,38.03,38.03,0.00,0.00,'',0,NULL,NULL),('SRRq','SR SALSA TAQUERA','PRODU','ML','',2000.00,-0.07,10.00,0.00,56.11,56.11,0.00,0.00,'',0,NULL,NULL),('SRRr','SR SALSA VENENO','PRODU','ML','',1000.00,-0.53,10.00,0.00,147.93,147.93,0.00,0.00,'',0,NULL,NULL),('SRRs','SR SALSA VERDE','PRODU','GR','',1500.00,-0.59,10.00,0.00,31.95,31.95,0.00,0.00,'',0,NULL,NULL),('SRRt','SR SALSA VERDE HABANERO','PRODU','GR','',5000.00,-0.02,10.00,0.00,196.68,196.68,0.00,0.00,'',0,NULL,NULL),('SRRu','SR SALSA VERDE AGUACATE','PRODU','GR','',800.00,-0.06,10.00,0.00,17.57,17.57,0.00,0.00,'',0,NULL,NULL),('SRRv','SR SALSA VILLAMELON','PRODU','ML','',600.00,0.00,10.00,0.00,23.45,23.45,0.00,0.00,'',0,NULL,NULL),('SRRw','SR SHORT RIB','PRODU','GR','',650.00,-0.46,10.00,0.00,201.59,201.59,0.00,0.00,'',0,NULL,NULL),('SRRx','SR SOLETA','PRODU','GR','',200.00,0.00,10.00,0.00,11.09,11.09,0.00,0.00,'',0,NULL,NULL),('SRRy','SR SOPA DE TORTILLA','PRODU','ML','',1500.00,-0.60,10.00,0.00,44.10,44.10,0.00,0.00,'',0,NULL,NULL),('SRRz','SR SPAGUETTI BLANCO','PRODU','GR','',1000.00,-0.40,10.00,0.00,4.80,4.80,0.00,0.00,'',0,NULL,NULL),('SRR{','SR SPAGUETTO COCIDO','PRODU','GR','',1000.00,0.00,10.00,0.00,16.34,16.34,0.00,0.00,'',0,NULL,NULL),('SRR|','SR SUADERO','PRODU','GR','',800.00,-2.13,10.00,0.00,135.38,135.38,0.00,0.00,'',0,NULL,NULL),('SRR}','SR TARTARA JALAPEÑO','PRODU','GR','',800.00,0.00,10.00,0.00,30.83,30.83,0.00,0.00,'',0,NULL,NULL),('SRS1','SR ADEREZO CESAR','PRODU','','',200.00,0.00,0.00,0.00,17.28,17.28,0.00,0.00,'',0,NULL,NULL),('SRS2','SR ADEREZO YOUGURTH','PRODU','','',1500.00,0.00,0.00,0.00,119.00,119.00,0.00,0.00,'',0,NULL,NULL),('SRS3','SR ADEREZO MARACUYA','PRODU','','',2000.00,0.00,0.00,0.00,140.17,140.17,0.00,0.00,'',0,NULL,NULL),('SRS4','SR ADEREZO DULCE','PRODU','','',400.00,0.00,0.00,0.00,58.70,58.70,0.00,0.00,'',0,NULL,NULL),('SRS5','SR BASE CALDO QUESO','PRODU','','',12000.00,0.00,0.00,0.00,759.94,759.94,0.00,0.00,'',0,NULL,NULL),('SRS6','SR ACEITE DE AJO','PRODU','','',1000.00,0.00,0.00,0.00,73.88,73.88,0.00,0.00,'',0,NULL,NULL),('SRS7','','PRODU','','',0.00,0.00,0.00,0.00,0.00,0.00,0.00,0.00,'',0,NULL,NULL),('STAC','STA HELENA CHARDONAY','VINOS','75','',750.00,0.00,10.00,0.00,211.21,211.21,0.00,0.00,'',0,NULL,NULL),('TE10','100 A¥OS REP.VERDE 750 ML','TEQUI','ML','',750.00,0.00,0.00,0.00,120.00,120.00,0.00,0.00,'',0,NULL,NULL),('TE18','1800 A¥EJO','TEQUI','ML','',700.00,-0.26,4.00,0.00,420.13,420.13,16.00,0.00,'',0,NULL,NULL),('TE1B','1800 BLANCO','TEQUI','ML','',700.00,0.00,4.00,0.00,268.62,268.62,16.00,0.00,'',0,NULL,NULL),('TE1C','1800 CRISTALINO','TEQUI','ML','',700.00,-2.30,4.00,0.00,441.37,441.37,16.00,0.00,'',0,NULL,NULL),('TE1R','1800 REPOSADO','TEQUI','ML','',700.00,-1.72,4.00,0.00,308.75,308.75,16.00,0.00,'',0,NULL,NULL),('TE3A','3 GEN.PLATA','TEQUI','ML','',750.00,0.00,1.00,0.00,448.19,448.19,16.00,0.00,'',0,NULL,NULL),('TE3G','3 GEN.REPOSADO','TEQUI','ML','',750.00,0.00,2.00,0.00,510.00,510.00,16.00,0.00,'',0,NULL,NULL),('TEAC','CENTENARIO AZUL','TEQUI','ML','',750.00,0.00,0.00,0.00,159.70,159.70,16.00,0.00,'',0,NULL,NULL),('TEAN','HERRAD.ANT.REP','TEQUI','ML','',750.00,0.00,3.00,0.00,185.34,185.34,16.00,0.00,'',0,NULL,NULL),('TEAP','ALTOS PLATA','TEQUI','ML','',750.00,0.00,0.00,0.00,1.00,1.00,16.00,0.00,'',0,NULL,NULL),('TEAR','ALTOS REPOSADO','TEQUI','ML','',750.00,0.00,0.00,0.00,290.73,290.73,16.00,0.00,'',0,NULL,NULL),('TEAZ','CAZADORES CRISTALINO','TEQUI','ML','',750.00,0.00,2.00,0.00,276.52,276.52,0.00,0.00,'',0,NULL,NULL),('TEBL','CAZADORES BCO. LT.','TEQUI','ML','',950.00,0.00,0.00,0.00,173.04,173.04,0.00,0.00,'',0,NULL,NULL),('TECA','CAZADORES REP. 750','TEQUI','ML','',750.00,0.00,0.00,0.00,427.01,427.01,0.00,0.00,'',0,NULL,NULL),('TECC','CAZADORES CRIS. 750','TEQUI','ML','',3000.00,0.00,2.00,0.00,763.47,763.47,0.00,0.00,'',0,NULL,NULL),('TECE','CENTENARIO REP.','TEQUI','ML','',700.00,0.00,2.00,0.00,147.64,147.64,16.00,0.00,'',0,NULL,NULL),('TECJ','DON JULIO REP.CLARO','TEQUI','ML','',999.99,1.00,4.00,0.00,434.61,434.61,16.00,0.00,'',0,NULL,NULL),('TECL','TRADICIONAL CRISTALINO','TEQUI','ML','',695.00,-0.52,3.00,0.00,171.55,171.55,16.00,0.00,'',0,NULL,NULL),('TECM','CENTENARIO AÑEJO','TEQUI','ML','',700.00,0.00,2.00,0.00,427.01,427.01,0.00,0.00,'',0,NULL,NULL),('TECP','CENTENARIO PLATA','TEQUI','ML','',700.00,0.00,2.00,0.00,190.00,190.00,16.00,0.00,'',0,NULL,NULL),('TECR','TRADICIONAL','TEQUI','ML','',695.00,-3.06,12.00,0.00,181.03,181.03,16.00,0.00,'',0,NULL,NULL),('TECS','CUERVO ESPECIAL REP','TEQUI','ML','',990.00,0.00,4.00,0.00,77.82,77.82,0.00,0.00,'',0,NULL,NULL),('TECT','CENTENARIO REP','TEQUI','ML','',940.00,0.00,2.00,0.00,160.87,160.87,0.00,0.00,'',0,NULL,NULL),('TEC¥','CENTENARIO A¥EJO','TEQUI','ML','',750.00,0.00,0.00,0.00,386.55,386.55,16.00,0.00,'',0,NULL,NULL),('TED1','DON JULIO 70','TEQUI','ML','',750.00,-4.12,12.00,0.00,435.33,435.33,16.00,0.00,'',0,NULL,NULL),('TED4','DON JULIO REP.CLARO','TEQUI','ML','',750.00,-0.12,4.00,0.00,1120.69,1120.69,16.00,0.00,'',0,NULL,NULL),('TEDB','DON JULIO BLANCO','TEQUI','ML','',750.00,-0.48,4.00,0.00,262.93,262.93,16.00,0.00,'',0,NULL,NULL),('TEDJ','DON JULIO REP.','TEQUI','ML','',750.00,-1.32,4.00,0.00,327.57,327.57,16.00,0.00,'',0,NULL,NULL),('TEEB','ESPOLON BCO','TEQUI','ML','',750.00,0.00,1.00,0.00,208.02,208.02,16.00,0.00,'',0,NULL,NULL),('TEEC','ESPOLON COLORADO','TEQUI','ML','',750.00,0.00,1.00,0.00,268.62,268.62,16.00,0.00,'',0,NULL,NULL),('TEEM','ESPOLON MARANON','TEQUI','ML','',750.00,0.00,1.00,0.00,343.97,343.97,16.00,0.00,'',0,NULL,NULL),('TEHA','HERRAD.A¥EJO TEQ','TEQUI','ML','',750.00,0.00,0.00,0.00,394.83,394.83,16.00,0.00,'',0,NULL,NULL),('TEHB','HERRAD.BCO','TEQUI','ML','',950.00,-0.47,2.00,0.00,249.91,249.91,16.00,0.00,'',0,NULL,NULL),('TEHD','HERRAD.ANT.REP.','TEQUI','ML','',700.00,0.00,3.00,0.00,589.55,589.55,16.00,0.00,'',0,NULL,NULL),('TEHJ','HERRAD.ANT.CRISTALINO','TEQUI','ML','',700.00,0.00,1.00,0.00,0.00,0.00,0.00,0.00,'',0,NULL,NULL),('TEHL','HACIENDA BLACK','TEQUI','ML','',750.00,0.00,0.00,0.00,100.00,100.00,0.00,0.00,'',0,NULL,NULL),('TEHN','HORNITOS BLACK BARREL','TEQUI','ML','',750.00,0.00,3.00,0.00,192.46,192.46,16.00,0.00,'',0,NULL,NULL),('TEHP','HORNITOS PLATA 750 ML.','TEQUI','ML','',750.00,0.00,4.00,0.00,112.17,112.17,0.00,0.00,'',0,NULL,NULL),('TEHR','HERRAD.REPOSADO','TEQUI','ML','',950.00,2.00,8.00,0.00,343.95,343.95,16.00,0.00,'',0,NULL,NULL),('TEHS','SAUZA HDA.REP. 700 MLS.','TEQUI','ML','',700.00,0.00,0.00,0.00,107.83,107.83,0.00,0.00,'',0,NULL,NULL),('TEHT','HERRAD.PLATA','TEQUI','ML','',750.00,-0.12,4.00,0.00,255.17,255.17,16.00,0.00,'',0,NULL,NULL),('TEHU','HERRAD.SEL.SUPREMA','TEQUI','ML','',750.00,0.00,0.00,0.00,2122.44,2122.44,16.00,0.00,'',0,NULL,NULL),('TEHX','HERRAD.ULTRA','TEQUI','ML','',750.00,0.00,2.00,0.00,443.97,443.97,16.00,0.00,'',0,NULL,NULL),('TEHZ','HERRAD.ANT.BCO','TEQUI','ML','',750.00,0.00,0.00,0.00,145.73,145.73,0.00,0.00,'',0,NULL,NULL),('TEH¥','HORNITOS A¥EJO 750 ML.','TEQUI','ML','',750.00,0.00,0.00,0.00,173.04,173.04,0.00,0.00,'',0,NULL,NULL),('TEJ7','JIMADOR REP 700','TEQUI','ML','',700.00,-0.25,0.00,0.00,108.11,108.11,16.00,0.00,'',0,NULL,NULL),('TEJA','DON JULIO A¥EJO','TEQUI','ML','',750.00,0.00,4.00,0.00,422.41,422.41,16.00,0.00,'',0,NULL,NULL),('TEJB','JIMADOR BCO','TEQUI','ML','',700.00,0.00,2.00,0.00,90.61,90.61,0.00,0.00,'',0,NULL,NULL),('TEJF','JIMADOR REP','TEQUI','ML','',700.00,0.00,4.00,0.00,1.00,1.00,0.00,0.00,'',0,NULL,NULL),('TEJI','JIMADOR LT.','TEQUI','ML','',950.00,0.00,0.00,0.00,109.53,109.53,0.00,0.00,'',0,NULL,NULL),('TEJJ','JIMADOR ANEJO','TEQUI','ML','',750.00,0.00,0.00,0.00,214.66,214.66,16.00,0.00,'',0,NULL,NULL),('TELA','LUNA AZUL','TEQUI','PZ','',355.00,0.00,2.00,0.00,7.25,7.25,0.00,0.00,'',0,NULL,NULL),('TEMA','MAESTRO TEQ.A¥EJO','TEQUI','ML','',750.00,0.00,0.00,0.00,404.31,404.31,16.00,0.00,'',0,NULL,NULL),('TEMB','MAESTRO TEQ.BCO','TEQUI','ML','',750.00,0.00,4.00,0.00,335.78,335.78,16.00,0.00,'',0,NULL,NULL),('TEMD','MAESTRO TEQ.DOB.DIAMANTE','TEQUI','ML','',750.00,0.04,4.00,0.00,430.17,430.17,16.00,0.00,'',0,NULL,NULL),('TEME','MAESTRO TEQ.REP','TEQUI','ML','',750.00,0.00,4.00,0.00,217.24,217.24,16.00,0.00,'',0,NULL,NULL),('TEMP','MILAGRO PLATA','TEQUI','ML','',750.00,0.00,0.00,0.00,185.34,185.34,16.00,0.00,'',0,NULL,NULL),('TEMR','MAESTRO TEQ.REPOSADO','TEQUI','ML','',750.00,0.00,0.00,0.00,390.65,390.65,16.00,0.00,'',0,NULL,NULL),('TEOO','ORENDAIN OLLITAS','TEQUI','ML','',750.00,0.00,0.00,0.00,1.00,1.00,16.00,0.00,'',0,NULL,NULL),('TEOR','ORENDAIN REPOSADO','TEQUI','ML','',750.00,0.00,0.00,0.00,1.00,1.00,16.00,0.00,'',0,NULL,NULL),('TEPA','PATRON A¥EJO','TEQUI','ML','',750.00,0.00,0.00,0.00,545.80,545.80,16.00,0.00,'',0,NULL,NULL),('TEPR','PATRON REPOSADO','TEQUI','ML','',750.00,0.00,1.00,0.00,1.00,1.00,0.00,0.00,'',0,NULL,NULL),('TEPS','PATRON SILVER','TEQUI','ML','',750.00,-0.12,2.00,0.00,1.00,1.00,0.00,0.00,'',0,NULL,NULL),('TEPX','PATRON XO','TEQUI','ML','',750.00,0.00,0.00,0.00,1.00,1.00,0.00,0.00,'',0,NULL,NULL),('TERA','RESERVA FAMILIA A¥EJO','TEQUI','ML','',750.00,0.00,0.00,0.00,1422.41,1422.41,16.00,0.00,'',0,NULL,NULL),('TERB','CASA DRAGONES BCO','TEQUI','ML','',750.00,0.00,0.00,0.00,948.28,948.28,16.00,0.00,'',0,NULL,NULL),('TERH','REAL HACIENDA','TEQUI','ML','',750.00,0.00,0.00,0.00,100.00,100.00,0.00,0.00,'',0,NULL,NULL),('TERJ','CASA DRAGONES JOVEN','TEQUI','ML','',750.00,0.00,0.00,0.00,1.00,1.00,0.00,0.00,'',0,NULL,NULL),('TERR','RESERVA FAM.REPOSADO','TEQUI','ML','',750.00,-0.12,0.00,0.00,901.68,901.68,16.00,0.00,'',0,NULL,NULL),('TERS','RESERVA FAM PLATINO','TEQUI','ML','',750.00,0.00,0.00,0.00,490.52,490.52,16.00,0.00,'',0,NULL,NULL),('TESA','SUAVE 35 MANDARIN','TEQUI','ML','',750.00,0.00,0.00,0.00,1.00,1.00,0.00,0.00,'',0,NULL,NULL),('TESC','SUAVE 35 CITRUS','TEQUI','ML','',750.00,0.00,0.00,0.00,1.00,1.00,0.00,0.00,'',0,NULL,NULL),('TESH','SAUZA HORNITOS','TEQUI','ML','',684.00,0.00,0.00,0.00,117.39,117.39,0.00,0.00,'',0,NULL,NULL),('TESM','SUAVE 35 MANDARINE TEQ.','TEQUI','ML','',1000.00,0.00,0.00,0.00,155.65,155.65,0.00,0.00,'',0,NULL,NULL),('TESU','HERRAD.SUAVE','TEQUI','ML','',700.00,0.00,0.00,0.00,112.20,112.20,0.00,0.00,'',0,NULL,NULL),('TETB','TEZON BCO','TEQUI','ML','',750.00,0.00,0.00,0.00,1.00,1.00,0.00,0.00,'',0,NULL,NULL),('TETP','TRADICIONAL PLATA','TEQUI','ML','',695.00,0.96,2.00,0.00,170.68,170.68,16.00,0.00,'',0,NULL,NULL),('TETR','TEZON REPOSADO','TEQUI','ML','',750.00,0.00,0.00,0.00,1.00,1.00,0.00,0.00,'',0,NULL,NULL),('TEVT','VOLCAN DE MI TIERRA','TEQUI','ML','',750.00,0.00,2.00,0.00,100.00,100.00,0.00,0.00,'',0,NULL,NULL),('TEZA','CAZADORES A¥EJO 750 ML','TEQUI','ML','',750.00,0.00,2.00,0.00,247.83,247.83,0.00,0.00,'',0,NULL,NULL),('VBAM','ASTI MARTI','VINOS','ML','',750.00,0.00,10.00,0.00,206.90,206.90,16.00,0.00,'',0,NULL,NULL),('VBAN','ANDRE ESPUMOSO','VINOS','ML','',750.00,0.00,10.00,0.00,1.00,1.00,0.00,0.00,'',0,NULL,NULL),('VBAS','ASTI RICADONNA','VINOS','ML','',750.00,0.00,10.00,0.00,176.07,176.07,16.00,0.00,'',0,NULL,NULL),('VBCB','CRUZ BLANCA BLANCO 4 LTS.','VINOS','ML','',4000.00,0.00,10.00,0.00,17.94,17.94,0.00,0.00,'',0,NULL,NULL),('VBEC','ELENA CHARDONAY','VINOS','ML','',750.00,0.00,10.00,0.00,1.00,1.00,0.00,0.00,'',0,NULL,NULL),('VBGA','LA CETTO BLANCO 750 ML','VINOS','ML','',750.00,0.00,10.00,0.00,64.33,64.33,0.00,0.00,'',0,NULL,NULL),('VBKB','KORBEL BRUT','VINOS','ML','',750.00,0.00,10.00,0.00,1.00,1.00,0.00,0.00,'',0,NULL,NULL),('VBKO','KORBEL SWEET ROSE','VINOS','ML','',750.00,0.00,10.00,0.00,1.00,1.00,0.00,0.00,'',0,NULL,NULL),('VBME','MARTINI ESPUMOSO','VINOS','ML','',750.00,0.00,10.00,0.00,1.00,1.00,0.00,0.00,'',0,NULL,NULL),('VEGU','VELVET GUANABANA','BEBID','ML','',1.00,0.00,12.00,0.00,276.81,276.81,16.00,0.00,'',0,NULL,NULL),('VELY','VELVET LYCHEE','BEBID','ML','',1.00,0.00,12.00,0.00,1.00,1.00,0.00,0.00,'',0,NULL,NULL),('VEMM','MOSCATO MEDITERRANEO','VINOS','ML','',750.00,0.00,10.00,0.00,225.00,225.00,16.00,0.00,'',0,NULL,NULL),('VEPO','VELVET POMELO','BEBID','ML','',1.00,0.00,12.00,0.00,302.20,302.20,16.00,0.00,'',0,NULL,NULL),('VI01','SANTA ELENA VERNUS BLEND','VINOS','ML','',750.00,0.00,10.00,0.00,335.00,335.00,0.00,0.00,'',0,NULL,NULL),('VIBB','VINO BLANCO BATALLA','VINOS','ML','',1000.00,0.00,1.00,0.00,200.01,200.01,0.00,0.00,'',0,NULL,NULL),('VIC2','CASA M,ADERO 2V','VINOS','ML','',750.00,0.00,10.00,0.00,181.03,181.03,16.00,0.00,'',0,NULL,NULL),('VICC','CASA MADERO CAB. SAUV','VINOS','ML','',750.00,0.00,10.00,0.00,249.37,249.37,16.00,0.00,'',0,NULL,NULL),('VICS','CASA MADERO SHIRAZ','VINOS','ML','',750.00,0.00,10.00,0.00,249.37,249.37,16.00,0.00,'',0,NULL,NULL),('VIMC','MATARROMERA CRIANZA','VINOS','ML','',750.00,0.00,10.00,0.00,486.84,486.84,16.00,0.00,'',0,NULL,NULL),('VIMM','CASA MADERO MERLOT','VINOS','ML','',750.00,0.00,10.00,0.00,229.82,229.82,16.00,0.00,'',0,NULL,NULL),('VIMO','MOSCATO ESP.PETALO','VINOS','ML','',750.00,0.00,10.00,0.00,179.35,179.35,16.00,0.00,'',0,NULL,NULL),('VOAB','ABSOLUT AZUL','VODKA','ML','',750.00,0.48,6.00,0.00,153.44,153.44,16.00,0.00,'',0,NULL,NULL),('VOAE','ABSOLUT PEARS','VODKA','ML','',750.00,0.00,2.00,0.00,184.98,184.98,16.00,0.00,'',0,NULL,NULL),('VOAG','ABSOLUT LIMA','VODKA','ML','',750.00,0.00,2.00,0.00,1.00,1.00,0.00,0.00,'',0,NULL,NULL),('VOAK','ABSOLUT KURANT','VODKA','ML','',750.00,0.00,0.00,0.00,175.00,175.00,0.00,0.00,'',0,NULL,NULL),('VOAM','ABSOLUT MANDARINE','VODKA','ML','',750.00,0.64,2.00,0.00,153.44,153.44,16.00,0.00,'',0,NULL,NULL),('VOAP','ABSOLUT APEACH','VODKA','ML','',750.00,0.00,0.00,0.00,143.48,143.48,0.00,0.00,'',0,NULL,NULL),('VOAR','ABSOLUT RASPBERRY','VODKA','ML','',750.00,-0.12,4.00,0.00,184.98,184.98,16.00,0.00,'',0,NULL,NULL),('VOAV','ABSOLUT VAINILLA','VODKA','ML','',750.00,0.00,0.00,0.00,135.65,135.65,0.00,0.00,'',0,NULL,NULL),('VOBE','BELVEDERE','VODKA','ML','',700.00,0.00,2.00,0.00,482.37,482.37,16.00,0.00,'',0,NULL,NULL),('VOBR','BRISTOFF','VODKA','ML','',750.00,0.00,2.00,0.00,1.00,1.00,0.00,0.00,'',0,NULL,NULL),('VOCB','CIROC RED BERRY','VODKA','ML','',750.00,0.00,0.00,0.00,1.00,1.00,0.00,0.00,'',0,NULL,NULL),('VOCC','CIROC COCONUT','VODKA','ML','',750.00,0.00,0.00,0.00,1.00,1.00,0.00,0.00,'',0,NULL,NULL),('VOCI','ABSOLUT CITRON','VODKA','ML','',750.00,0.00,2.00,0.00,184.98,184.98,16.00,0.00,'',0,NULL,NULL),('VOCR','CIROC','VODKA','ML','',750.00,0.00,2.00,0.00,439.66,439.66,16.00,0.00,'',0,NULL,NULL),('VODA','DANZKA VODKA NATURAL','VODKA','ML','',750.00,0.00,0.00,0.00,113.05,113.05,0.00,0.00,'',0,NULL,NULL),('VODC','DANZKA CITRON VODKA','VODKA','ML','',750.00,0.00,0.00,0.00,126.09,126.09,0.00,0.00,'',0,NULL,NULL),('VOER','ERISTOFF','VODKA','ML','',700.00,0.00,1.00,0.00,67.83,67.83,0.00,0.00,'',0,NULL,NULL),('VOFC','FINLANDIA CRANBERRY','VODKA','ML','',750.00,0.00,0.00,0.00,1.00,1.00,0.00,0.00,'',0,NULL,NULL),('VOFI','FINLANDIA','VODKA','ML','',750.00,0.00,0.00,0.00,206.22,206.22,16.00,0.00,'',0,NULL,NULL),('VOFL','FINLANDIA LIMON','VODKA','ML','',750.00,0.00,0.00,0.00,1.00,1.00,0.00,0.00,'',0,NULL,NULL),('VOFM','FINLANDIA MANGO','VODKA','ML','',750.00,0.00,0.00,0.00,1.00,1.00,0.00,0.00,'',0,NULL,NULL),('VOGC','GREY GOOSE CITRON','VODKA','ML','',750.00,0.00,0.00,0.00,1.00,1.00,0.00,0.00,'',0,NULL,NULL),('VOGL','GREY GOOSE LA POIRE','VODKA','ML','',750.00,0.00,0.00,0.00,1.00,1.00,0.00,0.00,'',0,NULL,NULL),('VOGO','GOTLAND','VODKA','ML','',750.00,0.00,2.00,0.00,139.22,139.22,16.00,0.00,'',0,NULL,NULL),('VOGR','GREY GOOSE VODKA','VODKA','ML','',700.00,0.00,2.00,0.00,422.41,422.41,16.00,0.00,'',0,NULL,NULL),('VOKE','KETEL ONE','VODKA','ML','',750.00,0.00,0.00,0.00,250.00,250.00,16.00,0.00,'',0,NULL,NULL),('VOMA','ABSOLUT MANGO','VODKA','ML','',750.00,0.00,2.00,0.00,184.98,184.98,16.00,0.00,'',0,NULL,NULL),('VOPU','PUR VODKA ULTRA PRMIUM','VODKA','ML','',750.00,0.00,0.00,0.00,1.00,1.00,16.00,0.00,'',0,NULL,NULL),('VORR','ABSOLUT RUBY RED','VODKA','ML','',750.00,0.00,0.00,0.00,156.52,156.52,0.00,0.00,'',0,NULL,NULL),('VOSE','STOLICHNAYA ELITE','VODKA','ML','',750.00,0.00,0.00,0.00,738.74,738.74,16.00,0.00,'',0,NULL,NULL),('VOSK','SKYY','VODKA','ML','',750.00,0.00,2.00,0.00,125.17,125.17,16.00,0.00,'',0,NULL,NULL),('VOSM','SMIRNOF','VODKA','ML','',1000.00,-0.48,4.00,0.00,115.52,115.52,16.00,0.00,'',0,NULL,NULL),('VOSO','SMIRNOFF TAMARINDO','VODKA','ML','',750.00,1.00,3.00,0.00,116.38,116.38,16.00,0.00,'',0,NULL,NULL),('VOST','STOLICHNAYA NATURAL','VODKA','ML','',750.00,-1.96,4.00,0.00,206.88,206.88,16.00,0.00,'',0,NULL,NULL),('VOSZ','SMIRNOFF MANZANA ELEC','VODKA','ML','',750.00,-0.72,0.00,0.00,115.00,115.00,16.00,0.00,'',0,NULL,NULL),('VOTH','THREE OLIVES','VODKA','NM','',750.00,0.00,0.00,0.00,256.50,256.50,16.00,0.00,'',0,NULL,NULL),('VOWY','WYBOROWA NATURAL','VODKA','ML','',750.00,-0.12,2.00,0.00,103.25,103.25,16.00,0.00,'',0,NULL,NULL),('VTC3','CASA MADERO 3V','VINOS','ML','',750.00,2.00,0.00,0.00,283.61,283.61,16.00,0.00,'',0,NULL,NULL),('VTC4','CALIFORNIA TTO 4 LTS','VINOS','ML','',4000.00,0.00,4.00,0.00,159.48,159.48,16.00,0.00,'',0,NULL,NULL),('VTCB','CRUZ BLANCA TINTO  4 LTS.','VINOS','ML','',4000.00,0.00,0.00,0.00,17.94,17.94,0.00,0.00,'',0,NULL,NULL),('VTCD','CASILLERO DEL DIABLO','VINOS','ML','',750.00,0.00,0.00,0.00,83.48,83.48,0.00,0.00,'',0,NULL,NULL),('VTCS','CABERNET SAVIGNON','VINOS','ML','',750.00,0.00,0.00,0.00,0.00,0.00,0.00,0.00,'',0,NULL,NULL),('VTCT','CASILLEROS DE TIEBAS','VINOS','ML','',750.00,0.00,0.00,0.00,25.00,25.00,0.00,0.00,'',0,NULL,NULL),('VTEV','ELENA VERNUS BLEND','VINOS','ML','',750.00,0.00,0.00,0.00,1.00,1.00,0.00,0.00,'',0,NULL,NULL),('VTFC','FINCA LA CELIA','VINOS','ML','',750.00,0.00,0.00,0.00,272.06,272.06,0.00,0.00,'',0,NULL,NULL),('VTFM','GRAFFIGNA MALBEC G.R','VINOS','ML','',750.00,0.00,0.00,0.00,284.48,284.48,0.00,0.00,'',0,NULL,NULL),('VTG4','XA DOMEC SAB SAU 375 M','VINOS','ML','',375.00,0.00,0.00,0.00,30.43,30.43,0.00,0.00,'',0,NULL,NULL),('VTGC','CASA GDE CABERNET','VINOS','ML','',750.00,0.00,0.00,0.00,468.65,468.65,16.00,0.00,'',0,NULL,NULL),('VTGN','LA CETTO CAB SAU 750 ML.','VINOS','ML','',750.00,0.00,0.00,0.00,65.22,65.22,0.00,0.00,'',0,NULL,NULL),('VTGR','GRAQFFINGA PINOT GRIGO','VINOS','ML','',750.00,0.00,0.00,0.00,161.17,161.17,0.00,0.00,'',0,NULL,NULL),('VTGS','GRAFFIGNA C.S.CENTENARIO','VINOS','ML','',750.00,0.00,0.00,0.00,162.87,162.87,0.00,0.00,'',0,NULL,NULL),('VTGT','GRAFIN SANTIAGO','VINOS','ML','',750.00,0.00,0.00,0.00,175.26,175.26,0.00,0.00,'',0,NULL,NULL),('VTMC','MARQUES CACERES TTO','VINOS','ML','',750.00,0.00,0.00,0.00,138.29,138.29,0.00,0.00,'',0,NULL,NULL),('VTMP','MARQUES PLUMA COSECHA','VINOS','ML','',750.00,0.00,0.00,0.00,231.00,231.00,16.00,0.00,'',0,NULL,NULL),('VTMT','MARIA TINTO','VINOS','ML','',750.00,0.00,0.00,0.00,494.66,494.66,16.00,0.00,'',0,NULL,NULL),('VTRM','RESERVA MAGNA','VINOS','ML','',750.00,0.00,0.00,0.00,1.00,1.00,0.00,0.00,'',0,NULL,NULL),('VTRR','RESERVA REAL DOMECQ','VINOS','ML','',750.00,0.00,0.00,0.00,148.45,148.45,0.00,0.00,'',0,NULL,NULL),('VTSA','SUAVE GAUDINA','VINOS','ML','',750.00,0.00,0.00,0.00,225.00,225.00,0.00,0.00,'',0,NULL,NULL),('VTSG','CASA GDE SHIRAZ','VINOS','ML','',750.00,0.00,0.00,0.00,490.52,490.52,16.00,0.00,'',0,NULL,NULL),('VTSH','SANTA HELENA R.C.','VINOS','ML','',750.00,0.00,0.00,0.00,145.04,145.04,0.00,0.00,'',0,NULL,NULL),('VTSV','SANTA HELENA VARIETAL','VINOS','ML','',750.00,0.00,0.00,0.00,92.79,92.79,0.00,0.00,'',0,NULL,NULL),('VTTA','TERRAZAS ANDES MALBEC','VINOS','ML','',750.00,0.00,0.00,0.00,265.41,265.41,0.00,0.00,'',0,NULL,NULL),('VTVF','VI¥A FLORA','VINOS','ML','',750.00,0.00,0.00,0.00,197.00,197.00,16.00,0.00,'',0,NULL,NULL),('WHB8','BUCHANNANS 18 A¥OS','WHISK','ML','',750.00,-0.12,4.00,0.00,1017.23,1017.23,16.00,0.00,'',0,NULL,NULL),('WHBA','BALLANTINES 12 A¥OS 750 M','WHISK','ML','',750.00,0.00,0.00,0.00,389.11,389.11,16.00,0.00,'',0,NULL,NULL),('WHBB','BLACK BUSH','WHISK','ML','',750.00,0.00,1.00,0.00,464.35,464.35,16.00,0.00,'',0,NULL,NULL),('WHBF','BALLANTINE FINE','WHISK','ML','',750.00,0.00,2.00,0.00,175.86,175.86,16.00,0.00,'',0,NULL,NULL),('WHBL','BULLEIT','WHISK','ML','',750.00,0.00,2.00,0.00,305.25,305.25,16.00,0.00,'',0,NULL,NULL),('WHBM','BUCHANANS MASTER','WHISK','ML','',750.00,-3.60,6.00,0.00,521.54,521.54,16.00,0.00,'',0,NULL,NULL),('WHBR','BUCHANANS RED SEAL','WHISK','ML','',750.00,0.00,0.00,0.00,2284.48,2284.48,16.00,0.00,'',0,NULL,NULL),('WHBS','BUSHMILLS BLACK BUSH','WHISK','ML','',750.00,0.00,0.00,0.00,1.00,1.00,0.00,0.00,'',0,NULL,NULL),('WHBU','BUCHANANS 12 A¥OS','WHISK','ML','',750.00,-0.80,24.00,0.00,430.17,430.17,16.00,0.00,'',0,NULL,NULL),('WHBW','BLACK & WHITE','WHISK','ML','',700.00,-1.35,6.00,0.00,111.20,111.20,16.00,0.00,'',0,NULL,NULL),('WHC1','CHIVAS REGAL 21','WHISK','ML','',750.00,0.00,0.00,0.00,2309.47,2309.47,16.00,0.00,'',0,NULL,NULL),('WHC5','CHIVAS REGAL EXTRA','WHISK','ML','',750.00,0.00,2.00,0.00,1.00,1.00,0.00,0.00,'',0,NULL,NULL),('WHC8','CHIVAS REGAL 18 A¥OS','WHISK','ML','',750.00,0.00,2.00,0.00,1159.48,1159.48,16.00,0.00,'',0,NULL,NULL),('WHCA','CARDHU SINGLE MALT','WHISK','ML','',750.00,0.00,0.00,0.00,538.79,538.79,16.00,0.00,'',0,NULL,NULL),('WHCL','CHIVAS MAGUM 1.5','WHISK','ML','',1500.00,0.00,0.00,0.00,1.00,1.00,0.00,0.00,'',0,NULL,NULL),('WHCM','CANADIAN MIST','WHISK','ML','',750.00,0.00,0.00,0.00,150.62,150.62,16.00,0.00,'',0,NULL,NULL),('WHCR','CHIVAS REGAL 12 A¥OS','WHISK','ML','',750.00,0.52,4.00,0.00,387.91,387.91,16.00,0.00,'',0,NULL,NULL),('WHCV','COUVOISIER VS','COGNA','ML','',750.00,0.00,10.00,0.00,1.00,1.00,0.00,0.00,'',0,NULL,NULL),('WHD2','DALMORE 12','WHISK','ML','',700.00,0.00,1.00,0.00,922.97,922.97,16.00,0.00,'',0,NULL,NULL),('WHD5','DALMORE 15','WHISK','ML','',700.00,0.00,0.00,0.00,1658.41,1658.41,0.00,0.00,'',0,NULL,NULL),('WHD8','DEWARS 15 AÑOS','WHISK','ML','',750.00,0.00,1.00,0.00,3105.81,3105.81,0.00,0.00,'',0,NULL,NULL),('WHDE','DEWARS 12 A¥OS','WHISK','ML','',750.00,0.00,1.00,0.00,260.00,260.00,0.00,0.00,'',0,NULL,NULL),('WHDW','DEWARS 18 A¥OS','WHISK','ML','',750.00,0.00,1.00,0.00,144.35,144.35,0.00,0.00,'',0,NULL,NULL),('WHEN','JW NEGRA','WHISK','ML','',750.00,-0.24,12.00,0.00,452.57,452.57,16.00,0.00,'',0,NULL,NULL),('WHER','JW ROJA','WHISK','ML','',700.00,-11.96,24.00,0.00,171.54,171.54,16.00,0.00,'',0,NULL,NULL),('WHET','EARLY TIMES','WHISK','ML','',750.00,0.00,0.00,0.00,123.56,123.56,16.00,0.00,'',0,NULL,NULL),('WHG1','GLENFIDICH 15','WHISK','ML','',750.00,0.00,0.00,0.00,918.10,918.10,16.00,0.00,'',0,NULL,NULL),('WHG5','GLENLIVET 15','WHISK','ML','',750.00,0.00,0.00,0.00,1.00,1.00,0.00,0.00,'',0,NULL,NULL),('WHG8','GLENFIDDICH FOUNDERS RES','WHISK','ML','',750.00,0.00,3.00,0.00,1482.76,1482.76,16.00,0.00,'',0,NULL,NULL),('WHGE','GLENFIDDISH 12','WHISK','ML','',750.00,-1.36,3.00,0.00,549.98,549.98,16.00,0.00,'',0,NULL,NULL),('WHGG','GLEN GRANT','WHISK','ML','',750.00,0.00,1.00,0.00,228.45,228.45,16.00,0.00,'',0,NULL,NULL),('WHGL','GLENLIVET 12','WHISK','ML','',750.00,0.00,0.00,0.00,634.00,634.00,0.00,0.00,'',0,NULL,NULL),('WHGM','GLENMORANGIE ORIGINAL','WHISK','ML','',750.00,0.00,1.00,0.00,692.84,692.84,16.00,0.00,'',0,NULL,NULL),('WHGN','GENTLEMAN JACK','WHISK','ML','',750.00,0.00,0.00,0.00,495.69,495.69,16.00,0.00,'',0,NULL,NULL),('WHJ#','JIM BEAM','WHISK','ML','',750.00,0.00,2.00,0.00,1052.59,1052.59,0.00,0.00,'',0,NULL,NULL),('WHJ1','JURA ORIGIN 10','WHISK','ML','',700.00,-2.00,0.00,0.00,724.21,724.21,0.00,0.00,'',0,NULL,NULL),('WHJ6','SINGLETON 12','WHISK','ML','',700.00,0.00,2.00,0.00,1127.58,1127.58,0.00,0.00,'',0,NULL,NULL),('WHJA','JAMESON','WHISK','ML','',750.00,-0.36,2.00,0.00,265.52,265.52,16.00,0.00,'',0,NULL,NULL),('WHJB','J & B','WHISK','ML','',750.00,0.00,0.00,0.00,168.97,168.97,16.00,0.00,'',0,NULL,NULL),('WHJD','JACK DANIELS','WHISK','ML','',700.00,-3.31,6.00,0.00,273.28,273.28,16.00,0.00,'',0,NULL,NULL),('WHJH','JACK DANIELS HONEY','WHISK','ML','',700.00,-2.14,4.00,0.00,288.78,288.78,16.00,0.00,'',0,NULL,NULL),('WHJK','JW DOUBLE BLACK','WHISK','ML','',750.00,-0.12,3.00,0.00,560.34,560.34,16.00,0.00,'',0,NULL,NULL),('WHJO','JW DORADA','WHISK','ML','',750.00,0.00,2.00,0.00,745.69,745.69,16.00,0.00,'',0,NULL,NULL),('WHJP','JURA PROPHECY SINGLE MALT','WHISK','ML','',700.00,0.00,0.00,0.00,1405.60,1405.60,0.00,0.00,'',0,NULL,NULL),('WHJR','JAMESON SP RESERVA','WHISK','ML','',750.00,0.00,2.00,0.00,1.00,1.00,0.00,0.00,'',0,NULL,NULL),('WHJS','JACK DANIELS SINGLE BARRE','WHISK','ML','',700.00,0.00,0.00,0.00,861.21,861.21,16.00,0.00,'',0,NULL,NULL),('WHJU','JURA SUPERSTITION','WHISK','ML','',700.00,0.00,0.00,0.00,898.35,898.35,16.00,0.00,'',0,NULL,NULL),('WHJV','JW VERDE','WHISK','ML','',750.00,0.00,1.00,0.00,850.00,850.00,16.00,0.00,'',0,NULL,NULL),('WHJZ','JW AZUL','WHISK','ML','',750.00,0.00,0.00,0.00,3232.76,3232.76,16.00,0.00,'',0,NULL,NULL),('WHM5','MACALLAN 15','WHISK','ML','',700.00,0.00,0.00,0.00,1.00,1.00,16.00,0.00,'',0,NULL,NULL),('WHM8','MACALLAN 18 A¥OS','WHISK','ML','',750.00,0.00,0.00,0.00,1.00,1.00,0.00,0.00,'',0,NULL,NULL),('WHMA','MACALLAN AMBER','WHISK','ML','',700.00,0.00,1.00,0.00,1.00,1.00,16.00,0.00,'',0,NULL,NULL),('WHMC','MACALLAN 12 A¥OS','WHISK','ML','',700.00,0.00,4.00,0.00,853.45,853.45,16.00,0.00,'',0,NULL,NULL),('WHMK','MACALLAN RARE CASK','WHISK','ML','',700.00,0.00,0.00,0.00,1.00,1.00,16.00,0.00,'',0,NULL,NULL),('WHMR','MACALLAN RUBY','WHISK','ML','',750.00,0.00,0.00,0.00,4344.83,4344.83,16.00,0.00,'',0,NULL,NULL),('WHMX','MARKER MARK BOURBON','WHISK','ML','',750.00,0.00,2.00,0.00,1800.00,1800.00,0.00,0.00,'',0,NULL,NULL),('WHNO','NOMAD','WHISK','ML','',700.00,0.00,0.00,0.00,1.00,1.00,16.00,0.00,'',0,NULL,NULL),('WHOM','OLD PARR SMUGGLER','WHISK','ML','',750.00,0.00,0.00,0.00,88.79,88.79,16.00,0.00,'',0,NULL,NULL),('WHOP','OLD PARR','WHISK','ML','',700.00,1.00,3.00,0.00,387.93,387.93,16.00,0.00,'',0,NULL,NULL),('WHOS','OLD PARR SILVER','WHISK','ML','',750.00,-0.84,0.00,0.00,331.90,331.90,16.00,0.00,'',0,NULL,NULL),('WHPA','PASSPORT','WHISK','ML','',700.00,0.00,2.00,0.00,117.24,117.24,16.00,0.00,'',0,NULL,NULL),('WHSI','SINGLETON 12','WHISK','ML','',700.00,0.00,2.00,0.00,215.52,215.52,16.00,0.00,'',0,NULL,NULL),('WHWO','WOODFORD','WHISK','ML','',750.00,0.00,0.00,0.00,1.00,1.00,0.00,0.00,'',0,NULL,NULL);
/*!40000 ALTER TABLE `productos` ENABLE KEYS */;
UNLOCK TABLES;

--
-- Table structure for table `usuario`
--

DROP TABLE IF EXISTS `usuario`;
/*!40101 SET @saved_cs_client     = @@character_set_client */;
/*!40101 SET character_set_client = utf8 */;
CREATE TABLE `usuario` (
  `id_user` int(10) NOT NULL AUTO_INCREMENT,
  `username` varchar(30) COLLATE utf8_bin NOT NULL,
  `password` varchar(25) COLLATE utf8_bin NOT NULL,
  `cargo` varchar(30) COLLATE utf8_bin NOT NULL,
  `nombre` varchar(30) COLLATE utf8_bin NOT NULL,
  `email` varchar(50) COLLATE utf8_bin NOT NULL,
  PRIMARY KEY (`id_user`),
  UNIQUE KEY `user_id` (`id_user`)
) ENGINE=InnoDB AUTO_INCREMENT=13 DEFAULT CHARSET=utf8 COLLATE=utf8_bin;
/*!40101 SET character_set_client = @saved_cs_client */;

--
-- Dumping data for table `usuario`
--

LOCK TABLES `usuario` WRITE;
/*!40000 ALTER TABLE `usuario` DISABLE KEYS */;
INSERT INTO `usuario` VALUES (1,'ivan','12345','administrador','ivan colula','ivan_f789@hotmail.com'),(2,'paola','12345','gerente1','paola paez','paola@gmail.com'),(3,'memo','12345','cocina','julio','julio@gmail.com'),(4,'raul','12345','barra','raul','raul@gmail.com'),(5,'Luis','12345','barra','Luis sanchez','luis@gmail.com'),(6,'cocina','12345','cocina','cocina','cocina@gmail.com'),(8,'raul','12345','barra','raul rulo','raul@gmail.com'),(9,'jorge','jorge','no','jorgito','sada@dfs'),(10,'jose','12345','cocina','Jose sanchez modificado','jose@gmail.com'),(11,'luis','12345','cocina','luis lopez','luis@gmail.com'),(12,'12345','12345','barra','12345','');
/*!40000 ALTER TABLE `usuario` ENABLE KEYS */;
UNLOCK TABLES;
/*!40103 SET TIME_ZONE=@OLD_TIME_ZONE */;

/*!40101 SET SQL_MODE=@OLD_SQL_MODE */;
/*!40014 SET FOREIGN_KEY_CHECKS=@OLD_FOREIGN_KEY_CHECKS */;
/*!40014 SET UNIQUE_CHECKS=@OLD_UNIQUE_CHECKS */;
/*!40101 SET CHARACTER_SET_CLIENT=@OLD_CHARACTER_SET_CLIENT */;
/*!40101 SET CHARACTER_SET_RESULTS=@OLD_CHARACTER_SET_RESULTS */;
/*!40101 SET COLLATION_CONNECTION=@OLD_COLLATION_CONNECTION */;
/*!40111 SET SQL_NOTES=@OLD_SQL_NOTES */;

-- Dump completed on 2019-04-22 15:11:01
