-- phpMyAdmin SQL Dump
-- version 4.8.4
-- https://www.phpmyadmin.net/
--
-- Servidor: 127.0.0.1
-- Tiempo de generación: 20-05-2019 a las 19:59:16
-- Versión del servidor: 10.1.37-MariaDB
-- Versión de PHP: 7.3.1

SET SQL_MODE = "NO_AUTO_VALUE_ON_ZERO";
SET AUTOCOMMIT = 0;
START TRANSACTION;
SET time_zone = "+00:00";


/*!40101 SET @OLD_CHARACTER_SET_CLIENT=@@CHARACTER_SET_CLIENT */;
/*!40101 SET @OLD_CHARACTER_SET_RESULTS=@@CHARACTER_SET_RESULTS */;
/*!40101 SET @OLD_COLLATION_CONNECTION=@@COLLATION_CONNECTION */;
/*!40101 SET NAMES utf8mb4 */;

--
-- Base de datos: `comisariato`
--

-- --------------------------------------------------------

--
-- Estructura de tabla para la tabla `actualiza`
--

CREATE TABLE `actualiza` (
  `id_actualiza` int(11) NOT NULL,
  `nombre_archivo` varchar(15) COLLATE utf8_bin NOT NULL,
  `hora` time NOT NULL,
  `fecha` date NOT NULL,
  `peso` float NOT NULL,
  `estado` varchar(15) COLLATE utf8_bin DEFAULT NULL
) ENGINE=InnoDB DEFAULT CHARSET=utf8 COLLATE=utf8_bin;

--
-- Volcado de datos para la tabla `actualiza`
--

INSERT INTO `actualiza` (`id_actualiza`, `nombre_archivo`, `hora`, `fecha`, `peso`, `estado`) VALUES
(55, 'OCOMPRA.CSV', '06:02:10', '2019-04-03', 77792, 'Listo');

-- --------------------------------------------------------

--
-- Estructura de tabla para la tabla `familia`
--

CREATE TABLE `familia` (
  `cod_familia` varchar(20) COLLATE utf8_bin NOT NULL,
  `descripcion` varchar(50) COLLATE utf8_bin NOT NULL,
  `area` varchar(15) COLLATE utf8_bin DEFAULT NULL
) ENGINE=InnoDB DEFAULT CHARSET=utf8 COLLATE=utf8_bin;

--
-- Volcado de datos para la tabla `familia`
--

INSERT INTO `familia` (`cod_familia`, `descripcion`, `area`) VALUES
('ABARR', 'Abarrote', 'cocina'),
('BRAND', 'Brandy', 'barra'),
('CAFEE', 'Cafe', 'cocina'),
('CARNE', 'Carne', 'cocina'),
('CERVE', 'Cerveza', 'barra'),
('CHAMP', 'champagne', 'barra'),
('CIGAR', 'Cigarro', 'barra'),
('COGNA', 'Cogna', 'barra'),
('COMIS', 'COMIS', 'cocina'),
('CONGE', 'Congelado', 'cocina'),
('EMBUT', 'Embutido', 'cocina'),
('ESPEC', 'ESPEC', 'cocina'),
('FRUTA', 'Fruta', 'cocina'),
('GINEB', 'Gineb', 'barra'),
('HIELO', 'Hielo', 'barra'),
('JEREZ', 'Jerez', 'barra'),
('JUGOS', 'Jugos', 'barra'),
('LACTE', 'Lacteo', 'cocina'),
('LICOR', 'Licor', 'barra'),
('MEZCA', 'Mezcal', 'barra'),
('PAN Y', 'Pan', 'cocina'),
('PESCA', 'Pescado', 'cocina'),
('REFRE', 'Refresco', 'barra'),
('RONNN', 'Ron', 'barra'),
('SUBRE', 'SUBRE', 'cocina'),
('TEQUI', 'Tequila', 'barra'),
('VINOS', 'Vino', 'barra'),
('VODKA', 'vodka', 'barra'),
('WHISK', 'Whisky', 'barra');

-- --------------------------------------------------------

--
-- Estructura de tabla para la tabla `inventario`
--

CREATE TABLE `inventario` (
  `id_invetario` int(11) NOT NULL,
  `fecha` date NOT NULL,
  `hora` time NOT NULL,
  `area` char(15) COLLATE utf8_bin NOT NULL,
  `ruta` char(30) COLLATE utf8_bin NOT NULL,
  `costo` decimal(10,2) NOT NULL
) ENGINE=InnoDB DEFAULT CHARSET=utf8 COLLATE=utf8_bin;

-- --------------------------------------------------------

--
-- Estructura de tabla para la tabla `pedidos`
--

CREATE TABLE `pedidos` (
  `id_pedido` int(10) NOT NULL,
  `fecha_pedido` date NOT NULL,
  `fecha_autoriza_cancela` date DEFAULT NULL,
  `hora` time NOT NULL,
  `hora_autoriza_cancela` time DEFAULT NULL,
  `autoriza` varchar(30) COLLATE utf8_bin DEFAULT NULL,
  `solicita` varchar(30) COLLATE utf8_bin NOT NULL,
  `estado` varchar(20) COLLATE utf8_bin NOT NULL,
  `observaciones` varchar(150) COLLATE utf8_bin DEFAULT NULL,
  `unidad_medida` varchar(10) COLLATE utf8_bin NOT NULL,
  `total_prod` float NOT NULL,
  `costo_total` float NOT NULL
) ENGINE=InnoDB DEFAULT CHARSET=utf8 COLLATE=utf8_bin;

--
-- Volcado de datos para la tabla `pedidos`
--

INSERT INTO `pedidos` (`id_pedido`, `fecha_pedido`, `fecha_autoriza_cancela`, `hora`, `hora_autoriza_cancela`, `autoriza`, `solicita`, `estado`, `observaciones`, `unidad_medida`, `total_prod`, `costo_total`) VALUES
(1, '2019-04-15', '2019-04-15', '12:36:04', '06:44:13', 'administrador1', 'administrador', 'autorizado', NULL, '', 90, 79046.6),
(2, '2019-04-15', '2019-04-15', '12:38:30', '06:44:03', 'administrador1', 'cocina', 'autorizado', NULL, '', 90, 79046.6),
(3, '2019-04-15', '2019-04-15', '06:45:54', '07:00:50', 'administrador1', 'administrador1', 'autorizado', NULL, '', 91, 83368.4),
(4, '2019-04-15', '2019-04-15', '11:43:52', '11:47:16', 'administrador1', 'administrador1', 'autorizado', NULL, '', 91, 83368.4),
(5, '2019-04-15', '2019-04-15', '11:50:28', '11:50:58', 'administrador1', 'administrador1', 'autorizado', NULL, '', 17, 9284.84),
(6, '2019-04-15', '2019-04-15', '11:56:58', '11:57:10', 'administrador1', 'administrador1', 'autorizado', NULL, '', 91, 83368.4),
(7, '2019-04-16', '2019-04-16', '12:04:20', '12:05:41', 'administrador1', 'administrador1', 'autorizado', NULL, '', 91, 82767.8),
(8, '2019-04-16', '2019-04-16', '12:09:41', '01:10:41', 'administrador1', 'administrador1', 'autorizado', NULL, '', 91, 82767.8),
(9, '2019-04-16', '2019-04-16', '01:12:57', '01:13:52', 'administrador1', 'administrador1', 'autorizado', NULL, '', 91, 83368.4),
(10, '2019-04-16', '2019-04-16', '01:14:12', '01:14:15', 'administrador1', 'administrador1', 'autorizado', NULL, '', 3, 1775.47),
(11, '2019-04-16', '2019-04-16', '02:09:51', '02:12:07', 'administrador1', 'administrador1', 'autorizado', NULL, '', 17, 9414.63),
(12, '2019-04-16', '2019-04-16', '02:12:28', '02:13:43', 'administrador1', 'administrador1', 'autorizado', NULL, '', 17, 9284.84),
(13, '2019-04-16', '2019-04-16', '02:13:51', '02:14:59', 'administrador1', 'administrador1', 'autorizado', NULL, '', 17, 9284.84),
(14, '2019-04-16', '2019-04-16', '02:15:09', '02:15:12', 'administrador1', 'administrador1', 'autorizado', NULL, '', 17, 9284.84),
(15, '2019-04-16', '2019-04-16', '02:15:30', '02:15:54', 'administrador1', 'administrador1', 'autorizado', NULL, '', 17, 9284.84),
(16, '2019-04-16', '2019-04-16', '02:18:07', '02:18:10', 'administrador1', 'administrador1', 'autorizado', NULL, '', 17, 9284.84),
(17, '2019-04-16', '2019-04-16', '02:18:58', '02:19:00', 'administrador1', 'administrador1', 'autorizado', NULL, '', 17, 9284.84),
(18, '2019-04-16', '2019-04-16', '02:20:15', '02:20:19', 'administrador1', 'administrador1', 'autorizado', NULL, '', 17, 9482.25),
(19, '2019-04-16', '2019-04-16', '02:21:39', '02:21:57', 'administrador1', 'administrador1', 'autorizado', NULL, '', 17, 9482.25);

-- --------------------------------------------------------

--
-- Estructura de tabla para la tabla `pedido_producto`
--

CREATE TABLE `pedido_producto` (
  `id_pedido` int(10) NOT NULL,
  `codingre` varchar(10) COLLATE utf8_bin NOT NULL,
  `fecha_pedido` date NOT NULL,
  `hora_pedido` time NOT NULL,
  `num_prod` float NOT NULL,
  `estado_prod` varchar(20) COLLATE utf8_bin DEFAULT NULL
) ENGINE=InnoDB DEFAULT CHARSET=utf8 COLLATE=utf8_bin;

--
-- Volcado de datos para la tabla `pedido_producto`
--

INSERT INTO `pedido_producto` (`id_pedido`, `codingre`, `fecha_pedido`, `hora_pedido`, `num_prod`, `estado_prod`) VALUES
(1, '0005', '2019-04-15', '12:36:04', 10, 'autorizado'),
(1, '0011', '2019-04-15', '12:36:04', 10, 'autorizado'),
(1, '0018', '2019-04-15', '12:36:04', 10, 'autorizado'),
(1, '0066', '2019-04-15', '12:36:04', 10, 'autorizado'),
(1, '0025', '2019-04-15', '12:36:04', 10, 'autorizado'),
(1, '0007', '2019-04-15', '12:36:04', 10, 'autorizado'),
(1, '0080', '2019-04-15', '12:36:04', 10, 'autorizado'),
(1, '0082', '2019-04-15', '12:36:04', 10, 'autorizado'),
(1, '0012', '2019-04-15', '12:36:04', 10, 'autorizado'),
(1, '0026', '2019-04-15', '12:36:04', 10, 'autorizado'),
(1, '0073', '2019-04-15', '12:36:04', 10, 'autorizado'),
(1, '0027', '2019-04-15', '12:36:04', 10, 'autorizado'),
(1, '0028', '2019-04-15', '12:36:04', 10, 'autorizado'),
(1, '0086', '2019-04-15', '12:36:04', 10, 'autorizado'),
(1, '0029', '2019-04-15', '12:36:04', 10, 'autorizado'),
(1, '0016', '2019-04-15', '12:36:04', 10, 'autorizado'),
(1, '0030', '2019-04-15', '12:36:04', 10, 'autorizado'),
(1, '0081', '2019-04-15', '12:36:04', 10, 'autorizado'),
(1, '0031', '2019-04-15', '12:36:04', 10, 'autorizado'),
(1, 'CC04', '2019-04-15', '12:36:04', 1.54, 'autorizado'),
(1, 'CC05', '2019-04-15', '12:36:04', 1, 'autorizado'),
(1, '0032', '2019-04-15', '12:36:04', 10, 'autorizado'),
(1, '0003', '2019-04-15', '12:36:04', 10, 'autorizado'),
(1, '0079', '2019-04-15', '12:36:04', 10, 'autorizado'),
(1, '0033', '2019-04-15', '12:36:04', 10, 'autorizado'),
(1, '0034', '2019-04-15', '12:36:04', 10, 'autorizado'),
(1, '0035', '2019-04-15', '12:36:04', 10, 'autorizado'),
(1, '0036', '2019-04-15', '12:36:04', 10, 'autorizado'),
(1, '0037', '2019-04-15', '12:36:04', 10, 'autorizado'),
(1, '0071', '2019-04-15', '12:36:04', 10, 'autorizado'),
(1, '0077', '2019-04-15', '12:36:04', 10, 'autorizado'),
(1, '0038', '2019-04-15', '12:36:04', 10, 'autorizado'),
(1, '0039', '2019-04-15', '12:36:04', 10, 'autorizado'),
(1, '0009', '2019-04-15', '12:36:04', 10, 'autorizado'),
(1, '0083', '2019-04-15', '12:36:04', 10, 'autorizado'),
(1, '0076', '2019-04-15', '12:36:04', 10, 'autorizado'),
(1, '0040', '2019-04-15', '12:36:04', 10, 'autorizado'),
(1, '0074', '2019-04-15', '12:36:04', 10, 'autorizado'),
(1, '0041', '2019-04-15', '12:36:04', 10, 'autorizado'),
(1, '0042', '2019-04-15', '12:36:04', 10, 'autorizado'),
(1, '0078', '2019-04-15', '12:36:04', 10, 'autorizado'),
(1, '0065', '2019-04-15', '12:36:04', 10, 'autorizado'),
(1, '0043', '2019-04-15', '12:36:04', 10, 'autorizado'),
(1, '0044', '2019-04-15', '12:36:04', 10, 'autorizado'),
(1, '0045', '2019-04-15', '12:36:04', 10, 'autorizado'),
(1, '0046', '2019-04-15', '12:36:04', 10, 'autorizado'),
(1, '0067', '2019-04-15', '12:36:04', 10, 'autorizado'),
(1, '0010', '2019-04-15', '12:36:04', 10, 'autorizado'),
(1, '0047', '2019-04-15', '12:36:04', 10, 'autorizado'),
(1, '0004', '2019-04-15', '12:36:04', 10, 'autorizado'),
(1, '0024', '2019-04-15', '12:36:04', 10, 'autorizado'),
(1, '0017', '2019-04-15', '12:36:04', 10, 'autorizado'),
(1, '0049', '2019-04-15', '12:36:04', 10, 'autorizado'),
(1, '0075', '2019-04-15', '12:36:04', 10, 'autorizado'),
(1, '0072', '2019-04-15', '12:36:04', 10, 'autorizado'),
(1, '0021', '2019-04-15', '12:36:04', 10, 'autorizado'),
(1, '0050', '2019-04-15', '12:36:04', 10, 'autorizado'),
(1, '0051', '2019-04-15', '12:36:04', 10, 'autorizado'),
(1, '0052', '2019-04-15', '12:36:04', 10, 'autorizado'),
(1, '0013', '2019-04-15', '12:36:04', 10, 'autorizado'),
(1, '0053', '2019-04-15', '12:36:04', 10, 'autorizado'),
(1, '0054', '2019-04-15', '12:36:04', 10, 'autorizado'),
(1, '0055', '2019-04-15', '12:36:04', 10, 'autorizado'),
(1, '0056', '2019-04-15', '12:36:04', 10, 'autorizado'),
(1, '0057', '2019-04-15', '12:36:04', 10, 'autorizado'),
(1, '0058', '2019-04-15', '12:36:04', 10, 'autorizado'),
(1, '0084', '2019-04-15', '12:36:04', 10, 'autorizado'),
(1, '0087', '2019-04-15', '12:36:04', 10, 'autorizado'),
(1, '0059', '2019-04-15', '12:36:04', 10, 'autorizado'),
(1, '0060', '2019-04-15', '12:36:04', 10, 'autorizado'),
(1, '0019', '2019-04-15', '12:36:04', 10, 'autorizado'),
(1, '0088', '2019-04-15', '12:36:04', 10, 'autorizado'),
(1, '0068', '2019-04-15', '12:36:04', 10, 'autorizado'),
(1, '0022', '2019-04-15', '12:36:04', 10, 'autorizado'),
(1, '0014', '2019-04-15', '12:36:04', 10, 'autorizado'),
(1, '0006', '2019-04-15', '12:36:04', 10, 'autorizado'),
(1, '0070', '2019-04-15', '12:36:04', 10, 'autorizado'),
(1, '0015', '2019-04-15', '12:36:04', 10, 'autorizado'),
(1, '0061', '2019-04-15', '12:36:04', 10, 'autorizado'),
(1, '0085', '2019-04-15', '12:36:04', 10, 'autorizado'),
(1, '0243', '2019-04-15', '12:36:04', 10, 'autorizado'),
(1, '0020', '2019-04-15', '12:36:04', 10, 'autorizado'),
(1, '0062', '2019-04-15', '12:36:04', 10, 'autorizado'),
(1, '0023', '2019-04-15', '12:36:04', 10, 'autorizado'),
(1, '0063', '2019-04-15', '12:36:04', 10, 'autorizado'),
(1, '0008', '2019-04-15', '12:36:04', 10, 'autorizado'),
(1, '0064', '2019-04-15', '12:36:04', 10, 'autorizado'),
(1, '0069', '2019-04-15', '12:36:04', 10, 'autorizado'),
(2, '0005', '2019-04-15', '12:38:30', 10, 'autorizado'),
(2, '0011', '2019-04-15', '12:38:30', 10, 'autorizado'),
(2, '0018', '2019-04-15', '12:38:30', 10, 'autorizado'),
(2, '0066', '2019-04-15', '12:38:30', 10, 'autorizado'),
(2, '0025', '2019-04-15', '12:38:30', 10, 'autorizado'),
(2, '0007', '2019-04-15', '12:38:30', 10, 'autorizado'),
(2, '0080', '2019-04-15', '12:38:30', 10, 'autorizado'),
(2, '0082', '2019-04-15', '12:38:30', 10, 'autorizado'),
(2, '0012', '2019-04-15', '12:38:30', 10, 'autorizado'),
(2, '0026', '2019-04-15', '12:38:30', 10, 'autorizado'),
(2, '0073', '2019-04-15', '12:38:30', 10, 'autorizado'),
(2, '0027', '2019-04-15', '12:38:30', 10, 'autorizado'),
(2, '0028', '2019-04-15', '12:38:30', 10, 'autorizado'),
(2, '0086', '2019-04-15', '12:38:30', 10, 'autorizado'),
(2, '0029', '2019-04-15', '12:38:30', 10, 'autorizado'),
(2, '0016', '2019-04-15', '12:38:30', 10, 'autorizado'),
(2, '0030', '2019-04-15', '12:38:30', 10, 'autorizado'),
(2, '0081', '2019-04-15', '12:38:30', 10, 'autorizado'),
(2, '0031', '2019-04-15', '12:38:30', 10, 'autorizado'),
(2, 'CC04', '2019-04-15', '12:38:30', 1.54, 'autorizado'),
(2, 'CC05', '2019-04-15', '12:38:30', 1, 'autorizado'),
(2, '0032', '2019-04-15', '12:38:30', 10, 'autorizado'),
(2, '0003', '2019-04-15', '12:38:30', 10, 'autorizado'),
(2, '0079', '2019-04-15', '12:38:30', 10, 'autorizado'),
(2, '0033', '2019-04-15', '12:38:30', 10, 'autorizado'),
(2, '0034', '2019-04-15', '12:38:30', 10, 'autorizado'),
(2, '0035', '2019-04-15', '12:38:30', 10, 'autorizado'),
(2, '0036', '2019-04-15', '12:38:30', 10, 'autorizado'),
(2, '0037', '2019-04-15', '12:38:30', 10, 'autorizado'),
(2, '0071', '2019-04-15', '12:38:30', 10, 'autorizado'),
(2, '0077', '2019-04-15', '12:38:30', 10, 'autorizado'),
(2, '0038', '2019-04-15', '12:38:30', 10, 'autorizado'),
(2, '0039', '2019-04-15', '12:38:30', 10, 'autorizado'),
(2, '0009', '2019-04-15', '12:38:30', 10, 'autorizado'),
(2, '0083', '2019-04-15', '12:38:30', 10, 'autorizado'),
(2, '0076', '2019-04-15', '12:38:30', 10, 'autorizado'),
(2, '0040', '2019-04-15', '12:38:30', 10, 'autorizado'),
(2, '0074', '2019-04-15', '12:38:30', 10, 'autorizado'),
(2, '0041', '2019-04-15', '12:38:30', 10, 'autorizado'),
(2, '0042', '2019-04-15', '12:38:30', 10, 'autorizado'),
(2, '0078', '2019-04-15', '12:38:30', 10, 'autorizado'),
(2, '0065', '2019-04-15', '12:38:30', 10, 'autorizado'),
(2, '0043', '2019-04-15', '12:38:30', 10, 'autorizado'),
(2, '0044', '2019-04-15', '12:38:30', 10, 'autorizado'),
(2, '0045', '2019-04-15', '12:38:30', 10, 'autorizado'),
(2, '0046', '2019-04-15', '12:38:30', 10, 'autorizado'),
(2, '0067', '2019-04-15', '12:38:30', 10, 'autorizado'),
(2, '0010', '2019-04-15', '12:38:30', 10, 'autorizado'),
(2, '0047', '2019-04-15', '12:38:30', 10, 'autorizado'),
(2, '0004', '2019-04-15', '12:38:30', 10, 'autorizado'),
(2, '0024', '2019-04-15', '12:38:30', 10, 'autorizado'),
(2, '0017', '2019-04-15', '12:38:30', 10, 'autorizado'),
(2, '0049', '2019-04-15', '12:38:30', 10, 'autorizado'),
(2, '0075', '2019-04-15', '12:38:30', 10, 'autorizado'),
(2, '0072', '2019-04-15', '12:38:30', 10, 'autorizado'),
(2, '0021', '2019-04-15', '12:38:30', 10, 'autorizado'),
(2, '0050', '2019-04-15', '12:38:30', 10, 'autorizado'),
(2, '0051', '2019-04-15', '12:38:30', 10, 'autorizado'),
(2, '0052', '2019-04-15', '12:38:30', 10, 'autorizado'),
(2, '0013', '2019-04-15', '12:38:30', 10, 'autorizado'),
(2, '0053', '2019-04-15', '12:38:30', 10, 'autorizado'),
(2, '0054', '2019-04-15', '12:38:30', 10, 'autorizado'),
(2, '0055', '2019-04-15', '12:38:30', 10, 'autorizado'),
(2, '0056', '2019-04-15', '12:38:30', 10, 'autorizado'),
(2, '0057', '2019-04-15', '12:38:30', 10, 'autorizado'),
(2, '0058', '2019-04-15', '12:38:30', 10, 'autorizado'),
(2, '0084', '2019-04-15', '12:38:30', 10, 'autorizado'),
(2, '0087', '2019-04-15', '12:38:30', 10, 'autorizado'),
(2, '0059', '2019-04-15', '12:38:30', 10, 'autorizado'),
(2, '0060', '2019-04-15', '12:38:30', 10, 'autorizado'),
(2, '0019', '2019-04-15', '12:38:30', 10, 'autorizado'),
(2, '0088', '2019-04-15', '12:38:30', 10, 'autorizado'),
(2, '0068', '2019-04-15', '12:38:30', 10, 'autorizado'),
(2, '0022', '2019-04-15', '12:38:30', 10, 'autorizado'),
(2, '0014', '2019-04-15', '12:38:30', 10, 'autorizado'),
(2, '0006', '2019-04-15', '12:38:30', 10, 'autorizado'),
(2, '0070', '2019-04-15', '12:38:30', 10, 'autorizado'),
(2, '0015', '2019-04-15', '12:38:30', 10, 'autorizado'),
(2, '0061', '2019-04-15', '12:38:30', 10, 'autorizado'),
(2, '0085', '2019-04-15', '12:38:30', 10, 'autorizado'),
(2, '0243', '2019-04-15', '12:38:30', 10, 'autorizado'),
(2, '0020', '2019-04-15', '12:38:30', 10, 'autorizado'),
(2, '0062', '2019-04-15', '12:38:30', 10, 'autorizado'),
(2, '0023', '2019-04-15', '12:38:30', 10, 'autorizado'),
(2, '0063', '2019-04-15', '12:38:30', 10, 'autorizado'),
(2, '0008', '2019-04-15', '12:38:30', 10, 'autorizado'),
(2, '0064', '2019-04-15', '12:38:30', 10, 'autorizado'),
(2, '0069', '2019-04-15', '12:38:30', 10, 'autorizado'),
(3, 'CC04', '2019-04-15', '06:45:54', 1.54, 'autorizado'),
(3, 'CC05', '2019-04-15', '06:45:54', 1, 'autorizado'),
(3, '0005', '2019-04-15', '06:45:54', 10, 'autorizado'),
(3, '0011', '2019-04-15', '06:45:54', 10, 'autorizado'),
(3, '0018', '2019-04-15', '06:45:54', 10, 'autorizado'),
(3, '0066', '2019-04-15', '06:45:54', 10, 'autorizado'),
(3, '0025', '2019-04-15', '06:45:54', 10, 'autorizado'),
(3, '0007', '2019-04-15', '06:45:54', 10, 'autorizado'),
(3, '0080', '2019-04-15', '06:45:54', 10, 'autorizado'),
(3, '0082', '2019-04-15', '06:45:54', 10, 'autorizado'),
(3, '0012', '2019-04-15', '06:45:54', 10, 'autorizado'),
(3, '0026', '2019-04-15', '06:45:54', 10, 'autorizado'),
(3, '0073', '2019-04-15', '06:45:54', 10, 'autorizado'),
(3, '0027', '2019-04-15', '06:45:54', 10, 'autorizado'),
(3, '0028', '2019-04-15', '06:45:54', 10, 'autorizado'),
(3, '0086', '2019-04-15', '06:45:54', 10, 'autorizado'),
(3, '0029', '2019-04-15', '06:45:54', 10, 'autorizado'),
(3, '0016', '2019-04-15', '06:45:54', 10, 'autorizado'),
(3, '0030', '2019-04-15', '06:45:54', 10, 'autorizado'),
(3, '0081', '2019-04-15', '06:45:54', 10, 'autorizado'),
(3, '0031', '2019-04-15', '06:45:54', 10, 'autorizado'),
(3, '0032', '2019-04-15', '06:45:54', 10, 'autorizado'),
(3, '0003', '2019-04-15', '06:45:54', 10, 'autorizado'),
(3, '0079', '2019-04-15', '06:45:54', 10, 'autorizado'),
(3, '0033', '2019-04-15', '06:45:54', 10, 'autorizado'),
(3, '0034', '2019-04-15', '06:45:54', 10, 'autorizado'),
(3, '0035', '2019-04-15', '06:45:54', 10, 'autorizado'),
(3, '0036', '2019-04-15', '06:45:54', 10, 'autorizado'),
(3, '0037', '2019-04-15', '06:45:54', 10, 'autorizado'),
(3, '0071', '2019-04-15', '06:45:54', 10, 'autorizado'),
(3, '0077', '2019-04-15', '06:45:54', 10, 'autorizado'),
(3, '0038', '2019-04-15', '06:45:54', 10, 'autorizado'),
(3, '0039', '2019-04-15', '06:45:54', 10, 'autorizado'),
(3, '0009', '2019-04-15', '06:45:54', 10, 'autorizado'),
(3, '0083', '2019-04-15', '06:45:54', 10, 'autorizado'),
(3, '0076', '2019-04-15', '06:45:54', 10, 'autorizado'),
(3, '0040', '2019-04-15', '06:45:54', 10, 'autorizado'),
(3, '0074', '2019-04-15', '06:45:54', 10, 'autorizado'),
(3, '0041', '2019-04-15', '06:45:54', 10, 'autorizado'),
(3, '0042', '2019-04-15', '06:45:54', 10, 'autorizado'),
(3, '0078', '2019-04-15', '06:45:54', 10, 'autorizado'),
(3, '0065', '2019-04-15', '06:45:54', 10, 'autorizado'),
(3, '0043', '2019-04-15', '06:45:54', 10, 'autorizado'),
(3, '0044', '2019-04-15', '06:45:54', 10, 'autorizado'),
(3, '0045', '2019-04-15', '06:45:54', 10, 'autorizado'),
(3, '0046', '2019-04-15', '06:45:54', 10, 'autorizado'),
(3, '0067', '2019-04-15', '06:45:54', 10, 'autorizado'),
(3, '0010', '2019-04-15', '06:45:54', 10, 'autorizado'),
(3, '0047', '2019-04-15', '06:45:54', 10, 'autorizado'),
(3, '0004', '2019-04-15', '06:45:54', 10, 'autorizado'),
(3, '0048', '2019-04-15', '06:45:54', 10, 'autorizado'),
(3, '0024', '2019-04-15', '06:45:54', 10, 'autorizado'),
(3, '0017', '2019-04-15', '06:45:54', 10, 'autorizado'),
(3, '0049', '2019-04-15', '06:45:54', 10, 'autorizado'),
(3, '0075', '2019-04-15', '06:45:54', 10, 'autorizado'),
(3, '0072', '2019-04-15', '06:45:54', 10, 'autorizado'),
(3, '0021', '2019-04-15', '06:45:54', 10, 'autorizado'),
(3, '0050', '2019-04-15', '06:45:54', 10, 'autorizado'),
(3, '0051', '2019-04-15', '06:45:54', 10, 'autorizado'),
(3, '0052', '2019-04-15', '06:45:54', 10, 'autorizado'),
(3, '0013', '2019-04-15', '06:45:54', 10, 'autorizado'),
(3, '0053', '2019-04-15', '06:45:54', 10, 'autorizado'),
(3, '0002', '2019-04-15', '06:45:54', 10, 'autorizado'),
(3, '0054', '2019-04-15', '06:45:54', 10, 'autorizado'),
(3, '0055', '2019-04-15', '06:45:54', 10, 'autorizado'),
(3, '0056', '2019-04-15', '06:45:54', 10, 'autorizado'),
(3, '0057', '2019-04-15', '06:45:54', 10, 'autorizado'),
(3, '0069', '2019-04-15', '06:45:54', 10, 'autorizado'),
(3, '0058', '2019-04-15', '06:45:54', 10, 'autorizado'),
(3, '0084', '2019-04-15', '06:45:54', 10, 'autorizado'),
(3, '0087', '2019-04-15', '06:45:54', 10, 'autorizado'),
(3, '0059', '2019-04-15', '06:45:54', 10, 'autorizado'),
(3, '0060', '2019-04-15', '06:45:54', 10, 'autorizado'),
(3, '0019', '2019-04-15', '06:45:54', 10, 'autorizado'),
(3, '0088', '2019-04-15', '06:45:54', 10, 'autorizado'),
(3, '0068', '2019-04-15', '06:45:54', 10, 'autorizado'),
(3, '0022', '2019-04-15', '06:45:54', 10, 'autorizado'),
(3, '0014', '2019-04-15', '06:45:54', 10, 'autorizado'),
(3, '0006', '2019-04-15', '06:45:54', 10, 'autorizado'),
(3, '0070', '2019-04-15', '06:45:54', 10, 'autorizado'),
(3, '0015', '2019-04-15', '06:45:54', 10, 'autorizado'),
(3, '0061', '2019-04-15', '06:45:54', 10, 'autorizado'),
(3, '0085', '2019-04-15', '06:45:54', 10, 'autorizado'),
(3, '0020', '2019-04-15', '06:45:54', 10, 'autorizado'),
(3, '0062', '2019-04-15', '06:45:54', 10, 'autorizado'),
(3, '0023', '2019-04-15', '06:45:54', 10, 'autorizado'),
(3, '0063', '2019-04-15', '06:45:54', 10, 'autorizado'),
(3, '0008', '2019-04-15', '06:45:54', 10, 'autorizado'),
(3, '0064', '2019-04-15', '06:45:54', 10, 'autorizado'),
(4, 'CC04', '2019-04-15', '11:43:52', 1.54, 'autorizado'),
(4, 'CC05', '2019-04-15', '11:43:52', 1, 'autorizado'),
(4, '0005', '2019-04-15', '11:43:52', 10, 'autorizado'),
(4, '0011', '2019-04-15', '11:43:52', 10, 'autorizado'),
(4, '0018', '2019-04-15', '11:43:52', 10, 'autorizado'),
(4, '0066', '2019-04-15', '11:43:52', 10, 'autorizado'),
(4, '0025', '2019-04-15', '11:43:52', 10, 'autorizado'),
(4, '0007', '2019-04-15', '11:43:52', 10, 'autorizado'),
(4, '0080', '2019-04-15', '11:43:52', 10, 'autorizado'),
(4, '0082', '2019-04-15', '11:43:52', 10, 'autorizado'),
(4, '0012', '2019-04-15', '11:43:52', 10, 'autorizado'),
(4, '0026', '2019-04-15', '11:43:52', 10, 'autorizado'),
(4, '0073', '2019-04-15', '11:43:52', 10, 'autorizado'),
(4, '0027', '2019-04-15', '11:43:52', 10, 'autorizado'),
(4, '0028', '2019-04-15', '11:43:52', 10, 'autorizado'),
(4, '0086', '2019-04-15', '11:43:52', 10, 'autorizado'),
(4, '0029', '2019-04-15', '11:43:52', 10, 'autorizado'),
(4, '0016', '2019-04-15', '11:43:52', 10, 'autorizado'),
(4, '0030', '2019-04-15', '11:43:52', 10, 'autorizado'),
(4, '0081', '2019-04-15', '11:43:52', 10, 'autorizado'),
(4, '0031', '2019-04-15', '11:43:52', 10, 'autorizado'),
(4, '0032', '2019-04-15', '11:43:52', 10, 'autorizado'),
(4, '0003', '2019-04-15', '11:43:52', 10, 'autorizado'),
(4, '0079', '2019-04-15', '11:43:52', 10, 'autorizado'),
(4, '0033', '2019-04-15', '11:43:52', 10, 'autorizado'),
(4, '0034', '2019-04-15', '11:43:52', 10, 'autorizado'),
(4, '0035', '2019-04-15', '11:43:52', 10, 'autorizado'),
(4, '0036', '2019-04-15', '11:43:52', 10, 'autorizado'),
(4, '0037', '2019-04-15', '11:43:52', 10, 'autorizado'),
(4, '0071', '2019-04-15', '11:43:52', 10, 'autorizado'),
(4, '0077', '2019-04-15', '11:43:52', 10, 'autorizado'),
(4, '0038', '2019-04-15', '11:43:52', 10, 'autorizado'),
(4, '0039', '2019-04-15', '11:43:52', 10, 'autorizado'),
(4, '0009', '2019-04-15', '11:43:52', 10, 'autorizado'),
(4, '0083', '2019-04-15', '11:43:52', 10, 'autorizado'),
(4, '0076', '2019-04-15', '11:43:52', 10, 'autorizado'),
(4, '0040', '2019-04-15', '11:43:52', 10, 'autorizado'),
(4, '0074', '2019-04-15', '11:43:52', 10, 'autorizado'),
(4, '0041', '2019-04-15', '11:43:52', 10, 'autorizado'),
(4, '0042', '2019-04-15', '11:43:52', 10, 'autorizado'),
(4, '0078', '2019-04-15', '11:43:52', 10, 'autorizado'),
(4, '0065', '2019-04-15', '11:43:52', 10, 'autorizado'),
(4, '0043', '2019-04-15', '11:43:52', 10, 'autorizado'),
(4, '0044', '2019-04-15', '11:43:52', 10, 'autorizado'),
(4, '0045', '2019-04-15', '11:43:52', 10, 'autorizado'),
(4, '0046', '2019-04-15', '11:43:52', 10, 'autorizado'),
(4, '0067', '2019-04-15', '11:43:52', 10, 'autorizado'),
(4, '0010', '2019-04-15', '11:43:52', 10, 'autorizado'),
(4, '0047', '2019-04-15', '11:43:52', 10, 'autorizado'),
(4, '0004', '2019-04-15', '11:43:52', 10, 'autorizado'),
(4, '0048', '2019-04-15', '11:43:52', 10, 'autorizado'),
(4, '0024', '2019-04-15', '11:43:52', 10, 'autorizado'),
(4, '0017', '2019-04-15', '11:43:52', 10, 'autorizado'),
(4, '0049', '2019-04-15', '11:43:52', 10, 'autorizado'),
(4, '0075', '2019-04-15', '11:43:52', 10, 'autorizado'),
(4, '0072', '2019-04-15', '11:43:52', 10, 'autorizado'),
(4, '0021', '2019-04-15', '11:43:52', 10, 'autorizado'),
(4, '0050', '2019-04-15', '11:43:52', 10, 'autorizado'),
(4, '0051', '2019-04-15', '11:43:52', 10, 'autorizado'),
(4, '0052', '2019-04-15', '11:43:52', 10, 'autorizado'),
(4, '0013', '2019-04-15', '11:43:52', 10, 'autorizado'),
(4, '0053', '2019-04-15', '11:43:52', 10, 'autorizado'),
(4, '0002', '2019-04-15', '11:43:52', 10, 'autorizado'),
(4, '0054', '2019-04-15', '11:43:52', 10, 'autorizado'),
(4, '0055', '2019-04-15', '11:43:52', 10, 'autorizado'),
(4, '0056', '2019-04-15', '11:43:52', 10, 'autorizado'),
(4, '0057', '2019-04-15', '11:43:52', 10, 'autorizado'),
(4, '0069', '2019-04-15', '11:43:52', 10, 'autorizado'),
(4, '0058', '2019-04-15', '11:43:52', 10, 'autorizado'),
(4, '0084', '2019-04-15', '11:43:52', 10, 'autorizado'),
(4, '0087', '2019-04-15', '11:43:52', 10, 'autorizado'),
(4, '0059', '2019-04-15', '11:43:52', 10, 'autorizado'),
(4, '0060', '2019-04-15', '11:43:52', 10, 'autorizado'),
(4, '0019', '2019-04-15', '11:43:52', 10, 'autorizado'),
(4, '0088', '2019-04-15', '11:43:52', 10, 'autorizado'),
(4, '0068', '2019-04-15', '11:43:52', 10, 'autorizado'),
(4, '0022', '2019-04-15', '11:43:52', 10, 'autorizado'),
(4, '0014', '2019-04-15', '11:43:52', 10, 'autorizado'),
(4, '0006', '2019-04-15', '11:43:52', 10, 'autorizado'),
(4, '0070', '2019-04-15', '11:43:52', 10, 'autorizado'),
(4, '0015', '2019-04-15', '11:43:52', 10, 'autorizado'),
(4, '0061', '2019-04-15', '11:43:52', 10, 'autorizado'),
(4, '0085', '2019-04-15', '11:43:52', 10, 'autorizado'),
(4, '0020', '2019-04-15', '11:43:52', 10, 'autorizado'),
(4, '0062', '2019-04-15', '11:43:52', 10, 'autorizado'),
(4, '0023', '2019-04-15', '11:43:52', 10, 'autorizado'),
(4, '0063', '2019-04-15', '11:43:52', 10, 'autorizado'),
(4, '0008', '2019-04-15', '11:43:52', 10, 'autorizado'),
(4, '0064', '2019-04-15', '11:43:52', 10, 'autorizado'),
(5, 'BRAM', '2019-04-15', '11:50:28', 2, 'autorizado'),
(5, 'BRAZ', '2019-04-15', '11:50:28', 2, 'autorizado'),
(5, 'BRCI', '2019-04-15', '11:50:28', 2, 'autorizado'),
(5, 'BRMA', '2019-04-15', '11:50:28', 8, 'autorizado'),
(5, 'BRT1', '2019-04-15', '11:50:28', 4, 'autorizado'),
(5, 'BRTV', '2019-04-15', '11:50:28', 2, 'autorizado'),
(5, 'BRT5', '2019-04-15', '11:50:28', 8, 'autorizado'),
(5, 'BRTD', '2019-04-15', '11:50:28', 12, 'autorizado'),
(6, 'CC04', '2019-04-15', '11:56:58', 1.54, 'autorizado'),
(6, 'CC05', '2019-04-15', '11:56:58', 1, 'autorizado'),
(6, '0005', '2019-04-15', '11:56:58', 10, 'autorizado'),
(6, '0011', '2019-04-15', '11:56:58', 10, 'autorizado'),
(6, '0018', '2019-04-15', '11:56:58', 10, 'autorizado'),
(6, '0066', '2019-04-15', '11:56:58', 10, 'autorizado'),
(6, '0025', '2019-04-15', '11:56:58', 10, 'autorizado'),
(6, '0007', '2019-04-15', '11:56:58', 10, 'autorizado'),
(6, '0080', '2019-04-15', '11:56:58', 10, 'autorizado'),
(6, '0082', '2019-04-15', '11:56:58', 10, 'autorizado'),
(6, '0012', '2019-04-15', '11:56:58', 10, 'autorizado'),
(6, '0026', '2019-04-15', '11:56:58', 10, 'autorizado'),
(6, '0073', '2019-04-15', '11:56:58', 10, 'autorizado'),
(6, '0027', '2019-04-15', '11:56:58', 10, 'autorizado'),
(6, '0028', '2019-04-15', '11:56:58', 10, 'autorizado'),
(6, '0086', '2019-04-15', '11:56:58', 10, 'autorizado'),
(6, '0029', '2019-04-15', '11:56:58', 10, 'autorizado'),
(6, '0016', '2019-04-15', '11:56:58', 10, 'autorizado'),
(6, '0030', '2019-04-15', '11:56:58', 10, 'autorizado'),
(6, '0081', '2019-04-15', '11:56:58', 10, 'autorizado'),
(6, '0031', '2019-04-15', '11:56:58', 10, 'autorizado'),
(6, '0032', '2019-04-15', '11:56:58', 10, 'autorizado'),
(6, '0003', '2019-04-15', '11:56:58', 10, 'autorizado'),
(6, '0079', '2019-04-15', '11:56:58', 10, 'autorizado'),
(6, '0033', '2019-04-15', '11:56:58', 10, 'autorizado'),
(6, '0034', '2019-04-15', '11:56:58', 10, 'autorizado'),
(6, '0035', '2019-04-15', '11:56:58', 10, 'autorizado'),
(6, '0036', '2019-04-15', '11:56:58', 10, 'autorizado'),
(6, '0037', '2019-04-15', '11:56:58', 10, 'autorizado'),
(6, '0071', '2019-04-15', '11:56:58', 10, 'autorizado'),
(6, '0077', '2019-04-15', '11:56:58', 10, 'autorizado'),
(6, '0038', '2019-04-15', '11:56:58', 10, 'autorizado'),
(6, '0039', '2019-04-15', '11:56:58', 10, 'autorizado'),
(6, '0009', '2019-04-15', '11:56:58', 10, 'autorizado'),
(6, '0083', '2019-04-15', '11:56:58', 10, 'autorizado'),
(6, '0076', '2019-04-15', '11:56:58', 10, 'autorizado'),
(6, '0040', '2019-04-15', '11:56:58', 10, 'autorizado'),
(6, '0074', '2019-04-15', '11:56:58', 10, 'autorizado'),
(6, '0041', '2019-04-15', '11:56:58', 10, 'autorizado'),
(6, '0042', '2019-04-15', '11:56:58', 10, 'autorizado'),
(6, '0078', '2019-04-15', '11:56:58', 10, 'autorizado'),
(6, '0065', '2019-04-15', '11:56:58', 10, 'autorizado'),
(6, '0043', '2019-04-15', '11:56:58', 10, 'autorizado'),
(6, '0044', '2019-04-15', '11:56:58', 10, 'autorizado'),
(6, '0045', '2019-04-15', '11:56:58', 10, 'autorizado'),
(6, '0046', '2019-04-15', '11:56:58', 10, 'autorizado'),
(6, '0067', '2019-04-15', '11:56:58', 10, 'autorizado'),
(6, '0010', '2019-04-15', '11:56:58', 10, 'autorizado'),
(6, '0047', '2019-04-15', '11:56:58', 10, 'autorizado'),
(6, '0004', '2019-04-15', '11:56:58', 10, 'autorizado'),
(6, '0048', '2019-04-15', '11:56:58', 10, 'autorizado'),
(6, '0024', '2019-04-15', '11:56:58', 10, 'autorizado'),
(6, '0017', '2019-04-15', '11:56:58', 10, 'autorizado'),
(6, '0049', '2019-04-15', '11:56:58', 10, 'autorizado'),
(6, '0075', '2019-04-15', '11:56:58', 10, 'autorizado'),
(6, '0072', '2019-04-15', '11:56:58', 10, 'autorizado'),
(6, '0021', '2019-04-15', '11:56:58', 10, 'autorizado'),
(6, '0050', '2019-04-15', '11:56:58', 10, 'autorizado'),
(6, '0051', '2019-04-15', '11:56:58', 10, 'autorizado'),
(6, '0052', '2019-04-15', '11:56:58', 10, 'autorizado'),
(6, '0013', '2019-04-15', '11:56:58', 10, 'autorizado'),
(6, '0053', '2019-04-15', '11:56:58', 10, 'autorizado'),
(6, '0002', '2019-04-15', '11:56:58', 10, 'autorizado'),
(6, '0054', '2019-04-15', '11:56:58', 10, 'autorizado'),
(6, '0055', '2019-04-15', '11:56:58', 10, 'autorizado'),
(6, '0056', '2019-04-15', '11:56:58', 10, 'autorizado'),
(6, '0057', '2019-04-15', '11:56:58', 10, 'autorizado'),
(6, '0069', '2019-04-15', '11:56:58', 10, 'autorizado'),
(6, '0058', '2019-04-15', '11:56:58', 10, 'autorizado'),
(6, '0084', '2019-04-15', '11:56:58', 10, 'autorizado'),
(6, '0087', '2019-04-15', '11:56:58', 10, 'autorizado'),
(6, '0059', '2019-04-15', '11:56:58', 10, 'autorizado'),
(6, '0060', '2019-04-15', '11:56:58', 10, 'autorizado'),
(6, '0019', '2019-04-15', '11:56:58', 10, 'autorizado'),
(6, '0088', '2019-04-15', '11:56:58', 10, 'autorizado'),
(6, '0068', '2019-04-15', '11:56:58', 10, 'autorizado'),
(6, '0022', '2019-04-15', '11:56:58', 10, 'autorizado'),
(6, '0014', '2019-04-15', '11:56:58', 10, 'autorizado'),
(6, '0006', '2019-04-15', '11:56:58', 10, 'autorizado'),
(6, '0070', '2019-04-15', '11:56:58', 10, 'autorizado'),
(6, '0015', '2019-04-15', '11:56:58', 10, 'autorizado'),
(6, '0061', '2019-04-15', '11:56:58', 10, 'autorizado'),
(6, '0085', '2019-04-15', '11:56:58', 10, 'autorizado'),
(6, '0020', '2019-04-15', '11:56:58', 10, 'autorizado'),
(6, '0062', '2019-04-15', '11:56:58', 10, 'autorizado'),
(6, '0023', '2019-04-15', '11:56:58', 10, 'autorizado'),
(6, '0063', '2019-04-15', '11:56:58', 10, 'autorizado'),
(6, '0008', '2019-04-15', '11:56:58', 10, 'autorizado'),
(6, '0064', '2019-04-15', '11:56:58', 10, 'autorizado'),
(7, 'CC04', '2019-04-16', '12:04:20', 0, 'autorizado'),
(7, 'CC05', '2019-04-16', '12:04:20', 1, 'autorizado'),
(7, '0005', '2019-04-16', '12:04:20', 10, 'autorizado'),
(7, '0011', '2019-04-16', '12:04:20', 10, 'autorizado'),
(7, '0018', '2019-04-16', '12:04:20', 10, 'autorizado'),
(7, '0066', '2019-04-16', '12:04:20', 10, 'autorizado'),
(7, '0025', '2019-04-16', '12:04:20', 10, 'autorizado'),
(7, '0007', '2019-04-16', '12:04:20', 10, 'autorizado'),
(7, '0080', '2019-04-16', '12:04:20', 10, 'autorizado'),
(7, '0082', '2019-04-16', '12:04:20', 10, 'autorizado'),
(7, '0012', '2019-04-16', '12:04:20', 10, 'autorizado'),
(7, '0026', '2019-04-16', '12:04:20', 10, 'autorizado'),
(7, '0073', '2019-04-16', '12:04:20', 10, 'autorizado'),
(7, '0027', '2019-04-16', '12:04:20', 10, 'autorizado'),
(7, '0028', '2019-04-16', '12:04:20', 10, 'autorizado'),
(7, '0086', '2019-04-16', '12:04:20', 10, 'autorizado'),
(7, '0029', '2019-04-16', '12:04:20', 10, 'autorizado'),
(7, '0016', '2019-04-16', '12:04:20', 10, 'autorizado'),
(7, '0030', '2019-04-16', '12:04:20', 10, 'autorizado'),
(7, '0081', '2019-04-16', '12:04:20', 10, 'autorizado'),
(7, '0031', '2019-04-16', '12:04:20', 10, 'autorizado'),
(7, '0032', '2019-04-16', '12:04:20', 10, 'autorizado'),
(7, '0003', '2019-04-16', '12:04:20', 10, 'autorizado'),
(7, '0079', '2019-04-16', '12:04:20', 10, 'autorizado'),
(7, '0033', '2019-04-16', '12:04:20', 10, 'autorizado'),
(7, '0034', '2019-04-16', '12:04:20', 10, 'autorizado'),
(7, '0035', '2019-04-16', '12:04:20', 10, 'autorizado'),
(7, '0036', '2019-04-16', '12:04:20', 10, 'autorizado'),
(7, '0037', '2019-04-16', '12:04:20', 10, 'autorizado'),
(7, '0071', '2019-04-16', '12:04:20', 10, 'autorizado'),
(7, '0077', '2019-04-16', '12:04:20', 10, 'autorizado'),
(7, '0038', '2019-04-16', '12:04:20', 10, 'autorizado'),
(7, '0039', '2019-04-16', '12:04:20', 10, 'autorizado'),
(7, '0009', '2019-04-16', '12:04:20', 10, 'autorizado'),
(7, '0083', '2019-04-16', '12:04:20', 10, 'autorizado'),
(7, '0076', '2019-04-16', '12:04:20', 10, 'autorizado'),
(7, '0040', '2019-04-16', '12:04:20', 10, 'autorizado'),
(7, '0074', '2019-04-16', '12:04:20', 10, 'autorizado'),
(7, '0041', '2019-04-16', '12:04:20', 10, 'autorizado'),
(7, '0042', '2019-04-16', '12:04:20', 10, 'autorizado'),
(7, '0078', '2019-04-16', '12:04:20', 10, 'autorizado'),
(7, '0065', '2019-04-16', '12:04:20', 10, 'autorizado'),
(7, '0043', '2019-04-16', '12:04:20', 10, 'autorizado'),
(7, '0044', '2019-04-16', '12:04:20', 10, 'autorizado'),
(7, '0045', '2019-04-16', '12:04:20', 10, 'autorizado'),
(7, '0046', '2019-04-16', '12:04:20', 10, 'autorizado'),
(7, '0067', '2019-04-16', '12:04:20', 10, 'autorizado'),
(7, '0010', '2019-04-16', '12:04:20', 10, 'autorizado'),
(7, '0047', '2019-04-16', '12:04:20', 10, 'autorizado'),
(7, '0004', '2019-04-16', '12:04:20', 10, 'autorizado'),
(7, '0048', '2019-04-16', '12:04:20', 10, 'autorizado'),
(7, '0024', '2019-04-16', '12:04:20', 10, 'autorizado'),
(7, '0017', '2019-04-16', '12:04:20', 10, 'autorizado'),
(7, '0049', '2019-04-16', '12:04:20', 10, 'autorizado'),
(7, '0075', '2019-04-16', '12:04:20', 10, 'autorizado'),
(7, '0072', '2019-04-16', '12:04:20', 10, 'autorizado'),
(7, '0021', '2019-04-16', '12:04:20', 10, 'autorizado'),
(7, '0050', '2019-04-16', '12:04:20', 10, 'autorizado'),
(7, '0051', '2019-04-16', '12:04:20', 10, 'autorizado'),
(7, '0052', '2019-04-16', '12:04:20', 10, 'autorizado'),
(7, '0013', '2019-04-16', '12:04:20', 10, 'autorizado'),
(7, '0053', '2019-04-16', '12:04:20', 10, 'autorizado'),
(7, '0002', '2019-04-16', '12:04:20', 10, 'autorizado'),
(7, '0054', '2019-04-16', '12:04:20', 10, 'autorizado'),
(7, '0055', '2019-04-16', '12:04:20', 10, 'autorizado'),
(7, '0056', '2019-04-16', '12:04:20', 10, 'autorizado'),
(7, '0057', '2019-04-16', '12:04:20', 10, 'autorizado'),
(7, '0069', '2019-04-16', '12:04:20', 10, 'autorizado'),
(7, '0058', '2019-04-16', '12:04:20', 10, 'autorizado'),
(7, '0084', '2019-04-16', '12:04:20', 10, 'autorizado'),
(7, '0087', '2019-04-16', '12:04:20', 10, 'autorizado'),
(7, '0059', '2019-04-16', '12:04:20', 10, 'autorizado'),
(7, '0060', '2019-04-16', '12:04:20', 10, 'autorizado'),
(7, '0019', '2019-04-16', '12:04:20', 10, 'autorizado'),
(7, '0088', '2019-04-16', '12:04:20', 10, 'autorizado'),
(7, '0068', '2019-04-16', '12:04:20', 10, 'autorizado'),
(7, '0022', '2019-04-16', '12:04:20', 10, 'autorizado'),
(7, '0014', '2019-04-16', '12:04:20', 10, 'autorizado'),
(7, '0006', '2019-04-16', '12:04:20', 10, 'autorizado'),
(7, '0070', '2019-04-16', '12:04:20', 10, 'autorizado'),
(7, '0015', '2019-04-16', '12:04:20', 10, 'autorizado'),
(7, '0061', '2019-04-16', '12:04:20', 10, 'autorizado'),
(7, '0085', '2019-04-16', '12:04:20', 10, 'autorizado'),
(7, '0020', '2019-04-16', '12:04:20', 10, 'autorizado'),
(7, '0062', '2019-04-16', '12:04:20', 10, 'autorizado'),
(7, '0023', '2019-04-16', '12:04:20', 10, 'autorizado'),
(7, '0063', '2019-04-16', '12:04:20', 10, 'autorizado'),
(7, '0008', '2019-04-16', '12:04:20', 10, 'autorizado'),
(7, '0064', '2019-04-16', '12:04:20', 10, 'autorizado'),
(8, 'CC04', '2019-04-16', '12:09:41', 0, 'autorizado'),
(8, 'CC05', '2019-04-16', '12:09:41', 1, 'autorizado'),
(8, '0005', '2019-04-16', '12:09:41', 10, 'autorizado'),
(8, '0011', '2019-04-16', '12:09:41', 10, 'autorizado'),
(8, '0018', '2019-04-16', '12:09:41', 10, 'autorizado'),
(8, '0066', '2019-04-16', '12:09:41', 10, 'autorizado'),
(8, '0025', '2019-04-16', '12:09:41', 10, 'autorizado'),
(8, '0007', '2019-04-16', '12:09:41', 10, 'autorizado'),
(8, '0080', '2019-04-16', '12:09:41', 10, 'autorizado'),
(8, '0082', '2019-04-16', '12:09:41', 10, 'autorizado'),
(8, '0012', '2019-04-16', '12:09:41', 10, 'autorizado'),
(8, '0026', '2019-04-16', '12:09:41', 10, 'autorizado'),
(8, '0073', '2019-04-16', '12:09:41', 10, 'autorizado'),
(8, '0027', '2019-04-16', '12:09:41', 10, 'autorizado'),
(8, '0028', '2019-04-16', '12:09:41', 10, 'autorizado'),
(8, '0086', '2019-04-16', '12:09:41', 10, 'autorizado'),
(8, '0029', '2019-04-16', '12:09:41', 10, 'autorizado'),
(8, '0016', '2019-04-16', '12:09:41', 10, 'autorizado'),
(8, '0030', '2019-04-16', '12:09:41', 10, 'autorizado'),
(8, '0081', '2019-04-16', '12:09:41', 10, 'autorizado'),
(8, '0031', '2019-04-16', '12:09:41', 10, 'autorizado'),
(8, '0032', '2019-04-16', '12:09:41', 10, 'autorizado'),
(8, '0003', '2019-04-16', '12:09:41', 10, 'autorizado'),
(8, '0079', '2019-04-16', '12:09:41', 10, 'autorizado'),
(8, '0033', '2019-04-16', '12:09:41', 10, 'autorizado'),
(8, '0034', '2019-04-16', '12:09:41', 10, 'autorizado'),
(8, '0035', '2019-04-16', '12:09:41', 10, 'autorizado'),
(8, '0036', '2019-04-16', '12:09:41', 10, 'autorizado'),
(8, '0037', '2019-04-16', '12:09:41', 10, 'autorizado'),
(8, '0071', '2019-04-16', '12:09:41', 10, 'autorizado'),
(8, '0077', '2019-04-16', '12:09:41', 10, 'autorizado'),
(8, '0038', '2019-04-16', '12:09:41', 10, 'autorizado'),
(8, '0039', '2019-04-16', '12:09:41', 10, 'autorizado'),
(8, '0009', '2019-04-16', '12:09:41', 10, 'autorizado'),
(8, '0083', '2019-04-16', '12:09:41', 10, 'autorizado'),
(8, '0076', '2019-04-16', '12:09:41', 10, 'autorizado'),
(8, '0040', '2019-04-16', '12:09:41', 10, 'autorizado'),
(8, '0074', '2019-04-16', '12:09:41', 10, 'autorizado'),
(8, '0041', '2019-04-16', '12:09:41', 10, 'autorizado'),
(8, '0042', '2019-04-16', '12:09:41', 10, 'autorizado'),
(8, '0078', '2019-04-16', '12:09:41', 10, 'autorizado'),
(8, '0065', '2019-04-16', '12:09:41', 10, 'autorizado'),
(8, '0043', '2019-04-16', '12:09:41', 10, 'autorizado'),
(8, '0044', '2019-04-16', '12:09:41', 10, 'autorizado'),
(8, '0045', '2019-04-16', '12:09:41', 10, 'autorizado'),
(8, '0046', '2019-04-16', '12:09:41', 10, 'autorizado'),
(8, '0067', '2019-04-16', '12:09:41', 10, 'autorizado'),
(8, '0010', '2019-04-16', '12:09:41', 10, 'autorizado'),
(8, '0047', '2019-04-16', '12:09:41', 10, 'autorizado'),
(8, '0004', '2019-04-16', '12:09:41', 10, 'autorizado'),
(8, '0048', '2019-04-16', '12:09:41', 10, 'autorizado'),
(8, '0024', '2019-04-16', '12:09:41', 10, 'autorizado'),
(8, '0017', '2019-04-16', '12:09:41', 10, 'autorizado'),
(8, '0049', '2019-04-16', '12:09:41', 10, 'autorizado'),
(8, '0075', '2019-04-16', '12:09:41', 10, 'autorizado'),
(8, '0072', '2019-04-16', '12:09:41', 10, 'autorizado'),
(8, '0021', '2019-04-16', '12:09:41', 10, 'autorizado'),
(8, '0050', '2019-04-16', '12:09:41', 10, 'autorizado'),
(8, '0051', '2019-04-16', '12:09:41', 10, 'autorizado'),
(8, '0052', '2019-04-16', '12:09:41', 10, 'autorizado'),
(8, '0013', '2019-04-16', '12:09:41', 10, 'autorizado'),
(8, '0053', '2019-04-16', '12:09:41', 10, 'autorizado'),
(8, '0002', '2019-04-16', '12:09:41', 10, 'autorizado'),
(8, '0054', '2019-04-16', '12:09:41', 10, 'autorizado'),
(8, '0055', '2019-04-16', '12:09:41', 10, 'autorizado'),
(8, '0056', '2019-04-16', '12:09:41', 10, 'autorizado'),
(8, '0057', '2019-04-16', '12:09:41', 10, 'autorizado'),
(8, '0069', '2019-04-16', '12:09:41', 10, 'autorizado'),
(8, '0058', '2019-04-16', '12:09:41', 10, 'autorizado'),
(8, '0084', '2019-04-16', '12:09:41', 10, 'autorizado'),
(8, '0087', '2019-04-16', '12:09:41', 10, 'autorizado'),
(8, '0059', '2019-04-16', '12:09:41', 10, 'autorizado'),
(8, '0060', '2019-04-16', '12:09:41', 10, 'autorizado'),
(8, '0019', '2019-04-16', '12:09:41', 10, 'autorizado'),
(8, '0088', '2019-04-16', '12:09:41', 10, 'autorizado'),
(8, '0068', '2019-04-16', '12:09:41', 10, 'autorizado'),
(8, '0022', '2019-04-16', '12:09:41', 10, 'autorizado'),
(8, '0014', '2019-04-16', '12:09:41', 10, 'autorizado'),
(8, '0006', '2019-04-16', '12:09:41', 10, 'autorizado'),
(8, '0070', '2019-04-16', '12:09:41', 10, 'autorizado'),
(8, '0015', '2019-04-16', '12:09:41', 10, 'autorizado'),
(8, '0061', '2019-04-16', '12:09:41', 10, 'autorizado'),
(8, '0085', '2019-04-16', '12:09:41', 10, 'autorizado'),
(8, '0020', '2019-04-16', '12:09:41', 10, 'autorizado'),
(8, '0062', '2019-04-16', '12:09:41', 10, 'autorizado'),
(8, '0023', '2019-04-16', '12:09:41', 10, 'autorizado'),
(8, '0063', '2019-04-16', '12:09:41', 10, 'autorizado'),
(8, '0008', '2019-04-16', '12:09:41', 10, 'autorizado'),
(8, '0064', '2019-04-16', '12:09:41', 10, 'autorizado'),
(9, 'CC04', '2019-04-16', '01:12:57', 1.54, 'autorizado'),
(9, 'CC05', '2019-04-16', '01:12:57', 1, 'autorizado'),
(9, '0005', '2019-04-16', '01:12:57', 10, 'autorizado'),
(9, '0011', '2019-04-16', '01:12:57', 10, 'autorizado'),
(9, '0018', '2019-04-16', '01:12:57', 10, 'autorizado'),
(9, '0066', '2019-04-16', '01:12:57', 10, 'autorizado'),
(9, '0025', '2019-04-16', '01:12:57', 10, 'autorizado'),
(9, '0007', '2019-04-16', '01:12:57', 10, 'autorizado'),
(9, '0080', '2019-04-16', '01:12:57', 10, 'autorizado'),
(9, '0082', '2019-04-16', '01:12:57', 10, 'autorizado'),
(9, '0012', '2019-04-16', '01:12:57', 10, 'autorizado'),
(9, '0026', '2019-04-16', '01:12:57', 10, 'autorizado'),
(9, '0073', '2019-04-16', '01:12:57', 10, 'autorizado'),
(9, '0027', '2019-04-16', '01:12:57', 10, 'autorizado'),
(9, '0028', '2019-04-16', '01:12:57', 10, 'autorizado'),
(9, '0086', '2019-04-16', '01:12:57', 10, 'autorizado'),
(9, '0029', '2019-04-16', '01:12:57', 10, 'autorizado'),
(9, '0016', '2019-04-16', '01:12:57', 10, 'autorizado'),
(9, '0030', '2019-04-16', '01:12:57', 10, 'autorizado'),
(9, '0081', '2019-04-16', '01:12:57', 10, 'autorizado'),
(9, '0031', '2019-04-16', '01:12:57', 10, 'autorizado'),
(9, '0032', '2019-04-16', '01:12:57', 10, 'autorizado'),
(9, '0003', '2019-04-16', '01:12:57', 10, 'autorizado'),
(9, '0079', '2019-04-16', '01:12:57', 10, 'autorizado'),
(9, '0033', '2019-04-16', '01:12:57', 10, 'autorizado'),
(9, '0034', '2019-04-16', '01:12:57', 10, 'autorizado'),
(9, '0035', '2019-04-16', '01:12:57', 10, 'autorizado'),
(9, '0036', '2019-04-16', '01:12:57', 10, 'autorizado'),
(9, '0037', '2019-04-16', '01:12:57', 10, 'autorizado'),
(9, '0071', '2019-04-16', '01:12:57', 10, 'autorizado'),
(9, '0077', '2019-04-16', '01:12:57', 10, 'autorizado'),
(9, '0038', '2019-04-16', '01:12:57', 10, 'autorizado'),
(9, '0039', '2019-04-16', '01:12:57', 10, 'autorizado'),
(9, '0009', '2019-04-16', '01:12:57', 10, 'autorizado'),
(9, '0083', '2019-04-16', '01:12:57', 10, 'autorizado'),
(9, '0076', '2019-04-16', '01:12:57', 10, 'autorizado'),
(9, '0040', '2019-04-16', '01:12:57', 10, 'autorizado'),
(9, '0074', '2019-04-16', '01:12:57', 10, 'autorizado'),
(9, '0041', '2019-04-16', '01:12:57', 10, 'autorizado'),
(9, '0042', '2019-04-16', '01:12:57', 10, 'autorizado'),
(9, '0078', '2019-04-16', '01:12:57', 10, 'autorizado'),
(9, '0065', '2019-04-16', '01:12:57', 10, 'autorizado'),
(9, '0043', '2019-04-16', '01:12:57', 10, 'autorizado'),
(9, '0044', '2019-04-16', '01:12:57', 10, 'autorizado'),
(9, '0045', '2019-04-16', '01:12:57', 10, 'autorizado'),
(9, '0046', '2019-04-16', '01:12:57', 10, 'autorizado'),
(9, '0067', '2019-04-16', '01:12:57', 10, 'autorizado'),
(9, '0010', '2019-04-16', '01:12:57', 10, 'autorizado'),
(9, '0047', '2019-04-16', '01:12:57', 10, 'autorizado'),
(9, '0004', '2019-04-16', '01:12:57', 10, 'autorizado'),
(9, '0048', '2019-04-16', '01:12:57', 10, 'autorizado'),
(9, '0024', '2019-04-16', '01:12:57', 10, 'autorizado'),
(9, '0017', '2019-04-16', '01:12:57', 10, 'autorizado'),
(9, '0049', '2019-04-16', '01:12:57', 10, 'autorizado'),
(9, '0075', '2019-04-16', '01:12:57', 10, 'autorizado'),
(9, '0072', '2019-04-16', '01:12:57', 10, 'autorizado'),
(9, '0021', '2019-04-16', '01:12:57', 10, 'autorizado'),
(9, '0050', '2019-04-16', '01:12:57', 10, 'autorizado'),
(9, '0051', '2019-04-16', '01:12:57', 10, 'autorizado'),
(9, '0052', '2019-04-16', '01:12:57', 10, 'autorizado'),
(9, '0013', '2019-04-16', '01:12:57', 10, 'autorizado'),
(9, '0053', '2019-04-16', '01:12:57', 10, 'autorizado'),
(9, '0002', '2019-04-16', '01:12:57', 10, 'autorizado'),
(9, '0054', '2019-04-16', '01:12:57', 10, 'autorizado'),
(9, '0055', '2019-04-16', '01:12:57', 10, 'autorizado'),
(9, '0056', '2019-04-16', '01:12:57', 10, 'autorizado'),
(9, '0057', '2019-04-16', '01:12:57', 10, 'autorizado'),
(9, '0069', '2019-04-16', '01:12:57', 10, 'autorizado'),
(9, '0058', '2019-04-16', '01:12:57', 10, 'autorizado'),
(9, '0084', '2019-04-16', '01:12:57', 10, 'autorizado'),
(9, '0087', '2019-04-16', '01:12:57', 10, 'autorizado'),
(9, '0059', '2019-04-16', '01:12:57', 10, 'autorizado'),
(9, '0060', '2019-04-16', '01:12:57', 10, 'autorizado'),
(9, '0019', '2019-04-16', '01:12:57', 10, 'autorizado'),
(9, '0088', '2019-04-16', '01:12:57', 10, 'autorizado'),
(9, '0068', '2019-04-16', '01:12:57', 10, 'autorizado'),
(9, '0022', '2019-04-16', '01:12:57', 10, 'autorizado'),
(9, '0014', '2019-04-16', '01:12:57', 10, 'autorizado'),
(9, '0006', '2019-04-16', '01:12:57', 10, 'autorizado'),
(9, '0070', '2019-04-16', '01:12:57', 10, 'autorizado'),
(9, '0015', '2019-04-16', '01:12:57', 10, 'autorizado'),
(9, '0061', '2019-04-16', '01:12:57', 10, 'autorizado'),
(9, '0085', '2019-04-16', '01:12:57', 10, 'autorizado'),
(9, '0020', '2019-04-16', '01:12:57', 10, 'autorizado'),
(9, '0062', '2019-04-16', '01:12:57', 10, 'autorizado'),
(9, '0023', '2019-04-16', '01:12:57', 10, 'autorizado'),
(9, '0063', '2019-04-16', '01:12:57', 10, 'autorizado'),
(9, '0008', '2019-04-16', '01:12:57', 10, 'autorizado'),
(9, '0064', '2019-04-16', '01:12:57', 10, 'autorizado'),
(10, 'CC01', '2019-04-16', '01:14:12', 1, 'autorizado'),
(10, 'CC03', '2019-04-16', '01:14:12', 1, 'autorizado'),
(10, 'CC06', '2019-04-16', '01:14:12', 1, 'autorizado'),
(11, 'BRAM', '2019-04-16', '02:09:51', 2, 'autorizado'),
(11, 'BRAZ', '2019-04-16', '02:09:51', 2, 'autorizado'),
(11, 'BRCI', '2019-04-16', '02:09:51', 2, 'autorizado'),
(11, 'BRMA', '2019-04-16', '02:09:51', 8, 'autorizado'),
(11, 'BRT1', '2019-04-16', '02:09:51', 4, 'autorizado'),
(11, 'BRTV', '2019-04-16', '02:09:51', 2, 'autorizado'),
(11, 'BRT5', '2019-04-16', '02:09:51', 9, 'autorizado'),
(11, 'BRTD', '2019-04-16', '02:09:51', 12, 'autorizado'),
(12, 'BRAM', '2019-04-16', '02:12:28', 2, 'autorizado'),
(12, 'BRAZ', '2019-04-16', '02:12:28', 2, 'autorizado'),
(12, 'BRCI', '2019-04-16', '02:12:28', 2, 'autorizado'),
(12, 'BRMA', '2019-04-16', '02:12:28', 8, 'autorizado'),
(12, 'BRT1', '2019-04-16', '02:12:28', 4, 'autorizado'),
(12, 'BRTV', '2019-04-16', '02:12:28', 2, 'autorizado'),
(12, 'BRT5', '2019-04-16', '02:12:28', 8, 'autorizado'),
(12, 'BRTD', '2019-04-16', '02:12:28', 12, 'autorizado'),
(13, 'BRAM', '2019-04-16', '02:13:51', 2, 'autorizado'),
(13, 'BRAZ', '2019-04-16', '02:13:51', 2, 'autorizado'),
(13, 'BRCI', '2019-04-16', '02:13:51', 2, 'autorizado'),
(13, 'BRMA', '2019-04-16', '02:13:51', 8, 'autorizado'),
(13, 'BRT1', '2019-04-16', '02:13:51', 4, 'autorizado'),
(13, 'BRTV', '2019-04-16', '02:13:51', 2, 'autorizado'),
(13, 'BRT5', '2019-04-16', '02:13:51', 8, 'autorizado'),
(13, 'BRTD', '2019-04-16', '02:13:51', 12, 'autorizado'),
(14, 'BRAM', '2019-04-16', '02:15:09', 2, 'autorizado'),
(14, 'BRAZ', '2019-04-16', '02:15:09', 2, 'autorizado'),
(14, 'BRCI', '2019-04-16', '02:15:09', 2, 'autorizado'),
(14, 'BRMA', '2019-04-16', '02:15:09', 8, 'autorizado'),
(14, 'BRT1', '2019-04-16', '02:15:09', 4, 'autorizado'),
(14, 'BRTV', '2019-04-16', '02:15:09', 2, 'autorizado'),
(14, 'BRT5', '2019-04-16', '02:15:09', 8, 'autorizado'),
(14, 'BRTD', '2019-04-16', '02:15:09', 12, 'autorizado'),
(15, 'BRAM', '2019-04-16', '02:15:30', 2, 'autorizado'),
(15, 'BRAZ', '2019-04-16', '02:15:30', 2, 'autorizado'),
(15, 'BRCI', '2019-04-16', '02:15:30', 2, 'autorizado'),
(15, 'BRMA', '2019-04-16', '02:15:30', 8, 'autorizado'),
(15, 'BRT1', '2019-04-16', '02:15:30', 4, 'autorizado'),
(15, 'BRTV', '2019-04-16', '02:15:30', 2, 'autorizado'),
(15, 'BRT5', '2019-04-16', '02:15:30', 8, 'autorizado'),
(15, 'BRTD', '2019-04-16', '02:15:30', 12, 'autorizado'),
(16, 'BRAM', '2019-04-16', '02:18:07', 2, 'autorizado'),
(16, 'BRAZ', '2019-04-16', '02:18:07', 2, 'autorizado'),
(16, 'BRCI', '2019-04-16', '02:18:07', 2, 'autorizado'),
(16, 'BRMA', '2019-04-16', '02:18:07', 8, 'autorizado'),
(16, 'BRT1', '2019-04-16', '02:18:07', 4, 'autorizado'),
(16, 'BRTV', '2019-04-16', '02:18:07', 2, 'autorizado'),
(16, 'BRT5', '2019-04-16', '02:18:07', 8, 'autorizado'),
(16, 'BRTD', '2019-04-16', '02:18:07', 12, 'autorizado'),
(17, 'BRAM', '2019-04-16', '02:18:58', 2, 'autorizado'),
(17, 'BRAZ', '2019-04-16', '02:18:58', 2, 'autorizado'),
(17, 'BRCI', '2019-04-16', '02:18:58', 2, 'autorizado'),
(17, 'BRMA', '2019-04-16', '02:18:58', 8, 'autorizado'),
(17, 'BRT1', '2019-04-16', '02:18:58', 4, 'autorizado'),
(17, 'BRTV', '2019-04-16', '02:18:58', 2, 'autorizado'),
(17, 'BRT5', '2019-04-16', '02:18:58', 8, 'autorizado'),
(17, 'BRTD', '2019-04-16', '02:18:58', 12, 'autorizado'),
(18, 'BRAM', '2019-04-16', '02:20:15', 2, 'autorizado'),
(18, 'BRAZ', '2019-04-16', '02:20:15', 2, 'autorizado'),
(18, 'BRCI', '2019-04-16', '02:20:15', 2, 'autorizado'),
(18, 'BRMA', '2019-04-16', '02:20:15', 8, 'autorizado'),
(18, 'BRT1', '2019-04-16', '02:20:15', 4, 'autorizado'),
(18, 'BRTV', '2019-04-16', '02:20:15', 2, 'autorizado'),
(18, 'BRT5', '2019-04-16', '02:20:15', 8, 'autorizado'),
(18, 'BRTD', '2019-04-16', '02:20:15', 13, 'autorizado'),
(19, 'BRAM', '2019-04-16', '02:21:39', 2, 'autorizado'),
(19, 'BRAZ', '2019-04-16', '02:21:39', 2, 'autorizado'),
(19, 'BRCI', '2019-04-16', '02:21:39', 2, 'autorizado'),
(19, 'BRMA', '2019-04-16', '02:21:39', 8, 'autorizado'),
(19, 'BRT1', '2019-04-16', '02:21:39', 4, 'autorizado'),
(19, 'BRTV', '2019-04-16', '02:21:39', 2, 'autorizado'),
(19, 'BRT5', '2019-04-16', '02:21:39', 8, 'autorizado'),
(19, 'BRTD', '2019-04-16', '02:21:39', 13, 'autorizado');

-- --------------------------------------------------------

--
-- Estructura de tabla para la tabla `productos`
--

CREATE TABLE `productos` (
  `codingre` varchar(10) COLLATE utf8_bin NOT NULL,
  `descrip` varchar(35) COLLATE utf8_bin NOT NULL,
  `familia` varchar(10) COLLATE utf8_bin NOT NULL,
  `unidad` varchar(10) COLLATE utf8_bin DEFAULT NULL,
  `empaque` varchar(15) COLLATE utf8_bin DEFAULT NULL,
  `equivale` decimal(10,2) NOT NULL,
  `inventa1` decimal(10,2) NOT NULL,
  `stockmax` decimal(10,2) NOT NULL,
  `stockmin` decimal(10,2) NOT NULL,
  `ultcosto` decimal(10,2) NOT NULL,
  `costoprome` decimal(10,2) NOT NULL,
  `impuesto` decimal(10,2) NOT NULL,
  `pedido` decimal(10,2) NOT NULL,
  `status` varchar(20) COLLATE utf8_bin DEFAULT NULL,
  `inventaFisico` decimal(10,2) DEFAULT NULL,
  `inventaFisico1` decimal(10,2) DEFAULT NULL,
  `diferencia` decimal(10,2) DEFAULT NULL,
  `redondeo` int(11) DEFAULT NULL
) ENGINE=InnoDB DEFAULT CHARSET=utf8 COLLATE=utf8_bin;

--
-- Volcado de datos para la tabla `productos`
--

INSERT INTO `productos` (`codingre`, `descrip`, `familia`, `unidad`, `empaque`, `equivale`, `inventa1`, `stockmax`, `stockmin`, `ultcosto`, `costoprome`, `impuesto`, `pedido`, `status`, `inventaFisico`, `inventaFisico1`, `diferencia`, `redondeo`) VALUES
('0002', 'paprika', 'ABARR', 'GR', '', '1000.00', '0.00', '30.00', '0.00', '409.14', '409.14', '0.00', '0.00', '', '0.00', NULL, NULL, 0),
('0003', 'chile jalape¤o lata', 'ABARR', 'GG', '', '1000.00', '0.00', '30.00', '0.00', '102.27', '102.27', '0.00', '0.00', '', '0.00', NULL, NULL, 0),
('0004', 'jugo maggi', 'ABARR', 'GR', '', '1000.00', '0.00', '30.00', '0.00', '236.02', '236.02', '0.00', '0.00', '', '0.00', NULL, NULL, 0),
('0005', 'aceite de ajonjoli', 'ABARR', 'GR', '', '1000.00', '0.00', '30.00', '0.00', '307.79', '307.79', '0.00', '0.00', '', '0.00', NULL, NULL, 0),
('0006', 'salsa inglesa', 'ABARR', 'GR', '', '1000.00', '0.00', '30.00', '0.00', '132.06', '132.06', '0.00', '0.00', '', '0.00', NULL, NULL, 0),
('0007', 'almendra entera', 'ABARR', 'GR', '', '1000.00', '0.00', '30.00', '0.00', '241.80', '241.80', '0.00', '0.00', '', '0.00', NULL, NULL, 0),
('0008', 'vino rosado cocina', 'ABARR', 'GR', '', '1000.00', '0.00', '30.00', '0.00', '132.18', '132.18', '0.00', '0.00', '', '0.00', NULL, NULL, 0),
('0009', 'croutones', 'ABARR', 'GR', '', '1000.00', '0.00', '30.00', '0.00', '157.00', '157.00', '0.00', '0.00', '', '0.00', NULL, NULL, 0),
('0010', 'jarabe granadina', 'ABARR', 'GR', '', '1000.00', '0.00', '30.00', '0.00', '50.92', '50.92', '0.00', '0.00', '', '0.00', NULL, NULL, 0),
('0011', 'aceite de oliva', 'ABARR', 'GR', '', '1000.00', '0.00', '30.00', '0.00', '117.50', '117.50', '0.00', '0.00', '', '0.00', NULL, NULL, 0),
('0012', 'arandano deshidratado', 'ABARR', 'GR', '', '1000.00', '0.00', '30.00', '0.00', '152.87', '152.87', '0.00', '0.00', '', '0.00', NULL, NULL, 0),
('0013', 'mostaza dijon', 'ABARR', 'GR', '', '1000.00', '0.00', '30.00', '0.00', '203.69', '203.69', '0.00', '0.00', '', '0.00', NULL, NULL, 0),
('0014', 'salsa de soya', 'ABARR', 'GG', '', '1000.00', '0.00', '30.00', '0.00', '119.05', '119.05', '0.00', '0.00', '', '0.00', NULL, NULL, 0),
('0015', 'salsa teriyaki', 'ABARR', 'GR', '', '1000.00', '0.00', '30.00', '0.00', '44.45', '44.45', '0.00', '0.00', '', '0.00', NULL, NULL, 0),
('0016', 'cajeta', 'ABARR', 'GR', '', '1000.00', '0.00', '30.00', '0.00', '78.50', '78.50', '0.00', '0.00', '', '0.00', NULL, NULL, 0),
('0017', 'leche evaporada', 'ABARR', 'GR', '', '1000.00', '0.00', '30.00', '0.00', '38.00', '38.00', '0.00', '0.00', '', '0.00', NULL, NULL, 0),
('0018', 'aceite vegetal', 'ABARR', 'GR', '', '1000.00', '0.00', '30.00', '0.00', '28.70', '28.70', '0.00', '0.00', '', '0.00', NULL, NULL, 0),
('0019', 'sal fina', 'ABARR', 'GR', '', '1000.00', '0.00', '30.00', '0.00', '12.50', '12.50', '0.00', '0.00', '', '0.00', NULL, NULL, 0),
('0020', 'tostada charra', 'ABARR', 'GR', '', '1000.00', '0.00', '30.00', '0.00', '1.61', '1.61', '0.00', '0.00', '', '0.00', NULL, NULL, 0),
('0021', 'mayonesa', 'ABARR', 'GR', '', '1000.00', '0.00', '30.00', '0.00', '64.39', '64.39', '0.00', '0.00', '', '0.00', NULL, NULL, 0),
('0022', 'salsa catsup', 'ABARR', 'GR', '', '1000.00', '0.00', '30.00', '0.00', '61.21', '61.21', '0.00', '0.00', '', '0.00', NULL, NULL, 0),
('0023', 'vinagre blanco', 'ABARR', 'GR', '', '1000.00', '0.00', '30.00', '0.00', '8.41', '8.41', '0.00', '0.00', '', '0.00', NULL, NULL, 0),
('0024', 'leche entera', 'ABARR', 'GR', '', '1000.00', '0.00', '30.00', '0.00', '17.76', '17.76', '0.00', '0.00', '', '0.00', NULL, NULL, 0),
('0025', 'almendra en polvo', 'ABARR', 'GR', '', '1000.00', '0.00', '30.00', '0.00', '200.00', '200.00', '0.00', '0.00', '', '0.00', NULL, NULL, 0),
('0026', 'arroz blanco', 'ABARR', 'GR', '', '1000.00', '0.00', '30.00', '0.00', '26.60', '26.60', '0.00', '0.00', '', '0.00', NULL, NULL, 0),
('0027', 'azucar glass', 'ABARR', 'GR', '', '1000.00', '0.00', '30.00', '0.00', '33.50', '33.50', '0.00', '0.00', '', '0.00', NULL, NULL, 0),
('0028', 'azucar refinada', 'ABARR', 'GR', '', '1000.00', '0.00', '30.00', '0.00', '21.00', '21.00', '0.00', '0.00', '', '0.00', NULL, NULL, 0),
('0029', 'cacahuate', 'ABARR', 'GR', '', '1000.00', '0.00', '30.00', '0.00', '60.00', '60.00', '0.00', '0.00', '', '0.00', NULL, NULL, 0),
('0030', 'calahua crema coco', 'ABARR', 'GR', '', '1000.00', '0.00', '30.00', '0.00', '50.00', '50.00', '0.00', '0.00', '', '0.00', NULL, NULL, 0),
('0031', 'canela en rama', 'ABARR', 'GR', '', '1000.00', '0.00', '30.00', '0.00', '450.00', '450.00', '0.00', '0.00', '', '0.00', NULL, NULL, 0),
('0032', 'chile chipotle adob', 'ABARR', 'GR', '', '1000.00', '0.00', '30.00', '0.00', '66.94', '66.94', '0.00', '0.00', '', '0.00', NULL, NULL, 0),
('0033', 'chocolate cober osc', 'ABARR', 'GR', '', '1000.00', '0.00', '30.00', '0.00', '146.54', '146.54', '0.00', '0.00', '', '0.00', NULL, NULL, 0),
('0034', 'chongos zamoranos', 'ABARR', 'GR', '', '1000.00', '0.00', '30.00', '0.00', '80.77', '80.77', '0.00', '0.00', '', '0.00', NULL, NULL, 0),
('0035', 'churros', 'ABARR', 'GR', '', '1000.00', '0.00', '30.00', '0.00', '7.32', '7.32', '0.00', '0.00', '', '0.00', NULL, NULL, 0),
('0036', 'cocadas', 'ABARR', 'GR', '', '1000.00', '0.00', '30.00', '0.00', '2.75', '2.75', '0.00', '0.00', '', '0.00', NULL, NULL, 0),
('0037', 'coco rayado', 'ABARR', 'GR', '', '1000.00', '0.00', '30.00', '0.00', '36.00', '36.00', '0.00', '0.00', '', '0.00', NULL, NULL, 0),
('0038', 'crema balsamica', 'ABARR', 'GR', '', '1000.00', '0.00', '30.00', '0.00', '90.00', '90.00', '0.00', '0.00', '', '0.00', NULL, NULL, 0),
('0039', 'crema batida', 'ABARR', 'GR', '', '1000.00', '0.00', '30.00', '0.00', '244.56', '244.56', '0.00', '0.00', '', '0.00', NULL, NULL, 0),
('0040', 'especias cajun', 'ABARR', 'GR', '', '1000.00', '0.00', '30.00', '0.00', '365.03', '365.03', '0.00', '0.00', '', '0.00', NULL, NULL, 0),
('0041', 'frijol pinto', 'ABARR', 'GR', '', '1000.00', '0.00', '30.00', '0.00', '37.00', '37.00', '0.00', '0.00', '', '0.00', NULL, NULL, 0),
('0042', 'galleta de animalito', 'ABARR', 'GR', '', '1000.00', '0.00', '30.00', '0.00', '12.89', '12.89', '0.00', '0.00', '', '0.00', NULL, NULL, 0),
('0043', 'glucosa', 'ABARR', 'GR', '', '1000.00', '0.00', '30.00', '0.00', '48.00', '48.00', '0.00', '0.00', '', '0.00', NULL, NULL, 0),
('0044', 'grenetina', 'ABARR', 'GR', '', '1000.00', '0.00', '30.00', '0.00', '162.00', '162.00', '0.00', '0.00', '', '0.00', NULL, NULL, 0),
('0045', 'guayaba almibar', 'ABARR', 'GR', '', '1000.00', '0.00', '30.00', '0.00', '50.00', '50.00', '0.00', '0.00', '', '0.00', NULL, NULL, 0),
('0046', 'harina de trigo', 'ABARR', 'GR', '', '1000.00', '0.00', '30.00', '0.00', '11.10', '11.10', '0.00', '0.00', '', '0.00', NULL, NULL, 0),
('0047', 'jugo guayaba', 'ABARR', 'GR', '', '1000.00', '0.00', '30.00', '0.00', '13.90', '13.90', '0.00', '0.00', '', '0.00', NULL, NULL, 0),
('0048', 'leche condensada', 'ABARR', 'GR', '', '1000.00', '0.00', '30.00', '0.00', '55.63', '55.63', '0.00', '0.00', '', '0.00', NULL, NULL, 0),
('0049', 'levadura fresca', 'ABARR', 'GR', '', '1000.00', '0.00', '30.00', '0.00', '41.50', '41.50', '0.00', '0.00', '', '0.00', NULL, NULL, 0),
('0050', 'mazapan', 'ABARR', 'GG', '', '1000.00', '0.00', '30.00', '0.00', '3.45', '3.45', '0.00', '0.00', '', '0.00', NULL, NULL, 0),
('0051', 'miel de abeja', 'ABARR', 'GR', '', '1000.00', '0.00', '30.00', '0.00', '123.33', '123.33', '0.00', '0.00', '', '0.00', NULL, NULL, 0),
('0052', 'mostaza amarilla', 'ABARR', 'GR', '', '1000.00', '0.00', '30.00', '0.00', '76.71', '76.71', '0.00', '0.00', '', '0.00', NULL, NULL, 0),
('0053', 'nutella', 'ABARR', 'GR', '', '1000.00', '0.00', '30.00', '0.00', '150.53', '150.53', '0.00', '0.00', '', '0.00', NULL, NULL, 0),
('0054', 'pasta fideo', 'ABARR', 'GR', '', '1000.00', '0.00', '30.00', '0.00', '26.67', '26.67', '0.00', '0.00', '', '0.00', NULL, NULL, 0),
('0055', 'pasta spaghetti', 'ABARR', 'GR', '', '1000.00', '0.00', '30.00', '0.00', '26.67', '26.67', '0.00', '0.00', '', '0.00', NULL, NULL, 0),
('0056', 'pepita de girasol', 'ABARR', 'GR', '', '1000.00', '0.00', '30.00', '0.00', '54.00', '54.00', '0.00', '0.00', '', '0.00', NULL, NULL, 0),
('0057', 'pepita verde', 'ABARR', 'GR', '', '1000.00', '0.00', '30.00', '0.00', '72.57', '72.57', '0.00', '0.00', '', '0.00', NULL, NULL, 0),
('0058', 'polvo para hornear', 'ABARR', 'GR', '', '1000.00', '0.00', '30.00', '0.00', '92.27', '92.27', '0.00', '0.00', '', '0.00', NULL, NULL, 0),
('0059', 'sal amarilla', 'ABARR', 'GR', '', '1000.00', '0.00', '30.00', '0.00', '78.00', '78.00', '0.00', '0.00', '', '0.00', NULL, NULL, 0),
('0060', 'sal de grano', 'ABARR', 'GR', '', '1000.00', '0.00', '30.00', '0.00', '8.75', '8.75', '0.00', '0.00', '', '0.00', NULL, NULL, 0),
('0061', 'semilla girasol', 'ABARR', 'GR', '', '1000.00', '0.00', '30.00', '0.00', '47.62', '47.62', '0.00', '0.00', '', '0.00', NULL, NULL, 0),
('0062', 'vainilla liquida', 'ABARR', 'GR', '', '1000.00', '0.00', '30.00', '0.00', '43.96', '43.96', '0.00', '0.00', '', '0.00', NULL, NULL, 0),
('0063', 'vinagre de frambuesa', 'ABARR', 'GR', '', '1000.00', '0.00', '30.00', '0.00', '140.00', '140.00', '0.00', '0.00', '', '0.00', NULL, NULL, 0),
('0064', 'vino tinto cocina', 'ABARR', 'GR', '', '1000.00', '0.00', '30.00', '0.00', '56.30', '56.30', '0.00', '0.00', '', '0.00', NULL, NULL, 0),
('0065', 'galletas salmas', 'ABARR', 'GR', '', '1000.00', '0.00', '30.00', '0.00', '2.53', '2.53', '0.00', '0.00', '', '0.00', NULL, NULL, 0),
('0066', 'agua de garrafon', 'ABARR', 'GR', '', '1000.00', '0.00', '30.00', '0.00', '1.40', '1.40', '0.00', '0.00', '', '0.00', NULL, NULL, 0),
('0067', 'huevo', 'ABARR', 'GR', '', '1000.00', '0.00', '30.00', '0.00', '1.20', '1.20', '0.00', '0.00', '', '0.00', NULL, NULL, 0),
('0068', 'salsa bbq', 'ABARR', 'GR', '', '1000.00', '0.00', '30.00', '0.00', '56.04', '56.04', '0.00', '0.00', '', '0.00', NULL, NULL, 0),
('0069', 'pinguinos', 'ABARR', 'GR', '', '1000.00', '0.00', '30.00', '0.00', '3.06', '3.06', '0.00', '0.00', '', '0.00', NULL, NULL, 0),
('0070', 'salsa tabasco', 'ABARR', 'GR', '', '1000.00', '0.00', '30.00', '0.00', '723.33', '723.33', '0.00', '0.00', '', '0.00', NULL, NULL, 0),
('0071', 'condimix de pollo', 'ABARR', 'GR', '', '1000.00', '0.00', '30.00', '0.00', '92.01', '92.01', '0.00', '0.00', '', '0.00', NULL, NULL, 0),
('0072', 'mango en almibar', 'ABARR', 'GR', '', '1000.00', '0.00', '30.00', '0.00', '47.01', '47.01', '0.00', '0.00', '', '0.00', NULL, NULL, 0),
('0073', 'ate de guayaba', 'ABARR', 'GR', '', '1000.00', '0.00', '30.00', '0.00', '50.00', '50.00', '0.00', '0.00', '', '0.00', NULL, NULL, 0),
('0074', 'frijol negro', 'ABARR', 'GR', '', '1000.00', '0.00', '30.00', '0.00', '32.52', '32.52', '0.00', '0.00', '', '0.00', NULL, NULL, 0),
('0075', 'maizena', 'ABARR', 'GR', '', '1000.00', '0.00', '30.00', '0.00', '62.33', '62.33', '0.00', '0.00', '', '0.00', NULL, NULL, 0),
('0076', 'elote en grano lata', 'ABARR', 'GR', '', '1000.00', '0.00', '30.00', '0.00', '35.00', '35.00', '0.00', '0.00', '', '0.00', NULL, NULL, 0),
('0077', 'condimix de res', 'ABARR', 'GR', '', '1000.00', '0.00', '30.00', '0.00', '153.64', '153.64', '0.00', '0.00', '', '0.00', NULL, NULL, 0),
('0078', 'galletas marias', 'ABARR', 'GR', '', '1000.00', '0.00', '30.00', '0.00', '50.00', '50.00', '0.00', '0.00', '', '0.00', NULL, NULL, 0),
('0079', 'chocolate abuelita', 'ABARR', 'GR', '', '1000.00', '0.00', '30.00', '0.00', '121.10', '121.10', '0.00', '0.00', '', '0.00', NULL, NULL, 0),
('0080', 'amaranto', 'ABARR', 'GR', '', '1000.00', '0.00', '30.00', '0.00', '33.04', '33.04', '0.00', '0.00', '', '0.00', NULL, NULL, 0),
('0081', 'canela en polvo', 'ABARR', 'GR', '', '1000.00', '0.00', '30.00', '0.00', '150.00', '150.00', '0.00', '0.00', '', '0.00', NULL, NULL, 0),
('0082', 'anchoas', 'ABARR', 'GR', '', '1000.00', '0.00', '30.00', '0.00', '1.00', '1.00', '0.00', '0.00', '', '0.00', NULL, NULL, 0),
('0083', 'dulce de leche', 'ABARR', 'GR', '', '1000.00', '0.00', '30.00', '0.00', '87.11', '87.11', '0.00', '0.00', '', '0.00', NULL, NULL, 0),
('0084', 'pulpa guanabana', 'ABARR', 'GR', '', '1000.00', '0.00', '30.00', '0.00', '62.50', '62.50', '0.00', '0.00', '', '0.00', NULL, NULL, 0),
('0085', 'tajin', 'ABARR', 'G}', '', '1000.00', '0.00', '30.00', '0.00', '121.28', '121.28', '0.00', '0.00', '', '0.00', NULL, NULL, 0),
('0086', 'balsamico de pera', 'ABARR', 'ML', '', '1000.00', '0.00', '30.00', '0.00', '250.00', '250.00', '0.00', '0.00', '', '0.00', NULL, NULL, 0),
('0087', 'pulque', 'ABARR', 'ML', '', '1000.00', '0.00', '30.00', '0.00', '15.00', '15.00', '0.00', '0.00', '', '0.00', NULL, NULL, 0),
('0088', 'sal marina', 'ABARR', 'GR', '', '1000.00', '0.00', '30.00', '0.00', '55.00', '55.00', '0.00', '0.00', '', '0.00', NULL, NULL, 0),
('0089', 'short rib c/h', 'CARNE', 'GR', '', '1000.00', '0.00', '30.00', '0.00', '309.77', '309.77', '0.00', '0.00', '', '0.00', NULL, NULL, 0),
('0090', 'pica¤a', 'CARNE', 'GR', '', '1000.00', '0.00', '30.00', '0.00', '168.91', '168.91', '0.00', '0.00', '', '0.00', NULL, NULL, 0),
('0091', 'pechuga de pollo', 'CARNE', 'GR', '', '1000.00', '0.00', '30.00', '0.00', '91.40', '91.40', '0.00', '0.00', '', '0.00', NULL, NULL, 0),
('0092', 'rib eye', 'CARNE', 'GR', '', '1000.00', '0.00', '30.00', '0.00', '275.00', '275.00', '0.00', '0.00', '', '0.00', NULL, NULL, 0),
('0093', 'cabeza de res', 'CARNE', 'GR', '', '1000.00', '0.00', '30.00', '0.00', '107.13', '107.13', '0.00', '0.00', '', '0.00', NULL, NULL, 0),
('0094', 'chicharron de cerdo', 'CARNE', 'GR', '', '1000.00', '0.00', '30.00', '0.00', '120.91', '120.91', '0.00', '0.00', '', '0.00', NULL, NULL, 0),
('0095', 'pierna de cerdo', 'CARNE', 'GR', '', '1000.00', '0.00', '30.00', '0.00', '91.04', '91.04', '0.00', '0.00', '', '0.00', NULL, NULL, 0),
('0096', 'asientos chicharron', 'CARNE', 'GR', '', '1000.00', '0.00', '30.00', '0.00', '120.00', '120.00', '0.00', '0.00', '', '0.00', NULL, NULL, 0),
('0097', 'tlalitos de cerdo', 'CARNE', 'GR', '', '1000.00', '0.00', '30.00', '0.00', '120.00', '120.00', '0.00', '0.00', '', '0.00', NULL, NULL, 0),
('0098', 'cecina', 'CARNE', 'GR', '', '1000.00', '0.00', '30.00', '0.00', '249.89', '249.89', '0.00', '0.00', '', '0.00', NULL, NULL, 0),
('0099', 'chamorro de cerdo', 'CARNE', 'GR', '', '1000.00', '0.00', '30.00', '0.00', '72.83', '72.83', '0.00', '0.00', '', '0.00', NULL, NULL, 0),
('0100', 'filete de res', 'CARNE', 'GR', '', '1000.00', '0.00', '30.00', '0.00', '316.44', '316.44', '0.00', '0.00', '', '0.00', NULL, NULL, 0),
('0101', 'suadero', 'CARNE', 'GR', '', '1000.00', '0.00', '30.00', '0.00', '115.94', '115.94', '0.00', '0.00', '', '0.00', NULL, NULL, 0),
('0102', 'carne molida res', 'CARNE', 'GR', '', '1000.00', '0.00', '30.00', '0.00', '114.70', '114.70', '0.00', '0.00', '', '0.00', NULL, NULL, 0),
('0103', 'retazo de pollo', 'CARNE', 'GR', '', '1000.00', '0.00', '30.00', '0.00', '33.35', '33.35', '0.00', '0.00', '', '0.00', NULL, NULL, 0),
('0104', 'chicharron prensado', 'CARNE', 'GR', '', '1000.00', '0.00', '30.00', '0.00', '84.84', '84.84', '0.00', '0.00', '', '0.00', NULL, NULL, 0),
('0105', 'manteca de cerdo', 'CARNE', 'GR', '', '1000.00', '0.00', '30.00', '0.00', '30.25', '30.25', '0.00', '0.00', '', '0.00', NULL, NULL, 0),
('0106', 'arrachera texana', 'CARNE', 'GR', '', '1000.00', '0.00', '30.00', '0.00', '240.00', '240.00', '0.00', '0.00', '', '0.00', NULL, NULL, 0),
('0107', 'hueso tuetano', 'CARNE', 'GR', '', '1000.00', '0.00', '30.00', '0.00', '50.00', '50.00', '0.00', '0.00', '', '0.00', NULL, NULL, 0),
('0108', 'machaca', 'CARNE', 'GR', '', '1000.00', '0.00', '30.00', '0.00', '569.56', '569.56', '0.00', '0.00', '', '0.00', NULL, NULL, 0),
('0109', 'lechon', 'CARNE', 'GR', '', '1000.00', '0.00', '30.00', '0.00', '152.04', '152.04', '0.00', '0.00', '', '0.00', NULL, NULL, 0),
('0110', 'arrachera 1kg', 'COMIS', 'PZ', 'A', '1000.00', '0.00', '30.00', '0.00', '375.00', '375.00', '0.00', '0.00', '', '0.00', NULL, NULL, 0),
('0111', 'pica¤a 300g', 'COMIS', 'PZ', '', '1000.00', '0.00', '30.00', '0.00', '90.00', '90.00', '0.00', '0.00', '', '0.00', NULL, NULL, 0),
('0112', 'arrachera 300g', 'COMIS', 'PZ', '', '1000.00', '0.00', '30.00', '0.00', '103.43', '103.43', '0.00', '0.00', '', '0.00', NULL, NULL, 0),
('0113', 'arrachera 200g', 'COMIS', 'PZ', '', '1000.00', '0.00', '30.00', '0.00', '73.00', '73.00', '0.00', '0.00', '', '0.00', NULL, NULL, 0),
('0114', 'rib eye angus', 'COMIS', 'PZ', '', '1000.00', '0.00', '30.00', '0.00', '375.00', '375.00', '0.00', '0.00', '', '0.00', NULL, NULL, 0),
('0115', 'new york 300g', 'COMIS', 'PZ', '', '1000.00', '0.00', '30.00', '0.00', '130.00', '130.00', '0.00', '0.00', '', '0.00', NULL, NULL, 0),
('0116', 'tomahawk 1kg', 'COMIS', 'PZ', '', '1000.00', '0.00', '30.00', '0.00', '635.00', '635.00', '0.00', '0.00', '', '0.00', NULL, NULL, 0),
('0117', 'arrachera 100g', 'COMIS', 'PZ', '', '1000.00', '0.00', '30.00', '0.00', '34.88', '34.88', '0.00', '0.00', '', '0.00', NULL, NULL, 0),
('0118', 'vacio 300g', 'COMIS', 'PZ', '', '1000.00', '0.00', '30.00', '0.00', '106.00', '106.00', '0.00', '0.00', '', '0.00', NULL, NULL, 0),
('0119', 'rib eye choice 300g', 'COMIS', 'PZ', '', '1000.00', '0.00', '30.00', '0.00', '110.00', '110.00', '0.00', '0.00', '', '0.00', NULL, NULL, 0),
('0120', 'rib eye nacional', 'COMIS', 'GR', '', '1000.00', '0.00', '30.00', '0.00', '190.00', '190.00', '0.00', '0.00', '', '0.00', NULL, NULL, 0),
('0121', 'papa francesa', 'CONGE', 'GR', '', '1000.00', '0.00', '30.00', '0.00', '33.86', '33.86', '0.00', '0.00', '', '0.00', NULL, NULL, 0),
('0122', 'nuggets de pollo', 'CONGE', 'GR', '', '1000.00', '0.00', '30.00', '0.00', '68.73', '68.73', '0.00', '0.00', '', '0.00', NULL, NULL, 0),
('0123', 'helado vainilla', 'CONGE', 'GR', '', '1000.00', '0.00', '30.00', '0.00', '113.40', '113.40', '0.00', '0.00', '', '0.00', NULL, NULL, 0),
('0124', 'chorizo rojo', 'EMBUT', 'GR', '', '1000.00', '3.00', '30.00', '0.00', '73.76', '73.76', '0.00', '0.00', '', '1.00', NULL, NULL, 1),
('0125', 'jamon de pavo', 'EMBUT', 'GR', '', '1000.00', '3.00', '30.00', '0.00', '107.19', '107.19', '0.00', '0.00', '', '1.00', NULL, NULL, 1),
('0126', 'chistorra', 'EMBUT', 'GR', '', '1000.00', '3.00', '30.00', '0.00', '105.00', '105.00', '0.00', '0.00', '', '1.00', NULL, NULL, 1),
('0127', 'tocino', 'EMBUT', 'GR', '', '1000.00', '3.00', '30.00', '0.00', '89.41', '89.41', '0.00', '0.00', '', '1.00', NULL, NULL, 1),
('0128', 'longaniza', 'EMBUT', 'GR', '', '1000.00', '3.00', '30.00', '0.00', '64.00', '64.00', '0.00', '0.00', '', '1.00', NULL, NULL, 1),
('0129', 'clavo de olor', 'ESPEC', 'GR', '', '1000.00', '0.00', '30.00', '0.00', '114.95', '114.95', '0.00', '0.00', '', '0.00', NULL, NULL, 0),
('0130', 'tomillo', 'ESPEC', 'GR', '', '1000.00', '0.00', '30.00', '0.00', '86.80', '86.80', '0.00', '0.00', '', '0.00', NULL, NULL, 0),
('0131', 'hoja de aguacate', 'ESPEC', 'GR', '', '1000.00', '0.00', '30.00', '0.00', '39.00', '39.00', '0.00', '0.00', '', '0.00', NULL, NULL, 0),
('0132', 'comino', 'ESPEC', 'GR', '', '1000.00', '0.00', '30.00', '0.00', '70.76', '70.76', '0.00', '0.00', '', '0.00', NULL, NULL, 0),
('0133', 'nuez quebrada', 'ESPEC', 'GR', '', '1000.00', '0.00', '30.00', '0.00', '280.00', '280.00', '0.00', '0.00', '', '0.00', NULL, NULL, 0),
('0134', 'pimienta blanca mol', 'ESPEC', 'GR', '', '1000.00', '0.00', '30.00', '0.00', '362.50', '362.50', '0.00', '0.00', '', '0.00', NULL, NULL, 0),
('0135', 'romero', 'ESPEC', 'GR', '', '1000.00', '0.00', '30.00', '0.00', '24.11', '24.11', '0.00', '0.00', '', '0.00', NULL, NULL, 0),
('0136', 'pimienta negra moli', 'ESPEC', 'GR', '', '1000.00', '0.00', '30.00', '0.00', '276.00', '276.00', '0.00', '0.00', '', '0.00', NULL, NULL, 0),
('0137', 'pimienta limon', 'ESPEC', 'GR', '', '1000.00', '0.00', '30.00', '0.00', '315.31', '315.31', '0.00', '0.00', '', '0.00', NULL, NULL, 0),
('0138', 'laurel', 'ESPEC', 'GR', '', '1000.00', '0.00', '30.00', '0.00', '43.75', '43.75', '0.00', '0.00', '', '0.00', NULL, NULL, 0),
('0139', 'pepita de calabaza', 'ESPEC', 'GR', '', '1000.00', '0.00', '30.00', '0.00', '72.50', '72.50', '0.00', '0.00', '', '0.00', NULL, NULL, 0),
('0140', 'oregano seco', 'ESPEC', 'GR', '', '1000.00', '0.00', '30.00', '0.00', '35.00', '35.00', '0.00', '0.00', '', '0.00', NULL, NULL, 0),
('0141', 'pimienta negra ente', 'ESPEC', 'GR', '', '1000.00', '0.00', '30.00', '0.00', '528.59', '528.59', '0.00', '0.00', '', '0.00', NULL, NULL, 0),
('0142', 'fresa', 'FRUTA', 'GR', '', '1000.00', '0.00', '30.00', '0.00', '143.00', '143.00', '0.00', '0.00', '', '0.00', NULL, NULL, 0),
('0143', 'chile morita', 'FRUTA', 'GR', '', '1000.00', '0.00', '30.00', '0.00', '116.03', '116.03', '0.00', '0.00', '', '0.00', NULL, NULL, 0),
('0144', 'apio', 'FRUTA', 'GR', '', '1000.00', '0.00', '30.00', '0.00', '35.75', '35.75', '0.00', '0.00', '', '0.00', NULL, NULL, 0),
('0145', 'chile caribe¤o', 'FRUTA', 'GR', '', '1000.00', '0.00', '30.00', '0.00', '45.05', '45.05', '0.00', '0.00', '', '0.00', NULL, NULL, 0),
('0146', 'zarzamora', 'FRUTA', 'GR', '', '1000.00', '0.00', '30.00', '0.00', '210.30', '210.30', '0.00', '0.00', '', '0.00', NULL, NULL, 0),
('0147', 'papa alpha', 'FRUTA', 'GR', '', '1000.00', '0.00', '30.00', '0.00', '39.00', '39.00', '0.00', '0.00', '', '0.00', NULL, NULL, 0),
('0148', 'chile guajillo', 'FRUTA', 'GR', '', '1000.00', '0.00', '30.00', '0.00', '133.77', '133.77', '0.00', '0.00', '', '0.00', NULL, NULL, 0),
('0149', 'tomate verde', 'FRUTA', 'GR', '', '1000.00', '0.00', '30.00', '0.00', '51.75', '51.75', '0.00', '0.00', '', '0.00', NULL, NULL, 0),
('0150', 'huitlacoche', 'FRUTA', 'GR', '', '1000.00', '0.00', '30.00', '0.00', '50.05', '50.05', '0.00', '0.00', '', '0.00', NULL, NULL, 0),
('0151', 'limon semilla', 'FRUTA', 'GR', '', '1000.00', '0.00', '30.00', '0.00', '32.28', '32.28', '0.00', '0.00', '', '0.00', NULL, NULL, 0),
('0152', 'chile mulato', 'FRUTA', 'GR', '', '1000.00', '0.00', '30.00', '0.00', '128.63', '128.63', '0.00', '0.00', '', '0.00', NULL, NULL, 0),
('0153', 'cebolla cambray bla', 'FRUTA', 'GR', '', '1000.00', '0.00', '30.00', '0.00', '30.42', '30.42', '0.00', '0.00', '', '0.00', NULL, NULL, 0),
('0154', 'chile chiltepin', 'FRUTA', 'GR', '', '1000.00', '0.00', '30.00', '0.00', '568.31', '568.31', '0.00', '0.00', '', '0.00', NULL, NULL, 0),
('0155', 'lechuga orejona', 'FRUTA', 'GR', '', '1000.00', '0.00', '30.00', '0.00', '24.38', '24.38', '0.00', '0.00', '', '0.00', NULL, NULL, 0),
('0156', 'chile arbol seco', 'FRUTA', 'GR', '', '1000.00', '0.00', '30.00', '0.00', '150.94', '150.94', '0.00', '0.00', '', '0.00', NULL, NULL, 0),
('0157', 'flores comestibles pz', 'FRUTA', 'GR', '', '1000.00', '0.00', '30.00', '0.00', '3.25', '3.25', '0.00', '0.00', '', '0.00', NULL, NULL, 0),
('0158', 'chile jalape¤o', 'FRUTA', 'GR', '', '1000.00', '0.00', '30.00', '0.00', '25.03', '25.03', '0.00', '0.00', '', '0.00', NULL, NULL, 0),
('0159', 'frambuesa', 'FRUTA', 'GR', '', '1000.00', '0.00', '30.00', '0.00', '200.74', '200.74', '0.00', '0.00', '', '0.00', NULL, NULL, 0),
('0160', 'chile ancho', 'FRUTA', 'GR', '', '1000.00', '0.00', '30.00', '0.00', '125.73', '125.73', '0.00', '0.00', '', '0.00', NULL, NULL, 0),
('0161', 'cebollin', 'FRUTA', 'GR', '', '1000.00', '0.00', '30.00', '0.00', '60.00', '60.00', '0.00', '0.00', '', '0.00', NULL, NULL, 0),
('0162', 'chile anaheim', 'FRUTA', 'GR', '', '1000.00', '0.00', '30.00', '0.00', '93.50', '93.50', '0.00', '0.00', '', '0.00', NULL, NULL, 0),
('0163', 'chile cascabel', 'FRUTA', 'GR', '', '1000.00', '0.00', '30.00', '0.00', '150.94', '150.94', '0.00', '0.00', '', '0.00', NULL, NULL, 0),
('0164', 'chile tampico', 'FRUTA', 'GR', '', '1000.00', '0.00', '30.00', '0.00', '31.50', '31.50', '0.00', '0.00', '', '0.00', NULL, NULL, 0),
('0165', 'coco natural', 'FRUTA', 'GR', '', '1000.00', '0.00', '30.00', '0.00', '60.00', '60.00', '0.00', '0.00', '', '0.00', NULL, NULL, 0),
('0166', 'hoja santa', 'FRUTA', 'GR', '', '1000.00', '0.00', '30.00', '0.00', '39.00', '39.00', '0.00', '0.00', '', '0.00', NULL, NULL, 0),
('0167', 'jicama', 'FRUTA', 'GR', '', '1000.00', '0.00', '30.00', '0.00', '9.35', '9.35', '0.00', '0.00', '', '0.00', NULL, NULL, 0),
('0168', 'pera', 'FRUTA', 'GR', '', '1000.00', '0.00', '30.00', '0.00', '52.50', '52.50', '0.00', '0.00', '', '0.00', NULL, NULL, 0),
('0169', 'pulpa de maracuya', 'FRUTA', 'GR', '', '1000.00', '0.00', '30.00', '0.00', '68.25', '68.25', '0.00', '0.00', '', '0.00', NULL, NULL, 0),
('0170', 'papa saratoga', 'FRUTA', 'GG', '', '1000.00', '0.00', '30.00', '0.00', '113.30', '113.30', '0.00', '0.00', '', '0.00', NULL, NULL, 0),
('0171', 'uva', 'FRUTA', 'GR', '', '1000.00', '0.00', '30.00', '0.00', '88.73', '88.73', '0.00', '0.00', '', '0.00', NULL, NULL, 0),
('0172', 'platano macho', 'FRUTA', 'GR', '', '1000.00', '0.00', '30.00', '0.00', '21.06', '21.06', '0.00', '0.00', '', '0.00', NULL, NULL, 0),
('0173', 'aguacate', 'FRUTA', 'GR', '', '1000.00', '0.00', '30.00', '0.00', '58.50', '58.50', '0.00', '0.00', '', '0.00', NULL, NULL, 0),
('0174', 'jengibre', 'FRUTA', 'GR', '', '1000.00', '0.00', '30.00', '0.00', '18.75', '18.75', '0.00', '0.00', '', '0.00', NULL, NULL, 0),
('0175', 'jitomate bola', 'FRUTA', 'GR', '', '1000.00', '0.00', '30.00', '0.00', '18.89', '18.89', '0.00', '0.00', '', '0.00', NULL, NULL, 0),
('0176', 'naranja', 'FRUTA', 'GR', '', '1000.00', '0.00', '30.00', '0.00', '8.13', '8.13', '0.00', '0.00', '', '0.00', NULL, NULL, 0),
('0177', 'jitomate saladete', 'FRUTA', 'GR', '', '1000.00', '0.00', '30.00', '0.00', '15.60', '15.60', '0.00', '0.00', '', '0.00', NULL, NULL, 0),
('0178', 'lechuga sangria', 'FRUTA', 'GR', '', '1000.00', '0.00', '30.00', '0.00', '17.16', '17.16', '0.00', '0.00', '', '0.00', NULL, NULL, 0),
('0179', 'lemongrass', 'FRUTA', 'GR', '', '1000.00', '0.00', '30.00', '0.00', '40.00', '40.00', '0.00', '0.00', '', '0.00', NULL, NULL, 0),
('0180', 'mango ataulfo', 'FRUTA', 'GR', '', '1000.00', '0.00', '30.00', '0.00', '52.10', '52.10', '0.00', '0.00', '', '0.00', NULL, NULL, 0),
('0181', 'chile manzano amari', 'FRUTA', 'GR', '', '1000.00', '0.00', '30.00', '0.00', '52.50', '52.50', '0.00', '0.00', '', '0.00', NULL, NULL, 0),
('0182', 'pimiento morron rojo', 'FRUTA', 'GR', '', '1000.00', '0.00', '30.00', '0.00', '47.32', '47.32', '0.00', '0.00', '', '0.00', NULL, NULL, 0),
('0183', 'cebolla morada', 'FRUTA', 'GR', '', '1000.00', '0.00', '30.00', '0.00', '14.30', '14.30', '0.00', '0.00', '', '0.00', NULL, NULL, 0),
('0184', 'nopal', 'FRUTA', 'GR', '', '1000.00', '0.00', '30.00', '0.00', '1.30', '1.30', '0.00', '0.00', '', '0.00', NULL, NULL, 0),
('0185', 'papa cambray', 'FRUTA', 'GR', '', '1000.00', '0.00', '30.00', '0.00', '32.50', '32.50', '0.00', '0.00', '', '0.00', NULL, NULL, 0),
('0186', 'pera lechera', 'FRUTA', 'GR', '', '1000.00', '0.00', '30.00', '0.00', '33.00', '33.00', '0.00', '0.00', '', '0.00', NULL, NULL, 0),
('0187', 'champinon', 'FRUTA', 'GR', '', '1000.00', '0.00', '30.00', '0.00', '90.81', '90.81', '0.00', '0.00', '', '0.00', NULL, NULL, 0),
('0188', 'limon sin semilla', 'FRUTA', 'GR', '', '1000.00', '0.00', '30.00', '0.00', '7.50', '7.50', '0.00', '0.00', '', '0.00', NULL, NULL, 0),
('0189', 'chile relleno', 'FRUTA', 'GR', '', '1000.00', '0.00', '30.00', '0.00', '35.00', '35.00', '0.00', '0.00', '', '0.00', NULL, NULL, 0),
('0190', 'zanahoria', 'FRUTA', 'GR', '', '1000.00', '0.00', '30.00', '0.00', '13.52', '13.52', '0.00', '0.00', '', '0.00', NULL, NULL, 0),
('0191', 'cebolla blanca', 'FRUTA', 'GR', '', '1000.00', '0.00', '30.00', '0.00', '8.58', '8.58', '0.00', '0.00', '', '0.00', NULL, NULL, 0),
('0192', 'pepino', 'FRUTA', 'GR', '', '1000.00', '0.00', '30.00', '0.00', '16.50', '16.50', '0.00', '0.00', '', '0.00', NULL, NULL, 0),
('0193', 'ajonjoli blanco', 'FRUTA', 'GR', '', '1000.00', '0.00', '30.00', '0.00', '71.50', '71.50', '0.00', '0.00', '', '0.00', NULL, NULL, 0),
('0194', 'manzana verde', 'FRUTA', 'GR', '', '1000.00', '0.00', '30.00', '0.00', '67.60', '67.60', '0.00', '0.00', '', '0.00', NULL, NULL, 0),
('0195', 'menta', 'FRUTA', 'GR', '', '1000.00', '0.00', '30.00', '0.00', '67.60', '67.60', '0.00', '0.00', '', '0.00', NULL, NULL, 0),
('0196', 'rabano grande', 'FRUTA', 'GR', '', '1000.00', '0.00', '30.00', '0.00', '13.00', '13.00', '0.00', '0.00', '', '0.00', NULL, NULL, 0),
('0197', 'chile chipotle seco', 'FRUTA', 'GR', '', '1000.00', '0.00', '30.00', '0.00', '208.69', '208.69', '0.00', '0.00', '', '0.00', NULL, NULL, 0),
('0198', 'cilantro recio', 'FRUTA', 'GR', '', '1000.00', '0.00', '30.00', '0.00', '33.80', '33.80', '0.00', '0.00', '', '0.00', NULL, NULL, 0),
('0199', 'lechuga romana', 'FRUTA', 'GR', '', '1000.00', '0.00', '30.00', '0.00', '16.25', '16.25', '0.00', '0.00', '', '0.00', NULL, NULL, 0),
('0200', 'cilantro', 'FRUTA', 'GG', '', '1000.00', '0.00', '30.00', '0.00', '20.28', '20.28', '0.00', '0.00', '', '0.00', NULL, NULL, 0),
('0201', 'chile pasilla', 'FRUTA', 'GR', '', '1000.00', '0.00', '30.00', '0.00', '132.99', '132.99', '0.00', '0.00', '', '0.00', NULL, NULL, 0),
('0202', 'ajo blanco', 'FRUTA', 'GR', '', '1000.00', '0.00', '30.00', '0.00', '71.50', '71.50', '0.00', '0.00', '', '0.00', NULL, NULL, 0),
('0203', 'chile habanero', 'FRUTA', 'GR', '', '1000.00', '0.00', '30.00', '0.00', '39.38', '39.38', '0.00', '0.00', '', '0.00', NULL, NULL, 0),
('0204', 'sandia', 'FRUTA', 'GR', '', '1000.00', '0.00', '30.00', '0.00', '24.11', '24.11', '0.00', '0.00', '', '0.00', NULL, NULL, 0),
('0205', 'ajonjoli negro', 'FRUTA', 'GR', '', '1000.00', '0.00', '30.00', '0.00', '55.00', '55.00', '0.00', '0.00', '', '0.00', NULL, NULL, 0),
('0206', 'perejil liso', 'FRUTA', 'GR', '', '1000.00', '0.00', '30.00', '0.00', '16.90', '16.90', '0.00', '0.00', '', '0.00', NULL, NULL, 0),
('0207', 'espinaca', 'FRUTA', 'GR', '', '1000.00', '0.00', '30.00', '0.00', '38.50', '38.50', '0.00', '0.00', '', '0.00', NULL, NULL, 0),
('0208', 'epazote verde', 'FRUTA', 'GR', '', '1000.00', '0.00', '30.00', '0.00', '20.28', '20.28', '0.00', '0.00', '', '0.00', NULL, NULL, 0),
('0209', 'flor de calabaza', 'FRUTA', 'GR', '', '1000.00', '0.00', '30.00', '0.00', '69.68', '69.68', '0.00', '0.00', '', '0.00', NULL, NULL, 0),
('0210', 'chile poblano', 'FRUTA', 'GR', '', '1000.00', '0.00', '30.00', '0.00', '24.96', '24.96', '0.00', '0.00', '', '0.00', NULL, NULL, 0),
('0211', 'chicharo japones', 'FRUTA', 'GR', '', '1000.00', '0.00', '30.00', '0.00', '50.05', '50.05', '0.00', '0.00', '', '0.00', NULL, NULL, 0),
('0212', 'pasas', 'FRUTA', 'GR', '', '1000.00', '0.00', '30.00', '0.00', '57.33', '57.33', '0.00', '0.00', '', '0.00', NULL, NULL, 0),
('0213', 'pimiento morron verde', 'FRUTA', 'GR', '', '1000.00', '0.00', '30.00', '0.00', '47.32', '47.32', '0.00', '0.00', '', '0.00', NULL, NULL, 0),
('0214', 'pera panochera', 'FRUTA', 'GR', '', '1000.00', '0.00', '30.00', '0.00', '15.00', '15.00', '0.00', '0.00', '', '0.00', NULL, NULL, 0),
('0215', 'jitomate cherry rojo', 'FRUTA', 'GR', '', '1000.00', '0.00', '30.00', '0.00', '50.56', '50.56', '0.00', '0.00', '', '0.00', NULL, NULL, 0),
('0216', 'pi¤a', 'FRUTA', 'GR', '', '1000.00', '0.00', '30.00', '0.00', '15.61', '15.61', '0.00', '0.00', '', '0.00', NULL, NULL, 0),
('0217', 'piloncillo', 'FRUTA', 'GR', '', '1000.00', '0.00', '30.00', '0.00', '31.63', '31.63', '0.00', '0.00', '', '0.00', NULL, NULL, 0),
('0218', 'chile serrano verde', 'FRUTA', 'GR', '', '1000.00', '0.00', '30.00', '0.00', '14.30', '14.30', '0.00', '0.00', '', '0.00', NULL, NULL, 0),
('0219', 'flores comestibles', 'FRUTA', 'GR', '', '1000.00', '0.00', '30.00', '0.00', '130.00', '130.00', '0.00', '0.00', '', '0.00', NULL, NULL, 0),
('0220', 'queso ricotta', 'LACTE', 'GR', '', '1000.00', '0.00', '30.00', '0.00', '132.30', '132.30', '0.00', '0.00', '', '0.00', NULL, NULL, 0),
('0221', 'queso de cabra', 'LACTE', 'GR', '', '1000.00', '0.00', '30.00', '0.00', '242.50', '242.50', '0.00', '0.00', '', '0.00', NULL, NULL, 0),
('0222', 'queso crema', 'LACTE', 'GR', '', '1000.00', '0.00', '30.00', '0.00', '130.39', '130.39', '0.00', '0.00', '', '0.00', NULL, NULL, 0),
('0223', 'mantequilla', 'LACTE', 'GR', '', '1000.00', '0.00', '30.00', '0.00', '174.20', '174.20', '0.00', '0.00', '', '0.00', NULL, NULL, 0),
('0224', 'jocoque', 'LACTE', 'GR', '', '1000.00', '0.00', '30.00', '0.00', '139.50', '139.50', '0.00', '0.00', '', '0.00', NULL, NULL, 0),
('0225', 'queso cotija', 'LACTE', 'GR', '', '1000.00', '0.00', '30.00', '0.00', '84.92', '84.92', '0.00', '0.00', '', '0.00', NULL, NULL, 0),
('0226', 'queso gouda', 'LACTE', 'GR', '', '1000.00', '0.00', '30.00', '0.00', '115.75', '115.75', '0.00', '0.00', '', '0.00', NULL, NULL, 0),
('0227', 'queso manchego', 'LACTE', 'GR', '', '1000.00', '0.00', '30.00', '0.00', '126.75', '126.75', '0.00', '0.00', '', '0.00', NULL, NULL, 0),
('0228', 'queso parmesano', 'LACTE', 'GR', '', '1000.00', '0.00', '30.00', '0.00', '210.00', '210.00', '0.00', '0.00', '', '0.00', NULL, NULL, 0),
('0229', 'queso provolone', 'LACTE', 'GR', '', '1000.00', '0.00', '30.00', '0.00', '162.50', '162.50', '0.00', '0.00', '', '0.00', NULL, NULL, 0),
('0230', 'yogurth natural', 'LACTE', 'GR', '', '1000.00', '0.00', '30.00', '0.00', '36.75', '36.75', '0.00', '0.00', '', '0.00', NULL, NULL, 0),
('0231', 'queso amarillo', 'LACTE', 'GR', '', '1000.00', '0.00', '30.00', '0.00', '0.76', '0.76', '0.00', '0.00', '', '0.00', NULL, NULL, 0),
('0232', 'queso oaxaca', 'LACTE', 'GR', '', '1000.00', '0.00', '30.00', '0.00', '84.50', '84.50', '0.00', '0.00', '', '0.00', NULL, NULL, 0),
('0233', 'crema natural', 'LACTE', 'GR', '', '1000.00', '0.00', '30.00', '0.00', '52.80', '52.80', '0.00', '0.00', '', '0.00', NULL, NULL, 0),
('0234', 'crema para batir', 'LACTE', 'GR', '', '1000.00', '0.00', '30.00', '0.00', '59.18', '59.18', '0.00', '0.00', '', '0.00', NULL, NULL, 0),
('0235', 'queso panela', 'LACTE', 'GR', '', '1000.00', '0.00', '30.00', '0.00', '75.00', '75.00', '0.00', '0.00', '', '0.00', NULL, NULL, 0),
('0236', 'queso mascarpone', 'LACTE', 'GR', '', '1000.00', '0.00', '30.00', '0.00', '259.85', '259.85', '0.00', '0.00', '', '0.00', NULL, NULL, 0),
('0237', 'tlayudas', 'PAN Y', '', '', '1000.00', '0.00', '30.00', '0.00', '8.93', '8.93', '0.00', '0.00', '', '0.00', NULL, NULL, 0),
('0238', 'pan hamburguesa gde', 'PAN Y', '', '', '1000.00', '0.00', '30.00', '0.00', '5.00', '5.00', '0.00', '0.00', '', '0.00', NULL, NULL, 0),
('0239', 'telera para torta', 'PAN Y', '', '', '1000.00', '0.00', '30.00', '0.00', '3.30', '3.30', '0.00', '0.00', '', '0.00', NULL, NULL, 0),
('0240', 'tortilla chalupera', 'PAN Y', '', '', '1000.00', '0.00', '30.00', '0.00', '17.00', '17.00', '0.00', '0.00', '', '0.00', NULL, NULL, 0),
('0241', 'masa azul', 'PAN Y', '', '', '1000.00', '0.00', '30.00', '0.00', '16.80', '16.80', '0.00', '0.00', '', '0.00', NULL, NULL, 0),
('0242', 'tortilla de maiz', 'PAN Y', '', '', '1000.00', '0.00', '30.00', '0.00', '14.00', '14.00', '0.00', '0.00', '', '0.00', NULL, NULL, 0),
('0243', 'tortilla de harina', 'PAN Y', '', '', '1000.00', '0.00', '30.00', '0.00', '32.59', '32.59', '0.00', '0.00', '', '0.00', NULL, NULL, 0),
('0244', 'camaron aguachile', 'PESCA', '', '', '1000.00', '0.00', '30.00', '0.00', '264.00', '264.00', '0.00', '0.00', '', '0.00', NULL, NULL, 0),
('0245', 'camaron 31/35', 'PESCA', '', '', '1000.00', '0.00', '30.00', '0.00', '288.00', '288.00', '0.00', '0.00', '', '0.00', NULL, NULL, 0),
('0246', 'salmon fresco', 'PESCA', '', '', '1000.00', '0.00', '30.00', '0.00', '320.00', '320.00', '0.00', '0.00', '', '0.00', NULL, NULL, 0),
('0247', 'filete tilapia', 'PESCA', '', '', '1000.00', '0.00', '30.00', '0.00', '80.01', '80.01', '0.00', '0.00', '', '0.00', NULL, NULL, 0),
('0248', 'atun fresco', 'PESCA', '', '', '1000.00', '0.00', '30.00', '0.00', '230.00', '230.00', '0.00', '0.00', '', '0.00', NULL, NULL, 0),
('0249', 'atun stake', 'PESCA', '', '', '1000.00', '0.00', '30.00', '0.00', '229.69', '229.69', '0.00', '0.00', '', '0.00', NULL, NULL, 0),
('0250', 'pulpo', 'PESCA', '', '', '1000.00', '0.00', '30.00', '0.00', '230.00', '230.00', '0.00', '0.00', '', '0.00', NULL, NULL, 0),
('0251', 'CAMARON PACOTILLA', 'MARIS', 'GR', '', '1000.00', '12.72', '0.00', '0.00', '180.00', '180.00', '0.00', '0.00', '', '0.00', NULL, NULL, 0),
('0252', 'MAIZ POZOLERO', 'ABBAR', 'GR', '', '1000.00', '9.00', '0.00', '0.00', '18.00', '18.00', '0.00', '0.00', '', '0.00', NULL, NULL, 0),
('0253', 'ACHIOTE', 'ABBAR', 'GR', '', '1000.00', '3.00', '0.00', '0.00', '54.00', '54.00', '0.00', '0.00', '', '0.00', NULL, NULL, 0),
('0254', 'CALABAZA ITALIANA', 'VERDU', 'GR', '', '1000.00', '15.00', '0.00', '0.00', '16.00', '16.00', '0.00', '0.00', '', '0.00', NULL, NULL, 0),
('0255', 'BROCOLI', 'VERDU', 'GR', '', '1000.00', '21.00', '0.00', '0.00', '12.00', '12.00', '0.00', '0.00', '', '0.00', NULL, NULL, 0),
('0256', 'CHAYOTE', 'VERDU', 'GR', '', '1000.00', '6.00', '0.00', '0.00', '9.00', '9.00', '0.00', '0.00', '', '0.00', NULL, NULL, 0),
('0257', 'LECHUGA ITALIANA', 'VERDU', 'GR', '', '1000.00', '6.00', '0.00', '0.00', '9.00', '9.00', '0.00', '0.00', '', '0.00', NULL, NULL, 0),
('0258', 'ELOTE GRANO GRANEL', 'VERDU', 'GR', '', '1000.00', '12.00', '0.00', '0.00', '35.00', '35.00', '0.00', '0.00', '', '0.00', NULL, NULL, 0),
('0259', 'COLIFLOR', 'VERDU', 'GR', '', '1000.00', '0.00', '0.00', '0.00', '18.00', '18.00', '0.00', '0.00', '', '0.00', NULL, NULL, 0),
('0260', 'VERDOLAGA', 'VERDU', 'GR', '', '1000.00', '0.00', '0.00', '0.00', '25.00', '25.00', '0.00', '0.00', '', '0.00', NULL, NULL, 0),
('0261', 'GALLETA SALADA', 'ABARR', 'PZ', '', '200.00', '0.00', '0.00', '0.00', '1.00', '0.00', '0.00', '0.00', '', '0.00', NULL, NULL, 0),
('0262', 'SURIMI', 'PESCA', 'GR', '', '1000.00', '0.00', '0.00', '0.00', '1.00', '0.00', '0.00', '0.00', '', '0.00', NULL, NULL, 0),
('0263', 'FALDA DE RES', 'CARNE', 'GR', '', '1000.00', '0.00', '0.00', '0.00', '140.00', '140.00', '0.00', '0.00', '', '0.00', NULL, NULL, 0),
('0265', 'CHOCOLATE LIQUIDO', 'ABARR', 'ML', '', '454.00', '0.00', '0.00', '0.00', '41.00', '41.00', '0.00', '0.00', '', '1.00', NULL, NULL, 1),
('0267', 'BOLS TRANS.1 kg', 'SURES', 'PZ', '', '1.00', '0.00', '0.00', '0.00', '1.00', '0.00', '0.00', '0.00', '', '0.00', NULL, NULL, 0),
('0268', 'BOLSA TRANS.5 kg', 'SURES', 'PZ', '', '1.00', '0.00', '0.00', '0.00', '1.00', '0.00', '0.00', '0.00', '', '0.00', NULL, NULL, 0),
('0269', 'MIGUELITO POLVO', 'ABBAR', 'GR', '', '1000.00', '0.00', '0.00', '0.00', '46.26', '46.26', '0.00', '0.00', '', '0.00', NULL, NULL, 0),
('0270', 'PAN MOLIDO', 'PANTO', 'GR', '', '1000.00', '0.00', '0.00', '0.00', '18.00', '18.00', '0.00', '0.00', '', '0.00', NULL, NULL, 0),
('0271', 'SALSA BOTANERA', 'ABARR', 'ML', '', '3800.00', '0.00', '0.00', '0.00', '43.65', '43.65', '0.00', '0.00', '', '1.00', NULL, NULL, 1),
('0276', 'CARBON', 'SURES', 'GR', '', '1000.00', '0.00', '0.00', '0.00', '14.00', '14.00', '0.00', '0.00', '', '0.00', NULL, NULL, 0),
('0277', 'BLUEBERRY', 'VERDU', 'GR', '', '1000.00', '0.60', '0.00', '0.00', '250.00', '250.00', '0.00', '0.00', '', '0.00', NULL, NULL, 0),
('0278', 'RABO DE RES', 'CARNE', 'GR', '', '1000.00', '0.00', '0.00', '0.00', '95.00', '95.00', '0.00', '0.00', '', '0.00', NULL, NULL, 0),
('0279', 'COSTILLA CERDO', 'CARNE', 'GR', '', '1000.00', '0.00', '0.00', '0.00', '88.00', '88.00', '0.00', '0.00', '', '0.00', NULL, NULL, 0),
('0280', 'GELATINA SOBRE', 'ABARR', 'PZ', '', '120.00', '0.00', '0.00', '0.00', '8.50', '8.50', '0.00', '0.00', '', '5.00', NULL, NULL, 5),
('0281', 'TBONE', 'CARNE', 'GR', '', '1000.00', '0.00', '0.00', '0.00', '1.00', '0.00', '0.00', '0.00', '', '0.00', NULL, NULL, 0),
('0283', 'CONSENTRADO CAMARON', 'ABARR', 'GR', '', '1600.00', '0.00', '0.00', '0.00', '1.00', '0.00', '0.00', '0.00', '', '0.00', NULL, NULL, 0),
('0284', 'PANKO', 'ABARR', 'GR', '', '1000.00', '0.00', '0.00', '0.00', '72.00', '72.00', '0.00', '0.00', '', '1.00', NULL, NULL, 1),
('0285', 'ALGA MARINA', 'ABARR', 'PZ', '', '100.00', '0.00', '0.00', '0.00', '310.00', '310.00', '0.00', '0.00', '', '1.00', NULL, NULL, 1),
('0286', 'LASAGNA PASTA', 'ABARR', 'GR', '', '500.00', '0.00', '0.00', '0.00', '1.00', '0.00', '0.00', '0.00', '', '0.00', NULL, NULL, 0),
('0287', 'SALSA VALENTINA', 'ABARR', 'ML', '', '1000.00', '0.00', '0.00', '0.00', '1.00', '0.00', '0.00', '0.00', '', '0.00', NULL, NULL, 0),
('0288', 'SALSA BOTANERA', 'ABARR', 'ML', '', '3000.00', '0.00', '0.00', '0.00', '1.00', '0.00', '0.00', '0.00', '', '0.00', NULL, NULL, 0),
('0290', 'CHAMOY', 'ABARR', 'ML', '', '1.00', '0.00', '0.00', '0.00', '1.00', '0.00', '0.00', '0.00', '', '0.00', NULL, NULL, 0),
('0291', 'MIGUELITO CHILE', 'ABARR', 'GR', '', '950.00', '0.00', '0.00', '0.00', '1.00', '0.00', '0.00', '0.00', '', '0.00', NULL, NULL, 0),
('0292', 'AZUCAR MOSCABADA', 'ABARR', 'GR', '', '1000.00', '0.00', '0.00', '0.00', '40.00', '40.00', '0.00', '0.00', '', '1.00', NULL, NULL, 1),
('0293', 'NESCAFE CLASICO', 'ABARR', 'GR', '', '350.00', '0.00', '0.00', '0.00', '117.14', '117.14', '0.00', '0.00', '', '1.00', NULL, NULL, 1),
('0294', 'PANZA DE RES', 'CARNE', 'GR', '', '1000.00', '0.00', '0.00', '0.00', '98.00', '98.00', '0.00', '0.00', '', '0.00', NULL, NULL, 0),
('0295', 'CODO PASTA', 'ABARR', 'GR', '', '200.00', '0.00', '0.00', '0.00', '1.00', '0.00', '0.00', '0.00', '', '0.00', NULL, NULL, 0),
('0296', 'QUESO ROQUEFORD', 'LACTE', 'GR', '', '1000.00', '0.00', '0.00', '0.00', '190.00', '190.00', '0.00', '0.00', '', '0.00', NULL, NULL, 0),
('0297', 'YOGURTH FRESA', 'LACTE', 'GR', '', '1000.00', '0.00', '0.00', '0.00', '27.90', '27.90', '0.00', '0.00', '', '0.00', NULL, NULL, 0),
('0298', 'CARNE ENCHILADA', 'CARNE', 'GR', '', '1000.00', '0.00', '0.00', '0.00', '90.00', '90.00', '0.00', '0.00', '', '0.00', NULL, NULL, 0),
('0299', 'AGUA QUINA', 'REFRE', 'PZ', '', '1.00', '0.00', '0.00', '0.00', '5.78', '5.78', '16.00', '0.00', '', '0.00', NULL, NULL, 0),
('0300', 'RETAZO C/HUESO RES', 'CARNE', 'KG', '', '1000.00', '0.00', '0.00', '0.00', '98.00', '98.00', '0.00', '0.00', '', '0.00', NULL, NULL, 0),
('0301', 'JAMAICA', 'ABARR', 'KG', '', '1.00', '0.00', '0.00', '0.00', '1.00', '0.00', '0.00', '0.00', '', '0.00', NULL, NULL, 0),
('0302', 'ESPARRAGOS', 'VERDU', 'KG', '', '1.00', '0.00', '0.00', '0.00', '140.00', '140.00', '0.00', '0.00', '', '0.00', NULL, NULL, 0),
('0303', 'AGUA MIN REFILL', 'REFRE', 'ML', '', '2000.00', '0.00', '0.00', '0.00', '14.33', '14.33', '16.00', '0.00', '', '0.00', NULL, NULL, 0),
('ABEL', 'ABSOLUT ELYX', 'VODKA', 'ML', '', '750.00', '0.00', '0.00', '0.00', '410.26', '205.13', '16.00', '0.00', '', '0.00', NULL, NULL, 0),
('ABGM', 'GREY GOOSE 1.750', 'VODKA', 'ML', '', '1750.00', '0.00', '0.00', '0.00', '846.84', '844.20', '0.00', '0.00', '', '0.00', NULL, NULL, 0),
('AGCO', 'AGUA CORRIENTE', 'REFRE', 'ML', '', '19000.00', '0.00', '30.00', '0.00', '30.59', '25.94', '0.00', '0.00', '', '0.00', NULL, NULL, 0),
('AGMI', 'AGUA MINERAL', 'REFRE', 'ML', '', '1.00', '936.00', '2376.00', '0.00', '7.11', '7.11', '16.00', '0.00', '', '0.00', NULL, NULL, 0),
('AGMM', 'AGUA MINERAL MINI', 'REFRE', 'ML', '', '1.00', '-1113.00', '2160.00', '0.00', '5.53', '5.53', '16.00', '0.00', '', '0.00', NULL, NULL, 0),
('AGNA', 'AGUA NATURAL', 'REFRE', 'ML', '', '1.00', '174.00', '432.00', '0.00', '4.21', '4.21', '0.00', '0.00', '', '0.00', NULL, NULL, 0),
('AGPE', 'PERRIER AGUA', 'BEBID', 'PZ', '', '1.00', '-39.00', '108.00', '0.00', '24.75', '297.42', '0.00', '0.00', '', '0.00', NULL, NULL, 0),
('AQSW', 'SWHEPPS', 'REFRE', 'ML', '', '1.00', '0.00', '72.00', '0.00', '60.35', '60.35', '0.00', '0.00', '', '0.00', NULL, NULL, 0),
('BOOS', 'BOOST', 'REFRE', 'ML', '', '1.00', '0.00', '30.00', '0.00', '13.26', '13.26', '0.00', '0.00', '', '0.00', NULL, NULL, 0),
('BRAM', 'ALMA DE MAGNO', 'BRAND', 'ML', '', '750.00', '0.00', '6.00', '0.00', '289.66', '289.67', '16.00', '0.00', '', '0.00', NULL, NULL, 0),
('BRAZ', 'AZTECA DE ORO 750 ML', 'BRAND', 'ML', '', '750.00', '0.00', '6.00', '0.00', '108.62', '108.62', '16.00', '0.00', '', '0.00', NULL, NULL, 0),
('BRCI', 'CARLOS I', 'BRAND', 'ML', '', '750.00', '0.00', '6.00', '0.00', '482.76', '482.02', '16.00', '0.00', '', '0.00', NULL, NULL, 0),
('BRCM', 'CARDENAL DE MENDOZA', 'BRAND', 'ML', '', '750.00', '0.00', '0.00', '0.00', '761.77', '677.01', '16.00', '0.00', '', '0.00', NULL, NULL, 0),
('BRDA', 'DUQUE DE ALBA', 'BRAND', 'ML', '', '700.00', '0.00', '0.00', '0.00', '582.80', '291.40', '16.00', '0.00', '', '0.00', NULL, NULL, 0),
('BRFA', 'FERNANDO CASTILLA ANTIQUE', 'BRAND', '', '', '750.00', '0.00', '0.00', '0.00', '500.00', '0.00', '0.00', '0.00', '', '0.00', NULL, NULL, 0),
('BRFC', 'FERNANDO DE CASTILLA', 'BRAND', 'ML', '', '750.00', '0.00', '0.00', '0.00', '215.52', '107.76', '16.00', '0.00', '', '0.00', NULL, NULL, 0),
('BRFU', 'FUNDADOR', 'BRAND', 'ML', '', '700.00', '0.00', '0.00', '0.00', '150.00', '150.00', '16.00', '0.00', '', '0.00', NULL, NULL, 0),
('BRJI', 'JAIME I', 'BRAND', 'ML', '', '750.00', '0.00', '0.00', '0.00', '1.00', '0.00', '16.00', '0.00', '', '0.00', NULL, NULL, 0),
('BRMA', 'MAGNO', 'BRAND', 'ML', '', '750.00', '0.00', '24.00', '0.00', '170.69', '170.69', '16.00', '0.00', '', '0.00', NULL, NULL, 0),
('BRPR', 'PRESIDENTE', 'BRAND', 'ML', '', '940.00', '0.00', '0.00', '0.00', '68.70', '68.02', '0.00', '0.00', '', '0.00', NULL, NULL, 0),
('BRT1', 'TORRES 15', 'BRAND', 'ML', '', '750.00', '0.00', '12.00', '0.00', '366.38', '366.38', '16.00', '0.00', '', '0.00', NULL, NULL, 0),
('BRT5', 'TORRES 5 A¥OS', 'BRAND', 'ML', '', '750.00', '0.00', '24.00', '0.00', '129.79', '139.90', '0.00', '0.00', '', '0.00', NULL, NULL, 0),
('BRT9', 'TERRY 1900', 'BRAND', 'ML', '', '700.00', '0.00', '0.00', '0.00', '169.57', '157.89', '0.00', '0.00', '', '0.00', NULL, NULL, 0),
('BRTD', 'TORRES DIEZ', 'BRAND', 'ML', '', '750.00', '0.00', '36.00', '0.00', '197.41', '197.42', '16.00', '0.00', '', '0.00', NULL, NULL, 0),
('BRTE', 'TERRY CENTENARIO 750 ML.', 'BRAND', 'ML', '', '750.00', '0.00', '0.00', '0.00', '206.03', '206.03', '16.00', '0.00', '', '0.00', NULL, NULL, 0),
('BRTV', 'TORRES 20 A¥OS', 'BRAND', 'ML', '', '750.00', '0.00', '6.00', '0.00', '642.24', '641.23', '16.00', '0.00', '', '0.00', NULL, NULL, 0),
('CAU2', 'CAMARON U12', 'MARIS', 'GR', '', '1000.00', '0.00', '0.00', '0.00', '1.00', '0.00', '0.00', '0.00', '', '0.00', NULL, NULL, 0),
('CC01', 'ESPRESO DECAF', 'CAFEE', 'ML', '', '16.00', '0.00', '3.00', '0.00', '498.75', '498.75', '16.00', '1.00', 'autorizado', '0.00', NULL, NULL, 0),
('CC02', 'CAPSULA LUNGO DECAF', 'ABARR', 'PZ', '', '50.00', '6.00', '3.00', '0.00', '545.00', '545.00', '0.00', '0.00', '', '2.00', NULL, NULL, 2),
('CC03', 'LUNGO FORTE EXPRESSO', 'CAFEE', 'ML', '', '16.00', '0.00', '3.00', '0.00', '326.72', '326.72', '16.00', '1.00', 'autorizado', '0.00', NULL, NULL, 0),
('CC04', 'CAPSULA LUNGO FORTE', 'ABARR', 'PZ', '', '50.00', '-1.62', '3.00', '0.00', '390.00', '634.48', '16.00', '1.54', 'autorizado', '0.00', NULL, NULL, 0),
('CC05', 'CAPSULA LUNGO SABORES', 'ABARR', 'PZ', '', '16.00', '0.00', '3.00', '0.00', '390.00', '404.31', '16.00', '1.00', 'autorizado', '0.00', NULL, NULL, 0),
('CC06', 'LUNGO FORTE VAINILLA', 'CAFEE', 'ML', '', '16.00', '0.00', '3.00', '0.00', '950.00', '950.00', '16.00', '1.00', 'autorizado', '0.00', NULL, NULL, 0),
('CEA9', 'ODULS S/ALCOHOL', 'CERVE', 'PZ', '', '355.00', '0.00', '30.00', '0.00', '8.90', '0.00', '0.00', '0.00', '', '0.00', NULL, NULL, 0),
('CEBA', 'BARRIL DE CERVEZA', 'CERVE', 'PZ', '', '12000.00', '0.00', '30.00', '0.00', '853.00', '0.00', '16.00', '0.00', '', '0.00', NULL, NULL, 0),
('CEBN', 'BOCANEGRA', 'CERVE', 'PZ', '', '355.00', '0.00', '30.00', '0.00', '18.28', '18.28', '16.00', '0.00', '', '0.00', NULL, NULL, 0),
('CEBO', 'BOHEMIA CLARA', 'CERVE', 'PZ', '', '355.00', '0.00', '30.00', '0.00', '9.99', '9.87', '0.00', '0.00', '', '0.00', NULL, NULL, 0),
('CEBS', 'BOHEMIA OSCURA', 'CERVE', 'PZ', '', '355.00', '0.00', '30.00', '0.00', '9.98', '9.99', '0.00', '0.00', '', '0.00', NULL, NULL, 0),
('CEBU', 'BUDWISER', 'CERVE', 'PZ', '', '24.00', '0.00', '30.00', '0.00', '11.75', '6.37', '16.00', '0.00', '', '0.00', NULL, NULL, 0),
('CECA', 'CUCAPA AMBAR', 'CERVE', 'PZ', '', '1.00', '0.00', '30.00', '0.00', '19.83', '15.12', '16.00', '0.00', '', '0.00', NULL, NULL, 0),
('CECB', 'CUCAPA OBSCURA', 'CERVE', 'PZ', '', '1.00', '0.00', '30.00', '0.00', '19.83', '17.47', '16.00', '0.00', '', '0.00', NULL, NULL, 0),
('CECC', 'CUCAPA CLASICA', 'CERVE', 'PZ', '', '1.00', '0.00', '30.00', '0.00', '19.83', '15.12', '16.00', '0.00', '', '0.00', NULL, NULL, 0),
('CECL', 'CORONA LIGHT', 'CERVE', 'PZ', '', '355.00', '0.00', '30.00', '0.00', '7.58', '7.58', '16.00', '0.00', '', '0.00', NULL, NULL, 0),
('CECO', 'TECATE', 'CERVE', 'PZ', '', '325.00', '0.00', '30.00', '0.00', '7.24', '7.24', '0.00', '0.00', '', '0.00', NULL, NULL, 0),
('CECR', 'CORONA', 'CERVE', 'PZ', '', '355.00', '0.00', '30.00', '0.00', '8.69', '8.70', '16.00', '0.00', '', '0.00', NULL, NULL, 0),
('CEGH', 'GOUSE ISL.HONKER', 'CERVE', 'PZ', '', '355.00', '0.00', '30.00', '0.00', '1.00', '0.00', '16.00', '0.00', '', '0.00', NULL, NULL, 0),
('CEGS', 'GOUSE ISLAND SOFIE', 'CERVE', 'PZ', '', '355.00', '0.00', '30.00', '0.00', '1.00', '0.00', '16.00', '0.00', '', '0.00', NULL, NULL, 0),
('CEHE', 'HEINEKEN', 'CERVE', 'PZ', '', '355.00', '0.00', '30.00', '0.00', '13.00', '13.00', '0.00', '0.00', '', '0.00', NULL, NULL, 0),
('CEHO', 'HOOGARDEN', 'CERVE', 'PZ', '', '355.00', '0.00', '30.00', '0.00', '29.00', '15.00', '0.00', '0.00', '', '0.00', NULL, NULL, 0),
('CELE', 'LEON NEGRA CERVEZA', 'CERVE', 'PZ', '', '355.00', '0.00', '30.00', '0.00', '8.69', '8.71', '16.00', '0.00', '', '0.00', NULL, NULL, 0),
('CEML', 'MODELO LIGHT', 'CERVE', 'PZ', '', '325.00', '0.00', '30.00', '0.00', '4.67', '4.67', '0.00', '0.00', '', '0.00', NULL, NULL, 0),
('CEMS', 'MODELO ESP.BOTELLA 355 ML', 'CERVE', 'PZ', '', '355.00', '0.00', '30.00', '0.00', '9.45', '9.46', '16.00', '0.00', '', '0.00', NULL, NULL, 0),
('CENM', 'NEGRA MODELO', 'CERVE', 'PZ', '', '355.00', '0.00', '30.00', '0.00', '9.45', '9.46', '16.00', '0.00', '', '0.00', NULL, NULL, 0),
('CEOL', 'ODULS', 'CERVE', 'PZ', '', '355.00', '0.00', '30.00', '0.00', '9.89', '9.31', '16.00', '0.00', '', '0.00', NULL, NULL, 0),
('CEOS', 'OSADIA', 'CERVE', 'PZ', '', '355.00', '0.00', '30.00', '0.00', '1.00', '0.00', '16.00', '0.00', '', '0.00', NULL, NULL, 0),
('CEPA', 'PACIFICO', 'CERVE', 'PZ', '', '355.00', '0.00', '30.00', '0.00', '8.24', '8.25', '16.00', '0.00', '', '0.00', NULL, NULL, 0),
('CEQU', 'QUILMES', 'CERVE', 'PZ', '', '355.00', '0.00', '30.00', '0.00', '25.00', '20.71', '0.00', '0.00', '', '0.00', NULL, NULL, 0),
('CESA', 'SAGA', 'CERVE', 'PZ', '', '355.00', '0.00', '30.00', '0.00', '1.00', '0.00', '16.00', '0.00', '', '0.00', NULL, NULL, 0),
('CESE', 'STELLA', 'CERVE', 'PZ', '', '24.00', '0.00', '30.00', '0.00', '16.38', '27.76', '16.00', '0.00', '', '0.00', NULL, NULL, 0);
INSERT INTO `productos` (`codingre`, `descrip`, `familia`, `unidad`, `empaque`, `equivale`, `inventa1`, `stockmax`, `stockmin`, `ultcosto`, `costoprome`, `impuesto`, `pedido`, `status`, `inventaFisico`, `inventaFisico1`, `diferencia`, `redondeo`) VALUES
('CESL', 'SOL LIGTH', 'CERVE', 'PZ', '', '355.00', '0.00', '30.00', '0.00', '5.00', '0.00', '0.00', '0.00', '', '0.00', NULL, NULL, 0),
('CESO', 'SOL CERVEZA', 'CERVE', 'PZ', '', '355.00', '0.00', '30.00', '0.00', '7.25', '7.30', '0.00', '0.00', '', '0.00', NULL, NULL, 0),
('CEST', 'STRONGBOW GOLD', 'CERVE', 'PZ', '', '355.00', '0.00', '30.00', '0.00', '1.00', '0.00', '0.00', '0.00', '', '0.00', NULL, NULL, 0),
('CEVI', 'VICTORIA', 'CERVE', 'PZ', '', '355.00', '0.00', '30.00', '0.00', '8.69', '8.70', '16.00', '0.00', '', '0.00', NULL, NULL, 0),
('CEXY', 'XY REGEL', 'CERVE', 'PZ', '', '355.00', '0.00', '30.00', '0.00', '1.00', '0.00', '0.00', '0.00', '', '0.00', NULL, NULL, 0),
('CG01', 'CIGARRO BLANCO', 'CIGAR', 'pz', '', '10.00', '0.00', '30.00', '0.00', '49.26', '49.26', '0.00', '0.00', '', '0.00', NULL, NULL, 0),
('CG02', 'CIGARRO ROJO', 'CIGAR', 'pz', '', '10.00', '0.00', '30.00', '0.00', '49.26', '49.26', '0.00', '0.00', '', '0.00', NULL, NULL, 0),
('CGCV', 'COURVOISIER VSOP', 'COGNA', 'ML', '', '700.00', '0.00', '30.00', '0.00', '286.96', '286.97', '0.00', '0.00', '', '0.00', NULL, NULL, 0),
('CGCX', 'COURVOISIER X.O.', 'COGNA', 'ML', '', '700.00', '0.00', '30.00', '0.00', '1182.00', '0.00', '0.00', '0.00', '', '0.00', NULL, NULL, 0),
('CGHV', 'HENNESY VSOP', 'COGNA', 'ML', '', '700.00', '0.00', '30.00', '0.00', '905.78', '887.25', '16.00', '0.00', '', '0.00', NULL, NULL, 0),
('CGMM', 'MARTEL V.S.O.P MEDALLON', 'COGNA', 'ML', '', '700.00', '0.00', '30.00', '0.00', '564.66', '564.04', '16.00', '0.00', '', '0.00', NULL, NULL, 0),
('CGMS', 'MARTEL V.S.', 'COGNA', 'ML', '', '700.00', '0.00', '6.00', '0.00', '303.48', '303.48', '0.00', '0.00', '', '0.00', NULL, NULL, 0),
('CGRM', 'REMY MARTIN', 'COGNA', 'ML', '', '750.00', '0.00', '30.00', '0.00', '303.48', '303.48', '0.00', '0.00', '', '0.00', NULL, NULL, 0),
('CGVS', 'REMY MARTIN VS', 'COGNA', 'ML', '', '750.00', '0.00', '30.00', '0.00', '300.00', '242.00', '0.00', '0.00', '', '0.00', NULL, NULL, 0),
('CGXO', 'HENNESY VSOP', 'COGNA', 'ML', '', '750.00', '0.00', '6.00', '0.00', '2771.97', '1385.99', '16.00', '0.00', '', '0.00', NULL, NULL, 0),
('CHBB', 'MOET BABY BRUT', 'CHAMP', 'ML', '', '200.00', '0.00', '30.00', '0.00', '251.42', '252.94', '0.00', '0.00', '', '0.00', NULL, NULL, 0),
('CHBN', 'MOET BABY NECTAR', 'CHAMP', 'ML', '', '355.00', '0.00', '30.00', '0.00', '300.00', '0.00', '0.00', '0.00', '', '0.00', NULL, NULL, 0),
('CHBO', 'BOTTEGGA GOLD', 'CHAMP', 'ML', '', '750.00', '0.00', '6.00', '0.00', '535.72', '535.72', '0.00', '0.00', '', '0.00', NULL, NULL, 0),
('CHBR', 'MOET BABY ROSE', 'CHAMP', 'ML', '', '355.00', '0.00', '30.00', '0.00', '300.00', '0.00', '0.00', '0.00', '', '0.00', NULL, NULL, 0),
('CHDL', 'DOM PERIGNON LUMINUS', 'CHAMP', 'ML', '', '750.00', '0.00', '30.00', '0.00', '1.00', '0.00', '0.00', '0.00', '', '0.00', NULL, NULL, 0),
('CHDM', 'DOM PERIGNON', 'CHAMP', 'ML', '', '750.00', '0.00', '30.00', '0.00', '3089.14', '2118.93', '16.00', '0.00', '', '0.00', NULL, NULL, 0),
('CHDR', 'DOM PERIGNON ROSE', 'CHAMP', 'ML', '', '750.00', '0.00', '30.00', '0.00', '700.00', '0.00', '0.00', '0.00', '', '0.00', NULL, NULL, 0),
('CHJB', 'JOUDE BLASON ROSE', 'CHAMP', 'ML', '', '750.00', '0.00', '30.00', '0.00', '1.00', '0.00', '0.00', '0.00', '', '0.00', NULL, NULL, 0),
('CHM1', 'MOET BRUT 1.5 LTS', 'CHAMP', 'ML', '', '1500.00', '0.00', '30.00', '0.00', '1383.34', '1190.68', '0.00', '0.00', '', '0.00', NULL, NULL, 0),
('CHM3', 'MOET CHANDON 3 LTS', 'CHAMP', 'ML', '', '3000.00', '0.00', '30.00', '0.00', '1.00', '0.00', '0.00', '0.00', '', '0.00', NULL, NULL, 0),
('CHM6', 'MOET CHANDON 6 LTS', 'CHAMP', 'ML', '', '6000.00', '0.00', '30.00', '0.00', '1.00', '0.00', '0.00', '0.00', '', '0.00', NULL, NULL, 0),
('CHMC', 'MOET BRUT', 'CHAMP', 'ML', '', '750.00', '0.00', '30.00', '0.00', '830.43', '826.13', '16.00', '0.00', '', '0.00', NULL, NULL, 0),
('CHMI', 'MOET CHANDON ICE', 'CHAMP', 'ML', '', '750.00', '0.00', '30.00', '0.00', '1006.50', '942.14', '16.00', '0.00', '', '0.00', NULL, NULL, 0),
('CHMR', 'MOET ROSE', 'CHAMP', 'ML', '', '750.00', '0.00', '30.00', '0.00', '1003.23', '916.27', '16.00', '0.00', '', '0.00', NULL, NULL, 0),
('CHMU', 'MUMM', 'CHAMP', 'ML', '', '750.00', '0.00', '30.00', '0.00', '535.72', '567.33', '0.00', '0.00', '', '0.00', NULL, NULL, 0),
('CHNE', 'MOET NECTAR', 'CHAMP', 'ML', '', '750.00', '0.00', '30.00', '0.00', '883.66', '808.68', '16.00', '0.00', '', '0.00', NULL, NULL, 0),
('CHNR', 'MOET NECTAR ROSE', 'CHAMP', 'ML', '', '750.00', '0.00', '30.00', '0.00', '897.41', '860.72', '16.00', '0.00', '', '0.00', NULL, NULL, 0),
('CHPB', 'PERRIER G.BRUT 750', 'CHAMP', 'ML', '', '750.00', '0.00', '30.00', '0.00', '566.86', '326.68', '0.00', '0.00', '', '0.00', NULL, NULL, 0),
('CHPJ', 'PERRIER JOUDE 200 ML', 'CHAMP', 'ML', '', '200.00', '0.00', '30.00', '0.00', '171.98', '86.49', '0.00', '0.00', '', '0.00', NULL, NULL, 0),
('CHVC', 'VEUVE CLICQUOT', 'CHAMP', 'ML', '', '750.00', '0.00', '30.00', '0.00', '700.00', '0.00', '0.00', '0.00', '', '0.00', NULL, NULL, 0),
('CHVP', 'VEUVE CLIQUOT PONSARDINI', 'CHAMP', 'ML', '', '750.00', '0.00', '30.00', '0.00', '1.00', '0.00', '0.00', '0.00', '', '0.00', NULL, NULL, 0),
('CI00', 'MARLBORO ROJOS', 'CIGAR', 'PZ', '', '1.00', '0.00', '0.00', '0.00', '1.00', '0.00', '16.00', '0.00', '', '0.00', NULL, NULL, 0),
('CI01', 'MARLBORO BLANCO', 'CIGAR', 'PZ', '', '1.00', '0.00', '0.00', '0.00', '1.00', '0.00', '16.00', '0.00', '', '0.00', NULL, NULL, 0),
('CIMR', 'CIGARRO', 'CIGAR', 'PZ', '', '1.00', '0.00', '30.00', '0.00', '18.76', '18.78', '0.00', '0.00', '', '0.00', NULL, NULL, 0),
('CIRO', 'CINZANO ROJO', 'VINOS', 'ML', '', '750.00', '0.00', '30.00', '0.00', '123.23', '129.67', '16.00', '0.00', '', '0.00', NULL, NULL, 0),
('CLAM', 'CLAMATO 1.89 LT', 'ABBAR', 'ML', '', '1890.00', '22.68', '72.00', '0.00', '23.93', '23.93', '0.00', '0.00', '', '0.00', NULL, NULL, 0),
('COFI', 'COSTO FIJO BUFFETE', 'ABARR', 'PZ', '', '1.00', '0.00', '0.00', '0.00', '45.00', '0.00', '0.00', '0.00', '', '0.00', NULL, NULL, 0),
('COHV', 'HENNESY VS', 'COGNA', 'ML', '', '750.00', '0.00', '6.00', '0.00', '550.95', '275.48', '16.00', '0.00', '', '0.00', NULL, NULL, 0),
('COMV', 'MARTELL V.S.', 'COGNA', 'ML', '', '750.00', '0.00', '6.00', '0.00', '100.00', '0.00', '0.00', '0.00', '', '0.00', NULL, NULL, 0),
('CT3V', 'CAS MADERO 3V', 'VINOS', 'ML', '', '750.00', '-0.51', '0.00', '0.00', '225.00', '0.00', '0.00', '0.00', '', '0.00', NULL, NULL, 0),
('GIB2', 'BEEFFATER 24', 'GINEB', 'ML', '', '750.00', '0.00', '30.00', '0.00', '473.28', '463.65', '16.00', '0.00', '', '0.00', NULL, NULL, 0),
('GIBE', 'BEEFEATER GIN. 750 ML.', 'GINEB', 'ML', '', '750.00', '0.00', '30.00', '0.00', '300.86', '300.86', '16.00', '0.00', '', '0.00', NULL, NULL, 0),
('GIBM', 'BOODLES MULBERRY', 'GINEB', 'ML', '', '750.00', '0.00', '30.00', '0.00', '1.00', '0.00', '0.00', '0.00', '', '0.00', NULL, NULL, 0),
('GIBO', 'BOMBAY SAPPHIRE', 'GINEB', 'ML', '', '750.00', '0.00', '30.00', '0.00', '306.03', '306.04', '16.00', '0.00', '', '0.00', NULL, NULL, 0),
('GIBP', 'BEEFETER PINK', 'GINEB', 'ML', '', '750.00', '0.00', '0.00', '0.00', '1.00', '0.00', '16.00', '0.00', '', '0.00', NULL, NULL, 0),
('GIBT', 'BOTANICA PREMIUM', 'GINEB', 'ML', '', '700.00', '0.00', '30.00', '0.00', '567.24', '545.17', '16.00', '0.00', '', '0.00', NULL, NULL, 0),
('GIBU', 'BULLDOG', 'GINEB', 'ML', '', '750.00', '0.00', '30.00', '0.00', '387.07', '385.13', '16.00', '0.00', '', '0.00', NULL, NULL, 0),
('GICT', 'CITADELLE', 'GINEB', 'ML', '', '750.00', '0.00', '30.00', '0.00', '1.00', '0.00', '16.00', '0.00', '', '0.00', NULL, NULL, 0),
('GIHE', 'HENDRICKS', 'GINEB', 'ML', '', '750.00', '0.00', '30.00', '0.00', '493.97', '493.97', '16.00', '0.00', '', '0.00', NULL, NULL, 0),
('GIL1', 'LONDON # 1', 'GINEB', 'ML', '', '750.00', '0.00', '30.00', '0.00', '542.24', '540.86', '16.00', '0.00', '', '0.00', NULL, NULL, 0),
('GILD', 'LONDON DRY BOODLES', 'GINEB', 'ML', '', '750.00', '0.00', '30.00', '0.00', '325.00', '244.00', '16.00', '0.00', '', '0.00', NULL, NULL, 0),
('GILR', 'LARIOS ROSE', 'GINEB', 'ML', '', '700.00', '0.00', '0.00', '0.00', '249.29', '249.29', '16.00', '0.00', '', '0.00', NULL, NULL, 0),
('GIM7', 'MONKEY 47', 'GINEB', 'ML', '', '500.00', '0.00', '30.00', '0.00', '1181.03', '1045.93', '16.00', '0.00', '', '0.00', NULL, NULL, 0),
('GIMA', 'MARE GIN', 'GINEB', 'ML', '', '700.00', '0.00', '30.00', '0.00', '516.38', '502.78', '16.00', '0.00', '', '0.00', NULL, NULL, 0),
('GIMM', 'MARTIN MILLERS', 'GINEB', 'ML', '', '700.00', '0.00', '30.00', '0.00', '550.86', '275.93', '16.00', '0.00', '', '0.00', NULL, NULL, 0),
('GIMO', 'MOM GINEBRA', 'GINEB', 'ML', '', '700.00', '0.00', '30.00', '0.00', '381.03', '381.03', '16.00', '0.00', '', '0.00', NULL, NULL, 0),
('GION', 'OSO NEGRO GIN', 'GINEB', 'ML', '', '1000.00', '0.00', '30.00', '0.00', '60.00', '57.64', '0.00', '0.00', '', '0.00', NULL, NULL, 0),
('GIPA', 'PRINCIPE DE LOS APOSTOLES', 'GINEB', 'ML', '', '700.00', '0.00', '30.00', '0.00', '1.00', '0.00', '16.00', '0.00', '', '0.00', NULL, NULL, 0),
('GITA', 'TANQUERAY GIN', 'GINEB', 'ML', '', '750.00', '0.00', '30.00', '0.00', '254.31', '254.31', '16.00', '0.00', '', '0.00', NULL, NULL, 0),
('GITS', 'TANQUERAY SEVILLA', 'GINEB', 'ML', '', '750.00', '0.00', '3.00', '0.00', '550.86', '550.86', '16.00', '0.00', '', '0.00', NULL, NULL, 0),
('GITT', 'TANQUERAY TEN', 'GINEB', 'ML', '', '750.00', '0.00', '30.00', '0.00', '465.52', '465.52', '16.00', '0.00', '', '0.00', NULL, NULL, 0),
('HIEL', 'HIELO', 'HIELO', 'PZ', '', '1000.00', '0.00', '30.00', '0.00', '33.50', '33.50', '0.00', '0.00', '', '1.00', NULL, NULL, 1),
('INDI', 'INDIO PREMIER BOT 325 MLS', 'CERVE', 'PP', '', '3900.00', '0.00', '30.00', '0.00', '7.24', '7.39', '0.00', '0.00', '', '0.00', NULL, NULL, 0),
('JAGR', 'JARABE GRANADINA', 'LICOR', 'ML', '', '1000.00', '0.00', '30.00', '0.00', '33.62', '33.62', '16.00', '0.00', '', '0.00', NULL, NULL, 0),
('JANA', 'JARABE NATURAL', 'LICOR', 'ML', '', '1000.00', '0.00', '30.00', '0.00', '33.62', '33.62', '16.00', '0.00', '', '0.00', NULL, NULL, 0),
('JEDS', 'DRY SACK', 'JEREZ', 'ML', '', '750.00', '0.00', '30.00', '0.00', '237.07', '118.54', '0.00', '0.00', '', '0.00', NULL, NULL, 0),
('JELI', 'LA INA 750 ML', 'JEREZ', 'ML', '', '750.00', '0.00', '30.00', '0.00', '194.18', '0.00', '0.00', '0.00', '', '0.00', NULL, NULL, 0),
('JEOP', 'OPORTO FERREIRA', 'JEREZ', 'ML', '', '750.00', '0.00', '30.00', '0.00', '320.00', '160.00', '0.00', '0.00', '', '0.00', NULL, NULL, 0),
('JEOT', 'OPORTO FERREIRA TAWNY', 'JEREZ', 'ML', '', '750.00', '0.00', '30.00', '0.00', '1.00', '0.00', '0.00', '0.00', '', '0.00', NULL, NULL, 0),
('JEPO', 'POCHOLA', 'JEREZ', 'ML', '', '750.00', '0.00', '30.00', '0.00', '83.40', '0.00', '0.00', '0.00', '', '0.00', NULL, NULL, 0),
('JETP', 'TIO PEPE', 'JEREZ', 'ML', '', '750.00', '0.00', '30.00', '0.00', '229.31', '114.66', '16.00', '0.00', '', '0.00', NULL, NULL, 0),
('JUAR', 'JUGO ARANDANO', 'JUGOS', 'ML', '', '1000.00', '0.00', '9.00', '0.00', '1.00', '1.00', '0.00', '0.00', '', '0.00', NULL, NULL, 0),
('JUDU', 'JUGO DURAZNO', 'JUGOS', 'ML', '', '1000.00', '0.00', '3.00', '0.00', '1.00', '1.00', '0.00', '0.00', '', '0.00', NULL, NULL, 0),
('JULN', 'JUGO DE LIMON NATURAL', 'ABARR', 'GR', '', '1000.00', '36.00', '0.00', '0.00', '23.75', '23.75', '0.00', '0.00', '', '12.00', NULL, NULL, 12),
('JUMA', 'JUGO MANGO', 'JUGOS', 'ML', '', '1000.00', '0.00', '3.00', '0.00', '1.00', '1.00', '16.00', '0.00', '', '0.00', NULL, NULL, 0),
('JUMZ', 'JUGO MANZANA', 'JUGOS', 'ML', '', '1000.00', '0.00', '3.00', '0.00', '473.28', '473.28', '16.00', '0.00', '', '0.00', NULL, NULL, 0),
('JUNA', 'JUGO NARANJA', 'JUGOS', 'ML', '', '1000.00', '-0.69', '6.00', '0.00', '1.00', '1.00', '0.00', '0.00', '', '0.00', NULL, NULL, 0),
('JUNL', 'JUGI NATURAL LIMON', 'JUGOS', 'ML', '', '1000.00', '0.00', '3.00', '0.00', '541.00', '541.00', '16.00', '0.00', '', '0.00', NULL, NULL, 0),
('JUNN', 'JUGO NATURAL NARANJA', 'JUGOS', 'ML', '', '1000.00', '24.00', '3.00', '0.00', '21.25', '21.25', '0.00', '0.00', '', '0.00', NULL, NULL, 0),
('JUPI', 'JUGO PIÑA', 'JUGOS', 'ML', '', '1000.00', '0.00', '3.00', '0.00', '1.00', '1.00', '0.00', '0.00', '', '0.00', NULL, NULL, 0),
('JUTO', 'JUGO DE TOMATE', 'JUGOS', 'ML', '', '1000.00', '0.00', '6.00', '0.00', '427.59', '427.59', '16.00', '0.00', '', '0.00', NULL, NULL, 0),
('JUUV', 'JUGO UVA', 'JUGOS', 'ML', '', '1000.00', '-3.00', '3.00', '0.00', '1.00', '1.00', '16.00', '0.00', '', '0.00', NULL, NULL, 0),
('JWPL', 'JW PLATINUM 18', 'WHISK', 'ML', '', '750.00', '0.00', '0.00', '0.00', '1812.93', '1592.67', '16.00', '0.00', '', '0.00', NULL, NULL, 0),
('L001', 'TAPETE MIJITORIO', 'SULI', 'PZ', '', '1.00', '0.00', '0.00', '0.00', '1.00', '0.00', '16.00', '0.00', '', '0.00', NULL, NULL, 0),
('L002', 'BOLSA NEGRA 90X1.20', 'SULI', 'KG', '', '1.00', '0.00', '0.00', '0.00', '1.00', '0.00', '16.00', '0.00', '', '0.00', NULL, NULL, 0),
('L003', 'BOLS ANEGRA 60X90', 'SULI', 'KGP', '', '1.00', '0.00', '0.00', '0.00', '1.00', '0.00', '16.00', '0.00', '', '0.00', NULL, NULL, 0),
('L004', 'ALCOHOL SOLIDO', 'SURES', 'PZ', '', '1.00', '72.00', '0.00', '0.00', '12.46', '12.46', '0.00', '0.00', '', '0.00', NULL, NULL, 0),
('L005', 'PAPEL ALUMINO', 'SURES', 'PZ', '', '1.00', '3.00', '0.00', '0.00', '235.48', '235.48', '0.00', '0.00', '', '0.00', NULL, NULL, 0),
('L006', 'VITAFILM', 'SURES', 'PZ', '', '1.00', '12.00', '0.00', '0.00', '144.42', '144.42', '0.00', '0.00', '', '0.00', NULL, NULL, 0),
('L007', 'AGITADORES (100 PZ)', 'SURES', 'PZ', '', '100.00', '15.00', '0.00', '0.00', '38.00', '38.00', '16.00', '0.00', '', '0.00', NULL, NULL, 0),
('L008', 'PINGUINOS MARINELA', 'SURES', 'PZ', '', '1.00', '57.00', '0.00', '0.00', '3.58', '3.58', '0.00', '0.00', '', '0.00', NULL, NULL, 0),
('L009', 'DETERGENTE LIQUIDO', 'SULI', 'PZ', '', '1.00', '0.00', '0.00', '0.00', '1.00', '0.00', '0.00', '0.00', '', '0.00', NULL, NULL, 0),
('L010', 'CLORO', 'SULI', 'ML', '', '1000.00', '36.00', '0.00', '0.00', '7.75', '7.75', '0.00', '0.00', '', '0.00', NULL, NULL, 0),
('L011', 'DETERGENTE ROMA', 'SULI', 'GR', '', '1000.00', '0.00', '0.00', '0.00', '1.00', '0.00', '0.00', '0.00', '', '0.00', NULL, NULL, 0),
('L012', 'FIBRA ACERO', 'SULI', 'PZ', '', '1.00', '0.00', '0.00', '0.00', '1.00', '0.00', '0.00', '0.00', '', '0.00', NULL, NULL, 0),
('L013', 'PASTILLA BANO', 'SULI', 'PZ', '', '1.00', '0.00', '0.00', '0.00', '1.00', '0.00', '0.00', '0.00', '', '0.00', NULL, NULL, 0),
('L014', 'MECHUDO', 'SULI', 'PZ', '', '1.00', '0.00', '0.00', '0.00', '1.00', '0.00', '0.00', '0.00', '', '0.00', NULL, NULL, 0),
('L015', 'ESCOBA', 'SULI', 'PZ', '', '1.00', '0.00', '0.00', '0.00', '1.00', '0.00', '0.00', '0.00', '', '0.00', NULL, NULL, 0),
('L018', 'AJAX BICARBONATO', 'SULI', 'MLP', '', '1890.00', '0.00', '0.00', '0.00', '1.00', '0.00', '0.00', '0.00', '', '0.00', NULL, NULL, 0),
('LI43', 'LICOR 43', 'LICOR', 'ML', '', '750.00', '0.00', '30.00', '0.00', '325.86', '325.86', '16.00', '0.00', '', '0.00', NULL, NULL, 0),
('LI4O', 'LICOR 43 OROCHATA', 'LICOR', 'ML', '', '750.00', '0.00', '30.00', '0.00', '316.94', '242.13', '16.00', '0.00', '', '0.00', NULL, NULL, 0),
('LIAA', 'AMARGO ANGOSTURA 1L', 'LICOR', 'ML', '', '1000.00', '0.00', '30.00', '0.00', '23.70', '0.00', '0.00', '0.00', '', '0.00', NULL, NULL, 0),
('LIAB', 'ABSINTH', 'LICOR', 'ML', '', '750.00', '0.00', '30.00', '0.00', '512.07', '256.04', '16.00', '0.00', '', '0.00', NULL, NULL, 0),
('LIAC', 'LAS CADENAS 1L', 'LICOR', 'ML', '', '1000.00', '0.00', '30.00', '0.00', '275.86', '200.40', '16.00', '0.00', '', '0.00', NULL, NULL, 0),
('LIAD', 'AMARETTO DISARONO 700 ML', 'LICOR', 'ML', '', '700.00', '0.00', '30.00', '0.00', '287.93', '266.39', '16.00', '0.00', '', '0.00', NULL, NULL, 0),
('LIAM', 'DEL MONO DULCE 750 ML', 'LICOR', 'ML', '', '750.00', '0.00', '30.00', '0.00', '206.38', '103.19', '16.00', '0.00', '', '0.00', NULL, NULL, 0),
('LIAN', 'AMARETTO CONTI 750 ML', 'LICOR', 'ML', '', '750.00', '0.00', '30.00', '0.00', '144.83', '137.77', '16.00', '0.00', '', '0.00', NULL, NULL, 0),
('LIAP', 'PERNOD 700 ML.', 'LICOR', 'ML', '', '700.00', '0.00', '30.00', '0.00', '163.63', '0.00', '0.00', '0.00', '', '0.00', NULL, NULL, 0),
('LIAR', 'AMARULA', 'LICOR', 'ML', '', '750.00', '0.00', '30.00', '0.00', '189.98', '94.99', '16.00', '0.00', '', '0.00', NULL, NULL, 0),
('LIAS', 'DEL MONO SECO  750 ML', 'LICOR', 'ML', '', '750.00', '0.00', '30.00', '0.00', '186.20', '93.10', '16.00', '0.00', '', '0.00', NULL, NULL, 0),
('LIAU', 'COINTREAU 750 ML', 'LICOR', 'ML', '', '700.00', '0.00', '30.00', '0.00', '369.83', '184.92', '16.00', '0.00', '', '0.00', NULL, NULL, 0),
('LIAZ', 'LICOR AZUL CURACAO 7', 'LICOR', 'ML', '', '750.00', '0.00', '30.00', '0.00', '95.97', '94.11', '0.00', '0.00', '', '0.00', NULL, NULL, 0),
('LIBA', 'BAILEYS', 'LICOR', 'ML', '', '750.00', '0.00', '30.00', '0.00', '206.90', '206.91', '16.00', '0.00', '', '0.00', NULL, NULL, 0),
('LIBD', 'VERM.CINZANO BCO EXSE', 'LICOR', 'ML', '', '750.00', '0.00', '30.00', '0.00', '123.23', '61.62', '16.00', '0.00', '', '0.00', NULL, NULL, 0),
('LIBE', 'BENEDICTINE', 'LICOR', 'ML', '', '750.00', '0.00', '30.00', '0.00', '302.61', '0.00', '0.00', '0.00', '', '0.00', NULL, NULL, 0),
('LIBL', 'BAILEYS CARAMELO 750 ML.', 'LICOR', 'ML', '', '750.00', '0.00', '30.00', '0.00', '284.18', '142.09', '16.00', '0.00', '', '0.00', NULL, NULL, 0),
('LICA', 'CAROLANS', 'LICOR', 'ML', '', '750.00', '0.00', '30.00', '0.00', '1.00', '0.00', '16.00', '0.00', '', '0.00', NULL, NULL, 0),
('LICB', 'CACAO BLANCO', 'LICOR', 'ML', '', '750.00', '0.00', '30.00', '0.00', '95.97', '47.99', '16.00', '0.00', '', '0.00', NULL, NULL, 0),
('LICC', 'CHBACANO LICOR', 'LICOR', 'ML', '', '750.00', '0.00', '30.00', '0.00', '1.00', '0.00', '0.00', '0.00', '', '0.00', NULL, NULL, 0),
('LICE', 'LICOR FRESA FLAMINGO', 'LICOR', 'ML', '', '750.00', '0.00', '30.00', '0.00', '43.00', '0.00', '0.00', '0.00', '', '0.00', NULL, NULL, 0),
('LICH', 'CHAMBOARD', 'LICOR', 'ML', '', '750.00', '0.00', '30.00', '0.00', '1.00', '0.00', '0.00', '0.00', '', '0.00', NULL, NULL, 0),
('LICI', 'LICOR CIRUELA JAPONESA', 'LICOR', 'ML', '', '750.00', '0.00', '30.00', '0.00', '1.00', '0.00', '0.00', '0.00', '', '0.00', NULL, NULL, 0),
('LICL', 'CINZANO BCO DULCE', 'LICOR', 'ML', '', '750.00', '0.00', '30.00', '0.00', '123.23', '117.70', '0.00', '0.00', '', '0.00', NULL, NULL, 0),
('LICM', 'CAMPARI BITTER', 'LICOR', 'ML', '', '750.00', '0.00', '30.00', '0.00', '211.91', '185.43', '16.00', '0.00', '', '0.00', NULL, NULL, 0),
('LICN', 'CONTROY', 'LICOR', 'ML', '', '1000.00', '0.00', '30.00', '0.00', '113.79', '113.79', '16.00', '0.00', '', '0.00', NULL, NULL, 0),
('LICO', 'CACAO OBSCUR0', 'LICOR', 'ML', '', '750.00', '0.00', '30.00', '0.00', '66.09', '66.23', '0.00', '0.00', '', '0.00', NULL, NULL, 0),
('LICR', 'CHARTREUSE AMARILLO', 'LICOR', 'ML', '', '700.00', '0.00', '30.00', '0.00', '560.68', '280.34', '16.00', '0.00', '', '0.00', NULL, NULL, 0),
('LICS', 'CASIS SISCA', 'LICOR', 'ML', '', '750.00', '0.00', '30.00', '0.00', '358.71', '179.36', '16.00', '0.00', '', '0.00', NULL, NULL, 0),
('LICU', 'CURACAO', 'LICOR', 'ML', '', '750.00', '0.00', '30.00', '0.00', '102.59', '51.30', '16.00', '0.00', '', '0.00', NULL, NULL, 0),
('LICV', 'CHARTREUSE VERDE', 'LICOR', 'ML', '', '700.00', '0.00', '30.00', '0.00', '629.31', '561.81', '16.00', '0.00', '', '0.00', NULL, NULL, 0),
('LIDC', 'CHINCHON DULCE', 'LICOR', 'ML', '', '1000.00', '0.00', '30.00', '0.00', '184.48', '183.89', '16.00', '0.00', '', '0.00', NULL, NULL, 0),
('LIDD', 'DULCE DOMECQ', 'LICOR', 'ML', '', '750.00', '0.00', '30.00', '0.00', '155.00', '139.18', '0.00', '0.00', '', '0.00', NULL, NULL, 0),
('LIDP', 'KALHUA LICOR DE CAFE', 'LICOR', 'ML', '', '1000.00', '0.00', '30.00', '0.00', '118.97', '110.66', '16.00', '0.00', '', '0.00', NULL, NULL, 0),
('LIDR', 'DRAMBUIE', 'LICOR', 'ML', '', '750.00', '0.00', '30.00', '0.00', '399.57', '199.79', '16.00', '0.00', '', '0.00', NULL, NULL, 0),
('LIDS', 'CHINCHON SEMIDULCE', 'LICOR', 'ML', '', '1000.00', '0.00', '30.00', '0.00', '184.48', '199.24', '16.00', '0.00', '', '0.00', NULL, NULL, 0),
('LIDU', 'DUBONET', 'LICOR', 'ML', '', '750.00', '0.00', '30.00', '0.00', '234.61', '117.31', '16.00', '0.00', '', '0.00', NULL, NULL, 0),
('LIDZ', 'LICOR DE DURAZNO/MELOCOTO', 'LICOR', 'ML', '', '750.00', '0.00', '30.00', '0.00', '89.66', '44.83', '16.00', '0.00', '', '0.00', NULL, NULL, 0),
('LIFD', 'LICOR DE FRUTAS DEKUYPER', 'LICOR', 'ML', '', '750.00', '0.00', '30.00', '0.00', '86.09', '88.70', '0.00', '0.00', '', '0.00', NULL, NULL, 0),
('LIFE', 'FERNET', 'LICOR', 'ML', '', '750.00', '0.00', '30.00', '0.00', '124.14', '116.06', '16.00', '0.00', '', '0.00', NULL, NULL, 0),
('LIFF', 'FRESA LICOR', 'LICOR', 'ML', '', '750.00', '0.00', '30.00', '0.00', '1.00', '0.00', '16.00', '0.00', '', '0.00', NULL, NULL, 0),
('LIFR', 'FRANGELICO', 'LICOR', 'ML', '', '700.00', '0.00', '30.00', '0.00', '254.31', '251.73', '16.00', '0.00', '', '0.00', NULL, NULL, 0),
('LIGA', 'GALLIANO', 'LICOR', 'ML', '', '500.00', '0.00', '30.00', '0.00', '192.45', '96.23', '16.00', '0.00', '', '0.00', NULL, NULL, 0),
('LIGN}', 'GRANADA PAMA', 'LICOR', 'ML', '', '750.00', '0.00', '3.00', '0.00', '341.30', '341.30', '0.00', '0.00', '', '0.00', NULL, NULL, 0),
('LIGR', 'GRAND MARNIER IMP.', 'LICOR', 'ML', '', '700.00', '0.00', '30.00', '0.00', '486.21', '243.11', '16.00', '0.00', '', '0.00', NULL, NULL, 0),
('LIHA', 'HPNOTIC HARMONIE', 'LICOR', 'ML', '', '750.00', '0.00', '30.00', '0.00', '341.30', '256.23', '0.00', '0.00', '', '0.00', NULL, NULL, 0),
('LIHP', 'HPNOTIQ', 'LICOR', 'ML', '', '750.00', '0.00', '30.00', '0.00', '421.41', '421.38', '16.00', '0.00', '', '0.00', NULL, NULL, 0),
('LIHU', 'HURACAN', 'LICOR', 'ML', '', '750.00', '0.00', '30.00', '0.00', '1.00', '0.00', '0.00', '0.00', '', '0.00', NULL, NULL, 0),
('LIII', 'AMOR LICOR', 'LICOR', 'ML', '', '750.00', '0.00', '30.00', '0.00', '1.00', '0.00', '0.00', '0.00', '', '0.00', NULL, NULL, 0),
('LIJA', 'JAGERMEISTER', 'LICOR', 'ML', '', '750.00', '0.00', '30.00', '0.00', '254.31', '254.31', '16.00', '0.00', '', '0.00', NULL, NULL, 0),
('LILI', 'LICOR LIMONCELLO', 'LICOR', 'ML', '', '750.00', '0.00', '30.00', '0.00', '1.00', '0.00', '0.00', '0.00', '', '0.00', NULL, NULL, 0),
('LIMB', 'MENTA BLANCA', 'LICOR', 'ML', '', '750.00', '0.00', '30.00', '0.00', '50.00', '0.00', '0.00', '0.00', '', '0.00', NULL, NULL, 0),
('LIMD', 'MARTINI BCO DULCE', 'LICOR', 'ML', '', '750.00', '0.00', '30.00', '0.00', '141.38', '108.18', '16.00', '0.00', '', '0.00', NULL, NULL, 0),
('LIME', 'LICOR DE MELON', 'LICOR', 'ML', '', '750.00', '0.00', '30.00', '0.00', '267.24', '197.35', '16.00', '0.00', '', '0.00', NULL, NULL, 0),
('LIMM', 'MELON MIDORI', 'LICOR', 'ML', '', '750.00', '0.00', '30.00', '0.00', '30.00', '36.58', '0.00', '0.00', '', '0.00', NULL, NULL, 0),
('LIMN', 'MANDARINE NAPOLEON', 'LICOR', 'ML', '', '750.00', '0.00', '30.00', '0.00', '423.37', '211.69', '16.00', '0.00', '', '0.00', NULL, NULL, 0),
('LIMR', 'MARTINI ROJO', 'LICOR', 'ML', '', '750.00', '0.00', '30.00', '0.00', '155.09', '77.55', '16.00', '0.00', '', '0.00', NULL, NULL, 0),
('LIMS', 'MARTINI BCO SECO', 'LICOR', 'ML', '', '750.00', '0.00', '30.00', '0.00', '155.09', '116.32', '16.00', '0.00', '', '0.00', NULL, NULL, 0),
('LIMV', 'MENTA VERDE', 'LICOR', 'ML', '', '750.00', '0.00', '30.00', '0.00', '70.00', '70.05', '16.00', '0.00', '', '0.00', NULL, NULL, 0),
('LIMZ', 'LICOR DE MANZANA DEKUYPER', 'LICOR', 'ML', '', '750.00', '0.00', '30.00', '0.00', '113.79', '56.90', '16.00', '0.00', '', '0.00', NULL, NULL, 0),
('LINU', 'NUVO', 'LICOR', 'ML', '', '750.00', '0.00', '30.00', '0.00', '1.00', '0.00', '0.00', '0.00', '', '0.00', NULL, NULL, 0),
('LIOR', 'LICOR ORUJO', 'LICOR', 'ML', '', '750.00', '0.00', '30.00', '0.00', '1.00', '0.00', '0.00', '0.00', '', '0.00', NULL, NULL, 0),
('LIPA', 'LICOR PASSOA', 'LICOR', 'ML', '', '750.00', '0.00', '30.00', '0.00', '40.00', '0.00', '0.00', '0.00', '', '0.00', NULL, NULL, 0),
('LIPL', 'LICOR DE PLATANO 750', 'LICOR', 'ML', '', '750.00', '0.00', '30.00', '0.00', '95.97', '95.92', '0.00', '0.00', '', '0.00', NULL, NULL, 0),
('LIPX', 'PACHARA BASARANA', 'LICOR', 'ML', '', '750.00', '0.00', '30.00', '0.00', '240.78', '120.39', '16.00', '0.00', '', '0.00', NULL, NULL, 0),
('LIRB', 'ROMANA SAMBUCA BIANCO', 'LICOR', 'ML', '', '700.00', '0.00', '30.00', '0.00', '1.00', '0.00', '16.00', '0.00', '', '0.00', NULL, NULL, 0),
('LIRD', 'LICOR CINZANO ROJO D', 'LICOR', 'ML', '', '750.00', '0.00', '30.00', '0.00', '102.61', '107.31', '0.00', '0.00', '', '0.00', NULL, NULL, 0),
('LIRI', 'RICHARDS LICOR', 'LICOR', 'ML', '', '750.00', '0.00', '30.00', '0.00', '100.00', '0.00', '0.00', '0.00', '', '0.00', NULL, NULL, 0),
('LIRN', 'ROMANA SAMBUCA NERO', 'LICOR', 'ML', '', '700.00', '0.00', '30.00', '0.00', '1.00', '0.00', '16.00', '0.00', '', '0.00', NULL, NULL, 0),
('LIRO', 'ROMPOPE', 'LICOR', 'ML', '', '900.00', '0.00', '30.00', '0.00', '93.30', '90.66', '0.00', '0.00', '', '0.00', NULL, NULL, 0),
('LISA', 'LICOR DE SANDIA DEKUYPER', 'LICOR', 'ML', '', '750.00', '0.00', '30.00', '0.00', '104.69', '104.65', '0.00', '0.00', '', '0.00', NULL, NULL, 0),
('LISC', 'CHINCHON SECO', 'LICOR', 'ML', '', '1000.00', '0.00', '30.00', '0.00', '184.48', '131.68', '16.00', '0.00', '', '0.00', NULL, NULL, 0),
('LISD', 'SECO DOMECQ', 'LICOR', 'ML', '', '750.00', '0.00', '30.00', '0.00', '60.00', '59.03', '0.00', '0.00', '', '0.00', NULL, NULL, 0),
('LISG', 'SAMBUCA BCO', 'LICOR', 'ML', '', '700.00', '0.00', '30.00', '0.00', '211.04', '156.45', '16.00', '0.00', '', '0.00', NULL, NULL, 0),
('LISN', 'SAMBUCA NEGRO', 'LICOR', 'ML', '', '700.00', '0.00', '30.00', '0.00', '228.45', '228.45', '16.00', '0.00', '', '0.00', NULL, NULL, 0),
('LISO', 'CITRIC SOUTH COMFOR', 'LICOR', 'ML', '', '750.00', '0.00', '30.00', '0.00', '1.00', '0.00', '0.00', '0.00', '', '0.00', NULL, NULL, 0),
('LIST', 'STREGA', 'LICOR', 'ML', '', '750.00', '0.00', '30.00', '0.00', '534.78', '466.36', '16.00', '0.00', '', '0.00', NULL, NULL, 0),
('LIVR', 'VERMOUNT', 'LICOR', 'ML', '', '750.00', '0.00', '30.00', '0.00', '113.79', '113.92', '16.00', '0.00', '', '0.00', NULL, NULL, 0),
('LIVX', 'CINZANO  EXTRA SECO', 'LICOR', 'ML', '', '750.00', '0.00', '3.00', '0.00', '534.78', '534.78', '16.00', '0.00', '', '0.00', NULL, NULL, 0),
('LSR1', 'ANEXO MOLE POBLANO', 'PRODU', '', '', '1.00', '0.00', '0.00', '0.00', '37.11', '37.11', '0.00', '0.00', '', '0.00', NULL, NULL, 0),
('LSR2', 'ANEXO PIPIAN VERDE', 'PRODU', '', '', '1.00', '0.00', '0.00', '0.00', '27.08', '27.08', '0.00', '0.00', '', '0.00', NULL, NULL, 0),
('MALM', 'ALMEJAS', 'MARIS', 'GR', '', '1000.00', '0.00', '0.00', '0.00', '1.00', '0.00', '0.00', '0.00', '', '0.00', NULL, NULL, 0),
('MARV', 'MARTELL VSOP', 'COGNA', 'ML', '', '1.00', '0.00', '12.00', '0.00', '564.66', '564.66', '16.00', '0.00', '', '0.00', NULL, NULL, 0),
('ME4C', '400 CONEJOS ESPADIN BCO', 'MEZCA', 'ML', '', '750.00', '0.00', '30.00', '0.00', '354.61', '354.61', '16.00', '0.00', '', '0.00', NULL, NULL, 0),
('ME4R', '400 CONEJOS REPOSADO', 'MEZCA', 'ML', '', '750.00', '0.00', '30.00', '0.00', '442.24', '442.24', '16.00', '0.00', '', '0.00', NULL, NULL, 0),
('ME7D', 'SIETE MISTERIOS DOBA', 'MEZCA', 'ML', '', '750.00', '0.00', '30.00', '0.00', '1.00', '0.00', '16.00', '0.00', '', '0.00', NULL, NULL, 0),
('ME7E', 'SIETE MISTERIOS ESPADIN', 'MEZCA', 'ML', '', '750.00', '0.00', '30.00', '0.00', '1.00', '0.00', '16.00', '0.00', '', '0.00', NULL, NULL, 0),
('MEAA', 'ALIPUS SN ANDRES', 'MEZCA', 'ML', '', '750.00', '0.00', '30.00', '0.00', '499.57', '250.29', '16.00', '0.00', '', '0.00', NULL, NULL, 0),
('MEAC', 'AMORES CUPRETA JOVEN', 'MEZCA', 'ML', '', '750.00', '0.00', '6.00', '0.00', '418.10', '418.10', '16.00', '0.00', '', '0.00', NULL, NULL, 0),
('MEAE', 'AMORES ESPADIN JOVEN', 'MEZCA', 'ML', '', '750.00', '3.00', '6.00', '0.00', '422.40', '422.40', '16.00', '0.00', '', '0.00', NULL, NULL, 0),
('MEAJ', 'ALIPUS SN JUAN DEL RIO', 'MEZCA', 'ML', '', '750.00', '0.00', '30.00', '0.00', '418.10', '313.83', '16.00', '0.00', '', '0.00', NULL, NULL, 0),
('MEAL', 'ALACRAN', 'MEZCA', 'ML', '', '750.00', '0.00', '30.00', '0.00', '1.00', '0.00', '16.00', '0.00', '', '0.00', NULL, NULL, 0),
('MEAR', 'ALIPUS STANA RIO JOVEN', 'MEZCA', 'ML', '', '750.00', '0.00', '30.00', '0.00', '498.75', '407.04', '16.00', '0.00', '', '0.00', NULL, NULL, 0),
('MEAS', 'ALIPUS SAN BALTAZAR', 'MEZCA', 'ML', '', '750.00', '0.00', '30.00', '0.00', '499.57', '250.29', '16.00', '0.00', '', '0.00', NULL, NULL, 0),
('MEBE', 'BRUXO ESPADIN JOVEN', 'MEZCA', 'ML', '', '750.00', '0.00', '30.00', '0.00', '326.72', '305.06', '16.00', '0.00', '', '0.00', NULL, NULL, 0),
('MEBM', 'BRUXO ENSAMBLE', 'MEZCA', 'ML', '', '750.00', '0.00', '30.00', '0.00', '634.48', '557.01', '16.00', '0.00', '', '0.00', NULL, NULL, 0),
('MEBP', 'BRUXO PECHUGA', 'MEZCA', 'ML', '', '750.00', '0.00', '30.00', '0.00', '404.31', '403.93', '16.00', '0.00', '', '0.00', NULL, NULL, 0),
('MEC%', 'CONVITE ENS.5 GAVES', 'MEZCA', 'ML', '', '700.00', '0.00', '30.00', '0.00', '950.00', '0.00', '16.00', '0.00', '', '0.00', NULL, NULL, 0),
('MECE', 'CONVITE ENS.ESAPDIN', 'MEZCA', 'ML', '', '700.00', '0.00', '30.00', '0.00', '492.20', '516.60', '16.00', '0.00', '', '0.00', NULL, NULL, 0),
('MECR', 'CREYENTE MEZCAL', 'MEZCA', 'ML', '', '700.00', '0.00', '30.00', '0.00', '498.28', '249.64', '16.00', '0.00', '', '0.00', NULL, NULL, 0),
('MECT', 'CONVITE TOBALA', 'MEZCA', 'ML', '', '700.00', '0.00', '30.00', '0.00', '875.00', '875.00', '0.00', '0.00', '', '0.00', NULL, NULL, 0),
('MEDA', 'DANZANTES A¥EJO', 'MEZCA', 'ML', '', '750.00', '0.00', '30.00', '0.00', '1040.69', '933.18', '16.00', '0.00', '', '0.00', NULL, NULL, 0),
('MEDB', 'DANZANTES JOVEN', 'MEZCA', 'ML', '', '750.00', '0.00', '30.00', '0.00', '593.97', '589.49', '16.00', '0.00', '', '0.00', NULL, NULL, 0),
('MEDR', 'DANZANTES REPOSADO', 'MEZCA', 'ML', '', '750.00', '0.00', '30.00', '0.00', '775.86', '743.69', '16.00', '0.00', '', '0.00', NULL, NULL, 0),
('MEEJ', 'ESPIRITU LAU.JOVEN', 'MEZCA', 'ML', '', '750.00', '0.00', '30.00', '0.00', '427.59', '214.30', '16.00', '0.00', '', '0.00', NULL, NULL, 0),
('MEEM', 'VONVITE ENS.EPADIN MADRE', 'MEZCA', 'ML', '', '750.00', '0.00', '30.00', '0.00', '541.00', '0.00', '16.00', '0.00', '', '0.00', NULL, NULL, 0),
('MEEP', 'ESPIRITU LAU.REP', 'MEZCA', 'ML', '', '750.00', '0.00', '30.00', '0.00', '541.38', '271.19', '16.00', '0.00', '', '0.00', NULL, NULL, 0),
('MEER', 'AMORES ESPADIN REP', 'MEZCA', 'ML', '', '750.00', '0.00', '30.00', '0.00', '473.28', '473.29', '16.00', '0.00', '', '0.00', NULL, NULL, 0),
('MEGA', 'GARRAFAS MEZCAL', 'MEZCA', 'ML', '', '750.00', '0.00', '30.00', '0.00', '1.00', '0.00', '16.00', '0.00', '', '0.00', NULL, NULL, 0),
('MEI5', 'IBA 55 MEZCAL', 'MEZCA', 'ML', '', '750.00', '0.00', '30.00', '0.00', '1.00', '0.00', '0.00', '0.00', '', '0.00', NULL, NULL, 0),
('MEIB', 'IBA MEZCAL', 'MEZCA', 'ML', '', '750.00', '0.00', '30.00', '0.00', '1.00', '0.00', '0.00', '0.00', '', '0.00', NULL, NULL, 0),
('MEJB', 'JARAL DE BERRIO BCO', 'MEZCA', 'ML', '', '750.00', '0.00', '30.00', '0.00', '1.00', '0.00', '0.00', '0.00', '', '0.00', NULL, NULL, 0),
('MEMA', 'MONO AZUL', 'MEZCA', 'ML', '', '750.00', '0.00', '3.00', '0.00', '297.42', '297.42', '16.00', '0.00', '', '0.00', NULL, NULL, 0),
('MEMM', 'MEXCALITO MARACUYA', 'MEZCA', 'ML', '', '750.00', '0.00', '30.00', '0.00', '297.42', '149.21', '16.00', '0.00', '', '0.00', NULL, NULL, 0),
('MEOX', 'OAXACA MEZCAL', 'MEZCA', 'ML', '', '750.00', '0.00', '30.00', '0.00', '1.00', '0.00', '0.00', '0.00', '', '0.00', NULL, NULL, 0),
('MEPD', 'PAL DOLOR', 'MEZCA', 'ML', '', '750.00', '0.00', '30.00', '0.00', '1.00', '0.00', '16.00', '0.00', '', '0.00', NULL, NULL, 0),
('MEPM', 'PELOTON DE LA MUERTE', 'MEZCA', 'ML', '', '700.00', '0.00', '30.00', '0.00', '276.81', '207.86', '16.00', '0.00', '', '0.00', NULL, NULL, 0),
('MEQU', 'QUETZAL ARROQUEÑO ESPADIN', 'MEZCA', 'ML', '', '750.00', '0.00', '3.00', '0.00', '593.97', '593.97', '16.00', '0.00', '', '0.00', NULL, NULL, 0),
('METO', 'TOBALA MEZCAL', 'MEZCA', 'ML', '', '750.00', '0.00', '30.00', '0.00', '1.00', '0.00', '0.00', '0.00', '', '0.00', NULL, NULL, 0),
('MEUJ', 'UNION JOVEN', 'MEZCA', 'ML', '', '700.00', '0.00', '3.00', '0.00', '1.00', '1.00', '16.00', '0.00', '', '0.00', NULL, NULL, 0),
('MEUN', 'UNION JOVEN', 'MEZCA', 'ML', '', '700.00', '0.00', '30.00', '0.00', '302.20', '298.72', '16.00', '0.00', '', '0.00', NULL, NULL, 0),
('MEUV', 'UNION VIEJO', 'MEZCA', 'ML', '', '750.00', '0.00', '30.00', '0.00', '510.34', '445.26', '16.00', '0.00', '', '0.00', NULL, NULL, 0),
('MEVM', 'VERDE MOMENTO', 'MEZCA', 'ML', '', '700.00', '3.00', '0.00', '0.00', '249.99', '249.99', '16.00', '0.00', '', '0.00', NULL, NULL, 0),
('MEZS', 'ZIGNUM SILVER', 'MEZCA', 'ML', '', '750.00', '0.00', '30.00', '0.00', '214.66', '214.66', '16.00', '0.00', '', '0.00', NULL, NULL, 0),
('MOST', 'OSTIONES', 'MARIS', 'GR', '', '1000.00', '0.00', '0.00', '0.00', '1.00', '0.00', '0.00', '0.00', '', '0.00', NULL, NULL, 0),
('MXC!', 'MEXCALITO MINI COCO', 'MEZCA', 'ML', '', '124.00', '0.00', '30.00', '0.00', '60.35', '0.00', '0.00', '0.00', '', '0.00', NULL, NULL, 0),
('MXME', 'MEXCALITO ESPADIN', 'MEZCA', 'ML', '', '750.00', '0.00', '30.00', '0.00', '297.42', '0.00', '0.00', '0.00', '', '0.00', NULL, NULL, 0),
('MXMG', 'MEXCALITO GUAYABA', 'MEZCA', 'ML', '', '750.00', '0.00', '30.00', '0.00', '297.42', '0.00', '0.00', '0.00', '', '0.00', NULL, NULL, 0),
('MZM3', 'MEXCALITO MINI TAMARINDO', 'MEZCA', 'ML', '', '124.00', '0.00', '30.00', '0.00', '60.35', '0.00', '0.00', '0.00', '', '0.00', NULL, NULL, 0),
('MZM4', 'MEXCALITO MINI GUAYABA', 'MEZCA', 'ML', '', '124.00', '0.00', '30.00', '0.00', '60.35', '0.00', '0.00', '0.00', '', '0.00', NULL, NULL, 0),
('MZM5', 'MEXCALITO MINI ESPADIN', 'MEZCA', 'ML', '', '124.00', '0.00', '30.00', '0.00', '60.35', '0.00', '0.00', '0.00', '', '0.00', NULL, NULL, 0),
('MZM@', 'MEXCALITO MINI MARACUTYA', 'MEZCA', 'ML', '', '124.00', '0.00', '30.00', '0.00', '60.35', '0.00', '0.00', '0.00', '', '0.00', NULL, NULL, 0),
('MZMC', 'MEXCALITO COCO', 'MEZCA', 'ML', '', '750.00', '0.00', '30.00', '0.00', '297.42', '0.00', '0.00', '0.00', '', '0.00', NULL, NULL, 0),
('MZMT', 'MEXCALITO TAMARINDO', 'MEZCA', 'ML', '', '750.00', '0.00', '30.00', '0.00', '297.42', '297.42', '16.00', '0.00', '', '0.00', NULL, NULL, 0),
('O282', 'ARROZ TSURIMI', 'ABARR', 'GR', '', '22400.00', '0.00', '0.00', '0.00', '26.59', '26.59', '0.00', '0.00', '', '22.00', NULL, NULL, 22),
('PULQ', 'PULQUE', 'TEQUI', 'ML', '', '1000.00', '0.00', '30.00', '0.00', '35.00', '36.14', '0.00', '0.00', '', '0.00', NULL, NULL, 0),
('RBPR', 'RED BUL PROMO', 'REFRE', 'PZ', '', '1.00', '0.00', '30.00', '0.00', '1.00', '0.00', '0.00', '0.00', '', '0.00', NULL, NULL, 0),
('REDB', 'RED BULL', 'REFRE', 'PZ', '', '1.00', '60.00', '288.00', '0.00', '18.97', '18.97', '16.00', '0.00', '', '0.00', NULL, NULL, 0),
('REDI', 'COCA LIGTH', 'REFRE', 'ML', '', '355.00', '0.00', '30.00', '0.00', '6.90', '3.45', '16.00', '0.00', '', '0.00', NULL, NULL, 0),
('RESF', 'RED BULL SUGAR FREE', 'REFRE', 'ML', '', '355.00', '0.00', '30.00', '0.00', '1.00', '0.00', '0.00', '0.00', '', '0.00', NULL, NULL, 0),
('RFCO', 'REFIL COCACOLA', 'REFRE', 'PZ', '', '1.00', '27.00', '36.00', '0.00', '20.84', '20.84', '16.00', '0.00', 'RF', '0.00', NULL, NULL, 0),
('RFMA', 'REFIL MANZANA', 'REFRE', 'PZ', '', '1.00', '0.00', '36.00', '0.00', '510.34', '510.34', '16.00', '0.00', '', '0.00', NULL, NULL, 0),
('RO10', 'BACARDI 101  700 ML', 'RONNN', 'ML', '', '700.00', '0.00', '0.00', '0.00', '99.13', '100.09', '0.00', '0.00', '', '0.00', NULL, NULL, 0),
('ROA1', 'APPLETON STATE 12', 'RONNN', 'ML', '', '750.00', '0.00', '6.00', '0.00', '387.93', '387.88', '16.00', '0.00', '', '0.00', NULL, NULL, 0),
('ROAB', 'APPLETON BCO 750 ML', 'RONNN', 'ML', '', '750.00', '0.00', '0.00', '0.00', '86.21', '86.19', '16.00', '0.00', '', '0.00', NULL, NULL, 0),
('ROAO', 'APPLETON ESPECIAL', 'RONNN', 'ML', '', '750.00', '0.00', '6.00', '0.00', '94.83', '94.83', '16.00', '0.00', '', '0.00', NULL, NULL, 0),
('ROAP', 'APPLETON STATE V/X 750 ML', 'RONNN', 'ML', '', '750.00', '0.00', '12.00', '0.00', '165.52', '165.52', '16.00', '0.00', '', '0.00', NULL, NULL, 0),
('ROAR', 'APPLETON ESTATE RES.BLEND', 'RONNN', 'ML', '', '1.00', '0.00', '6.00', '0.00', '1.00', '1.00', '0.00', '0.00', '', '0.00', NULL, NULL, 0),
('ROB2', 'BOTRAN 12', 'RONNN', 'ML', '', '750.00', '0.00', '6.00', '0.00', '288.79', '288.80', '16.00', '0.00', '', '0.00', NULL, NULL, 0),
('ROB8', 'BACARDI 8', 'RONNN', 'ML', '', '750.00', '0.00', '6.00', '0.00', '284.48', '284.48', '16.00', '0.00', '', '0.00', NULL, NULL, 0),
('ROBA', 'BACARDI A¥EJO LTO.', 'RONNN', 'ML', '', '946.00', '0.00', '9.00', '0.00', '88.70', '87.99', '0.00', '0.00', '', '0.00', NULL, NULL, 0),
('ROBB', 'BACARDI BLANCO 750', 'RONNN', 'ML', '', '946.00', '0.00', '36.00', '0.00', '105.00', '104.11', '16.00', '0.00', '', '0.00', NULL, NULL, 0),
('ROBG', 'BOTRAN RESERVA 15', 'RONNN', 'ML', '', '750.00', '0.00', '0.00', '0.00', '383.62', '383.62', '16.00', '0.00', '', '0.00', NULL, NULL, 0),
('ROBM', 'BACARDI GRAN RESERVA', 'RONNN', 'ML', '', '3000.00', '0.00', '6.00', '0.00', '557.18', '557.13', '0.00', '0.00', '', '0.00', NULL, NULL, 0),
('ROBV', 'BOTRAN SOLERA G.RES', 'RONNN', 'ML', '', '750.00', '0.00', '0.00', '0.00', '530.17', '513.20', '16.00', '0.00', '', '0.00', NULL, NULL, 0),
('ROCB', 'CAPT.MORGAN BLACK', 'RONNN', 'mL', '', '750.00', '0.00', '0.00', '0.00', '172.79', '173.44', '0.00', '0.00', '', '0.00', NULL, NULL, 0),
('ROCM', 'CAPT.MORGAN', 'RONNN', 'ML', '', '750.00', '0.00', '0.00', '0.00', '111.21', '111.22', '16.00', '0.00', '', '0.00', NULL, NULL, 0),
('ROCW', 'CAPT.MORGAN WHITE', 'RONNN', 'ML', '', '750.00', '0.00', '9.00', '0.00', '112.07', '111.60', '16.00', '0.00', '', '0.00', NULL, NULL, 0),
('ROF1', 'FLOR CA¥A 12 A¥OS', 'RONNN', 'NM', '', '750.00', '0.00', '0.00', '0.00', '425.00', '425.00', '16.00', '0.00', '', '0.00', NULL, NULL, 0),
('ROF5', 'FLOR CA¥A 5 A¥OS', 'RONNN', 'ML', '', '750.00', '0.00', '0.00', '0.00', '1.00', '0.00', '0.00', '0.00', '', '0.00', NULL, NULL, 0),
('ROF7', 'FLOR CA¥A 7 A¥OS', 'RONNN', 'ML', '', '750.00', '0.00', '9.00', '0.00', '225.86', '225.86', '16.00', '0.00', '', '0.00', NULL, NULL, 0),
('ROF8', 'FLOR DE CANA 18', 'REFRE', 'ML', '', '700.00', '0.00', '30.00', '0.00', '1.00', '0.00', '0.00', '0.00', '', '0.00', NULL, NULL, 0),
('ROH3', 'HAVANA 3 A¥OS A¥EJO ESP.', 'RONNN', 'ML', '', '750.00', '0.00', '0.00', '0.00', '106.88', '93.52', '16.00', '0.00', '', '0.00', NULL, NULL, 0),
('ROH7', 'HAVANA 7 A¥OS', 'RONNN', 'ML', '', '750.00', '0.00', '24.00', '0.00', '255.17', '255.17', '16.00', '0.00', '', '0.00', NULL, NULL, 0),
('ROHB', 'HAVANA BARREL PROFF', 'RONNN', 'ML', '', '750.00', '0.00', '0.00', '0.00', '1.00', '0.00', '0.00', '0.00', '', '0.00', NULL, NULL, 0),
('ROHC', 'HAVANA BLANCO', 'RONNN', 'ML', '', '750.00', '0.00', '18.00', '0.00', '112.93', '112.93', '16.00', '0.00', '', '0.00', NULL, NULL, 0),
('ROHG', 'HAVANA GRAN RESERVA', 'RONNN', 'ML', '', '750.00', '0.00', '0.00', '0.00', '1.00', '0.00', '0.00', '0.00', '', '0.00', NULL, NULL, 0),
('ROHM', 'HAVANA SELC.MAESTROS', 'RONNN', 'ML', '', '750.00', '0.00', '0.00', '0.00', '650.86', '325.43', '16.00', '0.00', '', '0.00', NULL, NULL, 0),
('ROHR', 'HAVANA RESERVA', 'RONNN', 'ML', '', '750.00', '0.00', '0.00', '0.00', '1.00', '0.00', '0.00', '0.00', '', '0.00', NULL, NULL, 0),
('ROHS', 'HAVANA SILVER', 'RONNN', 'ML', '', '750.00', '0.00', '0.00', '0.00', '1.00', '0.00', '0.00', '0.00', '', '0.00', NULL, NULL, 0),
('ROKG', 'KRAKEN GHOST', 'RONNN', 'ML', '', '750.00', '0.00', '0.00', '0.00', '117.33', '58.67', '16.00', '0.00', '', '0.00', NULL, NULL, 0),
('ROKR', 'KRAKEN', 'RONNN', 'ML', '', '750.00', '0.00', '6.00', '0.00', '126.72', '126.72', '16.00', '0.00', '', '0.00', NULL, NULL, 0),
('ROM1', 'MATUSALEM G.RES. 18 A¥OS', 'RONNN', 'ML', '', '750.00', '0.00', '0.00', '0.00', '418.49', '313.87', '16.00', '0.00', '', '0.00', NULL, NULL, 0),
('ROM3', 'MATUSALEM 23', 'RONNN', 'ML', '', '750.00', '0.00', '0.00', '0.00', '863.19', '647.65', '16.00', '0.00', '', '0.00', NULL, NULL, 0),
('ROMA', 'MALIBU COCO WHITE', 'RONNN', 'ML', '', '750.00', '0.00', '0.00', '0.00', '136.21', '136.21', '16.00', '0.00', '', '0.00', NULL, NULL, 0),
('ROMB', 'MALIBU BLACK', 'RONNN', 'ML', '', '750.00', '0.00', '0.00', '0.00', '141.68', '124.10', '0.00', '0.00', '', '0.00', NULL, NULL, 0),
('ROMC', 'MATUSALEM CLASICO', 'RONNN', 'ML', '', '750.00', '0.00', '24.00', '0.00', '133.21', '133.22', '16.00', '0.00', '', '0.00', NULL, NULL, 0),
('ROMG', 'MATUSALEM GRAN RESERVA', 'RONNN', 'ML', '', '750.00', '0.00', '18.00', '0.00', '233.97', '233.98', '16.00', '0.00', '', '0.00', NULL, NULL, 0),
('ROMP', 'MATUSALEM PLATINO', 'RONNN', 'ML', '', '750.00', '0.00', '18.00', '0.00', '105.73', '105.74', '16.00', '0.00', '', '0.00', NULL, NULL, 0),
('ROPL', 'RON BACARDI BIG APPLE 750', 'RONNN', 'ML', '', '750.00', '0.00', '0.00', '0.00', '94.78', '94.35', '0.00', '0.00', '', '0.00', NULL, NULL, 0),
('ROST', 'SANTA TERESA 1796', 'RONNN', 'ML', '', '750.00', '0.00', '6.00', '0.00', '94.78', '94.78', '0.00', '0.00', '', '0.00', NULL, NULL, 0),
('ROZ2', 'ZACAPA 23 A¥OS', 'RONNN', 'ML', '', '750.00', '0.00', '12.00', '0.00', '646.55', '646.55', '16.00', '0.00', '', '0.00', NULL, NULL, 0),
('ROZA', 'ZACAPA 15', 'RONNN', 'ML', '', '750.00', '0.00', '0.00', '0.00', '1.00', '0.00', '0.00', '0.00', '', '0.00', NULL, NULL, 0),
('ROZM', 'ZACAPA AMBER', 'RONNN', 'ML', '', '750.00', '0.00', '12.00', '0.00', '523.32', '523.33', '16.00', '0.00', '', '0.00', NULL, NULL, 0),
('ROZX', 'ZACAPA XO', 'RONNN', 'ML', '', '750.00', '0.00', '0.00', '0.00', '1612.07', '1410.57', '16.00', '0.00', '', '0.00', NULL, NULL, 0),
('SCDR', 'SODA CAN DRY', 'REFRE', 'ML', '', '1000.00', '0.00', '30.00', '0.00', '4.57', '3.67', '0.00', '0.00', '', '0.00', NULL, NULL, 0),
('SIDR', 'SIDRA KOPPARBERG 300 ML.', 'VINOS', 'ML', '', '300.00', '0.00', '30.00', '0.00', '23.80', '23.80', '0.00', '0.00', '', '0.00', NULL, NULL, 0),
('SOAE', 'GARRAFON DE AGUA', 'REFRE', 'ML', '', '19000.00', '0.00', '30.00', '0.00', '27.00', '26.16', '0.00', '0.00', '', '0.00', NULL, NULL, 0),
('SOCC', 'COCA COLA CLASICA', 'REFRE', 'PZ', '', '1.00', '291.00', '1440.00', '0.00', '9.93', '9.93', '16.00', '0.00', '', '0.00', NULL, NULL, 0),
('SOCL', 'COCA LIGTH', 'REFRE', 'PZ', '', '1.00', '0.00', '288.00', '0.00', '6.90', '6.90', '16.00', '0.00', '', '0.00', NULL, NULL, 0),
('SOCM', 'COCACOLA MINI', 'REFRE', 'PZ', '', '1.00', '432.00', '1080.00', '0.00', '7.44', '7.44', '16.00', '0.00', '', '0.00', NULL, NULL, 0),
('SODC', 'PEPSI LIGHT', 'REFRE', 'ML', '', '355.00', '0.00', '30.00', '0.00', '4.57', '4.56', '0.00', '0.00', '', '0.00', NULL, NULL, 0),
('SODE', 'DELAWARE', 'REFRE', 'PZ', '', '1.00', '0.00', '72.00', '0.00', '1.00', '1.00', '0.00', '0.00', '', '0.00', NULL, NULL, 0),
('SOFR', 'FRESCA', 'REFRE', 'PZ', '', '1.00', '144.00', '432.00', '0.00', '8.42', '8.42', '16.00', '0.00', '', '0.00', NULL, NULL, 0),
('SOGL', 'SEAGRAM\'S LATA/GINGER', 'REFRE', 'ML', '', '355.00', '0.00', '30.00', '0.00', '4.74', '4.74', '16.00', '0.00', '', '0.00', NULL, NULL, 0),
('SOQQ', 'COCA COLA LIGTH MINI', 'REFRE', 'PZ', '', '1.00', '0.00', '216.00', '0.00', '60.35', '60.35', '0.00', '0.00', '', '0.00', NULL, NULL, 0),
('SORR', 'COCA COLA ZERO MINI', 'REFRE', 'PZ', '', '1.00', '0.00', '72.00', '0.00', '60.35', '60.35', '0.00', '0.00', '', '0.00', NULL, NULL, 0),
('SOSL', 'SODA SQUIRT LIGHT', 'REFRE', 'ML', '', '355.00', '0.00', '30.00', '0.00', '4.57', '4.56', '0.00', '0.00', '', '0.00', NULL, NULL, 0),
('SOSP', 'SPRITE', 'REFRE', 'ML', '', '355.00', '0.00', '30.00', '0.00', '14.13', '10.55', '0.00', '0.00', '', '0.00', NULL, NULL, 0),
('SOSQ', 'SODA SQUIRT TORONJA', 'REFRE', 'ML', '', '355.00', '0.00', '30.00', '0.00', '3.42', '3.47', '0.00', '0.00', '', '0.00', NULL, NULL, 0),
('SPEE', 'SPEED', 'REFRE', 'ML', '', '1.00', '0.00', '30.00', '0.00', '1.00', '0.00', '0.00', '0.00', '', '0.00', NULL, NULL, 0),
('SRR!', 'SR SALSA DULCE DE LECHE', 'SUBRE', '', '', '1000.00', '0.00', '30.00', '0.00', '0.00', '0.00', '0.00', '0.00', '', '0.00', NULL, NULL, 0),
('SRR\"', 'SR SALSA FRUTOS ROJOS', 'SUBRE', '', '', '1000.00', '0.00', '30.00', '0.00', '0.00', '0.00', '0.00', '0.00', '', '0.00', NULL, NULL, 0),
('SRR#', 'SR SALSA DE ROMPOPE', 'SUBRE', '', '', '1000.00', '0.00', '30.00', '0.00', '0.00', '0.00', '0.00', '0.00', '', '0.00', NULL, NULL, 0),
('SRR$', 'SR SALSA MACHA', 'SUBRE', '', '', '1000.00', '0.00', '30.00', '0.00', '0.00', '0.00', '0.00', '0.00', '', '0.00', NULL, NULL, 0),
('SRR%', 'SR SALSA MORITA', 'SUBRE', '', '', '1000.00', '0.00', '30.00', '0.00', '0.00', '0.00', '0.00', '0.00', '', '0.00', NULL, NULL, 0),
('SRR&', 'SR SALSA NEGRA', 'SUBRE', '', '', '1000.00', '0.00', '30.00', '0.00', '0.00', '0.00', '0.00', '0.00', '', '0.00', NULL, NULL, 0),
('SRR(', 'SR SALSA ORIENTAL', 'SUBRE', '', '', '1000.00', '0.00', '30.00', '0.00', '0.00', '0.00', '0.00', '0.00', '', '0.00', NULL, NULL, 0),
('SRR)', 'SR SALSA PONZU', 'SUBRE', '', '', '1000.00', '0.00', '30.00', '0.00', '0.00', '0.00', '0.00', '0.00', '', '0.00', NULL, NULL, 0),
('SRR-', 'SR SOPA DE TORTILLA', 'SUBRE', '', '', '1000.00', '0.00', '30.00', '0.00', '0.00', '0.00', '0.00', '0.00', '', '0.00', NULL, NULL, 0),
('SRR.', 'SR SALSA TAQUERA', 'SUBRE', '', '', '1000.00', '0.00', '30.00', '0.00', '0.00', '0.00', '0.00', '0.00', '', '0.00', NULL, NULL, 0),
('SRR0', 'SR AGUACHILE VERDE', 'SUBRE', '', '', '1000.00', '0.00', '30.00', '0.00', '0.00', '0.00', '0.00', '0.00', '', '0.00', NULL, NULL, 0),
('SRR1', 'SR ACEITE DE AJO', 'SUBRE', '', '', '1000.00', '0.00', '30.00', '0.00', '0.00', '0.00', '0.00', '0.00', '', '0.00', NULL, NULL, 0),
('SRR2', 'SR ADEREZO CESAR', 'SUBRE', '', '', '1000.00', '0.00', '30.00', '0.00', '0.00', '0.00', '0.00', '0.00', '', '0.00', NULL, NULL, 0),
('SRR3', 'SR ADEREZO DULCE', 'SUBRE', '', '', '1000.00', '0.00', '30.00', '0.00', '0.00', '0.00', '0.00', '0.00', '', '0.00', NULL, NULL, 0),
('SRR4', 'SR ADEREZO MARACUYA', 'SUBRE', '', '', '1000.00', '0.00', '30.00', '0.00', '0.00', '0.00', '0.00', '0.00', '', '0.00', NULL, NULL, 0),
('SRR5', 'SR ADEREZO YOGURTH', 'SUBRE', '', '', '1000.00', '0.00', '30.00', '0.00', '0.00', '0.00', '0.00', '0.00', '', '0.00', NULL, NULL, 0),
('SRR6', 'SR ADOBO', 'SUBRE', '', '', '1000.00', '0.00', '30.00', '0.00', '0.00', '0.00', '0.00', '0.00', '', '0.00', NULL, NULL, 0),
('SRR7', 'SR AD MAYO CHIPOTLE', 'SUBRE', '', '', '1000.00', '0.00', '30.00', '0.00', '0.00', '0.00', '0.00', '0.00', '', '0.00', NULL, NULL, 0),
('SRR8', 'SR AGUACHILE MANGO HABANE', 'SUBRE', '', '', '1000.00', '0.00', '30.00', '0.00', '0.00', '0.00', '0.00', '0.00', '', '0.00', NULL, NULL, 0),
('SRR9', 'SR AGUACHILE NEGRO', 'SUBRE', '', '', '1000.00', '0.00', '30.00', '0.00', '0.00', '0.00', '0.00', '0.00', '', '0.00', NULL, NULL, 0),
('SRR:', 'SR SALSA VENENO', 'SUBRE', '', '', '1000.00', '0.00', '30.00', '0.00', '0.00', '0.00', '0.00', '0.00', '', '0.00', NULL, NULL, 0),
('SRR;', 'SR SALSA ROJA', 'SUBRE', '', '', '1000.00', '0.00', '30.00', '0.00', '0.00', '0.00', '0.00', '0.00', '', '0.00', NULL, NULL, 0),
('SRR<', 'SR SHORT RIB', 'SUBRE', '', '', '1000.00', '0.00', '30.00', '0.00', '0.00', '0.00', '0.00', '0.00', '', '0.00', NULL, NULL, 0),
('SRR>', 'SR SOLETA', 'SUBRE', '', '', '1000.00', '0.00', '30.00', '0.00', '0.00', '0.00', '0.00', '0.00', '', '0.00', NULL, NULL, 0),
('SRR?', 'SR SUADERO', 'SUBRE', '', '', '1000.00', '0.00', '30.00', '0.00', '0.00', '0.00', '0.00', '0.00', '0.000', '0.00', NULL, NULL, 0),
('SRRA', 'SR AJILLO', 'SUBRE', '', '', '1000.00', '0.00', '30.00', '0.00', '0.00', '0.00', '0.00', '0.00', '', '0.00', NULL, NULL, 0),
('SRRB', 'SR AJO FRITO', 'SUBRE', '', '', '1000.00', '0.00', '30.00', '0.00', '0.00', '0.00', '0.00', '0.00', '', '0.00', NULL, NULL, 0),
('SRRC', 'SR ALIOLI', 'SUBRE', '', '', '1000.00', '0.00', '30.00', '0.00', '0.00', '0.00', '0.00', '0.00', '', '0.00', NULL, NULL, 0),
('SRRD', 'SR ARROZ CON LECHE', 'SUBRE', '', '', '1000.00', '0.00', '30.00', '0.00', '0.00', '0.00', '0.00', '0.00', '', '0.00', NULL, NULL, 0),
('SRRE', 'SR ARROZ ROJO', 'SUBRE', '', '', '1000.00', '0.00', '30.00', '0.00', '0.00', '0.00', '0.00', '0.00', '', '0.00', NULL, NULL, 0),
('SRRF', 'SR BASE CALDO QUESO', 'SUBRE', '', '', '1000.00', '0.00', '30.00', '0.00', '0.00', '0.00', '0.00', '0.00', '', '0.00', NULL, NULL, 0),
('SRRG', 'SR CALDILLO FRIJOL NEGRO', 'SUBRE', '', '', '1000.00', '0.00', '30.00', '0.00', '0.00', '0.00', '0.00', '0.00', '', '0.00', NULL, NULL, 0),
('SRRH', 'SR CALDO DE POLLO', 'SUBRE', '', '', '1000.00', '0.00', '30.00', '0.00', '0.00', '0.00', '0.00', '0.00', '', '0.00', NULL, NULL, 0),
('SRRI', 'SR CARNE HAMBURGUESA', 'SUBRE', '', '', '1000.00', '0.00', '30.00', '0.00', '0.00', '0.00', '0.00', '0.00', '', '0.00', NULL, NULL, 0),
('SRRJ', 'SR CARNITAS PULQUE', 'SUBRE', '', '', '1000.00', '0.00', '30.00', '0.00', '0.00', '0.00', '0.00', '0.00', '', '0.00', NULL, NULL, 0),
('SRRK', 'SR CEBOLLAS CAJUN LIMON', 'SUBRE', '', '', '1000.00', '0.00', '30.00', '0.00', '0.00', '0.00', '0.00', '0.00', '', '0.00', NULL, NULL, 0),
('SRRL', 'SR CEBOLLAS ENCURTIDAS', 'SUBRE', '', '', '1000.00', '0.00', '30.00', '0.00', '0.00', '0.00', '0.00', '0.00', '', '0.00', NULL, NULL, 0),
('SRRM', 'SR CHICHARRON PRENSADO', 'SUBRE', '', '', '1000.00', '0.00', '30.00', '0.00', '0.00', '0.00', '0.00', '0.00', '', '0.00', NULL, NULL, 0),
('SRRN', 'SR CHILE/CEBOLLA TOREADOS', 'SUBRE', '', '', '1000.00', '0.00', '30.00', '0.00', '0.00', '0.00', '0.00', '0.00', '', '0.00', NULL, NULL, 0),
('SRRO', 'SR CHILES EN VINAGRE', 'SUBRE', '', '', '1000.00', '0.00', '30.00', '0.00', '0.00', '0.00', '0.00', '0.00', '', '0.00', NULL, NULL, 0),
('SRRP', 'SR CHIMICHURRI', 'SUBRE', '', '', '1000.00', '0.00', '30.00', '0.00', '0.00', '0.00', '0.00', '0.00', '', '0.00', NULL, NULL, 0),
('SRRQ', 'SR CHOCOLATE CALIENTE', 'SUBRE', '', '', '1000.00', '0.00', '30.00', '0.00', '0.00', '0.00', '0.00', '0.00', '', '0.00', NULL, NULL, 0),
('SRRR', 'SR PIE QUESO GUAYABA', 'SUBRE', '', '', '1000.00', '0.00', '30.00', '0.00', '0.00', '0.00', '0.00', '0.00', '', '0.00', NULL, NULL, 0),
('SRRS', 'SR CREMA DE CHIPOTLE', 'SUBRE', '', '', '1000.00', '0.00', '30.00', '0.00', '0.00', '0.00', '0.00', '0.00', '', '0.00', NULL, NULL, 0);
INSERT INTO `productos` (`codingre`, `descrip`, `familia`, `unidad`, `empaque`, `equivale`, `inventa1`, `stockmax`, `stockmin`, `ultcosto`, `costoprome`, `impuesto`, `pedido`, `status`, `inventaFisico`, `inventaFisico1`, `diferencia`, `redondeo`) VALUES
('SRRT', 'SR CREMA MASCARPONE', 'SUBRE', '', '', '1000.00', '0.00', '30.00', '0.00', '0.00', '0.00', '0.00', '0.00', '', '0.00', NULL, NULL, 0),
('SRRU', 'SR CREME BRULEE', 'SUBRE', '', '', '1000.00', '0.00', '30.00', '0.00', '0.00', '0.00', '0.00', '0.00', '', '0.00', NULL, NULL, 0),
('SRRV', 'SR CREMOSO AGUACATE', 'SUBRE', '', '', '1000.00', '0.00', '30.00', '0.00', '0.00', '0.00', '0.00', '0.00', '', '0.00', NULL, NULL, 0),
('SRRW', 'SR ENSALADA DE NOPAL', 'SUBRE', '', '', '1000.00', '0.00', '30.00', '0.00', '0.00', '0.00', '0.00', '0.00', '', '0.00', NULL, NULL, 0),
('SRRX', 'SR FIDEO SECO', 'SUBRE', '', '', '1000.00', '0.00', '30.00', '0.00', '0.00', '0.00', '0.00', '0.00', '', '0.00', NULL, NULL, 0),
('SRRY', 'SR FLAN', 'SUBRE', '', '', '1000.00', '0.00', '30.00', '0.00', '0.00', '0.00', '0.00', '0.00', '', '0.00', NULL, NULL, 0),
('SRRZ', 'SR FRIJOLES DE LA OLLA', 'SUBRE', '', '', '1000.00', '0.00', '30.00', '0.00', '0.00', '0.00', '0.00', '0.00', '', '0.00', NULL, NULL, 0),
('SRR[', 'SR SALSA VERDE', 'SUBRE', '', '', '1000.00', '0.00', '30.00', '0.00', '0.00', '0.00', '0.00', '0.00', '', '0.00', NULL, NULL, 0),
('SRR]', 'SR SALSA VERDE CON AGUACA', 'SUBRE', '', '', '1000.00', '0.00', '30.00', '0.00', '0.00', '0.00', '0.00', '0.00', '', '0.00', NULL, NULL, 0),
('SRR_', 'SR SPAGUETTI BLANCO', 'SUBRE', '', '', '1000.00', '0.00', '30.00', '0.00', '0.00', '0.00', '0.00', '0.00', '', '0.00', NULL, NULL, 0),
('SRRa', 'SR FRIJOLES MANEADOS', 'SUBRE', '', '', '1000.00', '0.00', '30.00', '0.00', '0.00', '0.00', '0.00', '0.00', '', '0.00', NULL, NULL, 0),
('SRRb', 'SR FRIJOLES REFRITOS', 'SUBRE', '', '', '1000.00', '0.00', '30.00', '0.00', '0.00', '0.00', '0.00', '0.00', '', '0.00', NULL, NULL, 0),
('SRRc', 'SR GALLETA BASE', 'SUBRE', '', '', '1000.00', '0.00', '30.00', '0.00', '0.00', '0.00', '0.00', '0.00', '', '0.00', NULL, NULL, 0),
('SRRd', 'SR GANACHE DE CHOCOLATE', 'SUBRE', '', '', '1000.00', '0.00', '30.00', '0.00', '0.00', '0.00', '0.00', '0.00', '', '0.00', NULL, NULL, 0),
('SRRe', 'SR GUACAMOLE', 'SUBRE', '', '', '1000.00', '0.00', '30.00', '0.00', '0.00', '0.00', '0.00', '0.00', '', '0.00', NULL, NULL, 0),
('SRRf', 'SR HUITLACOCHE', 'SUBRE', '', '', '1000.00', '0.00', '30.00', '0.00', '0.00', '0.00', '0.00', '0.00', '', '0.00', NULL, NULL, 0),
('SRRg', 'SR JARABE 3 LECHES', 'SUBRE', '', '', '1000.00', '0.00', '30.00', '0.00', '0.00', '0.00', '0.00', '0.00', '', '0.00', NULL, NULL, 0),
('SRRh', 'SR JUGO DE CARNE', 'SUBRE', '', '', '1000.00', '0.00', '30.00', '0.00', '0.00', '0.00', '0.00', '0.00', '', '0.00', NULL, NULL, 0),
('SRRi', 'SR JUGO DE LIMON', 'SUBRE', '', '', '1000.00', '0.00', '30.00', '0.00', '0.00', '0.00', '0.00', '0.00', '', '0.00', NULL, NULL, 0),
('SRRj', 'SR JUGO DE NARANJA', 'SUBRE', '', '', '1000.00', '0.00', '30.00', '0.00', '0.00', '0.00', '0.00', '0.00', '', '0.00', NULL, NULL, 0),
('SRRk', 'SR LECHON FIDEO', 'SUBRE', '', '', '1000.00', '0.00', '30.00', '0.00', '0.00', '0.00', '0.00', '0.00', '', '0.00', NULL, NULL, 0),
('SRRl', 'SR LECHUGAS MIXTAS', 'SUBRE', '', '', '1000.00', '0.00', '30.00', '0.00', '0.00', '0.00', '0.00', '0.00', '', '0.00', NULL, NULL, 0),
('SRRm', 'SR MAYONESA HABANERO', 'SUBRE', '', '', '1000.00', '0.00', '30.00', '0.00', '0.00', '0.00', '0.00', '0.00', '', '0.00', NULL, NULL, 0),
('SRRn', 'SR MOLE POBLANO', 'SUBRE', '', '', '1000.00', '0.00', '30.00', '0.00', '0.00', '0.00', '0.00', '0.00', '', '0.00', NULL, NULL, 0),
('SRRo', 'SR MOLTEN ABUELITA', 'SUBRE', '', '', '1000.00', '0.00', '30.00', '0.00', '0.00', '0.00', '0.00', '0.00', '', '0.00', NULL, NULL, 0),
('SRRp', 'SR MOUSSE DE ROMPOPE', 'SUBRE', '', '', '1000.00', '0.00', '30.00', '0.00', '0.00', '0.00', '0.00', '0.00', '', '0.00', NULL, NULL, 0),
('SRRq', 'SR MO¥OS DE COCO', 'SUBRE', '', '', '1000.00', '0.00', '30.00', '0.00', '0.00', '0.00', '0.00', '0.00', '', '0.00', NULL, NULL, 0),
('SRRr', 'SR PAN HAMBURGUESA', 'SUBRE', '', '', '1000.00', '0.00', '30.00', '0.00', '0.00', '0.00', '0.00', '0.00', '', '0.00', NULL, NULL, 0),
('SRRs', 'SR PICO DE AGUACATE', 'SUBRE', '', '', '1000.00', '0.00', '30.00', '0.00', '0.00', '0.00', '0.00', '0.00', '', '0.00', NULL, NULL, 0),
('SRRt', 'SR PICO DE MANGO Y FRAMBU', 'SUBRE', '', '', '1000.00', '0.00', '30.00', '0.00', '0.00', '0.00', '0.00', '0.00', '', '0.00', NULL, NULL, 0),
('SRRu', 'SR PIERNA AL HORNO', 'SUBRE', '', '', '1000.00', '0.00', '30.00', '0.00', '0.00', '0.00', '0.00', '0.00', '', '0.00', NULL, NULL, 0),
('SRRv', 'SR PIPIAN ROJO', 'SUBRE', '', '', '1000.00', '0.00', '30.00', '0.00', '0.00', '0.00', '0.00', '0.00', '', '0.00', NULL, NULL, 0),
('SRRw', 'SR PIPIAN VERDE', 'SUBRE', '', '', '1000.00', '0.00', '30.00', '0.00', '0.00', '0.00', '0.00', '0.00', '', '0.00', NULL, NULL, 0),
('SRRx', 'SR PULPO COCIDO', 'SUBRE', '', '', '1000.00', '0.00', '30.00', '0.00', '0.00', '0.00', '0.00', '0.00', '', '0.00', NULL, NULL, 0),
('SRRy', 'SR RAJAS POBLANAS', 'SUBRE', '', '', '1000.00', '0.00', '30.00', '0.00', '0.00', '0.00', '0.00', '0.00', '', '0.00', NULL, NULL, 0),
('SRRz', 'SR SALSA CERVEZA', 'SUBRE', '', '', '1000.00', '0.00', '30.00', '0.00', '0.00', '0.00', '0.00', '0.00', '', '0.00', NULL, NULL, 0),
('SRR{', 'SR SALSA VERDE HABANERO', 'SUBRE', '', '', '1000.00', '0.00', '30.00', '0.00', '0.00', '0.00', '0.00', '0.00', '', '0.00', NULL, NULL, 0),
('SRR|', 'SR SPAGUETTI COCIDO', 'SUBRE', '', '', '1000.00', '0.00', '30.00', '0.00', '0.00', '0.00', '0.00', '0.00', '', '0.00', NULL, NULL, 0),
('SRR}', 'SR SALSA VILLAMELON', 'SUBRE', '', '', '1000.00', '0.00', '30.00', '0.00', '0.00', '0.00', '0.00', '0.00', '', '0.00', NULL, NULL, 0),
('SRRª', 'SR TARTARA JALAPE¥O', 'SUBRE', '', '', '1000.00', '0.00', '30.00', '0.00', '0.00', '0.00', '0.00', '0.00', '', '0.00', NULL, NULL, 0),
('SRRø', 'SR SUADERO', 'SUBRE', '', '', '1000.00', '0.00', '30.00', '0.00', '0.00', '0.00', '0.00', '0.00', '', '0.00', NULL, NULL, 0),
('SRS1', 'SR ADEREZO CESAR', 'PRODU', '', '', '200.00', '0.00', '0.00', '0.00', '17.08', '17.08', '0.00', '0.00', '', '0.00', NULL, NULL, 0),
('SRS2', 'SR ADEREZO YOUGURTH', 'PRODU', '', '', '1500.00', '0.00', '0.00', '0.00', '118.80', '118.80', '0.00', '0.00', '', '0.00', NULL, NULL, 0),
('SRS3', 'SR ADEREZO MARACUYA', 'PRODU', '', '', '2000.00', '0.00', '0.00', '0.00', '140.17', '140.17', '0.00', '0.00', '', '0.00', NULL, NULL, 0),
('SRS4', 'SR ADEREZO DULCE', 'PRODU', '', '', '400.00', '0.00', '0.00', '0.00', '58.70', '58.70', '0.00', '0.00', '', '0.00', NULL, NULL, 0),
('SRS5', 'SR BASE CALDO QUESO', 'PRODU', '', '', '12000.00', '0.00', '0.00', '0.00', '759.94', '759.94', '0.00', '0.00', '', '0.00', NULL, NULL, 0),
('SRS6', 'SR ACEITE DE AJO', 'PRODU', '', '', '1000.00', '0.00', '0.00', '0.00', '73.88', '73.88', '0.00', '0.00', '', '0.00', NULL, NULL, 0),
('SRS7', '', 'PRODU', '', '', '0.00', '0.00', '0.00', '0.00', '0.00', '0.00', '0.00', '0.00', '', '0.00', NULL, NULL, 0),
('STAC', 'STA HELENA CHARDONAY', 'VINOS', '75', '', '750.00', '0.00', '30.00', '0.00', '211.21', '207.08', '0.00', '0.00', '', '0.00', NULL, NULL, 0),
('TE10', '100 A¥OS REP.VERDE 750 ML', 'TEQUI', 'ML', '', '750.00', '0.00', '30.00', '0.00', '120.00', '120.01', '0.00', '0.00', '', '0.00', NULL, NULL, 0),
('TE18', '1800 A¥EJO', 'TEQUI', 'ML', '', '700.00', '0.00', '30.00', '0.00', '420.13', '420.13', '16.00', '0.00', '', '0.00', NULL, NULL, 0),
('TE1B', '1800 BLANCO', 'TEQUI', 'ML', '', '700.00', '0.00', '30.00', '0.00', '268.62', '274.00', '16.00', '0.00', '', '0.00', NULL, NULL, 0),
('TE1C', '1800 CRISTALINO', 'TEQUI', 'ML', '', '700.00', '0.00', '30.00', '0.00', '487.28', '487.28', '16.00', '0.00', '', '0.00', NULL, NULL, 0),
('TE1R', '1800 REPOSADO', 'TEQUI', 'ML', '', '700.00', '0.00', '30.00', '0.00', '308.75', '308.75', '16.00', '0.00', '', '0.00', NULL, NULL, 0),
('TE3A', '3 GEN.A¥EJO', 'TEQUI', 'ML', '', '750.00', '0.00', '30.00', '0.00', '448.19', '434.12', '16.00', '0.00', '', '0.00', NULL, NULL, 0),
('TE3G', '3 GEN.REPOSADO', 'TEQUI', 'ML', '', '750.00', '0.00', '30.00', '0.00', '510.00', '0.00', '16.00', '0.00', '', '0.00', NULL, NULL, 0),
('TEAC', 'CENTENARIO AZUL', 'TEQUI', 'ML', '', '750.00', '0.00', '30.00', '0.00', '159.70', '159.70', '16.00', '0.00', '', '0.00', NULL, NULL, 0),
('TEAN', 'HERRAD.ANT.REP', 'TEQUI', 'ML', '', '750.00', '0.00', '30.00', '0.00', '185.34', '185.34', '16.00', '0.00', '', '0.00', NULL, NULL, 0),
('TEAP', 'ALTOS PLATA', 'TEQUI', 'ML', '', '750.00', '0.00', '30.00', '0.00', '1.00', '0.00', '16.00', '0.00', '', '0.00', NULL, NULL, 0),
('TEAR', 'ALTOS REPOSADO', 'TEQUI', 'ML', '', '750.00', '0.00', '30.00', '0.00', '290.73', '145.87', '16.00', '0.00', '', '0.00', NULL, NULL, 0),
('TEAZ', 'LOS AZULEJOS', 'TEQUI', 'ML', '', '750.00', '0.00', '30.00', '0.00', '276.52', '276.53', '0.00', '0.00', '', '0.00', NULL, NULL, 0),
('TEBL', 'CAZADORES BCO. LT.', 'TEQUI', 'ML', '', '950.00', '0.00', '30.00', '0.00', '173.04', '173.46', '0.00', '0.00', '', '0.00', NULL, NULL, 0),
('TEC3', 'CUERVO TRAD 3LTS', 'TEQUI', 'ML', '', '3000.00', '0.00', '30.00', '0.00', '763.47', '739.65', '0.00', '0.00', '', '0.00', NULL, NULL, 0),
('TEC?', 'CENTENARIO A?EJO', 'TEQUI', 'ML', '', '750.00', '0.00', '0.00', '0.00', '386.55', '386.55', '16.00', '0.00', '0.000', '0.00', NULL, NULL, 0),
('TECA', 'CAZADORES REP. 750', 'TEQUI', 'ML', '', '750.00', '0.00', '30.00', '0.00', '427.01', '364.57', '0.00', '0.00', '', '0.00', NULL, NULL, 0),
('TECC', 'CAZADORES CRIS. 750', 'TEQUI', 'ML', '', '3000.00', '0.00', '6.00', '0.00', '763.47', '763.47', '0.00', '0.00', '', '0.00', NULL, NULL, 0),
('TECE', 'CENTENARIO REP. 750 ML.', 'TEQUI', 'ML', '', '750.00', '0.00', '30.00', '0.00', '147.64', '147.65', '16.00', '0.00', '', '0.00', NULL, NULL, 0),
('TECJ', 'CORRALEJO REP. LTO.', 'TEQUI', 'ML', '', '999.99', '0.00', '30.00', '0.00', '152.17', '148.76', '0.00', '0.00', '', '0.00', NULL, NULL, 0),
('TECL', 'CUERVO TRAD.PLATA', 'TEQUI', 'ML', '', '750.00', '0.00', '30.00', '0.00', '171.55', '171.55', '16.00', '0.00', '', '0.00', NULL, NULL, 0),
('TECM', 'CAZADORES REP MISIL', 'TEQUI', 'ML', '', '750.00', '0.00', '30.00', '0.00', '427.01', '420.36', '0.00', '0.00', '', '0.00', NULL, NULL, 0),
('TECO', 'CONMEMORATIVO', 'TEQUI', 'ML', '', '940.00', '0.00', '30.00', '0.00', '160.87', '160.87', '0.00', '0.00', '', '0.00', NULL, NULL, 0),
('TECP', 'CENTENARIO PLATA 700 ML.', 'TEQUI', 'ML', '', '750.00', '0.00', '30.00', '0.00', '190.00', '190.00', '16.00', '0.00', '', '0.00', NULL, NULL, 0),
('TECR', 'CUERVO TRAD.', 'TEQUI', 'ML', '', '695.00', '0.00', '30.00', '0.00', '214.57', '214.57', '16.00', '0.00', '', '0.00', NULL, NULL, 0),
('TECS', 'CUERVO ESPECIAL 990', 'TEQUI', 'ML', '', '990.00', '0.00', '30.00', '0.00', '77.82', '77.82', '0.00', '0.00', '', '0.00', NULL, NULL, 0),
('TECT', 'CENTENARIO REP', 'TEQUI', 'ML', '', '940.00', '0.00', '6.00', '0.00', '160.87', '160.87', '0.00', '0.00', '', '0.00', NULL, NULL, 0),
('TEC¥', 'CENTENARIO A¥EJO', 'TEQUI', 'ML', '', '750.00', '0.00', '30.00', '0.00', '386.55', '373.26', '16.00', '0.00', '', '0.00', NULL, NULL, 0),
('TED1', 'DON JULIO 70', 'TEQUI', 'ML', '', '750.00', '0.00', '30.00', '0.00', '482.72', '482.72', '16.00', '0.00', '', '0.00', NULL, NULL, 0),
('TED4', 'DON JULIO 1942', 'TEQUI', 'ML', '', '750.00', '0.00', '30.00', '0.00', '1120.69', '1044.79', '16.00', '0.00', '', '0.00', NULL, NULL, 0),
('TEDB', 'DON JULIO BLANCO 750', 'TEQUI', 'ML', '', '750.00', '0.00', '30.00', '0.00', '250.00', '250.00', '16.00', '0.00', '', '0.00', NULL, NULL, 0),
('TEDJ', 'DON JULIO REP. 750 ML.', 'TEQUI', 'ML', '', '750.00', '0.00', '30.00', '0.00', '306.03', '306.03', '16.00', '0.00', '', '0.00', NULL, NULL, 0),
('TEEB', 'ESPOLON BCO', 'TEQUI', 'ML', '', '750.00', '0.00', '30.00', '0.00', '208.02', '184.11', '16.00', '0.00', '', '0.00', NULL, NULL, 0),
('TEEC', 'ESPOLON COLORADO', 'TEQUI', 'ML', '', '750.00', '0.00', '30.00', '0.00', '268.62', '250.12', '16.00', '0.00', '', '0.00', NULL, NULL, 0),
('TEEM', 'ESPOLON MARANON', 'TEQUI', 'ML', '', '750.00', '0.00', '30.00', '0.00', '343.97', '294.58', '16.00', '0.00', '', '0.00', NULL, NULL, 0),
('TEH?', 'HORNITOS A?EJO 750 ML.', 'TEQUI', 'ML', '', '750.00', '0.00', '0.00', '0.00', '173.04', '173.04', '0.00', '0.00', '0.000', '0.00', NULL, NULL, 0),
('TEHA', 'HERRAD.A¥EJO TEQ', 'TEQUI', 'ML', '', '750.00', '0.00', '30.00', '0.00', '394.83', '394.41', '16.00', '0.00', '', '0.00', NULL, NULL, 0),
('TEHB', 'HERRAD.BCO', 'TEQUI', 'ML', '', '950.00', '0.00', '30.00', '0.00', '249.91', '249.91', '16.00', '0.00', '', '0.00', NULL, NULL, 0),
('TEHD', 'HERRAD.BCO.DIRECTO ALAMBI', 'TEQUI', 'ML', '', '750.00', '0.00', '30.00', '0.00', '589.55', '294.78', '16.00', '0.00', '', '0.00', NULL, NULL, 0),
('TEHJ', 'HERRAD.ANT.ANEJO', 'TEQUI', 'ML', '', '750.00', '0.00', '30.00', '0.00', '0.00', '0.00', '0.00', '0.00', '', '0.00', NULL, NULL, 0),
('TEHL', 'HACIENDA BLACK', 'TEQUI', 'ML', '', '750.00', '0.00', '30.00', '0.00', '100.00', '0.00', '0.00', '0.00', '', '0.00', NULL, NULL, 0),
('TEHN', 'HERRAD.ANT.PLATA', 'TEQUI', 'ML', '', '750.00', '0.00', '30.00', '0.00', '192.46', '192.46', '16.00', '0.00', '', '0.00', NULL, NULL, 0),
('TEHP', 'HORNITOS PLATA 750 ML.', 'TEQUI', 'ML', '', '750.00', '0.00', '30.00', '0.00', '112.17', '0.00', '0.00', '0.00', '', '0.00', NULL, NULL, 0),
('TEHR', 'HERRAD.REPOSADO', 'TEQUI', 'ML', '', '950.00', '0.00', '30.00', '0.00', '287.88', '287.88', '16.00', '0.00', '', '0.00', NULL, NULL, 0),
('TEHS', 'SAUZA HDA.REP. 700 MLS.', 'TEQUI', 'ML', '', '700.00', '0.00', '30.00', '0.00', '107.83', '107.85', '0.00', '0.00', '', '0.00', NULL, NULL, 0),
('TEHT', 'HERRAD.PLATA', 'TEQUI', 'ML', '', '750.00', '0.00', '30.00', '0.00', '255.17', '255.18', '16.00', '0.00', '', '0.00', NULL, NULL, 0),
('TEHU', 'HERRAD.SEL.SUPREMA', 'TEQUI', 'ML', '', '750.00', '0.00', '30.00', '0.00', '2122.44', '1061.22', '16.00', '0.00', '', '0.00', NULL, NULL, 0),
('TEHX', 'HERRAD.ULTRA', 'TEQUI', 'ML', '', '750.00', '0.00', '30.00', '0.00', '443.97', '443.98', '16.00', '0.00', '', '0.00', NULL, NULL, 0),
('TEHZ', 'HERRAD.ANT.BCO', 'TEQUI', 'ML', '', '750.00', '0.00', '30.00', '0.00', '145.73', '109.55', '0.00', '0.00', '', '0.00', NULL, NULL, 0),
('TEH¥', 'HORNITOS A¥EJO 750 ML.', 'TEQUI', 'ML', '', '750.00', '0.00', '30.00', '0.00', '173.04', '0.00', '0.00', '0.00', '', '0.00', NULL, NULL, 0),
('TEJ7', 'JIMADOR REP 700', 'TEQUI', 'ML', '', '700.00', '0.00', '30.00', '0.00', '108.11', '108.12', '16.00', '0.00', '', '0.00', NULL, NULL, 0),
('TEJA', 'DON JULIO A¥EJO', 'TEQUI', 'ML', '', '750.00', '0.00', '30.00', '0.00', '422.41', '424.30', '16.00', '0.00', '', '0.00', NULL, NULL, 0),
('TEJB', 'JIMADOR BCO', 'TEQUI', 'ML', '', '750.00', '0.00', '30.00', '0.00', '90.61', '90.42', '0.00', '0.00', '', '0.00', NULL, NULL, 0),
('TEJF', 'JIMADOR FUEGO', 'TEQUI', 'ML', '', '750.00', '0.00', '30.00', '0.00', '1.00', '0.00', '0.00', '0.00', '', '0.00', NULL, NULL, 0),
('TEJI', 'JIMADOR LT.', 'TEQUI', 'ML', '', '950.00', '0.00', '30.00', '0.00', '109.53', '103.38', '0.00', '0.00', '', '0.00', NULL, NULL, 0),
('TEJJ', 'JIMADOR ANEJO', 'TEQUI', 'ML', '', '750.00', '0.00', '30.00', '0.00', '214.66', '207.64', '16.00', '0.00', '', '0.00', NULL, NULL, 0),
('TELA', 'LUNA AZUL', 'TEQUI', 'PZ', '', '355.00', '0.00', '6.00', '0.00', '7.25', '7.25', '0.00', '0.00', '', '0.00', NULL, NULL, 0),
('TELI', 'TECATE LIGHT', 'CERVE', 'PZ', '', '355.00', '0.00', '30.00', '0.00', '7.25', '7.26', '0.00', '0.00', '', '0.00', NULL, NULL, 0),
('TEMA', 'MAESTRO TEQ.A¥EJO', 'TEQUI', 'ML', '', '750.00', '0.00', '30.00', '0.00', '404.31', '302.56', '16.00', '0.00', '', '0.00', NULL, NULL, 0),
('TEMB', 'MAESTRO TEQ.BCO', 'TEQUI', 'ML', '', '750.00', '0.00', '30.00', '0.00', '335.78', '335.84', '16.00', '0.00', '', '0.00', NULL, NULL, 0),
('TEMD', 'MAESTRO TEQ.DOB.DIAMANTE', 'TEQUI', 'ML', '', '750.00', '0.00', '30.00', '0.00', '484.01', '484.01', '16.00', '0.00', '', '0.00', NULL, NULL, 0),
('TEME', 'MILAGRO REPOSADO', 'TEQUI', 'ML', '', '750.00', '0.00', '30.00', '0.00', '217.24', '190.65', '16.00', '0.00', '', '0.00', NULL, NULL, 0),
('TEMP', 'MILAGRO PLATA', 'TEQUI', 'ML', '', '750.00', '0.00', '30.00', '0.00', '185.34', '170.44', '16.00', '0.00', '', '0.00', NULL, NULL, 0),
('TEMR', 'MAESTRO TEQ.REPOSADO', 'TEQUI', 'ML', '', '750.00', '0.00', '30.00', '0.00', '390.65', '390.33', '16.00', '0.00', '', '0.00', NULL, NULL, 0),
('TEOO', 'ORENDAIN OLLITAS', 'TEQUI', 'ML', '', '750.00', '0.00', '30.00', '0.00', '1.00', '0.00', '16.00', '0.00', '', '0.00', NULL, NULL, 0),
('TEOR', 'ORENDAIN REPOSADO', 'TEQUI', 'ML', '', '750.00', '0.00', '30.00', '0.00', '1.00', '0.00', '16.00', '0.00', '', '0.00', NULL, NULL, 0),
('TEPA', 'PATRON A¥EJO', 'TEQUI', 'ML', '', '750.00', '0.00', '30.00', '0.00', '545.80', '474.52', '16.00', '0.00', '', '0.00', NULL, NULL, 0),
('TEPR', 'PATRON REPOSADO', 'TEQUI', 'ML', '', '750.00', '0.00', '30.00', '0.00', '1.00', '0.00', '0.00', '0.00', '', '0.00', NULL, NULL, 0),
('TEPS', 'PATRON SILVER', 'TEQUI', 'ML', '', '750.00', '0.00', '30.00', '0.00', '1.00', '0.00', '0.00', '0.00', '', '0.00', NULL, NULL, 0),
('TEPX', 'PATRON XO', 'TEQUI', 'ML', '', '750.00', '0.00', '30.00', '0.00', '1.00', '0.00', '0.00', '0.00', '', '0.00', NULL, NULL, 0),
('TERA', 'RESERVA FAMILIA A¥EJO', 'TEQUI', 'ML', '', '750.00', '0.00', '30.00', '0.00', '1422.41', '1380.77', '16.00', '0.00', '', '0.00', NULL, NULL, 0),
('TERB', 'CASA DRAGONES BCO', 'TEQUI', 'ML', '', '750.00', '0.00', '30.00', '0.00', '948.28', '711.46', '16.00', '0.00', '', '0.00', NULL, NULL, 0),
('TERH', 'REAL HACIENDA', 'TEQUI', 'ML', '', '750.00', '0.00', '30.00', '0.00', '100.00', '0.00', '0.00', '0.00', '', '0.00', NULL, NULL, 0),
('TERJ', 'CASA DRAGONES JOVEN', 'TEQUI', 'ML', '', '750.00', '0.00', '30.00', '0.00', '1.00', '0.00', '0.00', '0.00', '', '0.00', NULL, NULL, 0),
('TERR', 'RESERVA FAM.REPOSADO', 'TEQUI', 'ML', '', '750.00', '0.00', '30.00', '0.00', '901.68', '451.34', '16.00', '0.00', '', '0.00', NULL, NULL, 0),
('TERS', 'RESERVA FAM PLATINO', 'TEQUI', 'ML', '', '750.00', '0.00', '30.00', '0.00', '490.52', '473.93', '16.00', '0.00', '', '0.00', NULL, NULL, 0),
('TESA', 'SUAVE 35 MANDARIN', 'TEQUI', 'ML', '', '750.00', '0.00', '30.00', '0.00', '1.00', '0.00', '0.00', '0.00', '', '0.00', NULL, NULL, 0),
('TESC', 'SUAVE 35 CITRUS', 'TEQUI', 'ML', '', '750.00', '0.00', '30.00', '0.00', '1.00', '0.00', '0.00', '0.00', '', '0.00', NULL, NULL, 0),
('TESH', 'SAUZA HORNITOS', 'TEQUI', 'ML', '', '684.00', '0.00', '30.00', '0.00', '117.39', '117.39', '0.00', '0.00', '', '0.00', NULL, NULL, 0),
('TESM', 'SUAVE 35 MANDARINE TEQ.', 'TEQUI', 'ML', '', '1000.00', '0.00', '30.00', '0.00', '155.65', '0.00', '0.00', '0.00', '', '0.00', NULL, NULL, 0),
('TESU', 'HERRAD.SUAVE', 'TEQUI', 'ML', '', '700.00', '0.00', '30.00', '0.00', '112.20', '111.55', '0.00', '0.00', '', '0.00', NULL, NULL, 0),
('TETB', 'TEZON BCO', 'TEQUI', 'ML', '', '750.00', '0.00', '30.00', '0.00', '1.00', '0.00', '0.00', '0.00', '', '0.00', NULL, NULL, 0),
('TETP', 'TRADICIONAL PLATA', 'TEQUI', 'ML', '', '750.00', '0.00', '30.00', '0.00', '232.59', '116.30', '16.00', '0.00', '', '0.00', NULL, NULL, 0),
('TETR', 'TEZON REPOSADO', 'TEQUI', 'ML', '', '750.00', '0.00', '30.00', '0.00', '1.00', '0.00', '0.00', '0.00', '', '0.00', NULL, NULL, 0),
('TEVR', 'VIUDA DE ROMERO', 'TEQUI', 'ML', '', '750.00', '0.00', '30.00', '0.00', '100.00', '0.00', '0.00', '0.00', '', '0.00', NULL, NULL, 0),
('TEVT', 'VOLCAN DE MI TIERRA', 'TEQUI', 'ML', '', '750.00', '0.00', '6.00', '0.00', '100.00', '100.00', '0.00', '0.00', '', '0.00', NULL, NULL, 0),
('TEZA', 'CAZADORES A¥EJO 750 ML', 'TEQUI', 'ML', '', '750.00', '0.00', '30.00', '0.00', '247.83', '0.00', '0.00', '0.00', '', '0.00', NULL, NULL, 0),
('VBAM', 'ASTI MARTI', 'VINOS', 'ML', '', '750.00', '0.00', '30.00', '0.00', '206.90', '182.66', '16.00', '0.00', '', '0.00', NULL, NULL, 0),
('VBAN', 'ANDRE ESPUMOSO', 'VINOS', 'ML', '', '750.00', '0.00', '30.00', '0.00', '1.00', '0.00', '0.00', '0.00', '', '0.00', NULL, NULL, 0),
('VBAS', 'ASTI RICADONNA', 'VINOS', 'ML', '', '750.00', '0.00', '30.00', '0.00', '176.07', '139.76', '16.00', '0.00', '', '0.00', NULL, NULL, 0),
('VBCB', 'CRUZ BLANCA BLANCO 4 LTS.', 'VINOS', 'ML', '', '4000.00', '0.00', '30.00', '0.00', '17.94', '17.94', '0.00', '0.00', '', '0.00', NULL, NULL, 0),
('VBEC', 'ELENA CHARDONAY', 'VINOS', 'ML', '', '750.00', '0.00', '30.00', '0.00', '1.00', '0.00', '0.00', '0.00', '', '0.00', NULL, NULL, 0),
('VBGA', 'LA CETTO BLANCO 750 ML', 'VINOS', 'ML', '', '750.00', '0.00', '30.00', '0.00', '64.33', '64.33', '0.00', '0.00', '', '0.00', NULL, NULL, 0),
('VBKB', 'KORBEL BRUT', 'VINOS', 'ML', '', '750.00', '0.00', '30.00', '0.00', '1.00', '0.00', '0.00', '0.00', '', '0.00', NULL, NULL, 0),
('VBKO', 'KORBEL SWEET ROSE', 'VINOS', 'ML', '', '750.00', '0.00', '30.00', '0.00', '1.00', '0.00', '0.00', '0.00', '', '0.00', NULL, NULL, 0),
('VBME', 'MARTINI ESPUMOSO', 'VINOS', 'ML', '', '750.00', '0.00', '30.00', '0.00', '1.00', '0.00', '0.00', '0.00', '', '0.00', NULL, NULL, 0),
('VEGU', 'VELVET GUANABANA', 'REFRE', 'ML', '', '1.00', '0.00', '36.00', '0.00', '276.81', '276.81', '16.00', '0.00', '', '0.00', NULL, NULL, 0),
('VELY', 'VELVET LYCHEE', 'REFRE', 'ML', '', '1.00', '0.00', '36.00', '0.00', '1.00', '1.00', '0.00', '0.00', '', '0.00', NULL, NULL, 0),
('VEMM', 'MOSCATO MEDITERRANEO', 'VINOS', 'ML', '', '750.00', '0.00', '30.00', '0.00', '225.00', '225.00', '16.00', '0.00', '', '0.00', NULL, NULL, 0),
('VEPO', 'VELVET POMELO', 'REFRE', 'ML', '', '1.00', '0.00', '36.00', '0.00', '302.20', '302.20', '16.00', '0.00', '', '0.00', NULL, NULL, 0),
('VI01', 'SANTA ELENA VERNUS BLEND', 'VINOS', 'ML', '', '750.00', '0.00', '30.00', '0.00', '335.00', '0.00', '0.00', '0.00', '', '0.00', NULL, NULL, 0),
('VIBB', 'VINO BLANCO BATALLA', 'VINOS', 'ML', '', '1000.00', '0.00', '30.00', '0.00', '200.01', '100.01', '0.00', '0.00', '', '0.00', NULL, NULL, 0),
('VIC2', 'CASA M,ADERO 2V', 'VINOS', 'ML', '', '750.00', '0.00', '30.00', '0.00', '181.03', '180.99', '16.00', '0.00', '', '0.00', NULL, NULL, 0),
('VICC', 'CASA MADERO CAB. SAUV', 'VINOS', 'ML', '', '750.00', '0.00', '30.00', '0.00', '249.37', '246.48', '16.00', '0.00', '', '0.00', NULL, NULL, 0),
('VICS', 'CASA MADERO SHIRAZ', 'VINOS', 'ML', '', '750.00', '0.00', '30.00', '0.00', '249.37', '249.37', '16.00', '0.00', '', '0.00', NULL, NULL, 0),
('VIMC', 'MATARROMERA CRIANZA', 'VINOS', 'ML', '', '750.00', '0.00', '30.00', '0.00', '486.84', '485.16', '16.00', '0.00', '', '0.00', NULL, NULL, 0),
('VIMM', 'CASA MADERO MERLOT', 'VINOS', 'ML', '', '750.00', '0.00', '30.00', '0.00', '229.82', '229.82', '16.00', '0.00', '', '0.00', NULL, NULL, 0),
('VIMO', 'MOSCATO ESP.PETALO', 'VINOS', 'ML', '', '750.00', '0.00', '30.00', '0.00', '179.35', '171.45', '16.00', '0.00', '', '0.00', NULL, NULL, 0),
('VOAB', 'ABSOLUT AZUL 750 ML', 'VODKA', 'ML', '', '750.00', '0.00', '18.00', '0.00', '184.98', '184.98', '16.00', '0.00', '', '0.00', NULL, NULL, 0),
('VOAE', 'ABSOLUT PEARS', 'VODKA', 'ML', '', '750.00', '0.00', '6.00', '0.00', '184.98', '184.98', '16.00', '0.00', '', '0.00', NULL, NULL, 0),
('VOAG', 'ABSOLUT lima', 'VODKA', 'ML', '', '750.00', '0.00', '6.00', '0.00', '1.00', '0.00', '0.00', '0.00', '', '0.00', NULL, NULL, 0),
('VOAK', 'ABSOLUT KURANT 750 M', 'VODKA', 'ML', '', '750.00', '0.00', '0.00', '0.00', '175.00', '0.00', '0.00', '0.00', '', '0.00', NULL, NULL, 0),
('VOAM', 'ABSOLUT MANDARINE 750 ML', 'VODKA', 'ML', '', '750.00', '0.00', '6.00', '0.00', '184.98', '184.98', '16.00', '0.00', '', '0.00', NULL, NULL, 0),
('VOAP', 'ABSOLUT APEACH 750 ML.', 'VODKA', 'ML', '', '750.00', '0.00', '0.00', '0.00', '143.48', '143.87', '0.00', '0.00', '', '0.00', NULL, NULL, 0),
('VOAR', 'ABSOLUT RASPBERRY 750 ML', 'VODKA', 'ML', '', '750.00', '0.00', '6.00', '0.00', '184.98', '184.98', '16.00', '0.00', '', '0.00', NULL, NULL, 0),
('VOAV', 'ABSOLUT VAINILLA', 'VODKA', 'ML', '', '750.00', '0.00', '0.00', '0.00', '135.65', '135.29', '0.00', '0.00', '', '0.00', NULL, NULL, 0),
('VOBE', 'BELVEDERE', 'VODKA', 'ML', '', '750.00', '0.00', '6.00', '0.00', '482.37', '481.71', '16.00', '0.00', '', '0.00', NULL, NULL, 0),
('VOBR', 'BRISTOFF', 'VODKA', 'ML', '', '750.00', '0.00', '6.00', '0.00', '1.00', '1.00', '0.00', '0.00', '', '0.00', NULL, NULL, 0),
('VOCB', 'CIROC RED BERRY', 'VODKA', 'ML', '', '750.00', '0.00', '0.00', '0.00', '1.00', '0.00', '0.00', '0.00', '', '0.00', NULL, NULL, 0),
('VOCC', 'CIROC COCONUT', 'VODKA', 'ML', '', '750.00', '0.00', '0.00', '0.00', '1.00', '0.00', '0.00', '0.00', '', '0.00', NULL, NULL, 0),
('VOCI', 'ABSOLUT CITRON 750 ML', 'VODKA', 'ML', '', '750.00', '0.00', '6.00', '0.00', '184.98', '138.01', '16.00', '0.00', '', '0.00', NULL, NULL, 0),
('VOCR', 'CIROC', 'VODKA', 'ML', '', '750.00', '0.00', '6.00', '0.00', '439.66', '425.93', '16.00', '0.00', '', '0.00', NULL, NULL, 0),
('VODA', 'DANZKA VODKA NATURAL', 'VODKA', 'ML', '', '750.00', '0.00', '0.00', '0.00', '113.05', '113.71', '0.00', '0.00', '', '0.00', NULL, NULL, 0),
('VODC', 'DANZKA CITRON VODKA', 'VODKA', 'ML', '', '750.00', '0.00', '0.00', '0.00', '126.09', '133.92', '0.00', '0.00', '', '0.00', NULL, NULL, 0),
('VOER', 'ERISTOIF', 'VODKA', 'ML', '', '750.00', '0.00', '0.00', '0.00', '67.83', '67.83', '0.00', '0.00', '', '0.00', NULL, NULL, 0),
('VOFC', 'FINLANDIA CRANBERRY', 'VODKA', 'ML', '', '750.00', '0.00', '0.00', '0.00', '1.00', '0.00', '0.00', '0.00', '', '0.00', NULL, NULL, 0),
('VOFI', 'FINLANDIA', 'VODKA', 'ML', '', '750.00', '0.00', '0.00', '0.00', '206.22', '103.11', '16.00', '0.00', '', '0.00', NULL, NULL, 0),
('VOFL', 'FINLANDIA LIMON', 'VODKA', 'ML', '', '750.00', '0.00', '0.00', '0.00', '1.00', '0.00', '0.00', '0.00', '', '0.00', NULL, NULL, 0),
('VOFM', 'FINLANDIA MANGO', 'VODKA', 'ML', '', '750.00', '0.00', '0.00', '0.00', '1.00', '0.00', '0.00', '0.00', '', '0.00', NULL, NULL, 0),
('VOGC', 'GREY GOOSE CITRON', 'VODKA', 'ML', '', '750.00', '0.00', '0.00', '0.00', '1.00', '0.00', '0.00', '0.00', '', '0.00', NULL, NULL, 0),
('VOGL', 'GREY GOOSE LA POIRE', 'VODKA', 'ML', '', '750.00', '0.00', '0.00', '0.00', '1.00', '0.00', '0.00', '0.00', '', '0.00', NULL, NULL, 0),
('VOGO', 'GOTLAND', 'VODKA', 'ML', '', '750.00', '0.00', '6.00', '0.00', '139.22', '128.59', '16.00', '0.00', '', '0.00', NULL, NULL, 0),
('VOGR', 'GREY GOOSE VODKA 700 ML.', 'VODKA', 'ML', '', '700.00', '0.00', '6.00', '0.00', '422.41', '422.41', '16.00', '0.00', '', '0.00', NULL, NULL, 0),
('VOKE', 'KETEL ONE', 'VODKA', 'ML', '', '750.00', '0.00', '0.00', '0.00', '250.00', '182.55', '16.00', '0.00', '', '0.00', NULL, NULL, 0),
('VOMA', 'ABSOLUT MANGO', 'VODKA', 'ML', '', '750.00', '0.00', '6.00', '0.00', '184.98', '184.98', '16.00', '0.00', '', '0.00', NULL, NULL, 0),
('VOPU', 'PUR VODKA ULTRA PRMIUM', 'VODKA', 'ML', '', '750.00', '0.00', '0.00', '0.00', '1.00', '0.00', '16.00', '0.00', '', '0.00', NULL, NULL, 0),
('VORR', 'ABSOLUT RUBY RED 750 ML.', 'VODKA', 'ML', '', '750.00', '0.00', '0.00', '0.00', '156.52', '157.01', '0.00', '0.00', '', '0.00', NULL, NULL, 0),
('VOSE', 'STOLICHNAYA ELITE', 'VODKA', 'ML', '', '750.00', '0.00', '0.00', '0.00', '738.74', '646.40', '16.00', '0.00', '', '0.00', NULL, NULL, 0),
('VOSK', 'SKYY', 'VODKA', 'ML', '', '750.00', '0.00', '6.00', '0.00', '125.17', '124.54', '16.00', '0.00', '', '0.00', NULL, NULL, 0),
('VOSM', 'SMIRNOF', 'VODKA', 'ML', '', '1000.00', '0.00', '12.00', '0.00', '115.52', '115.52', '16.00', '0.00', '', '0.00', NULL, NULL, 0),
('VOSO', 'SMIRNOFF TAMARINDO', 'VODKA', 'ML', '', '750.00', '0.00', '9.00', '0.00', '182.63', '148.82', '16.00', '0.00', '', '0.00', NULL, NULL, 0),
('VOST', 'STOLICHNAYA NATURAL 750', 'VODKA', 'ML', '', '750.00', '0.00', '12.00', '0.00', '240.98', '240.98', '16.00', '0.00', '', '0.00', NULL, NULL, 0),
('VOSZ', 'SMIRNOFF MANZANA ELEC', 'VODKA', 'ML', '', '750.00', '0.00', '0.00', '0.00', '115.00', '0.00', '16.00', '0.00', '', '0.00', NULL, NULL, 0),
('VOTH', 'THREE OLIVES', 'VODKA', 'NM', '', '750.00', '0.00', '0.00', '0.00', '256.50', '0.00', '16.00', '0.00', '', '0.00', NULL, NULL, 0),
('VOWN', 'WYBOROWA NARANJA', 'VODKA', 'ML', '', '750.00', '0.00', '0.00', '0.00', '1.00', '0.00', '0.00', '0.00', '', '0.00', NULL, NULL, 0),
('VOWY', 'WYBOROWA NATURAL', 'VODKA', 'ML', '', '750.00', '0.00', '6.00', '0.00', '103.25', '103.25', '16.00', '0.00', '', '0.00', NULL, NULL, 0),
('VTC3', 'CASA MADERO 3V', 'VINOS', 'ML', '', '750.00', '0.00', '30.00', '0.00', '249.37', '249.38', '16.00', '0.00', '', '0.00', NULL, NULL, 0),
('VTC4', 'CALIFORNIA TTO 4 LTS', 'VINOS', 'ML', '', '4000.00', '0.00', '30.00', '0.00', '159.48', '159.64', '16.00', '0.00', '', '0.00', NULL, NULL, 0),
('VTCB', 'CRUZ BLANCA TINTO  4 LTS.', 'VINOS', 'ML', '', '4000.00', '0.00', '30.00', '0.00', '17.94', '17.95', '0.00', '0.00', '', '0.00', NULL, NULL, 0),
('VTCD', 'CASILLERO DEL DIABLO', 'VINOS', 'ML', '', '750.00', '0.00', '30.00', '0.00', '83.48', '83.49', '0.00', '0.00', '', '0.00', NULL, NULL, 0),
('VTCS', 'CABERNET SAVIGNON', 'VINOS', 'ML', '', '750.00', '0.00', '30.00', '0.00', '0.00', '0.00', '0.00', '0.00', '', '0.00', NULL, NULL, 0),
('VTCT', 'CASILLEROS DE TIEBAS', 'VINOS', 'ML', '', '750.00', '0.00', '30.00', '0.00', '25.00', '0.00', '0.00', '0.00', '', '0.00', NULL, NULL, 0),
('VTEV', 'ELENA VERNUS BLEND', 'VINOS', 'ML', '', '750.00', '0.00', '30.00', '0.00', '1.00', '0.00', '0.00', '0.00', '', '0.00', NULL, NULL, 0),
('VTFC', 'FINCA LA CELIA', 'VINOS', 'ML', '', '750.00', '0.00', '30.00', '0.00', '272.06', '136.53', '0.00', '0.00', '', '0.00', NULL, NULL, 0),
('VTFM', 'GRAFFIGNA MALBEC G.R', 'VINOS', 'ML', '', '750.00', '0.00', '30.00', '0.00', '284.48', '257.54', '0.00', '0.00', '', '0.00', NULL, NULL, 0),
('VTG4', 'XA DOMEC SAB SAU 375 M', 'VINOS', 'ML', '', '375.00', '0.00', '30.00', '0.00', '30.43', '30.37', '0.00', '0.00', '', '0.00', NULL, NULL, 0),
('VTGC', 'CASA GDE CABERNET', 'VINOS', 'ML', '', '750.00', '0.00', '30.00', '0.00', '468.65', '234.83', '16.00', '0.00', '', '0.00', NULL, NULL, 0),
('VTGN', 'LA CETTO CAB SAU 750 ML.', 'VINOS', 'ML', '', '750.00', '0.00', '30.00', '0.00', '65.22', '65.22', '0.00', '0.00', '', '0.00', NULL, NULL, 0),
('VTGR', 'GRAQFFINGA PINOT GRIGO', 'VINOS', 'ML', '', '750.00', '0.00', '30.00', '0.00', '161.17', '161.97', '0.00', '0.00', '', '0.00', NULL, NULL, 0),
('VTGS', 'GRAFFIGNA C.S.CENTENARIO', 'VINOS', 'ML', '', '750.00', '0.00', '30.00', '0.00', '162.87', '162.78', '0.00', '0.00', '', '0.00', NULL, NULL, 0),
('VTGT', 'GRAFIN SANTIAGO', 'VINOS', 'ML', '', '750.00', '0.00', '30.00', '0.00', '175.26', '88.13', '0.00', '0.00', '', '0.00', NULL, NULL, 0),
('VTMC', 'MARQUES CACERES TTO', 'VINOS', 'ML', '', '750.00', '0.00', '30.00', '0.00', '138.29', '138.28', '0.00', '0.00', '', '0.00', NULL, NULL, 0),
('VTMP', 'MARQUES PLUMA COSECHA', 'VINOS', 'ML', '', '750.00', '0.00', '30.00', '0.00', '231.00', '231.00', '16.00', '0.00', '', '0.00', NULL, NULL, 0),
('VTMT', 'MARIA TINTO', 'VINOS', 'ML', '', '750.00', '0.00', '30.00', '0.00', '494.66', '494.66', '16.00', '0.00', '', '0.00', NULL, NULL, 0),
('VTRM', 'RESERVA MAGNA', 'VINOS', 'ML', '', '750.00', '0.00', '30.00', '0.00', '1.00', '0.00', '0.00', '0.00', '', '0.00', NULL, NULL, 0),
('VTRR', 'RESERVA REAL DOMECQ', 'VINOS', 'ML', '', '750.00', '0.00', '30.00', '0.00', '148.45', '149.02', '0.00', '0.00', '', '0.00', NULL, NULL, 0),
('VTSA', 'SUAVE GAUDINA', 'VINOS', 'ML', '', '750.00', '0.00', '30.00', '0.00', '225.00', '0.00', '0.00', '0.00', '', '0.00', NULL, NULL, 0),
('VTSG', 'CASA GDE SHIRAZ', 'VINOS', 'ML', '', '750.00', '0.00', '30.00', '0.00', '490.52', '361.71', '16.00', '0.00', '', '0.00', NULL, NULL, 0),
('VTSH', 'SANTA HELENA R.C.', 'VINOS', 'ML', '', '750.00', '0.00', '30.00', '0.00', '145.04', '109.03', '0.00', '0.00', '', '0.00', NULL, NULL, 0),
('VTSV', 'SANTA HELENA VARIETAL', 'VINOS', 'ML', '', '750.00', '0.00', '30.00', '0.00', '92.79', '81.32', '0.00', '0.00', '', '0.00', NULL, NULL, 0),
('VTTA', 'TERRAZAS ANDES MALBEC', 'VINOS', 'ML', '', '750.00', '0.00', '30.00', '0.00', '265.41', '278.00', '0.00', '0.00', '', '0.00', NULL, NULL, 0),
('VTVF', 'VI¥A FLORA', 'VINOS', 'ML', '', '750.00', '0.00', '30.00', '0.00', '197.00', '148.00', '16.00', '0.00', '', '0.00', NULL, NULL, 0),
('WHB8', 'BUCHANNANS 18 A¥OS', 'WHISK', 'ML', '', '750.00', '0.00', '12.00', '0.00', '1120.69', '1120.69', '16.00', '0.00', '', '0.00', NULL, NULL, 0),
('WHBA', 'BALLANTINES 12 A¥OS 750 M', 'WHISK', 'ML', '', '750.00', '0.00', '0.00', '0.00', '389.11', '387.17', '16.00', '0.00', '', '0.00', NULL, NULL, 0),
('WHBB', 'BLACK BUSH', 'WHISK', 'ML', '', '750.00', '0.00', '3.00', '0.00', '464.35', '347.18', '16.00', '0.00', '', '0.00', NULL, NULL, 0),
('WHBF', 'BALLANTINE FINE', 'WHISK', 'ML', '', '750.00', '0.00', '6.00', '0.00', '175.86', '175.86', '16.00', '0.00', '', '0.00', NULL, NULL, 0),
('WHBL', 'BULLEIT', 'WHISK', 'ML', '', '750.00', '0.00', '6.00', '0.00', '305.25', '304.72', '16.00', '0.00', '', '0.00', NULL, NULL, 0),
('WHBM', 'BUCHANANS MASTER', 'WHISK', 'ML', '', '750.00', '0.00', '18.00', '0.00', '586.21', '586.21', '16.00', '0.00', '', '0.00', NULL, NULL, 0),
('WHBR', 'BUCHANANS RED SEAL', 'WHISK', 'ML', '', '750.00', '0.00', '0.00', '0.00', '2284.48', '1677.80', '16.00', '0.00', '', '0.00', NULL, NULL, 0),
('WHBS', 'BUSHMILLS BLACK BUSH', 'WHISK', 'ML', '', '750.00', '0.00', '0.00', '0.00', '1.00', '0.00', '0.00', '0.00', '', '0.00', NULL, NULL, 0),
('WHBU', 'BUCHANANS 12 A¥OS', 'WHISK', 'ML', '', '750.00', '0.00', '72.00', '0.00', '504.31', '504.31', '16.00', '0.00', '', '0.00', NULL, NULL, 0),
('WHBW', 'BLACK & WHITE', 'WHISK', 'ML', '', '750.00', '0.00', '18.00', '0.00', '129.31', '129.31', '16.00', '0.00', '', '0.00', NULL, NULL, 0),
('WHC1', 'CHIVAS REGAL 21', 'WHISK', 'ML', '', '750.00', '0.00', '0.00', '0.00', '2309.47', '1154.74', '16.00', '0.00', '', '0.00', NULL, NULL, 0),
('WHC5', 'CHIVAS REGAL EXTRA', 'WHISK', 'ML', '', '750.00', '0.00', '6.00', '0.00', '1.00', '0.00', '0.00', '0.00', '', '0.00', NULL, NULL, 0),
('WHC8', 'CHIVAS REGAL 18 A¥OS', 'WHISK', 'ML', '', '750.00', '0.00', '6.00', '0.00', '1159.48', '1159.62', '16.00', '0.00', '', '0.00', NULL, NULL, 0),
('WHCA', 'CARDHU SINGLE MALT', 'WHISK', 'ML', '', '750.00', '0.00', '0.00', '0.00', '538.79', '269.40', '16.00', '0.00', '', '0.00', NULL, NULL, 0),
('WHCL', 'CHIVAS MAGUM 1.5', 'WHISK', 'ML', '', '1500.00', '0.00', '0.00', '0.00', '1.00', '0.00', '0.00', '0.00', '', '0.00', NULL, NULL, 0),
('WHCM', 'CANADIAN MIST', 'WHISK', 'ML', '', '750.00', '0.00', '0.00', '0.00', '150.62', '115.02', '16.00', '0.00', '', '0.00', NULL, NULL, 0),
('WHCR', 'CHIVAS REGAL 12 A¥OS', 'WHISK', 'ML', '', '750.00', '0.00', '12.00', '0.00', '474.13', '474.14', '16.00', '0.00', '', '0.00', NULL, NULL, 0),
('WHCV', 'COUVOISIER VS', 'COGNA', 'ML', '', '750.00', '0.00', '30.00', '0.00', '1.00', '0.00', '0.00', '0.00', '', '0.00', NULL, NULL, 0),
('WHD2', 'DALMORE 12', 'WHISK', 'ML', '', '700.00', '0.00', '3.00', '0.00', '922.97', '461.99', '16.00', '0.00', '', '0.00', NULL, NULL, 0),
('WHD5', 'DALMORE 15', 'WHISK', 'ML', '', '700.00', '0.00', '0.00', '0.00', '1658.41', '0.00', '0.00', '0.00', '', '0.00', NULL, NULL, 0),
('WHD8', 'DALMORE 18', 'WHISK', 'ML', '', '750.00', '0.00', '0.00', '0.00', '3105.81', '0.00', '0.00', '0.00', '', '0.00', NULL, NULL, 0),
('WHDE', 'DEWARS 12 A¥OS WHISKY', 'WHISK', 'ML', '', '750.00', '0.00', '3.00', '0.00', '260.00', '130.00', '0.00', '0.00', '', '0.00', NULL, NULL, 0),
('WHDW', 'DEWAR`S WHITE LABEL 750ML', 'WHISK', 'ML', '', '750.00', '0.00', '0.00', '0.00', '144.35', '144.35', '0.00', '0.00', '', '0.00', NULL, NULL, 0),
('WHEN', 'JW NEGRA', 'WHISK', 'ML', '', '750.00', '0.00', '36.00', '0.00', '515.52', '515.52', '16.00', '0.00', '', '0.00', NULL, NULL, 0),
('WHER', 'JW ROJA', 'WHISK', 'ML', '', '750.00', '0.00', '72.00', '0.00', '213.79', '213.79', '16.00', '0.00', '', '0.00', NULL, NULL, 0),
('WHET', 'EARLY TIMES', 'WHISK', 'ML', '', '750.00', '0.00', '0.00', '0.00', '123.56', '61.78', '16.00', '0.00', '', '0.00', NULL, NULL, 0),
('WHG1', 'GLENFIDICH 15', 'WHISK', 'ML', '', '750.00', '0.00', '0.00', '0.00', '918.10', '459.55', '16.00', '0.00', '', '0.00', NULL, NULL, 0),
('WHG5', 'GLENLIVET 15', 'WHISK', 'ML', '', '750.00', '0.00', '0.00', '0.00', '1.00', '0.00', '0.00', '0.00', '', '0.00', NULL, NULL, 0),
('WHG8', 'GLENFIDDICH 18', 'WHISK', 'ML', '', '750.00', '0.00', '9.00', '0.00', '1482.76', '1482.28', '16.00', '0.00', '', '0.00', NULL, NULL, 0),
('WHGE', 'GLENFIDDISH 12', 'WHISK', 'ML', '', '750.00', '0.00', '9.00', '0.00', '581.90', '581.91', '16.00', '0.00', '', '0.00', NULL, NULL, 0),
('WHGG', 'GLEN GRANT', 'WHISK', 'ML', '', '700.00', '0.00', '0.00', '0.00', '228.45', '224.98', '16.00', '0.00', '', '0.00', NULL, NULL, 0),
('WHGL', 'GLENLIVET 12', 'WHISK', 'ML', '', '750.00', '0.00', '0.00', '0.00', '634.00', '443.41', '0.00', '0.00', '', '0.00', NULL, NULL, 0),
('WHGM', 'GLENMORANGIE ORIGINAL', 'WHISK', 'ML', '', '750.00', '0.00', '3.00', '0.00', '692.84', '688.84', '16.00', '0.00', '', '0.00', NULL, NULL, 0),
('WHGN', 'GENTLEMAN JACK', 'WHISK', 'ML', '', '750.00', '0.00', '0.00', '0.00', '495.69', '425.14', '16.00', '0.00', '', '0.00', NULL, NULL, 0),
('WHJ#', 'JACK DANIELS 3 LTS', 'WHISK', 'ML', '', '750.00', '0.00', '0.00', '0.00', '1052.59', '1048.49', '0.00', '0.00', '', '0.00', NULL, NULL, 0),
('WHJ1', 'JURA ORIGIN 10', 'WHISK', 'ML', '', '700.00', '0.00', '0.00', '0.00', '724.21', '0.00', '0.00', '0.00', '', '0.00', NULL, NULL, 0),
('WHJ6', 'SINGLETON 12', 'WHISK', 'ML', '', '700.00', '0.00', '6.00', '0.00', '1127.58', '0.00', '0.00', '0.00', '', '0.00', NULL, NULL, 0),
('WHJA', 'JAMESON', 'WHISK', 'ML', '', '750.00', '0.00', '0.00', '0.00', '265.52', '265.05', '16.00', '0.00', '', '0.00', NULL, NULL, 0),
('WHJB', 'J & B', 'WHISK', 'ML', '', '750.00', '0.00', '0.00', '0.00', '168.97', '168.97', '16.00', '0.00', '', '0.00', NULL, NULL, 0),
('WHJD', 'JACK DANIELS', 'WHISK', 'ML', '', '700.00', '0.00', '18.00', '0.00', '273.28', '273.28', '16.00', '0.00', '', '0.00', NULL, NULL, 0),
('WHJH', 'JACK DANIELS HONEY', 'WHISK', 'ML', '', '750.00', '0.00', '12.00', '0.00', '273.28', '273.28', '16.00', '0.00', '', '0.00', NULL, NULL, 0),
('WHJK', 'JW DOUBLE BLACK', 'WHISK', 'ML', '', '750.00', '0.00', '9.00', '0.00', '579.31', '579.31', '16.00', '0.00', '', '0.00', NULL, NULL, 0),
('WHJO', 'JW DORADA', 'WHISK', 'ML', '', '750.00', '0.00', '6.00', '0.00', '745.69', '745.46', '16.00', '0.00', '', '0.00', NULL, NULL, 0),
('WHJP', 'JURA PROPHECY SINGLE MALT', 'WHISK', 'ML', '', '700.00', '0.00', '0.00', '0.00', '1405.60', '0.00', '0.00', '0.00', '', '0.00', NULL, NULL, 0),
('WHJR', 'JAMESON SP RESERVA', 'WHISK', 'ML', '', '750.00', '0.00', '6.00', '0.00', '1.00', '0.00', '0.00', '0.00', '', '0.00', NULL, NULL, 0),
('WHJS', 'JACK DANIELS SINGLE BARRE', 'WHISK', 'ML', '', '750.00', '0.00', '0.00', '0.00', '861.21', '660.68', '16.00', '0.00', '', '0.00', NULL, NULL, 0),
('WHJU', 'JURA SUPERSTITION', 'WHISK', 'ML', '', '700.00', '0.00', '0.00', '0.00', '898.35', '0.00', '16.00', '0.00', '', '0.00', NULL, NULL, 0),
('WHJV', 'JW VERDE', 'WHISK', 'ML', '', '750.00', '0.00', '3.00', '0.00', '850.00', '849.07', '16.00', '0.00', '', '0.00', NULL, NULL, 0),
('WHJZ', 'JW AZUL', 'WHISK', 'ML', '', '750.00', '0.00', '0.00', '0.00', '3232.76', '3173.73', '16.00', '0.00', '', '0.00', NULL, NULL, 0),
('WHM5', 'MACALLAN 15', 'WHISK', 'ML', '', '700.00', '0.00', '0.00', '0.00', '1.00', '0.00', '16.00', '0.00', '', '0.00', NULL, NULL, 0),
('WHM8', 'MACALLAN 18 A¥OS', 'WHISK', 'ML', '', '750.00', '0.00', '0.00', '0.00', '1.00', '0.00', '0.00', '0.00', '', '0.00', NULL, NULL, 0),
('WHMA', 'MACALLAN AMBER', 'WHISK', 'ML', '', '700.00', '0.00', '3.00', '0.00', '1.00', '0.00', '16.00', '0.00', '', '0.00', NULL, NULL, 0),
('WHMC', 'MACALLAN 12 A¥OS', 'WHISK', 'ML', '', '750.00', '0.00', '12.00', '0.00', '853.45', '853.45', '16.00', '0.00', '', '0.00', NULL, NULL, 0),
('WHMK', 'MACALLAN RARE CASK', 'WHISK', 'ML', '', '700.00', '0.00', '0.00', '0.00', '1.00', '0.00', '16.00', '0.00', '', '0.00', NULL, NULL, 0),
('WHMR', 'MACALLAN RUBY', 'WHISK', 'ML', '', '750.00', '0.00', '0.00', '0.00', '4344.83', '2172.92', '16.00', '0.00', '', '0.00', NULL, NULL, 0),
('WHMX', 'MARTELL XO', 'COGNA', 'ML', '', '750.00', '0.00', '30.00', '0.00', '1800.00', '0.00', '0.00', '0.00', '', '0.00', NULL, NULL, 0),
('WHNO', 'NOMAD', 'WHISK', 'ML', '', '700.00', '0.00', '0.00', '0.00', '1.00', '0.00', '16.00', '0.00', '', '0.00', NULL, NULL, 0),
('WHOM', 'OLD PARR SMUGGLER', 'WHISK', 'ML', '', '750.00', '0.00', '0.00', '0.00', '88.79', '66.60', '16.00', '0.00', '', '0.00', NULL, NULL, 0),
('WHOP', 'OLD PARR', 'WHISK', 'ML', '', '750.00', '0.00', '9.00', '0.00', '409.48', '409.48', '16.00', '0.00', '', '0.00', NULL, NULL, 0),
('WHOS', 'OLD PARR SILVER', 'WHISK', 'ML', '', '750.00', '0.00', '0.00', '0.00', '331.90', '331.90', '16.00', '0.00', '', '0.00', NULL, NULL, 0),
('WHPA', 'PASSPORT', 'WHISK', 'ML', '', '750.00', '0.00', '6.00', '0.00', '117.24', '117.24', '16.00', '0.00', '', '0.00', NULL, NULL, 0),
('WHSI', 'SINGLETON 12', 'WHISK', 'ML', '', '700.00', '0.00', '6.00', '0.00', '215.52', '215.52', '16.00', '0.00', '', '0.00', NULL, NULL, 0),
('WHWO', 'WOODFORD', 'WHISK', 'ML', '', '750.00', '0.00', '0.00', '0.00', '1.00', '0.00', '0.00', '0.00', '', '0.00', NULL, NULL, 0),
('WHWT', 'WILD TURKEY', 'WHISK', 'ML', '', '750.00', '0.00', '0.00', '0.00', '215.52', '209.60', '16.00', '0.00', '', '0.00', NULL, NULL, 0),
('XXAM', 'XX AMBAR 24/2 325 MLS', 'CERVE', 'PZ', '', '7800.00', '0.00', '30.00', '0.00', '8.44', '20.63', '0.00', '0.00', '', '0.00', NULL, NULL, 0),
('XXLA', 'XX LAGGER 1X24 BOT 325ML', 'CERVE', 'PZ', '', '7800.00', '0.00', '30.00', '0.00', '8.44', '8.44', '0.00', '0.00', '', '0.00', NULL, NULL, 0),
('codingre', 'descrip', 'familia', 'unidad', 'empaque', '0.00', '0.00', '0.00', '0.00', '0.00', '0.00', '0.00', '0.00', 'status', '0.00', NULL, NULL, 0);

-- --------------------------------------------------------

--
-- Estructura de tabla para la tabla `usuario`
--

CREATE TABLE `usuario` (
  `id_user` int(10) NOT NULL,
  `username` varchar(30) COLLATE utf8_bin NOT NULL,
  `password` varchar(25) COLLATE utf8_bin NOT NULL,
  `cargo` varchar(30) COLLATE utf8_bin NOT NULL,
  `nombre` varchar(30) COLLATE utf8_bin NOT NULL,
  `email` varchar(50) COLLATE utf8_bin NOT NULL
) ENGINE=InnoDB DEFAULT CHARSET=utf8 COLLATE=utf8_bin;

--
-- Volcado de datos para la tabla `usuario`
--

INSERT INTO `usuario` (`id_user`, `username`, `password`, `cargo`, `nombre`, `email`) VALUES
(1, 'ivan', '12345', 'administrador', 'ivan colula', 'ivan_f789@hotmail.com'),
(2, 'paola', '12345', 'gerente1', 'paola paez', 'paola@gmail.com'),
(3, 'memo', '12345', 'cocina', 'julio', 'julio@gmail.com'),
(4, 'raul', '12345', 'barra', 'raul', 'raul@gmail.com'),
(5, 'Luis', '12345', 'barra', 'Luis sanchez', 'luis@gmail.com'),
(6, 'cocina', '12345', 'cocina', 'cocina', 'cocina@gmail.com'),
(8, 'raul', '12345', 'barra', 'raul rulo', 'raul@gmail.com'),
(9, 'jorge', 'jorge', 'no', 'jorgito', 'sada@dfs'),
(10, 'jose', '12345', 'cocina', 'Jose sanchez modificado', 'jose@gmail.com'),
(11, 'luis', '12345', 'cocina', 'luis lopez', 'luis@gmail.com'),
(12, '12345', '12345', 'barra', '12345', '');

--
-- Índices para tablas volcadas
--

--
-- Indices de la tabla `actualiza`
--
ALTER TABLE `actualiza`
  ADD PRIMARY KEY (`id_actualiza`),
  ADD UNIQUE KEY `id_actualiza` (`id_actualiza`);

--
-- Indices de la tabla `familia`
--
ALTER TABLE `familia`
  ADD PRIMARY KEY (`cod_familia`),
  ADD UNIQUE KEY `cod_familia` (`cod_familia`);

--
-- Indices de la tabla `inventario`
--
ALTER TABLE `inventario`
  ADD PRIMARY KEY (`id_invetario`);

--
-- Indices de la tabla `pedidos`
--
ALTER TABLE `pedidos`
  ADD PRIMARY KEY (`id_pedido`),
  ADD UNIQUE KEY `id_pedido` (`id_pedido`);

--
-- Indices de la tabla `pedido_producto`
--
ALTER TABLE `pedido_producto`
  ADD KEY `id_pedido` (`id_pedido`),
  ADD KEY `id_prod` (`codingre`);

--
-- Indices de la tabla `productos`
--
ALTER TABLE `productos`
  ADD PRIMARY KEY (`codingre`),
  ADD UNIQUE KEY `codingre` (`codingre`);

--
-- Indices de la tabla `usuario`
--
ALTER TABLE `usuario`
  ADD PRIMARY KEY (`id_user`),
  ADD UNIQUE KEY `user_id` (`id_user`);

--
-- AUTO_INCREMENT de las tablas volcadas
--

--
-- AUTO_INCREMENT de la tabla `actualiza`
--
ALTER TABLE `actualiza`
  MODIFY `id_actualiza` int(11) NOT NULL AUTO_INCREMENT, AUTO_INCREMENT=56;

--
-- AUTO_INCREMENT de la tabla `inventario`
--
ALTER TABLE `inventario`
  MODIFY `id_invetario` int(11) NOT NULL AUTO_INCREMENT;

--
-- AUTO_INCREMENT de la tabla `pedidos`
--
ALTER TABLE `pedidos`
  MODIFY `id_pedido` int(10) NOT NULL AUTO_INCREMENT, AUTO_INCREMENT=20;

--
-- AUTO_INCREMENT de la tabla `usuario`
--
ALTER TABLE `usuario`
  MODIFY `id_user` int(10) NOT NULL AUTO_INCREMENT, AUTO_INCREMENT=13;

--
-- Restricciones para tablas volcadas
--

--
-- Filtros para la tabla `pedido_producto`
--
ALTER TABLE `pedido_producto`
  ADD CONSTRAINT `pedido_producto_ibfk_2` FOREIGN KEY (`id_pedido`) REFERENCES `pedidos` (`id_pedido`);
COMMIT;

/*!40101 SET CHARACTER_SET_CLIENT=@OLD_CHARACTER_SET_CLIENT */;
/*!40101 SET CHARACTER_SET_RESULTS=@OLD_CHARACTER_SET_RESULTS */;
/*!40101 SET COLLATION_CONNECTION=@OLD_COLLATION_CONNECTION */;
